次数,ターゲット,画面タイトル,画面タイプ,1次指標名,2次指標名,3次指標名,4次指標名,5次指標名,計算レイヤー,スコープ,指標タイプ,指標タイプ詳細（定義）,演算ロジック,演算式詳細,経営重要度,データソース区分,機能説明,ラクミーテーブル名.カラム名,データ負荷レベル,スナップショット対象,依存先指標,被参照指標,判断基準・閾値目安,データ基盤要件,V69No/戦略No
1次,本部管理者,ユーザー,設定入力画面,ラクミーID,,,,,L0,-,ユーザー入力単独,ユーザーが設定入力,マスタ参照,users.id,D,ユーザーマスタ（設定）,本部ユーザーの管理設定,users.id,低,×,-,-,-,既存(V89/V69),1
1次,本部管理者,ユーザー,設定入力画面,氏名,,,,,L0,-,ユーザー入力単独,ユーザーが設定入力,マスタ参照,users.name,D,ユーザーマスタ（設定）,本部ユーザーの管理設定,users.name,低,×,-,-,-,既存(V89/V69),2
1次,本部管理者,ユーザー,設定入力画面,電話番号,,,,,L0,-,ユーザー入力単独,ユーザーが設定入力,マスタ参照,users.phone_number,D,ユーザーマスタ（設定）,本部ユーザーの管理設定,users.phone_number,低,×,-,-,-,既存(V89/V69),3
1次,本部管理者,ユーザー,設定入力画面,ユーザー識別（本部、一般）,,,,,L0,-,ユーザー入力単独,ユーザーが設定入力,マスタ参照,users.role,D,ユーザーマスタ（設定）,本部ユーザーの管理設定,users.role,低,×,-,-,-,既存(V89/V69),4
1次,本部管理者,ユーザー,設定入力画面,ステータス,,,,,L0,-,ユーザー入力単独,ユーザーが設定入力,フラグ,users.status,D,ユーザーマスタ（設定）,本部ユーザーの管理設定,users.status,低,×,-,-,-,既存(V89/V69),5
1次,本部管理者,ラベル一覧,一覧表示画面,店舗ID,,,,,L0,-,マスタ参照表示,マスタから取得して表示,マスタ参照,shops.id,D,店舗マスタ（設定）,ラベルデータの一覧表示,shops.id,低,×,-,-,-,既存(V89/V69),159
1次,本部管理者,ラベル一覧,一覧表示画面,店舗名,,,,,L0,-,マスタ参照表示,マスタから取得して表示,マスタ参照,shops.name,D,店舗マスタ（設定）,ラベルデータの一覧表示,shops.name,低,×,-,-,-,既存(V89/V69),160
1次,本部管理者,ラベル一覧,一覧表示画面,ラベル名,,,,,L0,-,マスタ参照表示,マスタから取得して表示,マスタ参照,shop_labels.label_name,D,ラベルマスタ（設定）,ラベルデータの一覧表示,shop_labels.label_name,低,×,-,-,-,既存(V89/V69),161
1次,本部管理者,ラベル設定（ラベル）,設定入力画面,ラベルID,,,,,L0,-,ユーザー入力単独,ユーザーが設定入力,マスタ参照,labels.id,D,ラベルマスタ（設定）,店舗ラベル（グルーピングタグ）を作成。店舗ラベル別サマリーでの集計ディメンションに使用,labels.id,低,×,-,-,-,既存(V89/V69),6
1次,本部管理者,ラベル設定（ラベル）,設定入力画面,ラベル名,,,,,L0,-,ユーザー入力単独,ユーザーが設定入力,マスタ参照,labels.name,D,ラベルマスタ（設定）,店舗ラベル（グルーピングタグ）を作成。店舗ラベル別サマリーでの集計ディメンションに使用,labels.name,低,×,-,-,-,既存(V89/V69),7
1次,本部管理者,ラベル設定（ラベル）,設定入力画面,棚卸し,,,,,L0,-,ユーザー入力単独,ユーザーが設定入力,フラグ,labels.is_inventory,D,ラベルマスタ（設定）,店舗ラベル（グルーピングタグ）を作成。店舗ラベル別サマリーでの集計ディメンションに使用,labels.is_inventory,低,×,-,-,-,既存(V89/V69),8
1次,本部管理者,ラベル設定（ラベル）,設定入力画面,ステータスフラグ,,,,,L0,-,ユーザー入力単独,ユーザーが設定入力,フラグ,labels.status,D,ラベルマスタ（設定）,店舗ラベル（グルーピングタグ）を作成。店舗ラベル別サマリーでの集計ディメンションに使用,labels.status,低,×,-,-,-,既存(V89/V69),9
1次,本部管理者,ラベル設定（店舗リスト）,設定入力画面,店舗ID,,,,,L0,-,ユーザー入力単独,ユーザーが設定入力,マスタ参照,shops.id,D,店舗マスタ（設定）,店舗名に店舗ラベル（グルーピングタグ）を紐付け。売上・コスト等の集計ディメンションとして活用,shops.id,低,×,-,-,-,既存(V89/V69),10
1次,本部管理者,ラベル設定（店舗リスト）,設定入力画面,店舗名,,,,,L0,-,ユーザー入力単独,ユーザーが設定入力,マスタ参照,shops.name,D,店舗マスタ（設定）,店舗名に店舗ラベル（グルーピングタグ）を紐付け。売上・コスト等の集計ディメンションとして活用,shops.name,低,×,-,-,-,既存(V89/V69),11
1次,本部管理者,ラベル設定（店舗リスト）,設定入力画面,ラベル名,,,,,L0,-,ユーザー入力単独,店舗に店舗ラベル（グルーピングタグ）を紐付け。店舗ラベル別サマリーでのグルーピング集計に活用,マスタ参照,shop_labels.label_name,C,ラベルマスタ（設定）,店舗名に店舗ラベル（グルーピングタグ）を紐付け。売上・コスト等の集計ディメンションとして活用,shop_labels.label_name,低,×,ラベル設定（ラベル）.ラベル名; 店舗管理.店舗名,店舗ラベル別サマリー（売上・営業利益・各種比率のラベル別集計）,-,既存(V89/V69),12
1次,本部管理者,ラベル設定（店舗リスト）,設定入力画面,ステータスフラグ,,,,,L0,-,ユーザー入力単独,ユーザーが設定入力,フラグ,shop_labels.status,D,ラベルマスタ（設定）,店舗名に店舗ラベル（グルーピングタグ）を紐付け。売上・コスト等の集計ディメンションとして活用,shop_labels.status,低,×,-,-,-,既存(V89/V69),13
1次,本部管理者,店舗管理,設定入力画面,店舗名,,,,,L0,-,ユーザー入力単独,ユーザーが設定入力,マスタ参照,shops.name,B,店舗マスタ（設定）,店舗情報の登録・編集,shops.name,低,×,-,-,-,既存(V89/V69),14
1次,本部管理者,店舗管理,設定入力画面,電話番号,,,,,L0,-,ユーザー入力単独,ユーザーが設定入力,マスタ参照,shops.phone_number,D,店舗マスタ（設定）,店舗情報の登録・編集,shops.phone_number,低,×,-,-,-,既存(V89/V69),15
1次,本部管理者,店舗管理,設定入力画面,郵便番号,,,,,L0,-,ユーザー入力単独,ユーザーが設定入力,マスタ参照,shops.postal_code,D,店舗マスタ（設定）,店舗情報の登録・編集,shops.postal_code,低,×,-,-,-,既存(V89/V69),16
1次,本部管理者,店舗管理,設定入力画面,都道府県,,,,,L0,-,ユーザー入力単独,ユーザーが設定入力,マスタ参照,shops.prefecture,D,店舗マスタ（設定）,店舗情報の登録・編集,shops.prefecture,低,×,-,-,-,既存(V89/V69),17
1次,本部管理者,店舗管理,設定入力画面,住所,,,,,L0,-,ユーザー入力単独,ユーザーが設定入力,マスタ参照,shops.address,D,店舗マスタ（設定）,店舗情報の登録・編集,shops.address,低,×,-,-,-,既存(V89/V69),18
1次,本部管理者,店舗管理,設定入力画面,建物,,,,,L0,-,ユーザー入力単独,ユーザーが設定入力,マスタ参照,shops.building,D,店舗マスタ（設定）,店舗情報の登録・編集,shops.building,低,×,-,-,-,既存(V89/V69),19
1次,本部管理者,店舗管理,設定入力画面,業種,,,,,L0,-,ユーザー入力単独,ユーザーが設定入力,マスタ参照,shops.industry_type,D,店舗マスタ（設定）,店舗情報の登録・編集,shops.industry_type,低,×,-,-,-,既存(V89/V69),20
1次,本部管理者,店舗管理,設定入力画面,業態,,,,,L0,-,ユーザー入力単独,ユーザーが設定入力,マスタ参照,shops.business_type,D,店舗マスタ（設定）,店舗情報の登録・編集,shops.business_type,低,×,-,-,-,既存(V89/V69),21
1次,本部管理者,店舗管理,設定入力画面,総卓数,,,,,L0,-,ユーザー入力単独,ユーザーが設定入力,マスタ参照,shops.total_table_num,B,店舗マスタ（設定）,店舗情報の登録・編集,shops.total_table_num,低,×,-,-,-,既存(V89/V69),22
1次,本部管理者,店舗管理,設定入力画面,総席数,,,,,L0,-,ユーザー入力単独,ユーザーが設定入力,マスタ参照,shops.total_seat_num,B,店舗マスタ（設定）,店舗情報の登録・編集,shops.total_seat_num,低,×,-,-,-,既存(V89/V69),23
1次,本部管理者,店舗管理,設定入力画面,坪数,,,,,L0,-,ユーザー入力単独,ユーザーが設定入力,マスタ参照,shops.total_area_num,B,店舗マスタ（設定）,店舗情報の登録・編集,shops.total_area_num,低,×,-,主要KPI指標.坪月商,-,既存(V89/V69),24
1次,本部管理者,店舗管理,設定入力画面,家賃種別,,,,,L0,-,ユーザー入力単独,ユーザーが設定入力,マスタ参照,shops.rent_type,C,店舗マスタ（設定）,店舗情報の登録・編集,shops.rent_type,低,×,-,-,-,既存(V89/V69),25
1次,本部管理者,店舗管理,設定入力画面,家賃（金額）,,,,,L0,-,ユーザー入力単独,ユーザーが設定入力,マスタ参照,shops.rent,B,店舗マスタ（設定）,店舗情報の登録・編集,shops.rent,低,×,-,主要KPI指標.家賃比率,-,既存(V89/V69),26
1次,本部管理者,店舗管理,設定入力画面,初期投資額,,,,,L0,-,ユーザー入力単独,ユーザーが設定入力,マスタ参照,shops.initial_investment,B,店舗マスタ（設定）,店舗情報の登録・編集,shops.initial_investment,低,×,-,主要KPI指標.ROI,-,既存(V89/V69),27
1次,本部管理者,従業員管理,設定入力画面,従業員コード,,,,,L0,-,ユーザー入力単独,ユーザーが設定入力,マスタ参照,employees.code,D,従業員マスタ（設定）,従業員情報の登録・編集,employees.code,低,×,-,-,-,既存(V89/V69),28
1次,本部管理者,従業員管理,設定入力画面,所属コード,,,,,L0,-,ユーザー入力単独,ユーザーが設定入力,マスタ参照,employees.department_code,D,従業員マスタ（設定）,従業員情報の登録・編集,employees.department_code,低,×,-,-,-,既存(V89/V69),29
1次,本部管理者,従業員管理,設定入力画面,店舗ID,,,,,L0,-,ユーザー入力単独,ユーザーが設定入力,マスタ参照,employees.shop_id,D,店舗マスタ（設定）,従業員情報の登録・編集,employees.shop_id,低,×,-,-,-,既存(V89/V69),30
1次,本部管理者,従業員管理,設定入力画面,店舗名,,,,,L0,-,ユーザー入力単独,ユーザーが設定入力,マスタ参照,shops.name,D,店舗マスタ（設定）,従業員情報の登録・編集,shops.name,低,×,-,-,-,既存(V89/V69),31
1次,本部管理者,従業員管理,設定入力画面,区分（月給時給）,,,,,L0,-,ユーザー入力単独,ユーザーが設定入力,マスタ参照,employees.salary_type,C,従業員マスタ（設定）,従業員情報の登録・編集,employees.salary_type,低,×,-,-,-,既存(V89/V69),32
1次,本部管理者,従業員管理,設定入力画面,総支給額,,,,,L0,-,ユーザー入力単独,ユーザーが設定入力,マスタ参照,employees.total_payment,C,従業員マスタ（設定）,従業員情報の登録・編集,employees.total_payment,低,×,-,-,-,既存(V89/V69),33
1次,本部管理者,従業員管理,設定入力画面,所定労働時間,,,,,L0,-,ユーザー入力単独,ユーザーが設定入力,マスタ参照,employees.standard_working_hours,C,従業員マスタ（設定）,従業員情報の登録・編集,employees.standard_working_hours,低,×,-,-,-,既存(V89/V69),34
1次,本部管理者,従業員管理,設定入力画面,みなし残業時間,,,,,L0,-,ユーザー入力単独,ユーザーが設定入力,マスタ参照,employees.deemed_overtime_hours,C,従業員マスタ（設定）,従業員情報の登録・編集,employees.deemed_overtime_hours,低,×,-,-,-,既存(V89/V69),35
1次,本部管理者,月次レポート,分析画面,店舗名,,,,,L0,-,マスタ参照表示,マスタから取得して表示,マスタ参照,shops.name,D,店舗マスタ（設定）,月次の経営レポート,shops.name,低,○,[マスタ]shops.name,-,-,既存(V89/V69),149
1次,本部管理者,棚卸詳細,一覧表示画面,実施日,,,,,L0,-,ユーザー入力単独,棚卸画面での直接入力,日付,inventories.date,D,費用・棚卸（入力）,棚卸データの詳細表示,inventories.date,低,×,-,-,-,既存(V89/V69),166
1次,本部管理者,棚卸詳細,一覧表示画面,カテゴリ,,,,,L0,-,マスタ参照表示,マスタから取得して表示,マスタ参照,labels.name,D,ラベルマスタ（設定）,棚卸データの詳細表示,labels.name,低,×,-,-,-,既存(V89/V69),168
1次,本部管理者,棚卸詳細,一覧表示画面,ラベル,,,,,L0,-,マスタ参照表示,マスタから取得して表示,マスタ参照,labels.name,D,ラベルマスタ（設定）,棚卸データの詳細表示,labels.name,低,×,-,-,-,既存(V89/V69),169
1次,本部管理者,棚卸詳細,一覧表示画面,在庫数量,,,,,L0,-,ユーザー入力単独,棚卸画面での直接入力,入力値,inventory_items.num,C,費用・棚卸（入力）,棚卸データの詳細表示,inventory_items.num,低,×,-,-,-,既存(V89/V69),170
1次,本部管理者,棚卸詳細,一覧表示画面,商品単価,,,,,L0,-,ユーザー入力単独,棚卸画面での直接入力,入力値,inventory_items.price,C,費用・棚卸（入力）,棚卸データの詳細表示,inventory_items.price,低,×,-,-,-,既存(V89/V69),171
1次,本部管理者,納品書管理,一覧表示画面,店舗名,,,,,L0,-,マスタ参照表示,マスタから取得して表示,マスタ参照,shops.name,D,店舗マスタ（設定）,納品書データの管理,shops.name,低,×,-,-,-,既存(V89/V69),176
1次,本部管理者,費用実績入力,実績入力画面,経費項目,,,,,L0,-,ユーザー入力単独,小口現金画面での直接入力,入力値,petty_cashes.description,D,費用・棚卸（入力）,費用実績の入力・管理,petty_cashes.description,低,×,-,-,-,既存(V89/V69),36
1次,本部管理者,費用実績入力,実績入力画面,経費コード,,,,,L0,-,ユーザー入力単独,小口現金画面での直接入力,入力値,petty_cashes.chart_of_account_id,D,費用・棚卸（入力）,費用実績の入力・管理,petty_cashes.chart_of_account_id,低,×,-,-,-,既存(V89/V69),37
1次,本部管理者,費用実績入力,実績入力画面,税区分,,,,,L0,-,ユーザー入力単独,小口現金画面での直接入力,入力値,petty_cashes.tax_type,D,費用・棚卸（入力）,費用実績の入力・管理,petty_cashes.tax_type,低,×,-,-,-,既存(V89/V69),39
1次,本部管理者,費用実績入力,実績入力画面,日付,,,,,L0,-,ユーザー入力単独,店舗間商品移動画面での直接入力,日付,stocking_transfers.date,C,費用・棚卸（入力）,費用実績の入力・管理,stocking_transfers.date,低,×,-,-,-,既存(V89/V69),40
1次,本部管理者,費用実績入力,実績入力画面,金額,,,,,L0,-,ユーザー入力単独,店舗間商品移動画面での直接入力,入力値,stocking_transfers.price_excluded_tax,C,費用・棚卸（入力）,費用実績の入力・管理,stocking_transfers.price_excluded_tax,低,×,-,-,-,既存(V89/V69),42
1次,本部管理者,費目別仕入分析,分析画面,費目,,,,,L0,-,マスタ参照表示,マスタから取得して表示,費目マスタ,monthly_cost_items.name,D,店舗マスタ（設定）,費目別の仕入分析,monthly_cost_items.name,低,×,[マスタ]monthly_cost_items.name,-,-,既存(V89/V69),151
2次,本部管理者,ABC分析,分析画面,,商品,,,,L1,同画面内,外部連携単独,POSデータから単独取得,商品マスタ,TITEM.item_name,D,POS（売上・客数）,商品別売上のABC分析,head_office_item_sales_logs.item_name,高,◎,[外部]TITEM.item_name,商品別仕入分析.商品,-,既存(V89/V69),44
2次,本部管理者,ABC分析,分析画面,,売上（税抜）,,,,L1,同画面内,外部連携単独,POSデータから単独取得,SUM商品別,SUM(TITEM.sales_excluded) GROUP BY item_name,A,POS（売上・客数）,商品別売上のABC分析,head_office_item_sales_logs.sales_excluded,高,◎,[外部]TITEM.sales_excluded,"ABC分析.価格, ABC分析.売上構成比率, 店舗別サマリー.売上（税抜）, 当月実績.売上（税抜）, 日次レポート.売上（税抜）, 日次推移.売上（税抜）",-,既存(V89/V69),45
2次,本部管理者,ABC分析,分析画面,,売上構成比率,,,,L1,同画面内,外部連携×外部連携,POS売上とPOS客数/商品等の組合せ,商品÷総売上×100,ABC分析.売上（税抜） ÷ 当月実績.売上（税抜） × 100,A,計算項目,商品別売上のABC分析,"head_office_item_sales_logs.sales_excluded, head_office_connected_service_sales_logs.sales_excluded",最高,◎,"ABC分析.売上（税抜）, 当月実績.売上（税抜）",-,-,既存(V89/V69),46
2次,本部管理者,ABC分析,分析画面,,販売点数,,,,L1,同画面内,外部連携単独,POSデータから単独取得,SUM商品別,SUM(TITEM.quantity) GROUP BY item_name,C,POS（売上・客数）,商品別売上のABC分析,head_office_item_sales_logs.quantity,高,◎,[外部]TITEM.quantity,"ABC分析.価格, ABC分析.販売点数構成比率, 商品別売上分析.販売数量",-,既存(V89/V69),47
2次,本部管理者,ABC分析,分析画面,,販売点数構成比率,,,,L1,同画面内,外部連携×外部連携,POS売上とPOS客数/商品等の組合せ,商品数÷総数×100,ABC分析.販売点数 ÷ SUM(ABC分析.販売点数) × 100,C,計算項目,商品別売上のABC分析,head_office_item_sales_logs.quantity,高,◎,ABC分析.販売点数,-,-,既存(V89/V69),48
2次,本部管理者,ABC分析,分析画面,,価格,,,,L1,同画面内,外部連携×外部連携,POS売上とPOS客数/商品等の組合せ,売上÷数量,ABC分析.売上（税抜） ÷ ABC分析.販売点数,C,計算項目,商品別売上のABC分析,"head_office_item_sales_logs.sales_excluded, head_office_item_sales_logs.quantity",高,◎,"ABC分析.売上（税抜）, ABC分析.販売点数",商品別売上分析.商品単価（税抜）,-,既存(V89/V69),49
2次,本部管理者,PA人件費率分析,分析画面,,目標PA人件費率,,,,L1,同画面内,予算設定参照,月次予算設定で設定した予算値を参照,マスタ参照,monthly_budgets.ratio,B,予算設定（入力）,PA人件費率の分析,"monthly_budgets.food_cost_rate（またはlabor_cost_rate）, monthly_budgets.profit",低,×,[入力]monthly_budgets.food_cost_rate（またはlabor_cost_rate）,-,-,既存(V89/V69),50
2次,本部管理者,予実対比,分析画面,,FD仕入　計,,,,L1,同画面内,外部連携単独,インフォマート仕入データから単独取得,SUM,"SUM(tax_excluded_total) WHERE category IN ('フード', 'ドリンク') GROUP BY year",C,インフォマート（仕入）,予算と実績の対比分析,infomart_transactions.total_tax_excluded,高,◎,[外部]infomart_transactions.total_tax_excluded,-,-,既存(V89/V69),100
2次,本部管理者,予実対比,分析画面,,人件費　計,,,,L1,同画面内,外部連携単独,KOT/ジョブカン勤怠データから単独取得,SUM,SUM(head_office_connected_service_labor_costs_logs.labor_costs) GROUP BY year,C,KOT（勤怠・人件費）,予算と実績の対比分析,head_office_connected_service_labor_costs_logs.labor_costs,高,◎,[外部]head_office_connected_service_labor_costs_logs.labor_costs,-,-,既存(V89/V69),101
2次,本部管理者,予実対比,分析画面,,その他経費　計,,,,L1,同画面内,費用設定参照,費用設定で設定した経費項目を参照,SUM,SUM(monthly_costs.value) WHERE cost_type = '経費' GROUP BY year,C,計算項目,予算と実績の対比分析,monthly_costs.value,低,◎,-,-,-,既存(V89/V69),102
2次,本部管理者,予実対比,分析画面,,ラクミー利用料,,,,L1,同画面内,費用設定参照,費用設定で設定した経費項目を参照,費目フィルタ,monthly_costs.value WHERE cost_item = 'ラクミー利用料',C,計算項目,予算と実績の対比分析,monthly_costs.value,低,◎,-,-,-,既存(V89/V69),103
2次,本部管理者,予実対比,分析画面,,レジ利用料,,,,L1,同画面内,費用設定参照,費用設定で設定した経費項目を参照,費目フィルタ,monthly_costs.value WHERE cost_item = 'レジ利用料',C,計算項目,予算と実績の対比分析,monthly_costs.value,低,◎,-,-,-,既存(V89/V69),104
2次,本部管理者,予実対比,分析画面,,借入金返済,,,,L1,同画面内,費用設定参照,費用設定で設定した経費項目を参照,費目フィルタ,monthly_costs.value WHERE cost_item = '借入金返済',C,計算項目,予算と実績の対比分析,monthly_costs.value,低,◎,-,-,-,既存(V89/V69),105
2次,本部管理者,予実対比,分析画面,,フード売上ランチ,,,,L1,同画面内,外部連携単独,POSデータから単独取得,SUM(フードかつ時間フィルタ),SUM(TITEM.sales_excluded) WHERE category = 'フード' AND order_time BETWEEN 11:00 AND 15:00 GROUP BY year,C,POS（売上・客数）,予算と実績の対比分析,head_office_item_sales_logs.sales_excluded,高,◎,[外部]TITEM.sales_excluded,-,-,既存(V89/V69),106
2次,本部管理者,予実対比,分析画面,,フード売上ディナー,,,,L1,同画面内,外部連携単独,POSデータから単独取得,SUM(フードかつ時間フィルタ),SUM(TITEM.sales_excluded) WHERE category = 'フード' AND order_time BETWEEN 17:00 AND 23:00 GROUP BY year,C,POS（売上・客数）,予算と実績の対比分析,head_office_item_sales_logs.sales_excluded,高,◎,[外部]TITEM.sales_excluded,-,-,既存(V89/V69),107
2次,本部管理者,予実対比,分析画面,,ドリンク売上ランチ,,,,L1,同画面内,外部連携単独,POSデータから単独取得,SUM(ドリンクかつ時間フィルタ),SUM(TITEM.sales_excluded) WHERE category = 'ドリンク' AND order_time BETWEEN 11:00 AND 15:00 GROUP BY year,C,POS（売上・客数）,予算と実績の対比分析,head_office_item_sales_logs.sales_excluded,高,◎,[外部]TITEM.sales_excluded,-,-,既存(V89/V69),108
2次,本部管理者,予実対比,分析画面,,ドリンク売上ディナー,,,,L1,同画面内,外部連携単独,POSデータから単独取得,SUM(ドリンクかつ時間フィルタ),SUM(TITEM.sales_excluded) WHERE category = 'ドリンク' AND order_time BETWEEN 17:00 AND 23:00 GROUP BY year,C,POS（売上・客数）,予算と実績の対比分析,head_office_item_sales_logs.sales_excluded,高,◎,[外部]TITEM.sales_excluded,-,-,既存(V89/V69),109
2次,本部管理者,予実対比,分析画面,,フード仕入,,,,L1,同画面内,外部連携単独,インフォマート仕入データから単独取得,SUMフード,SUM(infomart_transactions.total_tax_excluded) WHERE category = 'フード' GROUP BY year,C,インフォマート（仕入）,予算と実績の対比分析,infomart_transactions.total_tax_excluded,高,◎,[外部]infomart_transactions.total_tax_excluded,-,-,既存(V89/V69),110
2次,本部管理者,予実対比,分析画面,,ドリンク仕入,,,,L1,同画面内,外部連携単独,インフォマート仕入データから単独取得,SUMドリンク,SUM(infomart_transactions.total_tax_excluded) WHERE category = 'ドリンク' GROUP BY year,C,インフォマート（仕入）,予算と実績の対比分析,infomart_transactions.total_tax_excluded,高,◎,[外部]infomart_transactions.total_tax_excluded,-,-,既存(V89/V69),111
2次,本部管理者,予実対比,分析画面,,固定人件費,,,,L1,同画面内,外部連携単独,KOT/ジョブカン勤怠データから単独取得,SUM月給者,SUM(head_office_connected_service_labor_costs_logs.labor_costs) WHERE employee_type = '月給者' GROUP BY year,C,KOT（勤怠・人件費）,予算と実績の対比分析,head_office_connected_service_labor_costs_logs.labor_costs,高,◎,[外部]head_office_connected_service_labor_costs_logs.labor_costs,-,-,既存(V89/V69),112
2次,本部管理者,予実対比,分析画面,,PA人件費,,,,L1,同画面内,外部連携単独,KOT/ジョブカン勤怠データから単独取得,SUM年間,SUM(head_office_employee_working_records.daily_cost) GROUP BY year,C,KOT（勤怠・人件費）,予算と実績の対比分析,head_office_employee_working_records.daily_cost,高,◎,[外部]head_office_employee_working_records.daily_cost,-,-,既存(V89/V69),113
2次,本部管理者,予実対比,分析画面,,ヘルプ人件費,,,,L1,同画面内,外部連携×外部連携,KOT内の複数データ組合せ,help_costs-help_costs_minus,店舗別人件費.ヘルプ人件費 - 店舗別人件費.ヘルプ人件費マイナス,C,計算項目,予算と実績の対比分析,"head_office_connected_service_labor_costs_logs.help_costs, head_office_connected_service_labor_costs_logs.help_costs_minus",最高,◎,SUM(紐づく店舗.予実対比.ヘルプ人件費),-,-,既存(V89/V69),114
2次,本部管理者,予実対比,分析画面,,地代家賃,,,,L1,同画面内,費用設定参照,費用設定で設定した経費項目を参照,費目=家賃,monthly_costs.value WHERE cost_item = '家賃' GROUP BY year,C,計算項目,予算と実績の対比分析,monthly_costs.value,低,◎,-,-,-,既存(V89/V69),115
2次,本部管理者,予実対比,分析画面,,資材費,,,,L1,同画面内,費用設定参照,費用設定で設定した経費項目を参照,費目=資材費,monthly_costs.value WHERE cost_item = '資材費' GROUP BY year,C,計算項目,予算と実績の対比分析,monthly_costs.value,低,◎,-,-,-,既存(V89/V69),116
2次,本部管理者,予実対比,分析画面,,水道光熱費,,,,L1,同画面内,費用設定参照,費用設定で設定した経費項目を参照,費目=水道光熱費,monthly_costs.value WHERE cost_item = '水道光熱費' GROUP BY year,C,計算項目,予算と実績の対比分析,monthly_costs.value,低,◎,-,-,-,既存(V89/V69),117
2次,本部管理者,予実対比,分析画面,,減価償却費,,,,L1,同画面内,費用設定参照,費用設定で設定した経費項目を参照,費目=減価償却費,monthly_costs.value WHERE cost_item = '減価償却費' GROUP BY year,C,計算項目,予算と実績の対比分析,monthly_costs.value,低,◎,-,-,-,既存(V89/V69),118
2次,本部管理者,予実対比,分析画面,,販促費,,,,L1,同画面内,費用設定参照,費用設定で設定した経費項目を参照,費目=販促費,monthly_costs.value WHERE cost_item = '販促費' GROUP BY year,C,計算項目,予算と実績の対比分析,monthly_costs.value,低,◎,-,-,-,既存(V89/V69),119
2次,本部管理者,予実対比,分析画面,,総売上,,,,L1,同画面内,外部連携単独,POSデータから単独取得,SUM,SUM(ZTOTAL.sales_excluded),C,POS（売上・客数）,予算と実績の対比分析,head_office_connected_service_sales_logs.sales_excluded,高,◎,[外部]ZTOTAL.sales_excluded,-,-,既存(V89/V69),51
2次,本部管理者,予実対比,分析画面,,フード売上,,,,L1,同画面内,外部連携単独,POSデータから単独取得,SUMフード,SUM(TITEM.sales_excluded) WHERE category = 'フード',C,POS（売上・客数）,予算と実績の対比分析,head_office_item_sales_logs.sales_excluded,高,◎,[外部]TITEM.sales_excluded,-,-,既存(V89/V69),52
2次,本部管理者,予実対比,分析画面,,フード売上ランチ,,,,L1,同画面内,外部連携単独,POSデータから単独取得,SUM(フードかつ時間フィルタ),SUM(TITEM.sales_excluded) WHERE category = 'フード' AND order_time BETWEEN 11:00 AND 15:00,C,POS（売上・客数）,予算と実績の対比分析,head_office_item_sales_logs.sales_excluded,高,◎,[外部]TITEM.sales_excluded,-,-,既存(V89/V69),53
2次,本部管理者,予実対比,分析画面,,フード売上ディナー,,,,L1,同画面内,外部連携単独,POSデータから単独取得,SUM(フードかつ時間フィルタ),SUM(TITEM.sales_excluded) WHERE category = 'フード' AND order_time BETWEEN 17:00 AND 23:00,C,POS（売上・客数）,予算と実績の対比分析,head_office_item_sales_logs.sales_excluded,高,◎,[外部]TITEM.sales_excluded,-,-,既存(V89/V69),54
2次,本部管理者,予実対比,分析画面,,ドリンク売上,,,,L1,同画面内,外部連携単独,POSデータから単独取得,SUMドリンク,SUM(TITEM.sales_excluded) WHERE category = 'ドリンク',C,POS（売上・客数）,予算と実績の対比分析,head_office_item_sales_logs.sales_excluded,高,◎,[外部]TITEM.sales_excluded,-,-,既存(V89/V69),55
2次,本部管理者,予実対比,分析画面,,ドリンク売上ランチ,,,,L1,同画面内,外部連携単独,POSデータから単独取得,SUM(ドリンクかつ時間フィルタ),SUM(TITEM.sales_excluded) WHERE category = 'ドリンク' AND order_time BETWEEN 11:00 AND 15:00,C,POS（売上・客数）,予算と実績の対比分析,head_office_item_sales_logs.sales_excluded,高,◎,[外部]TITEM.sales_excluded,-,-,既存(V89/V69),56
2次,本部管理者,予実対比,分析画面,,ドリンク売上ディナー,,,,L1,同画面内,外部連携単独,POSデータから単独取得,SUM(ドリンクかつ時間フィルタ),SUM(TITEM.sales_excluded) WHERE category = 'ドリンク' AND order_time BETWEEN 17:00 AND 23:00,C,POS（売上・客数）,予算と実績の対比分析,head_office_item_sales_logs.sales_excluded,高,◎,[外部]TITEM.sales_excluded,-,-,既存(V89/V69),57
2次,本部管理者,予実対比,分析画面,,割引・値引きなど,,,,L1,同画面内,外部連携単独,POSデータから単独取得,SUM,SUM(ZTOTAL.discount),C,POS（売上・客数）,予算と実績の対比分析,z_totals.discount,高,◎,[外部]ZTOTAL.discount,-,-,既存(V89/V69),58
2次,本部管理者,予実対比,分析画面,,FD仕入,,,,L1,同画面内,外部連携単独,インフォマート仕入データから単独取得,SUMFD,"SUM(infomart_transactions.total_tax_excluded) WHERE category IN ('フード', 'ドリンク')",A,インフォマート（仕入）,予算と実績の対比分析,infomart_transactions.total_tax_excluded,高,◎,[外部]infomart_transactions.total_tax_excluded,"主要KPI指標.営業利益率, 年間予実対比.営業利益, 店舗ラベル別サマリー.FD仕入率, 店舗ラベル別サマリー.営業利益, 店舗別サマリー.FD仕入率, 店舗別サマリー.営業利益, 当月実績.FD仕入率, 当月実績.FL率, 当月実績.営業利益",-,既存(V89/V69),59
2次,本部管理者,予実対比,分析画面,,フード仕入,,,,L1,同画面内,外部連携単独,インフォマート仕入データから単独取得,SUMフード,SUM(infomart_transactions.total_tax_excluded) WHERE category = 'フード',C,インフォマート（仕入）,予算と実績の対比分析,infomart_transactions.total_tax_excluded,高,◎,[外部]infomart_transactions.total_tax_excluded,-,-,既存(V89/V69),60
2次,本部管理者,予実対比,分析画面,,ドリンク仕入,,,,L1,同画面内,外部連携単独,インフォマート仕入データから単独取得,SUMドリンク,SUM(infomart_transactions.total_tax_excluded) WHERE category = 'ドリンク',C,インフォマート（仕入）,予算と実績の対比分析,infomart_transactions.total_tax_excluded,高,◎,[外部]infomart_transactions.total_tax_excluded,-,-,既存(V89/V69),61
2次,本部管理者,予実対比,分析画面,,人件費,,,,L1,同画面内,外部連携単独,KOT/ジョブカン勤怠データから単独取得,SUM,SUM(head_office_connected_service_labor_costs_logs.labor_costs),A,KOT（勤怠・人件費）,予算と実績の対比分析,head_office_connected_service_labor_costs_logs.labor_costs,高,◎,[外部]head_office_connected_service_labor_costs_logs.labor_costs,"主要KPI指標.営業利益率, 年間予実対比.営業利益, 店舗ラベル別サマリー.人件費率, 店舗ラベル別サマリー.営業利益, 店舗別サマリー.人件費率, 店舗別サマリー.営業利益, 店舗別人件費, 当月実績.FL率, 当月実績.人件費率, 当月実績.営業利益",-,既存(V89/V69),62
2次,本部管理者,予実対比,分析画面,,固定人件費,,,,L1,同画面内,外部連携単独,KOT/ジョブカン勤怠データから単独取得,SUM月給者,SUM(head_office_connected_service_labor_costs_logs.labor_costs) WHERE employee_type = '月給者',C,KOT（勤怠・人件費）,予算と実績の対比分析,head_office_connected_service_labor_costs_logs.labor_costs,高,◎,[外部]head_office_connected_service_labor_costs_logs.labor_costs,-,-,既存(V89/V69),63
2次,本部管理者,予実対比,分析画面,,PA人件費,,,,L1,同画面内,外部連携単独,KOT/ジョブカン勤怠データから単独取得,SUM時給者,SUM(head_office_employee_working_records.daily_cost) WHERE employee_type = '時給者',C,KOT（勤怠・人件費）,予算と実績の対比分析,head_office_employee_working_records.daily_cost,高,◎,[外部]head_office_employee_working_records.daily_cost,"日次推移, 日次レポート",-,既存(V89/V69),64
2次,本部管理者,予実対比,分析画面,,その他売上（サービス料等）,,,,L1,同画面内,外部連携単独,POSデータから単独取得,SUM,SUM(ZTOTAL.service_charge_1),C,POS（売上・客数）,予算と実績の対比分析,z_totals.service_charge_1,高,◎,[外部]ZTOTAL.service_charge_1,-,-,既存(V89/V69),65
2次,本部管理者,予実対比,分析画面,,その他売上ランチ,,,,L1,同画面内,外部連携単独,POSデータから単独取得,SUM(その他かつ時間フィルタ),SUM(TITEM.sales_excluded) WHERE category = 'その他' AND order_time BETWEEN 11:00 AND 15:00,C,POS（売上・客数）,予算と実績の対比分析,head_office_item_sales_logs.sales_excluded,高,◎,[外部]TITEM.sales_excluded,-,-,既存(V89/V69),66
2次,本部管理者,予実対比,分析画面,,その他売上ディナー,,,,L1,同画面内,外部連携単独,POSデータから単独取得,SUM(その他かつ時間フィルタ),SUM(TITEM.sales_excluded) WHERE category = 'その他' AND order_time BETWEEN 17:00 AND 23:00,C,POS（売上・客数）,予算と実績の対比分析,head_office_item_sales_logs.sales_excluded,高,◎,[外部]TITEM.sales_excluded,-,-,既存(V89/V69),67
2次,本部管理者,予実対比,分析画面,,FD仕入額,,,,L1,同画面内,外部連携単独,インフォマート仕入データから単独取得,SUM年間,SUM(infomart_transactions.total_tax_excluded) GROUP BY year,C,インフォマート（仕入）,予算と実績の対比分析,infomart_transactions.total_tax_excluded,高,◎,[外部]infomart_transactions.total_tax_excluded,-,-,既存(V89/V69),88
2次,本部管理者,予実対比,分析画面,,人件費額,,,,L1,同画面内,外部連携単独,KOT/ジョブカン勤怠データから単独取得,SUM年間,SUM(head_office_connected_service_labor_costs_logs.labor_costs) GROUP BY year,C,KOT（勤怠・人件費）,予算と実績の対比分析,head_office_connected_service_labor_costs_logs.labor_costs,高,◎,[外部]head_office_connected_service_labor_costs_logs.labor_costs,-,-,既存(V89/V69),89
2次,本部管理者,予実対比,分析画面,,客単価,,,,L1,同画面内,外部連携×外部連携,POS売上とPOS客数/商品等の組合せ,売上÷客数,当月実績.売上（税抜） ÷ 客数.当月客数,A,計算項目,予算と実績の対比分析,"head_office_connected_service_sales_logs.sales_excluded, head_office_connected_service_sales_logs.customers",最高,◎,"当月実績.売上（税抜）, 客数.当月客数",-,-,既存(V89/V69),90
2次,本部管理者,予実対比,分析画面,,客単価（ランチ）,,,,L1,同画面内,外部連携×外部連携,POS売上とPOS客数/商品等の組合せ,売上÷客数(11-15時フィルタ),時間帯別売上分析.ランチ売上（税抜） ÷ 時間帯別売上分析.客数,A,計算項目,予算と実績の対比分析,"head_office_item_sales_logs.sales_excluded, head_office_connected_service_sales_logs.customers",最高,◎,"時間帯別売上分析.ランチ売上（税抜）, 時間帯別売上分析.客数",-,-,既存(V89/V69),91
2次,本部管理者,予実対比,分析画面,,客単価（ディナー）,,,,L1,同画面内,外部連携×外部連携,POS売上とPOS客数/商品等の組合せ,売上÷客数(17-23時フィルタ),時間帯別売上分析.ディナー売上（税抜） ÷ 時間帯別売上分析.客数,A,計算項目,予算と実績の対比分析,"head_office_item_sales_logs.sales_excluded, head_office_connected_service_sales_logs.customers",最高,◎,"時間帯別売上分析.ディナー売上（税抜）, 時間帯別売上分析.客数",-,-,既存(V89/V69),92
2次,本部管理者,予実対比,分析画面,,総売上　計,,,,L1,同画面内,外部連携単独,POSデータから単独取得,SUM,SUM(ZTOTAL.sales_excluded) GROUP BY year,C,POS（売上・客数）,予算と実績の対比分析,head_office_connected_service_sales_logs.sales_excluded,高,◎,[外部]ZTOTAL.sales_excluded,-,-,既存(V89/V69),93
2次,本部管理者,予実対比,分析画面,,フード売上 計,,,,L1,同画面内,外部連携単独,POSデータから単独取得,SUMフード,SUM(ZTOTAL.sales_excluded) WHERE category = 'フード' GROUP BY year,C,POS（売上・客数）,予算と実績の対比分析,head_office_item_sales_logs.sales_excluded,高,◎,[外部]TITEM.sales_excluded,-,-,既存(V89/V69),94
2次,本部管理者,予実対比,分析画面,,ドリンク売上　計,,,,L1,同画面内,外部連携単独,POSデータから単独取得,SUMドリンク,SUM(ZTOTAL.sales_excluded) WHERE category = 'ドリンク' GROUP BY year,C,POS（売上・客数）,予算と実績の対比分析,head_office_item_sales_logs.sales_excluded,高,◎,[外部]TITEM.sales_excluded,-,-,既存(V89/V69),95
2次,本部管理者,予実対比,分析画面,,その他売上 計 （サービス料等）,,,,L1,同画面内,外部連携単独,POSデータから単独取得,SUM,SUM(ZTOTAL.service_charge_1) GROUP BY year,C,POS（売上・客数）,予算と実績の対比分析,z_totals.service_charge_1,高,◎,[外部]ZTOTAL.service_charge_1,-,-,既存(V89/V69),96
2次,本部管理者,予実対比,分析画面,,その他売上ランチ,,,,L1,同画面内,外部連携単独,POSデータから単独取得,SUM(その他かつ時間フィルタ),SUM(TITEM.sales_excluded) WHERE category = 'その他' AND order_time BETWEEN 11:00 AND 15:00 GROUP BY year,C,POS（売上・客数）,予算と実績の対比分析,head_office_item_sales_logs.sales_excluded,高,◎,[外部]TITEM.sales_excluded,-,-,既存(V89/V69),97
2次,本部管理者,予実対比,分析画面,,その他売上ディナー,,,,L1,同画面内,外部連携単独,POSデータから単独取得,SUM(その他かつ時間フィルタ),SUM(TITEM.sales_excluded) WHERE category = 'その他' AND order_time BETWEEN 17:00 AND 23:00 GROUP BY year,C,POS（売上・客数）,予算と実績の対比分析,head_office_item_sales_logs.sales_excluded,高,◎,[外部]TITEM.sales_excluded,-,-,既存(V89/V69),98
2次,本部管理者,予実対比,分析画面,,FLコスト　計,,,,L1,同画面内,外部連携×外部連携,インフォマート仕入とKOT人件費の組合せ,SUM,SUM(tax_excluded_total) + SUM(head_office_connected_service_labor_costs_logs.labor_costs) GROUP BY year,C,計算項目,予算と実績の対比分析,"infomart_transactions.total_tax_excluded, head_office_connected_service_labor_costs_logs.labor_costs",高,◎,-,-,-,既存(V89/V69),99
2次,本部管理者,仕入先分析,分析画面,,仕入れ先,,,,L1,同画面内,外部連携単独,インフォマート仕入データから単独取得,マスタ参照,member_name_partner.client_name,D,インフォマート（仕入）,仕入先別の分析,infomart_orders.client_name,高,◎,[外部]member_name_partner.client_name,商品別仕入分析.仕入れ先,-,既存(V89/V69),68
2次,本部管理者,仕入先分析,分析画面,,金額（税抜）,,,,L1,同画面内,外部連携単独,インフォマート仕入データから単独取得,SUM仕入先別,SUM(infomart_transactions.total_tax_excluded) GROUP BY client_name,C,インフォマート（仕入）,仕入先別の分析,infomart_transactions.total_tax_excluded,高,◎,[外部]infomart_transactions.total_tax_excluded,"仕入別分析.比率, 商品仕入単価, 商品別仕入分析, 費目別仕入分析",-,既存(V89/V69),69
2次,本部管理者,仕入先分析,分析画面,,比率,,,,L1,同画面内,外部連携×外部連携,インフォマート内の複数データ組合せ,仕入先÷総仕入×100,仕入別分析.金額税抜 ÷ SUM(仕入別分析.金額税抜) × 100,C,計算項目,仕入先別の分析,infomart_transactions.total_tax_excluded,高,◎,-,"商品別仕入分析.比率, 費目別仕入分析.比率",-,既存(V89/V69),70
2次,本部管理者,仕入費率分析,分析画面,,目標仕入費率,,,,L1,同画面内,予算設定参照,月次予算設定で設定した予算値を参照,マスタ参照,monthly_budgets.ratio,B,予算設定（入力）,仕入費率の分析,"monthly_budgets.food_cost_rate（またはlabor_cost_rate）, monthly_budgets.profit",低,×,[入力]monthly_budgets.food_cost_rate（またはlabor_cost_rate）,-,-,既存(V89/V69),71
2次,本部管理者,利益率分析,分析画面,,目標利益率,,,,L1,同画面内,予算設定参照,月次予算設定で設定した予算値を参照,マスタ参照,monthly_budgets.ratio,S,予算設定（入力）,利益率の分析,"monthly_budgets.food_cost_rate（またはlabor_cost_rate）, monthly_budgets.profit",低,×,[入力]monthly_budgets.food_cost_rate（またはlabor_cost_rate）,-,-,既存(V89/V69),72
2次,本部管理者,商品別仕入分析,分析画面,,商品,,,,L1,同画面内,外部連携単独,インフォマート仕入データから単独取得,マスタ参照,detail_list.item_name,D,インフォマート（仕入）,商品別の仕入分析,infomart_order_details.item_name,高,◎,[外部]detail_list.item_name,ABC分析.商品,-,既存(V89/V69),73
2次,本部管理者,商品別仕入分析,分析画面,,仕入れ先,,,,L1,同画面内,外部連携単独,インフォマート仕入データから単独取得,マスタ参照,member_name_partner.client_name,D,インフォマート（仕入）,商品別の仕入分析,infomart_orders.client_name,高,◎,[外部]member_name_partner.client_name,仕入別分析.仕入れ先,-,既存(V89/V69),74
2次,本部管理者,商品別仕入分析,分析画面,,金額（税抜）,,,,L1,同画面内,外部連携単独,インフォマート仕入データから単独取得,SUM商品別,SUM(detail_list.price) GROUP BY item_name,C,インフォマート（仕入）,商品別の仕入分析,infomart_order_details.price,高,◎,[外部]detail_list.price,商品別仕入分析.比率,-,既存(V89/V69),75
2次,本部管理者,商品別仕入分析,分析画面,,比率,,,,L1,同画面内,外部連携×外部連携,インフォマート内の複数データ組合せ,商品÷総仕入×100,商品別仕入分析.金額税抜 ÷ SUM(商品別仕入分析.金額税抜) × 100,C,計算項目,商品別の仕入分析,infomart_order_details.price,高,◎,-,"仕入別分析.比率, 費目別仕入分析.比率",-,既存(V89/V69),76
2次,本部管理者,商品別売上分析,分析画面,,商品単価（税抜）,,,,L1,同画面内,外部連携×外部連携,POS売上とPOS客数/商品等の組合せ,売上÷数量,商品別売上分析.売上合計税抜 ÷ 商品別売上分析.販売数量,C,計算項目,商品別の売上分析,"head_office_item_sales_logs.sales_excluded, head_office_item_sales_logs.quantity",高,◎,商品別売上分析.販売数量,ABC分析.価格,-,既存(V89/V69),77
2次,本部管理者,商品別売上分析,分析画面,,商品単価（税込）,,,,L1,同画面内,外部連携×外部連携,POS売上とPOS客数/商品等の組合せ,売上÷数量,商品別売上分析.売上合計税込 ÷ 商品別売上分析.販売数量,C,計算項目,商品別の売上分析,"t_items.sales, head_office_item_sales_logs.quantity",高,◎,商品別売上分析.販売数量,-,-,既存(V89/V69),78
2次,本部管理者,商品別売上分析,分析画面,,販売数量,,,,L1,同画面内,外部連携単独,POSデータから単独取得,SUM商品別,SUM(TITEM.quantity) GROUP BY item_name,C,POS（売上・客数）,商品別の売上分析,head_office_item_sales_logs.quantity,高,◎,[外部]TITEM.quantity,"ABC分析.販売点数, 商品別売上分析.商品単価（税抜）",-,既存(V89/V69),79
2次,本部管理者,客単価分析,分析画面,,当月客単価（税抜）,,,,L1,同画面内,外部連携×外部連携,POS売上とPOS客数/商品等の組合せ,売上÷客数,当月実績.売上（税抜） ÷ 客数.当月客数,A,計算項目,客単価の分析,"head_office_connected_service_sales_logs.sales_excluded, head_office_connected_service_sales_logs.customers",最高,◎,"当月実績.売上（税抜）, 客数.当月客数",-,-,既存(V89/V69),80
2次,本部管理者,客数分析,分析画面,,当月客数,,,,L1,同画面内,外部連携単独,POSデータから単独取得,SUM月別,SUM(ZTOTAL.customers) GROUP BY year_month,A,POS（売上・客数）,客数の分析,head_office_connected_service_sales_logs.customers,高,◎,[外部]ZTOTAL.customers,年間予実対比.客単価,-,既存(V89/V69),81
2次,本部管理者,平均単価推移,分析画面,,仕入商品ラベル,,,,L1,同画面内,外部連携単独,インフォマート仕入データから単独取得,ラベルマスタ,detail_list.item_name,D,インフォマート（仕入）,平均単価の推移分析,infomart_order_details.item_name,高,◎,[外部]detail_list.item_name,商品仕入単価.アイテム,-,既存(V89/V69),82
2次,本部管理者,平均単価推移,分析画面,,仕入金額（税抜）,,,,L1,同画面内,外部連携単独,インフォマート仕入データから単独取得,SUM月別,SUM(detail_list.price) GROUP BY year_month,C,インフォマート（仕入）,平均単価の推移分析,infomart_order_details.price,高,◎,[外部]detail_list.price,平均単価推移.平均単価,-,既存(V89/V69),83
2次,本部管理者,平均単価推移,分析画面,,数量,,,,L1,同画面内,外部連携単独,インフォマート仕入データから単独取得,SUM月別,SUM(detail_list.num) GROUP BY year_month,C,インフォマート（仕入）,平均単価の推移分析,infomart_order_details.num,高,◎,[外部]detail_list.num,"商品仕入単価, 平均単価推移.平均単価",-,既存(V89/V69),84
2次,本部管理者,平均単価推移,分析画面,,平均単価,,,,L1,同画面内,外部連携×外部連携,インフォマート内の複数データ組合せ,金額÷数量,平均単価推移.仕入金額税抜 ÷ 平均単価推移.数量,C,計算項目,平均単価の推移分析,"infomart_order_details.price, infomart_order_details.num",高,◎,平均単価推移.数量,"商品仕入単価, 平均単価推移.平均単価推移",-,既存(V89/V69),85
2次,本部管理者,年間予実対比,分析画面,,月次実績_総売上 計,,,,L1,同画面内,外部連携単独,POSデータから月次売上合計を取得,SUM月次,SUM(ZTOTAL.sales_excluded) GROUP BY year_month,A,POS（売上・客数）,-,head_office_connected_service_sales_logs.sales_excluded,中,○,[外部]ZTOTAL.sales_excluded,-,-,既存(V89/V69),253
2次,本部管理者,年間予実対比,分析画面,,月次実績_フード売上 計,,,,L1,同画面内,外部連携単独,POSデータからフード売上月次合計を取得,SUMフード月次,SUM(TITEM.sales_excluded) WHERE category = 'フード' GROUP BY year_month,B,POS（売上・客数）,-,head_office_item_sales_logs.sales_excluded,中,○,[外部]TITEM.sales_excluded,-,-,既存(V89/V69),254
2次,本部管理者,年間予実対比,分析画面,,月次実績_ドリンク売上 計,,,,L1,同画面内,外部連携単独,POSデータからドリンク売上月次合計を取得,SUMドリンク月次,SUM(TITEM.sales_excluded) WHERE category = 'ドリンク' GROUP BY year_month,B,POS（売上・客数）,-,head_office_item_sales_logs.sales_excluded,中,○,[外部]TITEM.sales_excluded,-,-,既存(V89/V69),255
2次,本部管理者,年間予実対比,分析画面,,月次実績_その他売上 計,,,,L1,同画面内,外部連携単独,POSデータからその他売上月次合計を取得,SUMその他月次,SUM(ZTOTAL.service_charge_1) GROUP BY year_month,C,POS（売上・客数）,-,z_totals.service_charge_1,中,○,[外部]ZTOTAL.service_charge_1,-,-,既存(V89/V69),256
2次,本部管理者,年間予実対比,分析画面,,月次実績_FD仕入 計,,,,L1,同画面内,外部連携単独,インフォマート仕入データから月次FD仕入合計を取得,SUMFD月次,SUM(infomart_transactions.total_tax_excluded) WHERE category IN ('フード',A,インフォマート（仕入）,-,-,中,○,インフォマート（仕入）,[外部]infomart_transactions.total_tax_excluded,-,既存(V89/V69),258
2次,本部管理者,年間予実対比,分析画面,,月次実績_人件費 計,,,,L1,同画面内,外部連携単独,勤怠データから月次人件費合計を取得,SUM月次,SUM(head_office_employee_working_records.daily_cost) GROUP BY year_month,A,KOT（勤怠・人件費）,-,head_office_employee_working_records.daily_cost,中,○,[外部]head_office_employee_working_records.daily_cost,-,-,既存(V89/V69),259
2次,本部管理者,年間予実対比,分析画面,,月次実績_その他経費 計,,,,L1,同画面内,実績入力参照,費用実績入力から月次経費合計を取得,SUM経費月次,SUM(monthly_costs.value) WHERE cost_type = '経費' GROUP BY year_month,B,費用実績入力,-,monthly_costs.value,低,○,[入力]monthly_costs.value,-,-,既存(V89/V69),260
2次,本部管理者,年間予実対比,分析画面,,月次予算_総売上 計,,,,L1,同画面内,予算設定参照,月次予算設定から売上予算を取得,月次予算,monthly_budgets.target_sales GROUP BY year_month,A,計算項目,-,月次予算値,中,○,月次予算設定.売上（税抜）,-,-,既存(V89/V69),262
2次,本部管理者,年間予実対比,分析画面,,月次予算_フード売上 計,,,,L1,同画面内,予算設定参照×演算,月次予算_総売上×フード構成比,月次予算_総売上 計 × 売上構成比設定.フード構成比,月次予算 × フード構成比 GROUP BY year_month,B,計算項目,-,"monthly_budgets.target_sales, budget_sales_compositions.food_ratio",高,○,月次予算設定.月次フード売上,-,-,既存(V89/V69),263
2次,本部管理者,年間予実対比,分析画面,,月次予算_ドリンク売上 計,,,,L1,同画面内,予算設定参照×演算,月次予算_総売上×ドリンク構成比,月次予算_総売上 計 × 売上構成比設定.ドリンク構成比,月次予算 × ドリンク構成比 GROUP BY year_month,B,計算項目,-,"monthly_budgets.target_sales, budget_sales_compositions.drink_ratio",高,○,月次予算設定.月次ドリンク売上,-,-,既存(V89/V69),264
2次,本部管理者,年間予実対比,分析画面,,月次予算_その他売上 計,,,,L1,同画面内,予算設定参照×演算,月次予算_総売上×その他構成比,月次予算_総売上 計 × 売上構成比設定.その他構成比,月次予算 × その他構成比 GROUP BY year_month,C,計算項目,-,"monthly_budgets.target_sales, budget_sales_compositions.other_ratio",高,○,月次予算設定.月次その他売上,-,-,既存(V89/V69),265
2次,本部管理者,年間予実対比,分析画面,,月次予算_FD仕入 計,,,,L1,同画面内,予算設定参照×演算,月次予算設定.売上×FD仕入比率,月次予算設定.売上（税抜） × 月次予算設定.FD仕入比率,target_sales × food_cost_rate GROUP BY year_month,A,計算項目,-,"monthly_budgets.target_sales, monthly_budgets.food_cost_rate",高,○,月次予算設定.月次FD仕入,-,-,既存(V89/V69),267
2次,本部管理者,年間予実対比,分析画面,,月次予算_人件費 計,,,,L1,同画面内,予算設定参照×演算,(売上×PA人件費率+固定人件費),月次予算設定.売上 × PA人件費率 + 固定人件費予算,(target_sales × labor_cost_rate + 固定人件費) GROUP BY year_month,A,計算項目,-,"monthly_budgets.target_sales, monthly_budgets.labor_cost_rate, 固定人件費予算",高,○,月次予算設定.月次人件費,-,-,既存(V89/V69),268
2次,本部管理者,年間予実対比,分析画面,,月次予算_その他経費 計,,,,L1,同画面内,予算設定参照,費用設定.その他経費合計,費用設定.その他経費予算合計,その他経費予算,B,計算項目,-,monthly_costs.その他経費合計,中,○,月次予算設定.月次その他経費,-,-,既存(V89/V69),269
2次,本部管理者,年間予実対比（サマリー）,ダッシュボード表示画面,,FD仕入額,,,,L1,同画面内,外部データ参照,POS/インフォマート等の外部データを参照表示,参照表示,SUM(infomart_transactions.total_tax_excluded) GROUP BY year,C,インフォマート（仕入）,-,infomart_transactions.total_tax_excluded,低,×,[外部]infomart_transactions.total_tax_excluded,-,-,既存(V89/V69),250
2次,本部管理者,年間予実対比（サマリー）,ダッシュボード表示画面,,人件費額,,,,L1,同画面内,外部データ参照,POS/インフォマート等の外部データを参照表示,参照表示,SUM(head_office_connected_service_labor_costs_logs.labor_costs) GROUP BY year,C,KOT（勤怠・人件費）,-,head_office_connected_service_labor_costs_logs.labor_costs,低,×,[外部]head_office_connected_service_labor_costs_logs.labor_costs,-,-,既存(V89/V69),251
2次,本部管理者,年間予実対比（予実対比）,分析画面,,年間実績_総売上 計,,,,L1,同画面内,外部連携単独,POSデータから単独取得,SUM,SUM(ZTOTAL.sales_excluded) GROUP BY year,C,POS（売上・客数）,-,head_office_connected_service_sales_logs.sales_excluded,中,◎,[外部]ZTOTAL.sales_excluded,年間予実対比（予実対比）.営業利益,-,既存(V89/V69),211
2次,本部管理者,年間予実対比（予実対比）,分析画面,,年間実績_フード売上 計,,,,L1,同画面内,外部連携単独,POSデータから単独取得,SUMフード,SUM(TITEM.sales_excluded) WHERE category = 'フード' GROUP BY year,C,POS（売上・客数）,-,head_office_item_sales_logs.sales_excluded,中,◎,[外部]TITEM.sales_excluded,-,-,既存(V89/V69),212
2次,本部管理者,年間予実対比（予実対比）,分析画面,,年間実績_ドリンク売上 計,,,,L1,同画面内,外部連携単独,POSデータから単独取得,SUMドリンク,SUM(TITEM.sales_excluded) WHERE category = 'ドリンク' GROUP BY year,C,POS（売上・客数）,-,head_office_item_sales_logs.sales_excluded,中,◎,[外部]TITEM.sales_excluded,-,-,既存(V89/V69),213
2次,本部管理者,年間予実対比（予実対比）,分析画面,,年間実績_その他売上 計,,,,L1,同画面内,外部連携単独,POSデータから単独取得,SUM,SUM(ZTOTAL.service_charge_1) GROUP BY year,C,POS（売上・客数）,-,z_totals.service_charge_1,中,◎,[外部]ZTOTAL.service_charge_1,-,-,既存(V89/V69),214
2次,本部管理者,年間予実対比（予実対比）,分析画面,,年間実績_その他売上ランチ,,,,L1,同画面内,外部連携単独,POSデータから単独取得,SUM(その他かつ時間フィルタ),SUM(TITEM.sales_excluded) WHERE category = 'その他' AND order_time BETWEEN 11:00 AND 15:00 GROUP BY year,C,POS（売上・客数）,-,head_office_item_sales_logs.sales_excluded,中,◎,[外部]TITEM.sales_excluded,-,-,既存(V89/V69),215
2次,本部管理者,年間予実対比（予実対比）,分析画面,,年間実績_その他売上ディナー,,,,L1,同画面内,外部連携単独,POSデータから単独取得,SUM(その他かつ時間フィルタ),SUM(TITEM.sales_excluded) WHERE category = 'その他' AND order_time BETWEEN 17:00 AND 23:00 GROUP BY year,C,POS（売上・客数）,-,head_office_item_sales_logs.sales_excluded,中,◎,[外部]TITEM.sales_excluded,-,-,既存(V89/V69),216
2次,本部管理者,年間予実対比（予実対比）,分析画面,,年間実績_FD仕入 計,,,,L1,同画面内,外部連携単独,インフォマート仕入データから単独取得,SUMFD,SUM(infomart_transactions.total_tax_excluded) WHERE category IN ('フード' 'ドリンク') GROUP BY year,C,インフォマート（仕入）,-,infomart_transactions.total_tax_excluded,中,◎,[外部]infomart_transactions.total_tax_excluded,-,-,既存(V89/V69),218
2次,本部管理者,年間予実対比（予実対比）,分析画面,,年間実績_人件費 計,,,,L1,同画面内,外部連携単独,KOT/ジョブカン勤怠データから単独取得,SUM,SUM(head_office_connected_service_labor_costs_logs.labor_costs) GROUP BY year,C,KOT（勤怠・人件費）,-,head_office_connected_service_labor_costs_logs.labor_costs,中,◎,[外部]head_office_connected_service_labor_costs_logs.labor_costs,-,-,既存(V89/V69),219
2次,本部管理者,年間予実対比（予実対比）,分析画面,,年間実績_その他経費 計,,,,L1,同画面内,費用設定参照,費用設定で設定した経費項目を参照,SUM,SUM(monthly_costs.value) WHERE cost_type = '経費' GROUP BY year,C,計算項目,-,monthly_costs.value,低,◎,-,年間予実対比（予実対比）.営業利益,-,既存(V89/V69),220
2次,本部管理者,年間予実対比（予実対比）,分析画面,,年間実績_ラクミー利用料,,,,L1,同画面内,費用設定参照,費用設定で設定した経費項目を参照,費目フィルタ,monthly_costs.value WHERE cost_item = 'ラクミー利用料',C,計算項目,-,monthly_costs.value,低,◎,-,-,-,既存(V89/V69),221
2次,本部管理者,年間予実対比（予実対比）,分析画面,,年間実績_IT費用,,,,L1,同画面内,費用設定参照,費用設定で設定した経費項目を参照,費目フィルタ,monthly_costs.value WHERE cost_item = 'IT費用',D,計算項目,-,monthly_costs.value,低,◎,-,-,-,既存(V89/V69),222
2次,本部管理者,年間予実対比（予実対比）,分析画面,,年間実績_お花代,,,,L1,同画面内,費用設定参照,費用設定で設定した経費項目を参照,費目フィルタ,monthly_costs.value WHERE cost_item = 'お花代',C,計算項目,-,monthly_costs.value,低,◎,-,-,-,既存(V89/V69),223
2次,本部管理者,年間予実対比（予実対比）,分析画面,,年間実績_ガス代,,,,L1,同画面内,費用設定参照,費用設定で設定した経費項目を参照,費目フィルタ,monthly_costs.value WHERE cost_item = 'ガス代',C,計算項目,-,monthly_costs.value,低,◎,-,-,-,既存(V89/V69),224
2次,本部管理者,年間予実対比（予実対比）,分析画面,,年間実績_クレジットカード手数料,,,,L1,同画面内,費用設定参照,費用設定で設定した経費項目を参照,費目フィルタ,monthly_costs.value WHERE cost_item = 'クレジットカード手数料',C,計算項目,-,monthly_costs.value,低,◎,-,-,-,既存(V89/V69),225
2次,本部管理者,年間予実対比（予実対比）,分析画面,,年間実績_レジ利用料,,,,L1,同画面内,費用設定参照,費用設定で設定した経費項目を参照,費目フィルタ,monthly_costs.value WHERE cost_item = 'レジ利用料',C,計算項目,-,monthly_costs.value,低,◎,-,-,-,既存(V89/V69),226
2次,本部管理者,年間予実対比（予実対比）,分析画面,,年間実績_借入金返済,,,,L1,同画面内,費用設定参照,費用設定で設定した経費項目を参照,費目フィルタ,monthly_costs.value WHERE cost_item = '借入金返済',C,計算項目,-,monthly_costs.value,低,◎,-,-,-,既存(V89/V69),227
2次,本部管理者,年間予実対比（予実対比）,分析画面,,年間実績_家賃（変動分）,,,,L1,同画面内,費用設定参照,費用設定で設定した経費項目を参照,費目フィルタ,monthly_costs.value WHERE cost_item = '家賃(変動分)',C,計算項目,-,monthly_costs.value,低,◎,-,-,-,既存(V89/V69),228
2次,本部管理者,年間予実対比（予実対比）,分析画面,,年間実績_水道代,,,,L1,同画面内,費用設定参照,費用設定で設定した経費項目を参照,費目フィルタ,monthly_costs.value WHERE cost_item = '水道代',C,計算項目,-,monthly_costs.value,低,◎,-,-,-,既存(V89/V69),229
2次,本部管理者,年間予実対比（予実対比）,分析画面,,年間実績_社員人件費,,,,L1,同画面内,外部連携単独,KOT/ジョブカン勤怠データから単独取得,SUM月給者,SUM(head_office_connected_service_labor_costs_logs.labor_costs) WHERE employee_type = '月給者',C,KOT（勤怠・人件費）,-,head_office_connected_service_labor_costs_logs.labor_costs,中,◎,[外部]head_office_connected_service_labor_costs_logs.labor_costs,-,-,既存(V89/V69),230
2次,本部管理者,年間予実対比（予実対比）,分析画面,,年間実績_電気代,,,,L1,同画面内,費用設定参照,費用設定で設定した経費項目を参照,費目フィルタ,monthly_costs.value WHERE cost_item = '電気代',C,計算項目,-,monthly_costs.value,低,◎,-,-,-,既存(V89/V69),231
2次,本部管理者,年間予実対比（予実対比）,分析画面,,年間実績_フード売上ランチ,,,,L1,同画面内,外部連携単独,POSデータから単独取得,SUM(フードかつ時間フィルタ),SUM(TITEM.sales_excluded) WHERE category = 'フード' AND order_time BETWEEN 11:00 AND 15:00 GROUP BY year,C,POS（売上・客数）,-,head_office_item_sales_logs.sales_excluded,中,◎,[外部]TITEM.sales_excluded,-,-,既存(V89/V69),233
2次,本部管理者,年間予実対比（予実対比）,分析画面,,年間実績_フード売上ディナー,,,,L1,同画面内,外部連携単独,POSデータから単独取得,SUM(フードかつ時間フィルタ),SUM(TITEM.sales_excluded) WHERE category = 'フード' AND order_time BETWEEN 17:00 AND 23:00 GROUP BY year,C,POS（売上・客数）,-,head_office_item_sales_logs.sales_excluded,中,◎,[外部]TITEM.sales_excluded,-,-,既存(V89/V69),234
2次,本部管理者,年間予実対比（予実対比）,分析画面,,年間実績_ドリンク売上ランチ,,,,L1,同画面内,外部連携単独,POSデータから単独取得,SUM(ドリンクかつ時間フィルタ),SUM(TITEM.sales_excluded) WHERE category = 'ドリンク' AND order_time BETWEEN 11:00 AND 15:00 GROUP BY year,C,POS（売上・客数）,-,head_office_item_sales_logs.sales_excluded,中,◎,[外部]TITEM.sales_excluded,-,-,既存(V89/V69),235
2次,本部管理者,年間予実対比（予実対比）,分析画面,,年間実績_ドリンク売上ディナー,,,,L1,同画面内,外部連携単独,POSデータから単独取得,SUM(ドリンクかつ時間フィルタ),SUM(TITEM.sales_excluded) WHERE category = 'ドリンク' AND order_time BETWEEN 17:00 AND 23:00 GROUP BY year,C,POS（売上・客数）,-,head_office_item_sales_logs.sales_excluded,中,◎,[外部]TITEM.sales_excluded,-,-,既存(V89/V69),236
2次,本部管理者,年間予実対比（予実対比）,分析画面,,年間実績_フード仕入,,,,L1,同画面内,外部連携単独,インフォマート仕入データから単独取得,SUMフード,SUM(infomart_transactions.total_tax_excluded) WHERE category = 'フード' GROUP BY year,C,インフォマート（仕入）,-,infomart_transactions.total_tax_excluded,中,◎,[外部]infomart_transactions.total_tax_excluded,-,-,既存(V89/V69),237
2次,本部管理者,年間予実対比（予実対比）,分析画面,,年間実績_ドリンク仕入,,,,L1,同画面内,外部連携単独,インフォマート仕入データから単独取得,SUMドリンク,SUM(infomart_transactions.total_tax_excluded) WHERE category = 'ドリンク' GROUP BY year,C,インフォマート（仕入）,-,infomart_transactions.total_tax_excluded,中,◎,[外部]infomart_transactions.total_tax_excluded,-,-,既存(V89/V69),238
2次,本部管理者,年間予実対比（予実対比）,分析画面,,年間実績_固定人件費,,,,L1,同画面内,外部連携単独,KOT/ジョブカン勤怠データから単独取得,SUM月給者,SUM(head_office_connected_service_labor_costs_logs.labor_costs) WHERE employee_type = '月給者' GROUP BY year,C,KOT（勤怠・人件費）,-,head_office_connected_service_labor_costs_logs.labor_costs,中,◎,[外部]head_office_connected_service_labor_costs_logs.labor_costs,-,-,既存(V89/V69),239
2次,本部管理者,年間予実対比（予実対比）,分析画面,,年間実績_PA人件費,,,,L1,同画面内,外部連携単独,KOT/ジョブカン勤怠データから単独取得,SUM,SUM(head_office_employee_working_records.daily_cost) GROUP BY year,C,KOT（勤怠・人件費）,-,head_office_employee_working_records.daily_cost,中,◎,[外部]head_office_employee_working_records.daily_cost,-,-,既存(V89/V69),240
2次,本部管理者,年間予実対比（予実対比）,分析画面,,年間実績_地代家賃,,,,L1,同画面内,費用設定参照,費用設定で設定した経費項目を参照,費目=家賃,monthly_costs.value WHERE cost_item = '家賃' GROUP BY year,C,計算項目,-,monthly_costs.value,低,◎,-,-,-,既存(V89/V69),242
2次,本部管理者,年間予実対比（予実対比）,分析画面,,年間実績_資材費,,,,L1,同画面内,費用設定参照,費用設定で設定した経費項目を参照,費目=資材費,monthly_costs.value WHERE cost_item = '資材費' GROUP BY year,C,計算項目,-,monthly_costs.value,低,◎,-,-,-,既存(V89/V69),243
2次,本部管理者,年間予実対比（予実対比）,分析画面,,年間実績_水道光熱費,,,,L1,同画面内,費用設定参照,費用設定で設定した経費項目を参照,費目=水道光熱費,monthly_costs.value WHERE cost_item = '水道光熱費' GROUP BY year,C,計算項目,-,monthly_costs.value,低,◎,-,-,-,既存(V89/V69),244
2次,本部管理者,年間予実対比（予実対比）,分析画面,,年間実績_減価償却費,,,,L1,同画面内,費用設定参照,費用設定で設定した経費項目を参照,費目=減価償却費,monthly_costs.value WHERE cost_item = '減価償却費' GROUP BY year,C,計算項目,-,monthly_costs.value,低,◎,-,-,-,既存(V89/V69),245
2次,本部管理者,年間予実対比（予実対比）,分析画面,,年間実績_販促費,,,,L1,同画面内,費用設定参照,費用設定で設定した経費項目を参照,費目=販促費,monthly_costs.value WHERE cost_item = '販促費' GROUP BY year,C,計算項目,-,monthly_costs.value,低,◎,-,-,-,既存(V89/V69),246
2次,本部管理者,年間予実対比（予実対比）,分析画面,,年間予算_総売上 計,,,,L1,同画面内,予算設定参照,月次予算設定の年間累計,SUM月次予算,SUM(monthly_budgets.target_sales) GROUP BY year,A,計算項目,-,monthly_budgets.target_sales,中,◎,月次予算設定.年間総売上,-,-,既存(V89/V69),307
2次,本部管理者,年間予実対比（予実対比）,分析画面,,年間予算_フード売上 計,,,,L1,同画面内,予算設定参照×演算,年間予算_総売上×フード構成比,年間予算_総売上 計 × 売上構成比設定.フード構成比,年間予算 × food_ratio,B,計算項目,-,"monthly_budgets.target_sales, budget_sales_compositions.food_ratio",高,◎,月次予算設定.年間フード売上,-,-,既存(V89/V69),308
2次,本部管理者,年間予実対比（予実対比）,分析画面,,年間予算_フード売上ランチ,,,,L1,同画面内,予算設定参照×演算,年間予算_フード売上×ランチ比率,年間予算_フード売上 計 × 売上構成比設定.ランチ比率,年間予算 × lunch_ratio,C,計算項目,-,"monthly_budgets.target_sales, budget_sales_compositions.lunch_ratio",高,◎,月次予算設定.年間フード売上ランチ,-,-,既存(V89/V69),309
2次,本部管理者,年間予実対比（予実対比）,分析画面,,年間予算_フード売上ディナー,,,,L1,同画面内,予算設定参照×演算,年間予算_フード売上×ディナー比率,年間予算_フード売上 計 × 売上構成比設定.ディナー比率,年間予算 × dinner_ratio,C,計算項目,-,"monthly_budgets.target_sales, budget_sales_compositions.dinner_ratio",高,◎,月次予算設定.年間フード売上ディナー,-,-,既存(V89/V69),310
2次,本部管理者,年間予実対比（予実対比）,分析画面,,年間予算_ドリンク売上 計,,,,L1,同画面内,予算設定参照×演算,年間予算_総売上×ドリンク構成比,年間予算_総売上 計 × 売上構成比設定.ドリンク構成比,年間予算 × drink_ratio,B,計算項目,-,"monthly_budgets.target_sales, budget_sales_compositions.drink_ratio",高,◎,月次予算設定.年間ドリンク売上,-,-,既存(V89/V69),311
2次,本部管理者,年間予実対比（予実対比）,分析画面,,年間予算_ドリンク売上ランチ,,,,L1,同画面内,予算設定参照×演算,年間予算_ドリンク売上×ランチ比率,年間予算_ドリンク売上 計 × 売上構成比設定.ランチ比率,年間予算 × lunch_ratio,C,計算項目,-,"monthly_budgets.target_sales, budget_sales_compositions.lunch_ratio",高,◎,月次予算設定.年間ドリンク売上ランチ,-,-,既存(V89/V69),312
2次,本部管理者,年間予実対比（予実対比）,分析画面,,年間予算_ドリンク売上ディナー,,,,L1,同画面内,予算設定参照×演算,年間予算_ドリンク売上×ディナー比率,年間予算_ドリンク売上 計 × 売上構成比設定.ディナー比率,年間予算 × dinner_ratio,C,計算項目,-,"monthly_budgets.target_sales, budget_sales_compositions.dinner_ratio",高,◎,月次予算設定.年間ドリンク売上ディナー,-,-,既存(V89/V69),313
2次,本部管理者,年間予実対比（予実対比）,分析画面,,年間予算_その他売上 計（サービス料等）,,,,L1,同画面内,予算設定参照×演算,年間予算_総売上×その他構成比,年間予算_総売上 計 × 売上構成比設定.その他構成比,年間予算 × other_ratio,C,計算項目,-,"monthly_budgets.target_sales, budget_sales_compositions.other_ratio",高,◎,月次予算設定.年間その他売上（サービス料等）,-,-,既存(V89/V69),314
2次,本部管理者,年間予実対比（予実対比）,分析画面,,年間予算_その他売上ランチ,,,,L1,同画面内,予算設定参照×演算,年間予算_その他売上×ランチ比率,年間予算_その他売上 計 × 売上構成比設定.ランチ比率,年間予算 × lunch_ratio,D,計算項目,-,"monthly_budgets.target_sales, budget_sales_compositions.lunch_ratio",高,◎,月次予算設定.年間その他売上ランチ,-,-,既存(V89/V69),315
2次,本部管理者,年間予実対比（予実対比）,分析画面,,年間予算_その他売上ディナー,,,,L1,同画面内,予算設定参照×演算,年間予算_その他売上×ディナー比率,年間予算_その他売上 計 × 売上構成比設定.ディナー比率,年間予算 × dinner_ratio,D,計算項目,-,"monthly_budgets.target_sales, budget_sales_compositions.dinner_ratio",高,◎,月次予算設定.年間その他売上ディナー,-,-,既存(V89/V69),316
2次,本部管理者,年間予実対比（予実対比）,分析画面,,年間予算_FD仕入 計,,,,L1,同画面内,予算設定参照×演算,月次予算設定.売上×FD仕入比率の年間累計,SUM(monthly_budgets.target_sales × monthly_budgets.food_cost_rate) GROUP BY year,target_sales × food_cost_rate,A,計算項目,-,"monthly_budgets.target_sales, monthly_budgets.food_cost_rate",高,◎,月次予算設定.年間FD仕入,-,-,既存(V89/V69),318
2次,本部管理者,年間予実対比（予実対比）,分析画面,,年間予算_フード仕入,,,,L1,同画面内,予算設定参照×演算,年間予算_FD仕入×フード比率,年間予算_FD仕入 計 × FD構成比設定.フード比率,FD仕入予算 × food_ratio,B,計算項目,-,"monthly_budgets.food_cost_rate, fd_compositions.food_ratio",高,◎,月次予算設定.年間フード仕入,-,-,既存(V89/V69),319
2次,本部管理者,年間予実対比（予実対比）,分析画面,,年間予算_ドリンク仕入,,,,L1,同画面内,予算設定参照×演算,年間予算_FD仕入×ドリンク比率,年間予算_FD仕入 計 × FD構成比設定.ドリンク比率,FD仕入予算 × drink_ratio,B,計算項目,-,"monthly_budgets.food_cost_rate, fd_compositions.drink_ratio",高,◎,月次予算設定.年間ドリンク仕入,-,-,既存(V89/V69),320
2次,本部管理者,年間予実対比（予実対比）,分析画面,,年間予算_人件費 計,,,,L1,同画面内,予算設定参照×演算,(売上×PA人件費率+固定人件費)の年間累計,SUM(monthly_budgets.target_sales × monthly_budgets.labor_cost_rate + 固定人件費) GROUP BY year,(target_sales × labor_cost_rate + 固定人件費),A,計算項目,-,"monthly_budgets.target_sales, monthly_budgets.labor_cost_rate, 固定人件費予算",高,◎,月次予算設定.年間人件費,-,-,既存(V89/V69),321
2次,本部管理者,年間予実対比（予実対比）,分析画面,,年間予算_PA人件費,,,,L1,同画面内,予算設定参照×演算,売上×PA人件費率の年間累計,SUM(monthly_budgets.target_sales × monthly_budgets.labor_cost_rate) GROUP BY year,target_sales × labor_cost_rate,B,計算項目,-,"monthly_budgets.target_sales, monthly_budgets.labor_cost_rate",高,◎,月次予算設定.年間PA人件費,-,-,既存(V89/V69),323
2次,本部管理者,店舗ラベル別サマリー,ダッシュボード表示画面,,売上目標,,,,L1,同画面内,予算設定参照,月次予算設定で設定した予算値を参照,マスタ参照,monthly_budgets.value,A,予算設定（入力）,店舗ラベルでグルーピングした主要指標サマリー。売上・コスト等の集計ディメンション,monthly_budgets.profit,低,×,[入力]monthly_budgets.profit,"店舗ラベル別サマリー.売上進捗率, 店舗ラベル別サマリー.売上達成率",-,既存(V89/V69),190
2次,本部管理者,店舗別サマリー,ダッシュボード表示画面,,売上目標,,,,L1,同画面内,予算設定参照,月次予算設定で設定した予算値を参照,マスタ参照,monthly_budgets.value,A,予算設定（入力）,店舗ごとの主要指標サマリー,monthly_budgets.profit,低,×,[入力]monthly_budgets.profit,"店舗別サマリー.売上進捗率, 店舗別サマリー.売上達成率, 進捗分析.売上進捗率",-,既存(V89/V69),197
2次,本部管理者,店舗別人件費,分析画面,,売上（税込）,,,,L1,同画面内,外部連携単独,POSデータから単独取得,SUM支払別,SUM(TTEND.sales) GROUP BY payment_method_id,A,POS（売上・客数）,店舗別の人件費・売上分析,head_office_payment_method_sales_logs.sales,高,◎,[外部]TTEND.sales,"支払種別売上分析.売上比率, 日次レポート",-,既存(V89/V69),121
2次,本部管理者,店舗別人件費,分析画面,,売上比率,,,,L1,同画面内,外部連携×外部連携,POS売上とPOS客数/商品等の組合せ,支払÷総売上×100,支払種別売上分析.売上税込 ÷ 当月実績.売上（税抜） × 100,A,計算項目,店舗別の人件費・売上分析,"head_office_payment_method_sales_logs.sales, head_office_connected_service_sales_logs.sales_excluded",最高,◎,当月実績.売上（税抜）,-,-,既存(V89/V69),122
2次,本部管理者,店舗別人件費,分析画面,,売上（税込）,,,,L1,同画面内,外部連携単独,POSデータから単独取得,日別集計,SUM(ZTOTAL.sales) GROUP BY date,A,POS（売上・客数）,店舗別の人件費・売上分析,z_totals.sales,高,◎,[外部]ZTOTAL.sales,-,-,既存(V89/V69),128
2次,本部管理者,店舗別人件費,分析画面,,売上（税抜）,,,,L1,同画面内,外部連携単独,POSデータから単独取得,日別集計,SUM(ZTOTAL.sales_excluded) GROUP BY date,A,POS（売上・客数）,店舗別の人件費・売上分析,head_office_connected_service_sales_logs.sales_excluded,高,◎,[外部]ZTOTAL.sales_excluded,"当月実績.売上（税抜）, 店舗別サマリー.売上（税抜）, ABC分析.売上（税抜）, 日次推移.売上（税抜）",-,既存(V89/V69),129
2次,本部管理者,店舗別人件費,分析画面,,仕入（税込）,,,,L1,同画面内,外部連携単独,インフォマート仕入データから単独取得,日別集計,SUM(trade_total.total) GROUP BY date,C,インフォマート（仕入）,店舗別の人件費・売上分析,infomart_orders.trade_total,高,◎,[外部]trade_total.total,-,-,既存(V89/V69),130
2次,本部管理者,店舗別人件費,分析画面,,仕入（税抜）,,,,L1,同画面内,外部連携単独,インフォマート仕入データから単独取得,日別集計,SUM(infomart_transactions.total_tax_excluded) GROUP BY date,C,インフォマート（仕入）,店舗別の人件費・売上分析,infomart_transactions.total_tax_excluded,高,◎,[外部]infomart_transactions.total_tax_excluded,-,-,既存(V89/V69),131
2次,本部管理者,店舗別人件費,分析画面,,PA人件費,,,,L1,同画面内,外部連携単独,KOT/ジョブカン勤怠データから単独取得,日別集計,SUM(head_office_employee_working_records.daily_cost) GROUP BY date,C,KOT（勤怠・人件費）,店舗別の人件費・売上分析,head_office_employee_working_records.daily_cost,高,◎,[外部]head_office_employee_working_records.daily_cost,"日次推移.PA人件費, 予実対比.PA人件費",-,既存(V89/V69),132
2次,本部管理者,店舗別人件費,分析画面,,売上（税抜）,,,,L1,同画面内,外部連携単独,POSデータから単独取得,日別集計,SUM(ZTOTAL.sales_excluded) GROUP BY date,A,POS（売上・客数）,店舗別の人件費・売上分析,head_office_connected_service_sales_logs.sales_excluded,高,◎,[外部]ZTOTAL.sales_excluded,"ABC分析, 店舗別サマリー, 当月実績, 日次レポート, 曜日別売上分析.平均売上（税抜）",-,既存(V89/V69),133
2次,本部管理者,店舗別人件費,分析画面,,仕入費,,,,L1,同画面内,外部連携単独,インフォマート仕入データから単独取得,日別集計,SUM(infomart_transactions.total_tax_excluded) GROUP BY date,C,インフォマート（仕入）,店舗別の人件費・売上分析,infomart_transactions.total_tax_excluded,高,◎,[外部]infomart_transactions.total_tax_excluded,-,-,既存(V89/V69),134
2次,本部管理者,店舗別人件費,分析画面,,PA人件費,,,,L1,同画面内,外部連携単独,KOT/ジョブカン勤怠データから単独取得,日別集計,SUM(head_office_connected_service_labor_costs_logs.labor_costs) GROUP BY date,C,KOT（勤怠・人件費）,店舗別の人件費・売上分析,head_office_connected_service_labor_costs_logs.labor_costs,高,◎,[外部]head_office_connected_service_labor_costs_logs.labor_costs,"予実対比, 日次レポート",-,既存(V89/V69),135
2次,本部管理者,店舗別人件費,分析画面,,ランチ売上（税抜）,,,,L1,同画面内,外部連携単独,POSデータから単独取得,SUM(時間フィルタ),SUM(TITEM.sales_excluded) WHERE order_time BETWEEN 11:00 AND 15:00,C,POS（売上・客数）,店舗別の人件費・売上分析,head_office_item_sales_logs.sales_excluded,高,◎,[外部]TITEM.sales_excluded,年間予実対比.客単価（ランチ）,-,既存(V89/V69),136
2次,本部管理者,店舗別人件費,分析画面,,ディナー売上（税抜）,,,,L1,同画面内,外部連携単独,POSデータから単独取得,SUM(時間フィルタ),SUM(TITEM.sales_excluded) WHERE order_time BETWEEN 17:00 AND 23:00,C,POS（売上・客数）,店舗別の人件費・売上分析,head_office_item_sales_logs.sales_excluded,高,◎,[外部]TITEM.sales_excluded,年間予実対比.客単価（ディナー）,-,既存(V89/V69),137
2次,本部管理者,店舗別人件費,分析画面,,客数,,,,L1,同画面内,外部連携単独,POSデータから単独取得,SUM時間帯別,SUM(ZTOTAL.customers) GROUP BY hour,A,POS（売上・客数）,店舗別の人件費・売上分析,head_office_connected_service_sales_logs.customers,高,◎,[外部]ZTOTAL.customers,"客数.当月客数, 年間予実対比.客単価（ディナー）, 年間予実対比.客単価（ランチ）, 時間帯別売上分析.客単価（税抜）, 曜日別売上分析.平均客数, 曜日別売上分析.平均客数（税抜）",-,既存(V89/V69),138
2次,本部管理者,店舗別人件費,分析画面,,客単価（税抜）,,,,L1,同画面内,外部連携×外部連携,POS売上とPOS客数/商品等の組合せ,売上÷客数,当月実績.売上（税抜） ÷ 時間帯別売上分析.客数,A,計算項目,店舗別の人件費・売上分析,"head_office_connected_service_sales_logs.sales_excluded, head_office_connected_service_sales_logs.customers",最高,◎,"当月実績.売上（税抜）, 時間帯別売上分析.客数",-,-,既存(V89/V69),139
2次,本部管理者,当月実績,ダッシュボード表示画面,,営業利益予算,,,,L1,同画面内,予算設定参照,月次予算設定の目標利益を参照表示,参照表示,monthly_budgets.profit,S,予算設定（入力）,当月の実績サマリー,monthly_budgets.profit,最高,◎,SUM(紐づく店舗.月次予算設定.営業利益予算),当月実績.営業利益達成率,-,既存(V89/V69),207
2次,本部管理者,当月実績,ダッシュボード表示画面,,売上予算,,,,L1,同画面内,予算設定参照,月次予算設定の目標売上を参照表示,参照表示,monthly_budgets.sales,S,予算設定（入力）,当月の実績サマリー,monthly_budgets.sales,最高,◎,SUM(紐づく店舗.月次予算設定.売上予算),当月実績.売上達成率,-,既存(V89/V69),209
2次,本部管理者,支払方法別分析,分析画面,,支払方法,,,,L1,同画面内,外部連携単独,POSデータから単独取得,マスタ参照,TTEND.head_office_payment_method_id,D,POS（売上・客数）,支払方法別の売上分析,t_tends.head_office_payment_method_id,高,◎,[外部]TTEND.head_office_payment_method_id,-,-,既存(V89/V69),120
2次,本部管理者,支払方法別分析,分析画面,,クレジットカード合計売上,,,,L1,同画面内,外部連携単独,POSデータから単独取得,SUM(支払種別フィルタ),SUM(TTEND.sales) WHERE payment_method = 'クレジットカード',C,POS（売上・客数）,支払方法別の売上分析,head_office_payment_method_sales_logs.sales,高,◎,[外部]TTEND.sales,-,-,既存(V89/V69),123
2次,本部管理者,支払方法別分析,分析画面,,QR決済合計売上,,,,L1,同画面内,外部連携単独,POSデータから単独取得,SUM(支払種別フィルタ),SUM(TTEND.sales) WHERE payment_method = 'QR決済',C,POS（売上・客数）,支払方法別の売上分析,head_office_payment_method_sales_logs.sales,高,◎,[外部]TTEND.sales,-,-,既存(V89/V69),124
2次,本部管理者,支払方法別分析,分析画面,,MUGENファミリーカード合計売上,,,,L1,同画面内,外部連携単独,POSデータから単独取得,SUM(支払種別フィルタ),SUM(TTEND.sales) WHERE payment_method = 'MUGENファミリーカード',C,POS（売上・客数）,支払方法別の売上分析,head_office_payment_method_sales_logs.sales,高,◎,[外部]TTEND.sales,-,-,既存(V89/V69),125
2次,本部管理者,支払方法別分析,分析画面,,売掛合計売上,,,,L1,同画面内,外部連携単独,POSデータから単独取得,SUM(支払種別フィルタ),SUM(TTEND.sales) WHERE payment_method = '売掛',C,POS（売上・客数）,支払方法別の売上分析,head_office_payment_method_sales_logs.sales,高,◎,[外部]TTEND.sales,-,-,既存(V89/V69),126
2次,本部管理者,支払方法別分析,分析画面,,交通系IC合計売上,,,,L1,同画面内,外部連携単独,POSデータから単独取得,SUM(支払種別フィルタ),SUM(TTEND.sales) WHERE payment_method = '交通系IC',C,POS（売上・客数）,支払方法別の売上分析,head_office_payment_method_sales_logs.sales,高,◎,[外部]TTEND.sales,-,-,既存(V89/V69),127
2次,本部管理者,曜日別分析,分析画面,,曜日,,,,L1,同画面内,外部連携単独,POSデータから単独取得,曜日抽出,DAYOFWEEK(ZTOTAL.date),C,POS（売上・客数）,曜日別の売上・客数分析,z_totals.date,高,◎,[外部]ZTOTAL.date,-,-,既存(V89/V69),140
2次,本部管理者,曜日別分析,分析画面,,平均売上（税抜）,,,,L1,同画面内,演算×外部連携,演算結果とPOS売上の組合せ,AVG曜日別,AVG(日次推移.売上（税抜）) GROUP BY dayofweek,C,計算項目,曜日別の売上・客数分析,-,最高,◎,"日次推移.売上（税抜）, 日次推移.売上（税抜）",-,-,既存(V89/V69),141
2次,本部管理者,曜日別分析,分析画面,,平均客数,,,,L1,同画面内,演算×外部連携,演算結果とPOS売上の組合せ,AVG曜日別,AVG(時間帯別売上分析.客数) GROUP BY dayofweek,A,計算項目,曜日別の売上・客数分析,head_office_connected_service_sales_logs.customers,最高,◎,時間帯別売上分析.客数,"時間帯別売上分析.客数, 客数.当月客数",-,既存(V89/V69),142
2次,本部管理者,曜日別分析,分析画面,,平均客数（税抜）,,,,L1,同画面内,演算×外部連携,演算結果とPOS売上の組合せ,AVG曜日別,AVG(時間帯別売上分析.客数) GROUP BY dayofweek,A,計算項目,曜日別の売上・客数分析,head_office_connected_service_sales_logs.customers,最高,◎,時間帯別売上分析.客数,-,-,既存(V89/V69),143
2次,本部管理者,月次レポート,分析画面,,原価率,,,,L1,同画面内,演算×外部連携,演算結果とPOS売上の組合せ,原価÷売上×100,月次レポート.原価金額 ÷ 当月実績.売上（税抜） × 100,A,計算項目,月次の経営レポート,z_totals.sales_excluded,最高,○,当月実績.売上（税抜）,-,-,既存(V89/V69),145
2次,本部管理者,月次レポート,分析画面,,仕入総額,,,,L1,同画面内,外部連携単独,インフォマート仕入データから単独取得,SUM,SUM(tax_excluded_total.amount),C,インフォマート（仕入）,月次の経営レポート,infomart_transactions.total_tax_excluded,高,○,[外部]tax_excluded_total.amount,月次レポート.原価（金額）,-,既存(V89/V69),147
2次,本部管理者,月次レポート,分析画面,,売上合計（税抜）,,,,L1,同画面内,外部連携単独,POSデータから単独取得,SUM月間,SUM(ZTOTAL.sales_excluded) GROUP BY year_month,A,POS（売上・客数）,月次の経営レポート,head_office_connected_service_sales_logs.sales_excluded,高,○,[外部]ZTOTAL.sales_excluded,-,-,既存(V89/V69),150
2次,本部管理者,費目別仕入分析,分析画面,,金額（税抜）,,,,L1,同画面内,費用設定参照,費用設定で設定した経費項目を参照,SUM費目別,SUM(monthly_costs.value) GROUP BY cost_item_id,C,計算項目,費目別の仕入分析,monthly_costs.value,低,×,-,費目別仕入分析.比率,-,既存(V89/V69),152
3次,本部管理者,予実対比,分析画面,,,営業利益,,,L2-C,全店舗(画面内),複数種類混在,POS+インフォマート+KOT+費用設定の組合せ,売上-仕入-人件費-経費,当月実績.売上（税抜） - 予実対比.FD仕入 - 予実対比.人件費 - 予実対比.その他経費,S,計算項目,予算と実績の対比分析,"head_office_connected_service_sales_logs.sales_excluded, infomart_transactions.total_tax_excluded, head_office_connected_service_labor_costs_logs.labor_costs, monthly_costs.value",高,◎,"当月実績.売上（税抜）, 予実対比.FD仕入, 予実対比.人件費","当月実績.営業利益, 店舗別サマリー.営業利益",-,既存(V89/V69),87
3次,本部管理者,商品仕入単価,一覧表示画面,,,アイテム,,,L2-C,全店舗(画面内),外部データ参照,POS/インフォマート等の外部データを参照表示,参照表示,detail_list.item_name,D,インフォマート（仕入）,商品仕入単価の一覧,infomart_order_details.item_name,低,×,[外部]detail_list.item_name,平均単価推移.仕入商品ラベル,-,既存(V89/V69),162
3次,本部管理者,商品仕入単価,一覧表示画面,,,金額（税抜）,,,L2-C,全店舗(画面内),外部データ参照,POS/インフォマート等の外部データを参照表示,参照表示,SUM(detail_list.price) GROUP BY item_name,C,インフォマート（仕入）,商品仕入単価の一覧,infomart_order_details.price,低,×,[外部]detail_list.price,商品仕入単価.単価,-,既存(V89/V69),163
3次,本部管理者,商品仕入単価,一覧表示画面,,,数量,,,L2-C,全店舗(画面内),外部データ参照,POS/インフォマート等の外部データを参照表示,参照表示,SUM(detail_list.num) GROUP BY item_name,C,インフォマート（仕入）,商品仕入単価の一覧,infomart_order_details.num,低,×,[外部]detail_list.num,"商品仕入単価.単価, 平均単価推移.数量",-,既存(V89/V69),164
3次,本部管理者,商品仕入単価,一覧表示画面,,,単価,,,L2-C,全店舗(画面内),実績参照,分析画面で算出された値を参照表示,参照表示,商品仕入単価.金額税抜 ÷ 商品仕入単価.数量,C,計算項目,商品仕入単価の一覧,"infomart_order_details.price, infomart_order_details.num",低,×,商品仕入単価.数量,平均単価推移.平均単価,-,既存(V89/V69),165
3次,本部管理者,平均単価推移,分析画面,,,平均単価推移,,,L2-C,全店舗(画面内),演算×演算,複数の演算結果の組合せ,直近6ヶ月の平均単価推移,平均単価推移.平均単価 WHERE year_month >= NOW() - 6months,C,計算項目,平均単価の推移分析,-,高,◎,平均単価推移.平均単価,-,-,既存(V89/V69),86
3次,本部管理者,年間予実対比,分析画面,,,月次実績_FLコスト 計,,,L2-S,単店舗(画面内),画面内演算,月次FD仕入+月次人件費の合計,月次実績_FD仕入 計 + 月次実績_人件費 計,FD仕入 + 人件費,A,計算項目,-,-,低,○,"年間予実対比.月次実績_FD仕入 計, 年間予実対比.月次実績_人件費 計",-,-,既存(V89/V69),257
3次,本部管理者,年間予実対比,分析画面,,,月次実績_営業利益,,,L2-S,単店舗(画面内),画面内演算,月次総売上-月次FLコスト-月次その他経費,月次実績_総売上 計 - 月次実績_FLコスト 計 - 月次実績_その他経費 計,総売上 - FLコスト - その他経費,A,計算項目,-,-,低,○,"年間予実対比.月次実績_総売上 計, 年間予実対比.月次実績_FLコスト 計, 年間予実対比.月次実績_その他経費 計",-,-,既存(V89/V69),261
3次,本部管理者,年間予実対比,分析画面,,,月次予算_FLコスト 計,,,L2-S,単店舗(画面内),画面内演算,月次予算_FD仕入+月次予算_人件費の合計,月次予算_FD仕入 計 + 月次予算_人件費 計,FD仕入予算 + 人件費予算,A,計算項目,-,-,低,○,"年間予実対比.月次予算_FD仕入 計, 年間予実対比.月次予算_人件費 計",-,-,既存(V89/V69),266
3次,本部管理者,年間予実対比,分析画面,,,月次予算_営業利益,,,L2-S,単店舗(画面内),画面内演算,月次予算_総売上-月次予算_FLコスト-月次予算_その他経費,月次予算_総売上 計 - 月次予算_FLコスト 計 - 月次予算_その他経費 計,予算_総売上 - 予算_FLコスト - 予算_その他経費,A,計算項目,-,-,低,○,"年間予実対比.月次予算_総売上 計, 年間予実対比.月次予算_FLコスト 計, 年間予実対比.月次予算_その他経費 計",-,-,既存(V89/V69),270
3次,本部管理者,年間予実対比,分析画面,,,予算構成比_総売上 計,,,L2-S,単店舗(画面内),画面内演算,月次予算_総売上÷月次予算_総売上×100,月次予算_総売上 計 ÷ 月次予算_総売上 計 × 100,100%（基準値）,A,計算項目,-,-,低,○,年間予実対比.月次予算_総売上 計,-,-,既存(V89/V69),271
3次,本部管理者,年間予実対比,分析画面,,,予算構成比_フード売上 計,,,L2-S,単店舗(画面内),画面内演算,月次予算_フード売上÷月次予算_総売上×100,月次予算_フード売上 計 ÷ 月次予算_総売上 計 × 100,月次予算_フード売上 / 月次予算_総売上 × 100 GROUP BY year_month,B,計算項目,-,-,低,○,"年間予実対比.月次予算_フード売上 計, 年間予実対比.月次予算_総売上 計",-,-,既存(V89/V69),272
3次,本部管理者,年間予実対比,分析画面,,,予算構成比_ドリンク売上 計,,,L2-S,単店舗(画面内),画面内演算,月次予算_ドリンク売上÷月次予算_総売上×100,月次予算_ドリンク売上 計 ÷ 月次予算_総売上 計 × 100,月次予算_ドリンク売上 / 月次予算_総売上 × 100 GROUP BY year_month,B,計算項目,-,-,低,○,"年間予実対比.月次予算_ドリンク売上 計, 年間予実対比.月次予算_総売上 計",-,-,既存(V89/V69),273
3次,本部管理者,年間予実対比,分析画面,,,予算構成比_その他売上 計,,,L2-S,単店舗(画面内),画面内演算,月次予算_その他売上÷月次予算_総売上×100,月次予算_その他売上 計 ÷ 月次予算_総売上 計 × 100,月次予算_その他売上 / 月次予算_総売上 × 100 GROUP BY year_month,C,計算項目,-,-,低,○,"年間予実対比.月次予算_その他売上 計, 年間予実対比.月次予算_総売上 計",-,-,既存(V89/V69),274
3次,本部管理者,年間予実対比,分析画面,,,予算構成比_FLコスト 計,,,L2-S,単店舗(画面内),画面内演算,月次予算_FLコスト÷月次予算_総売上×100,月次予算_FLコスト 計 ÷ 月次予算_総売上 計 × 100,月次予算_FLコスト / 月次予算_総売上 × 100 GROUP BY year_month,A,計算項目,-,-,低,○,"年間予実対比.月次予算_FLコスト 計, 年間予実対比.月次予算_総売上 計",-,-,既存(V89/V69),275
3次,本部管理者,年間予実対比,分析画面,,,予算構成比_FD仕入 計,,,L2-S,単店舗(画面内),画面内演算,月次予算_FD仕入÷月次予算_総売上×100,月次予算_FD仕入 計 ÷ 月次予算_総売上 計 × 100,月次予算_FD仕入 / 月次予算_総売上 × 100 GROUP BY year_month,A,計算項目,-,-,低,○,"年間予実対比.月次予算_FD仕入 計, 年間予実対比.月次予算_総売上 計",-,-,既存(V89/V69),276
3次,本部管理者,年間予実対比,分析画面,,,予算構成比_人件費 計,,,L2-S,単店舗(画面内),画面内演算,月次予算_人件費÷月次予算_総売上×100,月次予算_人件費 計 ÷ 月次予算_総売上 計 × 100,月次予算_人件費 / 月次予算_総売上 × 100 GROUP BY year_month,A,計算項目,-,-,低,○,"年間予実対比.月次予算_人件費 計, 年間予実対比.月次予算_総売上 計",-,-,既存(V89/V69),277
3次,本部管理者,年間予実対比,分析画面,,,予算構成比_その他経費 計,,,L2-S,単店舗(画面内),画面内演算,月次予算_その他経費÷月次予算_総売上×100,月次予算_その他経費 計 ÷ 月次予算_総売上 計 × 100,月次予算_その他経費 / 月次予算_総売上 × 100 GROUP BY year_month,B,計算項目,-,-,低,○,"年間予実対比.月次予算_その他経費 計, 年間予実対比.月次予算_総売上 計",-,-,既存(V89/V69),278
3次,本部管理者,年間予実対比,分析画面,,,予算構成比_営業利益,,,L2-S,単店舗(画面内),画面内演算,月次予算_営業利益÷月次予算_総売上×100,月次予算_営業利益 ÷ 月次予算_総売上 計 × 100,月次予算_営業利益 / 月次予算_総売上 × 100 GROUP BY year_month,A,計算項目,-,-,低,○,"年間予実対比.月次予算_営業利益, 年間予実対比.月次予算_総売上 計",-,-,既存(V89/V69),279
3次,本部管理者,年間予実対比,分析画面,,,予実差額_総売上 計,,,L2-S,単店舗(画面内),画面内演算,月次実績_総売上-月次予算_総売上 計,月次実績_総売上 計 - 月次予算_総売上 計,実績 - 予算,A,計算項目,-,-,低,○,"年間予実対比.月次実績_総売上 計, 年間予実対比.月次予算_総売上 計",-,-,既存(V89/V69),280
3次,本部管理者,年間予実対比,分析画面,,,予実差額_フード売上 計,,,L2-S,単店舗(画面内),画面内演算,月次実績_フード売上-月次予算_フード売上,月次実績_フード売上 計 - 月次予算_フード売上 計,実績 - 予算,B,計算項目,-,-,低,○,"年間予実対比.月次実績_フード売上 計, 年間予実対比.月次予算_フード売上 計",-,-,既存(V89/V69),281
3次,本部管理者,年間予実対比,分析画面,,,予実差額_ドリンク売上 計,,,L2-S,単店舗(画面内),画面内演算,月次実績_ドリンク売上-月次予算_ドリンク売上,月次実績_ドリンク売上 計 - 月次予算_ドリンク売上 計,実績 - 予算,B,計算項目,-,-,低,○,"年間予実対比.月次実績_ドリンク売上 計, 年間予実対比.月次予算_ドリンク売上 計",-,-,既存(V89/V69),282
3次,本部管理者,年間予実対比,分析画面,,,予実差額_その他売上 計,,,L2-S,単店舗(画面内),画面内演算,月次実績_その他売上-月次予算_その他売上,月次実績_その他売上 計 - 月次予算_その他売上 計,実績 - 予算,C,計算項目,-,-,低,○,"年間予実対比.月次実績_その他売上 計, 年間予実対比.月次予算_その他売上 計",-,-,既存(V89/V69),283
3次,本部管理者,年間予実対比,分析画面,,,予実差額_FLコスト 計,,,L2-S,単店舗(画面内),画面内演算,月次実績_FLコスト-月次予算_FLコスト,月次実績_FLコスト 計 - 月次予算_FLコスト 計,実績 - 予算,A,計算項目,-,-,低,○,"年間予実対比.月次実績_FLコスト 計, 年間予実対比.月次予算_FLコスト 計",-,-,既存(V89/V69),284
3次,本部管理者,年間予実対比,分析画面,,,予実差額_FD仕入 計,,,L2-S,単店舗(画面内),画面内演算,月次実績_FD仕入-月次予算_FD仕入,月次実績_FD仕入 計 - 月次予算_FD仕入 計,実績 - 予算,A,計算項目,-,-,低,○,"年間予実対比.月次実績_FD仕入 計, 年間予実対比.月次予算_FD仕入 計",-,-,既存(V89/V69),285
3次,本部管理者,年間予実対比,分析画面,,,予実差額_人件費 計,,,L2-S,単店舗(画面内),画面内演算,月次実績_人件費-月次予算_人件費,月次実績_人件費 計 - 月次予算_人件費 計,実績 - 予算,A,計算項目,-,-,低,○,"年間予実対比.月次実績_人件費 計, 年間予実対比.月次予算_人件費 計",-,-,既存(V89/V69),286
3次,本部管理者,年間予実対比,分析画面,,,予実差額_その他経費 計,,,L2-S,単店舗(画面内),画面内演算,月次実績_その他経費-月次予算_その他経費,月次実績_その他経費 計 - 月次予算_その他経費 計,実績 - 予算,B,計算項目,-,-,低,○,"年間予実対比.月次実績_その他経費 計, 年間予実対比.月次予算_その他経費 計",-,-,既存(V89/V69),287
3次,本部管理者,年間予実対比,分析画面,,,予実差額_営業利益,,,L2-S,単店舗(画面内),画面内演算,月次実績_営業利益-月次予算_営業利益,月次実績_営業利益 - 月次予算_営業利益,実績 - 予算,A,計算項目,-,-,低,○,"年間予実対比.月次実績_営業利益, 年間予実対比.月次予算_営業利益",-,-,既存(V89/V69),288
3次,本部管理者,年間予実対比,分析画面,,,予算対比率_総売上 計,,,L2-S,単店舗(画面内),画面内演算,月次実績_総売上÷月次予算_総売上×100,月次実績_総売上 計 ÷ 月次予算_総売上 計 × 100,実績 / 予算 × 100,A,計算項目,-,-,低,○,"年間予実対比.月次実績_総売上 計, 年間予実対比.月次予算_総売上 計",-,-,既存(V89/V69),289
3次,本部管理者,年間予実対比,分析画面,,,予算対比率_フード売上 計,,,L2-S,単店舗(画面内),画面内演算,月次実績_フード売上÷月次予算_フード売上×100,月次実績_フード売上 計 ÷ 月次予算_フード売上 計 × 100,実績 / 予算 × 100,B,計算項目,-,-,低,○,"年間予実対比.月次実績_フード売上 計, 年間予実対比.月次予算_フード売上 計",-,-,既存(V89/V69),290
3次,本部管理者,年間予実対比,分析画面,,,予算対比率_ドリンク売上 計,,,L2-S,単店舗(画面内),画面内演算,月次実績_ドリンク売上÷月次予算_ドリンク売上×100,月次実績_ドリンク売上 計 ÷ 月次予算_ドリンク売上 計 × 100,実績 / 予算 × 100,B,計算項目,-,-,低,○,"年間予実対比.月次実績_ドリンク売上 計, 年間予実対比.月次予算_ドリンク売上 計",-,-,既存(V89/V69),291
3次,本部管理者,年間予実対比,分析画面,,,予算対比率_その他売上 計,,,L2-S,単店舗(画面内),画面内演算,月次実績_その他売上÷月次予算_その他売上×100,月次実績_その他売上 計 ÷ 月次予算_その他売上 計 × 100,実績 / 予算 × 100,C,計算項目,-,-,低,○,"年間予実対比.月次実績_その他売上 計, 年間予実対比.月次予算_その他売上 計",-,-,既存(V89/V69),292
3次,本部管理者,年間予実対比,分析画面,,,予算対比率_FLコスト 計,,,L2-S,単店舗(画面内),画面内演算,月次実績_FLコスト÷月次予算_FLコスト×100,月次実績_FLコスト 計 ÷ 月次予算_FLコスト 計 × 100,実績 / 予算 × 100,A,計算項目,-,-,低,○,"年間予実対比.月次実績_FLコスト 計, 年間予実対比.月次予算_FLコスト 計",-,-,既存(V89/V69),293
3次,本部管理者,年間予実対比,分析画面,,,予算対比率_FD仕入 計,,,L2-S,単店舗(画面内),画面内演算,月次実績_FD仕入÷月次予算_FD仕入×100,月次実績_FD仕入 計 ÷ 月次予算_FD仕入 計 × 100,実績 / 予算 × 100,A,計算項目,-,-,低,○,"年間予実対比.月次実績_FD仕入 計, 年間予実対比.月次予算_FD仕入 計",-,-,既存(V89/V69),294
3次,本部管理者,年間予実対比,分析画面,,,予算対比率_人件費 計,,,L2-S,単店舗(画面内),画面内演算,月次実績_人件費÷月次予算_人件費×100,月次実績_人件費 計 ÷ 月次予算_人件費 計 × 100,実績 / 予算 × 100,A,計算項目,-,-,低,○,"年間予実対比.月次実績_人件費 計, 年間予実対比.月次予算_人件費 計",-,-,既存(V89/V69),295
3次,本部管理者,年間予実対比,分析画面,,,予算対比率_その他経費 計,,,L2-S,単店舗(画面内),画面内演算,月次実績_その他経費÷月次予算_その他経費×100,月次実績_その他経費 計 ÷ 月次予算_その他経費 計 × 100,実績 / 予算 × 100,B,計算項目,-,-,低,○,"年間予実対比.月次実績_その他経費 計, 年間予実対比.月次予算_その他経費 計",-,-,既存(V89/V69),296
3次,本部管理者,年間予実対比,分析画面,,,予算対比率_営業利益,,,L2-S,単店舗(画面内),画面内演算,月次実績_営業利益÷月次予算_営業利益×100,月次実績_営業利益 ÷ 月次予算_営業利益 × 100,実績 / 予算 × 100,A,計算項目,-,-,低,○,"年間予実対比.月次実績_営業利益, 年間予実対比.月次予算_営業利益",-,-,既存(V89/V69),297
3次,本部管理者,年間予実対比,分析画面,,,構成比_総売上 計,,,L2-S,単店舗(画面内),画面内演算,月次実績_総売上÷月次実績_総売上×100,月次実績_総売上 計 ÷ 月次実績_総売上 計 × 100,100%（基準値）,A,計算項目,-,-,低,○,年間予実対比.月次実績_総売上 計,-,-,既存(V89/V69),298
3次,本部管理者,年間予実対比,分析画面,,,構成比_フード売上 計,,,L2-S,単店舗(画面内),画面内演算,月次実績_フード売上÷月次実績_総売上×100,月次実績_フード売上 計 ÷ 月次実績_総売上 計 × 100,月次実績_フード売上 / 月次実績_総売上 × 100,B,計算項目,-,-,低,○,"年間予実対比.月次実績_フード売上 計, 年間予実対比.月次実績_総売上 計",-,-,既存(V89/V69),299
3次,本部管理者,年間予実対比,分析画面,,,構成比_ドリンク売上 計,,,L2-S,単店舗(画面内),画面内演算,月次実績_ドリンク売上÷月次実績_総売上×100,月次実績_ドリンク売上 計 ÷ 月次実績_総売上 計 × 100,月次実績_ドリンク売上 / 月次実績_総売上 × 100,B,計算項目,-,-,低,○,"年間予実対比.月次実績_ドリンク売上 計, 年間予実対比.月次実績_総売上 計",-,-,既存(V89/V69),300
3次,本部管理者,年間予実対比,分析画面,,,構成比_その他売上 計,,,L2-S,単店舗(画面内),画面内演算,月次実績_その他売上÷月次実績_総売上×100,月次実績_その他売上 計 ÷ 月次実績_総売上 計 × 100,月次実績_その他売上 / 月次実績_総売上 × 100,C,計算項目,-,-,低,○,"年間予実対比.月次実績_その他売上 計, 年間予実対比.月次実績_総売上 計",-,-,既存(V89/V69),301
3次,本部管理者,年間予実対比,分析画面,,,構成比_FLコスト 計,,,L2-S,単店舗(画面内),画面内演算,月次実績_FLコスト÷月次実績_総売上×100,月次実績_FLコスト 計 ÷ 月次実績_総売上 計 × 100,月次実績_FLコスト / 月次実績_総売上 × 100,A,計算項目,-,-,低,○,"年間予実対比.月次実績_FLコスト 計, 年間予実対比.月次実績_総売上 計",-,-,既存(V89/V69),302
3次,本部管理者,年間予実対比,分析画面,,,構成比_FD仕入 計,,,L2-S,単店舗(画面内),画面内演算,月次実績_FD仕入÷月次実績_総売上×100,月次実績_FD仕入 計 ÷ 月次実績_総売上 計 × 100,月次実績_FD仕入 / 月次実績_総売上 × 100,A,計算項目,-,-,低,○,"年間予実対比.月次実績_FD仕入 計, 年間予実対比.月次実績_総売上 計",-,-,既存(V89/V69),303
3次,本部管理者,年間予実対比,分析画面,,,構成比_人件費 計,,,L2-S,単店舗(画面内),画面内演算,月次実績_人件費÷月次実績_総売上×100,月次実績_人件費 計 ÷ 月次実績_総売上 計 × 100,月次実績_人件費 / 月次実績_総売上 × 100,A,計算項目,-,-,低,○,"年間予実対比.月次実績_人件費 計, 年間予実対比.月次実績_総売上 計",-,-,既存(V89/V69),304
3次,本部管理者,年間予実対比,分析画面,,,構成比_その他経費 計,,,L2-S,単店舗(画面内),画面内演算,月次実績_その他経費÷月次実績_総売上×100,月次実績_その他経費 計 ÷ 月次実績_総売上 計 × 100,月次実績_その他経費 / 月次実績_総売上 × 100,B,計算項目,-,-,低,○,"年間予実対比.月次実績_その他経費 計, 年間予実対比.月次実績_総売上 計",-,-,既存(V89/V69),305
3次,本部管理者,年間予実対比,分析画面,,,構成比_営業利益,,,L2-S,単店舗(画面内),画面内演算,月次実績_営業利益÷月次実績_総売上×100,月次実績_営業利益 ÷ 月次実績_総売上 計 × 100,月次実績_営業利益 / 月次実績_総売上 × 100,A,計算項目,-,-,低,○,"年間予実対比.月次実績_営業利益, 年間予実対比.月次実績_総売上 計",-,-,既存(V89/V69),306
3次,本部管理者,年間予実対比（予実対比）,分析画面,,,年間実績_FLコスト 計,,,L2-S,単店舗(画面内),外部連携×外部連携,インフォマート仕入とKOT人件費の組合せ,SUM,SUM(infomart_transactions.total_tax_excluded) + SUM(head_office_connected_service_labor_costs_logs.labor_costs) GROUP BY year,C,計算項目,-,"infomart_transactions.total_tax_excluded, head_office_connected_service_labor_costs_logs.labor_costs",高,◎,-,年間予実対比（予実対比）.営業利益,-,既存(V89/V69),217
3次,本部管理者,年間予実対比（予実対比）,分析画面,,,年間実績_営業利益,,,L2-S,単店舗(画面内),複数種類混在,POS+インフォマート+KOT+費用設定の組合せ,売上-FLコスト-経費,年間予実対比(予実対比).総売上 計 - 年間予実対比(予実対比).FLコスト 計 - 年間予実対比(予実対比).その他経費 計,S,計算項目,-,monthly_costs.value,中,◎,-,-,-,既存(V89/V69),232
3次,本部管理者,年間予実対比（予実対比）,分析画面,,,年間予算_FLコスト 計,,,L2-S,単店舗(画面内),画面内演算,年間予算_FD仕入+年間予算_人件費の合計,年間予算_FD仕入 計 + 年間予算_人件費 計,FD仕入予算 + 人件費予算,A,計算項目,-,-,低,◎,"年間予実対比（予実対比）.年間予算_FD仕入 計, 年間予実対比（予実対比）.年間予算_人件費 計",-,-,既存(V89/V69),317
3次,本部管理者,年間予実対比（予実対比）,分析画面,,,年間予算_営業利益,,,L2-S,単店舗(画面内),画面内演算,年間予算_総売上-年間予算_FLコスト-年間予算_その他経費,年間予算_総売上 計 - 年間予算_FLコスト 計 - 年間予算_その他経費 計,予算_総売上 - 予算_FLコスト - 予算_その他経費,A,計算項目,-,-,低,◎,"年間予実対比（予実対比）.年間予算_総売上 計, 年間予実対比（予実対比）.年間予算_FLコスト 計, 年間予実対比（予実対比）.年間予算_その他経費 計",-,-,既存(V89/V69),342
3次,本部管理者,年間予実対比（予実対比）,分析画面,,,年間予実差額_総売上 計,,,L2-S,単店舗(画面内),画面内演算,年間実績-年間予算の差額,年間実績_総売上 計 - 年間予算_総売上 計,実績 - 予算,A,計算項目,-,-,低,◎,"年間予実対比（予実対比）.年間実績_総売上 計, 年間予実対比（予実対比）.年間予算_総売上 計",-,-,既存(V89/V69),343
3次,本部管理者,年間予実対比（予実対比）,分析画面,,,年間予実差額_フード売上 計,,,L2-S,単店舗(画面内),画面内演算,年間実績-年間予算の差額,年間実績_フード売上 計 - 年間予算_フード売上 計,実績 - 予算,B,計算項目,-,-,低,◎,"年間予実対比（予実対比）.年間実績_フード売上 計, 年間予実対比（予実対比）.年間予算_フード売上 計",-,-,既存(V89/V69),344
3次,本部管理者,年間予実対比（予実対比）,分析画面,,,年間予実差額_フード売上ランチ,,,L2-S,単店舗(画面内),画面内演算,年間実績-年間予算の差額,年間実績_フード売上ランチ - 年間予算_フード売上ランチ,実績 - 予算,C,計算項目,-,-,低,◎,"年間予実対比（予実対比）.年間実績_フード売上ランチ, 年間予実対比（予実対比）.年間予算_フード売上ランチ",-,-,既存(V89/V69),345
3次,本部管理者,年間予実対比（予実対比）,分析画面,,,年間予実差額_フード売上ディナー,,,L2-S,単店舗(画面内),画面内演算,年間実績-年間予算の差額,年間実績_フード売上ディナー - 年間予算_フード売上ディナー,実績 - 予算,C,計算項目,-,-,低,◎,"年間予実対比（予実対比）.年間実績_フード売上ディナー, 年間予実対比（予実対比）.年間予算_フード売上ディナー",-,-,既存(V89/V69),346
3次,本部管理者,年間予実対比（予実対比）,分析画面,,,年間予実差額_ドリンク売上 計,,,L2-S,単店舗(画面内),画面内演算,年間実績-年間予算の差額,年間実績_ドリンク売上 計 - 年間予算_ドリンク売上 計,実績 - 予算,B,計算項目,-,-,低,◎,"年間予実対比（予実対比）.年間実績_ドリンク売上 計, 年間予実対比（予実対比）.年間予算_ドリンク売上 計",-,-,既存(V89/V69),347
3次,本部管理者,年間予実対比（予実対比）,分析画面,,,年間予実差額_ドリンク売上ランチ,,,L2-S,単店舗(画面内),画面内演算,年間実績-年間予算の差額,年間実績_ドリンク売上ランチ - 年間予算_ドリンク売上ランチ,実績 - 予算,C,計算項目,-,-,低,◎,"年間予実対比（予実対比）.年間実績_ドリンク売上ランチ, 年間予実対比（予実対比）.年間予算_ドリンク売上ランチ",-,-,既存(V89/V69),348
3次,本部管理者,年間予実対比（予実対比）,分析画面,,,年間予実差額_ドリンク売上ディナー,,,L2-S,単店舗(画面内),画面内演算,年間実績-年間予算の差額,年間実績_ドリンク売上ディナー - 年間予算_ドリンク売上ディナー,実績 - 予算,C,計算項目,-,-,低,◎,"年間予実対比（予実対比）.年間実績_ドリンク売上ディナー, 年間予実対比（予実対比）.年間予算_ドリンク売上ディナー",-,-,既存(V89/V69),349
3次,本部管理者,年間予実対比（予実対比）,分析画面,,,年間予実差額_その他売上 計,,,L2-S,単店舗(画面内),画面内演算,年間実績-年間予算の差額,年間実績_その他売上 計 - 年間予算_その他売上 計,実績 - 予算,C,計算項目,-,-,低,◎,"年間予実対比（予実対比）.年間実績_その他売上 計, 年間予実対比（予実対比）.年間予算_その他売上 計",-,-,既存(V89/V69),350
3次,本部管理者,年間予実対比（予実対比）,分析画面,,,年間予実差額_その他売上ランチ,,,L2-S,単店舗(画面内),画面内演算,年間実績-年間予算の差額,年間実績_その他売上ランチ - 年間予算_その他売上ランチ,実績 - 予算,D,計算項目,-,-,低,◎,"年間予実対比（予実対比）.年間実績_その他売上ランチ, 年間予実対比（予実対比）.年間予算_その他売上ランチ",-,-,既存(V89/V69),351
3次,本部管理者,年間予実対比（予実対比）,分析画面,,,年間予実差額_その他売上ディナー,,,L2-S,単店舗(画面内),画面内演算,年間実績-年間予算の差額,年間実績_その他売上ディナー - 年間予算_その他売上ディナー,実績 - 予算,D,計算項目,-,-,低,◎,"年間予実対比（予実対比）.年間実績_その他売上ディナー, 年間予実対比（予実対比）.年間予算_その他売上ディナー",-,-,既存(V89/V69),352
3次,本部管理者,年間予実対比（予実対比）,分析画面,,,年間予実差額_FLコスト 計,,,L2-S,単店舗(画面内),画面内演算,年間実績-年間予算の差額,年間実績_FLコスト 計 - 年間予算_FLコスト 計,実績 - 予算,A,計算項目,-,-,低,◎,"年間予実対比（予実対比）.年間実績_FLコスト 計, 年間予実対比（予実対比）.年間予算_FLコスト 計",-,-,既存(V89/V69),353
3次,本部管理者,年間予実対比（予実対比）,分析画面,,,年間予実差額_FD仕入 計,,,L2-S,単店舗(画面内),画面内演算,年間実績-年間予算の差額,年間実績_FD仕入 計 - 年間予算_FD仕入 計,実績 - 予算,A,計算項目,-,-,低,◎,"年間予実対比（予実対比）.年間実績_FD仕入 計, 年間予実対比（予実対比）.年間予算_FD仕入 計",-,-,既存(V89/V69),354
3次,本部管理者,年間予実対比（予実対比）,分析画面,,,年間予実差額_フード仕入,,,L2-S,単店舗(画面内),画面内演算,年間実績-年間予算の差額,年間実績_フード仕入 - 年間予算_フード仕入,実績 - 予算,B,計算項目,-,-,低,◎,"年間予実対比（予実対比）.年間実績_フード仕入, 年間予実対比（予実対比）.年間予算_フード仕入",-,-,既存(V89/V69),355
3次,本部管理者,年間予実対比（予実対比）,分析画面,,,年間予実差額_ドリンク仕入,,,L2-S,単店舗(画面内),画面内演算,年間実績-年間予算の差額,年間実績_ドリンク仕入 - 年間予算_ドリンク仕入,実績 - 予算,B,計算項目,-,-,低,◎,"年間予実対比（予実対比）.年間実績_ドリンク仕入, 年間予実対比（予実対比）.年間予算_ドリンク仕入",-,-,既存(V89/V69),356
3次,本部管理者,年間予実対比（予実対比）,分析画面,,,年間予実差額_人件費 計,,,L2-S,単店舗(画面内),画面内演算,年間実績-年間予算の差額,年間実績_人件費 計 - 年間予算_人件費 計,実績 - 予算,A,計算項目,-,-,低,◎,"年間予実対比（予実対比）.年間実績_人件費 計, 年間予実対比（予実対比）.年間予算_人件費 計",-,-,既存(V89/V69),357
3次,本部管理者,年間予実対比（予実対比）,分析画面,,,年間予実差額_固定人件費,,,L2-S,単店舗(画面内),画面内演算,年間実績-年間予算の差額,年間実績_固定人件費 - 年間予算_固定人件費,実績 - 予算,B,計算項目,-,-,低,◎,"年間予実対比（予実対比）.年間実績_固定人件費, 年間予実対比（予実対比）.年間予算_固定人件費",-,-,既存(V89/V69),358
3次,本部管理者,年間予実対比（予実対比）,分析画面,,,年間予実差額_PA人件費,,,L2-S,単店舗(画面内),画面内演算,年間実績-年間予算の差額,年間実績_PA人件費 - 年間予算_PA人件費,実績 - 予算,B,計算項目,-,-,低,◎,"年間予実対比（予実対比）.年間実績_PA人件費, 年間予実対比（予実対比）.年間予算_PA人件費",-,-,既存(V89/V69),359
3次,本部管理者,年間予実対比（予実対比）,分析画面,,,年間予実差額_社員人件費,,,L2-S,単店舗(画面内),画面内演算,年間実績-年間予算の差額,年間実績_社員人件費 - 年間予算_社員人件費,実績 - 予算,B,計算項目,-,-,低,◎,"年間予実対比（予実対比）.年間実績_社員人件費, 年間予実対比（予実対比）.年間予算_社員人件費",-,-,既存(V89/V69),360
3次,本部管理者,年間予実対比（予実対比）,分析画面,,,年間予実差額_ヘルプ人件費,,,L2-S,単店舗(画面内),画面内演算,年間実績-年間予算の差額,年間実績_ヘルプ人件費 - 年間予算_ヘルプ人件費,実績 - 予算,C,計算項目,-,-,低,◎,"年間予実対比（予実対比）.年間実績_ヘルプ人件費, 年間予実対比（予実対比）.年間予算_ヘルプ人件費",-,-,既存(V89/V69),361
3次,本部管理者,年間予実対比（予実対比）,分析画面,,,年間予実差額_その他経費 計,,,L2-S,単店舗(画面内),画面内演算,年間実績-年間予算の差額,年間実績_その他経費 計 - 年間予算_その他経費 計,実績 - 予算,B,計算項目,-,-,低,◎,"年間予実対比（予実対比）.年間実績_その他経費 計, 年間予実対比（予実対比）.年間予算_その他経費 計",-,-,既存(V89/V69),362
3次,本部管理者,年間予実対比（予実対比）,分析画面,,,年間予実差額_地代家賃,,,L2-S,単店舗(画面内),画面内演算,年間実績-年間予算の差額,年間実績_地代家賃 - 年間予算_地代家賃,実績 - 予算,B,計算項目,-,-,低,◎,"年間予実対比（予実対比）.年間実績_地代家賃, 年間予実対比（予実対比）.年間予算_地代家賃",-,-,既存(V89/V69),363
3次,本部管理者,年間予実対比（予実対比）,分析画面,,,年間予実差額_家賃（変動分）,,,L2-S,単店舗(画面内),画面内演算,年間実績-年間予算の差額,年間実績_家賃（変動分） - 年間予算_家賃（変動分）,実績 - 予算,C,計算項目,-,-,低,◎,"年間予実対比（予実対比）.年間実績_家賃（変動分）, 年間予実対比（予実対比）.年間予算_家賃（変動分）",-,-,既存(V89/V69),364
3次,本部管理者,年間予実対比（予実対比）,分析画面,,,年間予実差額_水道光熱費,,,L2-S,単店舗(画面内),画面内演算,年間実績-年間予算の差額,年間実績_水道光熱費 - 年間予算_水道光熱費,実績 - 予算,B,計算項目,-,-,低,◎,"年間予実対比（予実対比）.年間実績_水道光熱費, 年間予実対比（予実対比）.年間予算_水道光熱費",-,-,既存(V89/V69),365
3次,本部管理者,年間予実対比（予実対比）,分析画面,,,年間予実差額_電気代,,,L2-S,単店舗(画面内),画面内演算,年間実績-年間予算の差額,年間実績_電気代 - 年間予算_電気代,実績 - 予算,C,計算項目,-,-,低,◎,"年間予実対比（予実対比）.年間実績_電気代, 年間予実対比（予実対比）.年間予算_電気代",-,-,既存(V89/V69),366
3次,本部管理者,年間予実対比（予実対比）,分析画面,,,年間予実差額_ガス代,,,L2-S,単店舗(画面内),画面内演算,年間実績-年間予算の差額,年間実績_ガス代 - 年間予算_ガス代,実績 - 予算,C,計算項目,-,-,低,◎,"年間予実対比（予実対比）.年間実績_ガス代, 年間予実対比（予実対比）.年間予算_ガス代",-,-,既存(V89/V69),367
3次,本部管理者,年間予実対比（予実対比）,分析画面,,,年間予実差額_水道代,,,L2-S,単店舗(画面内),画面内演算,年間実績-年間予算の差額,年間実績_水道代 - 年間予算_水道代,実績 - 予算,C,計算項目,-,-,低,◎,"年間予実対比（予実対比）.年間実績_水道代, 年間予実対比（予実対比）.年間予算_水道代",-,-,既存(V89/V69),368
3次,本部管理者,年間予実対比（予実対比）,分析画面,,,年間予実差額_減価償却費,,,L2-S,単店舗(画面内),画面内演算,年間実績-年間予算の差額,年間実績_減価償却費 - 年間予算_減価償却費,実績 - 予算,B,計算項目,-,-,低,◎,"年間予実対比（予実対比）.年間実績_減価償却費, 年間予実対比（予実対比）.年間予算_減価償却費",-,-,既存(V89/V69),369
3次,本部管理者,年間予実対比（予実対比）,分析画面,,,年間予実差額_販促費,,,L2-S,単店舗(画面内),画面内演算,年間実績-年間予算の差額,年間実績_販促費 - 年間予算_販促費,実績 - 予算,C,計算項目,-,-,低,◎,"年間予実対比（予実対比）.年間実績_販促費, 年間予実対比（予実対比）.年間予算_販促費",-,-,既存(V89/V69),370
3次,本部管理者,年間予実対比（予実対比）,分析画面,,,年間予実差額_資材費,,,L2-S,単店舗(画面内),画面内演算,年間実績-年間予算の差額,年間実績_資材費 - 年間予算_資材費,実績 - 予算,C,計算項目,-,-,低,◎,"年間予実対比（予実対比）.年間実績_資材費, 年間予実対比（予実対比）.年間予算_資材費",-,-,既存(V89/V69),371
3次,本部管理者,年間予実対比（予実対比）,分析画面,,,年間予実差額_借入金返済,,,L2-S,単店舗(画面内),画面内演算,年間実績-年間予算の差額,年間実績_借入金返済 - 年間予算_借入金返済,実績 - 予算,C,計算項目,-,-,低,◎,"年間予実対比（予実対比）.年間実績_借入金返済, 年間予実対比（予実対比）.年間予算_借入金返済",-,-,既存(V89/V69),372
3次,本部管理者,年間予実対比（予実対比）,分析画面,,,年間予実差額_IT費用,,,L2-S,単店舗(画面内),画面内演算,年間実績-年間予算の差額,年間実績_IT費用 - 年間予算_IT費用,実績 - 予算,C,計算項目,-,-,低,◎,"年間予実対比（予実対比）.年間実績_IT費用, 年間予実対比（予実対比）.年間予算_IT費用",-,-,既存(V89/V69),373
3次,本部管理者,年間予実対比（予実対比）,分析画面,,,年間予実差額_ラクミー利用料,,,L2-S,単店舗(画面内),画面内演算,年間実績-年間予算の差額,年間実績_ラクミー利用料 - 年間予算_ラクミー利用料,実績 - 予算,C,計算項目,-,-,低,◎,"年間予実対比（予実対比）.年間実績_ラクミー利用料, 年間予実対比（予実対比）.年間予算_ラクミー利用料",-,-,既存(V89/V69),374
3次,本部管理者,年間予実対比（予実対比）,分析画面,,,年間予実差額_レジ利用料,,,L2-S,単店舗(画面内),画面内演算,年間実績-年間予算の差額,年間実績_レジ利用料 - 年間予算_レジ利用料,実績 - 予算,C,計算項目,-,-,低,◎,"年間予実対比（予実対比）.年間実績_レジ利用料, 年間予実対比（予実対比）.年間予算_レジ利用料",-,-,既存(V89/V69),375
3次,本部管理者,年間予実対比（予実対比）,分析画面,,,年間予実差額_クレジットカード手数料,,,L2-S,単店舗(画面内),画面内演算,年間実績-年間予算の差額,年間実績_クレジットカード手数料 - 年間予算_クレジットカード手数料,実績 - 予算,C,計算項目,-,-,低,◎,"年間予実対比（予実対比）.年間実績_クレジットカード手数料, 年間予実対比（予実対比）.年間予算_クレジットカード手数料",-,-,既存(V89/V69),376
3次,本部管理者,年間予実対比（予実対比）,分析画面,,,年間予実差額_お花代,,,L2-S,単店舗(画面内),画面内演算,年間実績-年間予算の差額,年間実績_お花代 - 年間予算_お花代,実績 - 予算,D,計算項目,-,-,低,◎,"年間予実対比（予実対比）.年間実績_お花代, 年間予実対比（予実対比）.年間予算_お花代",-,-,既存(V89/V69),377
3次,本部管理者,年間予実対比（予実対比）,分析画面,,,年間予実差額_営業利益,,,L2-S,単店舗(画面内),画面内演算,年間実績-年間予算の差額,年間実績_営業利益 - 年間予算_営業利益,実績 - 予算,A,計算項目,-,-,低,◎,"年間予実対比（予実対比）.年間実績_営業利益, 年間予実対比（予実対比）.年間予算_営業利益",-,-,既存(V89/V69),378
3次,本部管理者,年間予実対比（予実対比）,分析画面,,,年間予算対比率_総売上 計,,,L2-S,単店舗(画面内),画面内演算,年間実績÷年間予算×100,年間実績_総売上 計 ÷ 年間予算_総売上 計 × 100,実績 / 予算 × 100,A,計算項目,-,-,低,◎,"年間予実対比（予実対比）.年間実績_総売上 計, 年間予実対比（予実対比）.年間予算_総売上 計",-,-,既存(V89/V69),379
3次,本部管理者,年間予実対比（予実対比）,分析画面,,,年間予算対比率_フード売上 計,,,L2-S,単店舗(画面内),画面内演算,年間実績÷年間予算×100,年間実績_フード売上 計 ÷ 年間予算_フード売上 計 × 100,実績 / 予算 × 100,B,計算項目,-,-,低,◎,"年間予実対比（予実対比）.年間実績_フード売上 計, 年間予実対比（予実対比）.年間予算_フード売上 計",-,-,既存(V89/V69),380
3次,本部管理者,年間予実対比（予実対比）,分析画面,,,年間予算対比率_フード売上ランチ,,,L2-S,単店舗(画面内),画面内演算,年間実績÷年間予算×100,年間実績_フード売上ランチ ÷ 年間予算_フード売上ランチ × 100,実績 / 予算 × 100,C,計算項目,-,-,低,◎,"年間予実対比（予実対比）.年間実績_フード売上ランチ, 年間予実対比（予実対比）.年間予算_フード売上ランチ",-,-,既存(V89/V69),381
3次,本部管理者,年間予実対比（予実対比）,分析画面,,,年間予算対比率_フード売上ディナー,,,L2-S,単店舗(画面内),画面内演算,年間実績÷年間予算×100,年間実績_フード売上ディナー ÷ 年間予算_フード売上ディナー × 100,実績 / 予算 × 100,C,計算項目,-,-,低,◎,"年間予実対比（予実対比）.年間実績_フード売上ディナー, 年間予実対比（予実対比）.年間予算_フード売上ディナー",-,-,既存(V89/V69),382
3次,本部管理者,年間予実対比（予実対比）,分析画面,,,年間予算対比率_ドリンク売上 計,,,L2-S,単店舗(画面内),画面内演算,年間実績÷年間予算×100,年間実績_ドリンク売上 計 ÷ 年間予算_ドリンク売上 計 × 100,実績 / 予算 × 100,B,計算項目,-,-,低,◎,"年間予実対比（予実対比）.年間実績_ドリンク売上 計, 年間予実対比（予実対比）.年間予算_ドリンク売上 計",-,-,既存(V89/V69),383
3次,本部管理者,年間予実対比（予実対比）,分析画面,,,年間予算対比率_ドリンク売上ランチ,,,L2-S,単店舗(画面内),画面内演算,年間実績÷年間予算×100,年間実績_ドリンク売上ランチ ÷ 年間予算_ドリンク売上ランチ × 100,実績 / 予算 × 100,C,計算項目,-,-,低,◎,"年間予実対比（予実対比）.年間実績_ドリンク売上ランチ, 年間予実対比（予実対比）.年間予算_ドリンク売上ランチ",-,-,既存(V89/V69),384
3次,本部管理者,年間予実対比（予実対比）,分析画面,,,年間予算対比率_ドリンク売上ディナー,,,L2-S,単店舗(画面内),画面内演算,年間実績÷年間予算×100,年間実績_ドリンク売上ディナー ÷ 年間予算_ドリンク売上ディナー × 100,実績 / 予算 × 100,C,計算項目,-,-,低,◎,"年間予実対比（予実対比）.年間実績_ドリンク売上ディナー, 年間予実対比（予実対比）.年間予算_ドリンク売上ディナー",-,-,既存(V89/V69),385
3次,本部管理者,年間予実対比（予実対比）,分析画面,,,年間予算対比率_その他売上 計,,,L2-S,単店舗(画面内),画面内演算,年間実績÷年間予算×100,年間実績_その他売上 計 ÷ 年間予算_その他売上 計 × 100,実績 / 予算 × 100,C,計算項目,-,-,低,◎,"年間予実対比（予実対比）.年間実績_その他売上 計, 年間予実対比（予実対比）.年間予算_その他売上 計",-,-,既存(V89/V69),386
3次,本部管理者,年間予実対比（予実対比）,分析画面,,,年間予算対比率_その他売上ランチ,,,L2-S,単店舗(画面内),画面内演算,年間実績÷年間予算×100,年間実績_その他売上ランチ ÷ 年間予算_その他売上ランチ × 100,実績 / 予算 × 100,D,計算項目,-,-,低,◎,"年間予実対比（予実対比）.年間実績_その他売上ランチ, 年間予実対比（予実対比）.年間予算_その他売上ランチ",-,-,既存(V89/V69),387
3次,本部管理者,年間予実対比（予実対比）,分析画面,,,年間予算対比率_その他売上ディナー,,,L2-S,単店舗(画面内),画面内演算,年間実績÷年間予算×100,年間実績_その他売上ディナー ÷ 年間予算_その他売上ディナー × 100,実績 / 予算 × 100,D,計算項目,-,-,低,◎,"年間予実対比（予実対比）.年間実績_その他売上ディナー, 年間予実対比（予実対比）.年間予算_その他売上ディナー",-,-,既存(V89/V69),388
3次,本部管理者,年間予実対比（予実対比）,分析画面,,,年間予算対比率_FLコスト 計,,,L2-S,単店舗(画面内),画面内演算,年間実績÷年間予算×100,年間実績_FLコスト 計 ÷ 年間予算_FLコスト 計 × 100,実績 / 予算 × 100,A,計算項目,-,-,低,◎,"年間予実対比（予実対比）.年間実績_FLコスト 計, 年間予実対比（予実対比）.年間予算_FLコスト 計",-,-,既存(V89/V69),389
3次,本部管理者,年間予実対比（予実対比）,分析画面,,,年間予算対比率_FD仕入 計,,,L2-S,単店舗(画面内),画面内演算,年間実績÷年間予算×100,年間実績_FD仕入 計 ÷ 年間予算_FD仕入 計 × 100,実績 / 予算 × 100,A,計算項目,-,-,低,◎,"年間予実対比（予実対比）.年間実績_FD仕入 計, 年間予実対比（予実対比）.年間予算_FD仕入 計",-,-,既存(V89/V69),390
3次,本部管理者,年間予実対比（予実対比）,分析画面,,,年間予算対比率_フード仕入,,,L2-S,単店舗(画面内),画面内演算,年間実績÷年間予算×100,年間実績_フード仕入 ÷ 年間予算_フード仕入 × 100,実績 / 予算 × 100,B,計算項目,-,-,低,◎,"年間予実対比（予実対比）.年間実績_フード仕入, 年間予実対比（予実対比）.年間予算_フード仕入",-,-,既存(V89/V69),391
3次,本部管理者,年間予実対比（予実対比）,分析画面,,,年間予算対比率_ドリンク仕入,,,L2-S,単店舗(画面内),画面内演算,年間実績÷年間予算×100,年間実績_ドリンク仕入 ÷ 年間予算_ドリンク仕入 × 100,実績 / 予算 × 100,B,計算項目,-,-,低,◎,"年間予実対比（予実対比）.年間実績_ドリンク仕入, 年間予実対比（予実対比）.年間予算_ドリンク仕入",-,-,既存(V89/V69),392
3次,本部管理者,年間予実対比（予実対比）,分析画面,,,年間予算対比率_人件費 計,,,L2-S,単店舗(画面内),画面内演算,年間実績÷年間予算×100,年間実績_人件費 計 ÷ 年間予算_人件費 計 × 100,実績 / 予算 × 100,A,計算項目,-,-,低,◎,"年間予実対比（予実対比）.年間実績_人件費 計, 年間予実対比（予実対比）.年間予算_人件費 計",-,-,既存(V89/V69),393
3次,本部管理者,年間予実対比（予実対比）,分析画面,,,年間予算対比率_固定人件費,,,L2-S,単店舗(画面内),画面内演算,年間実績÷年間予算×100,年間実績_固定人件費 ÷ 年間予算_固定人件費 × 100,実績 / 予算 × 100,B,計算項目,-,-,低,◎,"年間予実対比（予実対比）.年間実績_固定人件費, 年間予実対比（予実対比）.年間予算_固定人件費",-,-,既存(V89/V69),394
3次,本部管理者,年間予実対比（予実対比）,分析画面,,,年間予算対比率_PA人件費,,,L2-S,単店舗(画面内),画面内演算,年間実績÷年間予算×100,年間実績_PA人件費 ÷ 年間予算_PA人件費 × 100,実績 / 予算 × 100,B,計算項目,-,-,低,◎,"年間予実対比（予実対比）.年間実績_PA人件費, 年間予実対比（予実対比）.年間予算_PA人件費",-,-,既存(V89/V69),395
3次,本部管理者,年間予実対比（予実対比）,分析画面,,,年間予算対比率_社員人件費,,,L2-S,単店舗(画面内),画面内演算,年間実績÷年間予算×100,年間実績_社員人件費 ÷ 年間予算_社員人件費 × 100,実績 / 予算 × 100,B,計算項目,-,-,低,◎,"年間予実対比（予実対比）.年間実績_社員人件費, 年間予実対比（予実対比）.年間予算_社員人件費",-,-,既存(V89/V69),396
3次,本部管理者,年間予実対比（予実対比）,分析画面,,,年間予算対比率_ヘルプ人件費,,,L2-S,単店舗(画面内),画面内演算,年間実績÷年間予算×100,年間実績_ヘルプ人件費 ÷ 年間予算_ヘルプ人件費 × 100,実績 / 予算 × 100,C,計算項目,-,-,低,◎,"年間予実対比（予実対比）.年間実績_ヘルプ人件費, 年間予実対比（予実対比）.年間予算_ヘルプ人件費",-,-,既存(V89/V69),397
3次,本部管理者,年間予実対比（予実対比）,分析画面,,,年間予算対比率_その他経費 計,,,L2-S,単店舗(画面内),画面内演算,年間実績÷年間予算×100,年間実績_その他経費 計 ÷ 年間予算_その他経費 計 × 100,実績 / 予算 × 100,B,計算項目,-,-,低,◎,"年間予実対比（予実対比）.年間実績_その他経費 計, 年間予実対比（予実対比）.年間予算_その他経費 計",-,-,既存(V89/V69),398
3次,本部管理者,年間予実対比（予実対比）,分析画面,,,年間予算対比率_地代家賃,,,L2-S,単店舗(画面内),画面内演算,年間実績÷年間予算×100,年間実績_地代家賃 ÷ 年間予算_地代家賃 × 100,実績 / 予算 × 100,B,計算項目,-,-,低,◎,"年間予実対比（予実対比）.年間実績_地代家賃, 年間予実対比（予実対比）.年間予算_地代家賃",-,-,既存(V89/V69),399
3次,本部管理者,年間予実対比（予実対比）,分析画面,,,年間予算対比率_家賃（変動分）,,,L2-S,単店舗(画面内),画面内演算,年間実績÷年間予算×100,年間実績_家賃（変動分） ÷ 年間予算_家賃（変動分） × 100,実績 / 予算 × 100,C,計算項目,-,-,低,◎,"年間予実対比（予実対比）.年間実績_家賃（変動分）, 年間予実対比（予実対比）.年間予算_家賃（変動分）",-,-,既存(V89/V69),400
3次,本部管理者,年間予実対比（予実対比）,分析画面,,,年間予算対比率_水道光熱費,,,L2-S,単店舗(画面内),画面内演算,年間実績÷年間予算×100,年間実績_水道光熱費 ÷ 年間予算_水道光熱費 × 100,実績 / 予算 × 100,B,計算項目,-,-,低,◎,"年間予実対比（予実対比）.年間実績_水道光熱費, 年間予実対比（予実対比）.年間予算_水道光熱費",-,-,既存(V89/V69),401
3次,本部管理者,年間予実対比（予実対比）,分析画面,,,年間予算対比率_電気代,,,L2-S,単店舗(画面内),画面内演算,年間実績÷年間予算×100,年間実績_電気代 ÷ 年間予算_電気代 × 100,実績 / 予算 × 100,C,計算項目,-,-,低,◎,"年間予実対比（予実対比）.年間実績_電気代, 年間予実対比（予実対比）.年間予算_電気代",-,-,既存(V89/V69),402
3次,本部管理者,年間予実対比（予実対比）,分析画面,,,年間予算対比率_ガス代,,,L2-S,単店舗(画面内),画面内演算,年間実績÷年間予算×100,年間実績_ガス代 ÷ 年間予算_ガス代 × 100,実績 / 予算 × 100,C,計算項目,-,-,低,◎,"年間予実対比（予実対比）.年間実績_ガス代, 年間予実対比（予実対比）.年間予算_ガス代",-,-,既存(V89/V69),403
3次,本部管理者,年間予実対比（予実対比）,分析画面,,,年間予算対比率_水道代,,,L2-S,単店舗(画面内),画面内演算,年間実績÷年間予算×100,年間実績_水道代 ÷ 年間予算_水道代 × 100,実績 / 予算 × 100,C,計算項目,-,-,低,◎,"年間予実対比（予実対比）.年間実績_水道代, 年間予実対比（予実対比）.年間予算_水道代",-,-,既存(V89/V69),404
3次,本部管理者,年間予実対比（予実対比）,分析画面,,,年間予算対比率_減価償却費,,,L2-S,単店舗(画面内),画面内演算,年間実績÷年間予算×100,年間実績_減価償却費 ÷ 年間予算_減価償却費 × 100,実績 / 予算 × 100,B,計算項目,-,-,低,◎,"年間予実対比（予実対比）.年間実績_減価償却費, 年間予実対比（予実対比）.年間予算_減価償却費",-,-,既存(V89/V69),405
3次,本部管理者,年間予実対比（予実対比）,分析画面,,,年間予算対比率_販促費,,,L2-S,単店舗(画面内),画面内演算,年間実績÷年間予算×100,年間実績_販促費 ÷ 年間予算_販促費 × 100,実績 / 予算 × 100,C,計算項目,-,-,低,◎,"年間予実対比（予実対比）.年間実績_販促費, 年間予実対比（予実対比）.年間予算_販促費",-,-,既存(V89/V69),406
3次,本部管理者,年間予実対比（予実対比）,分析画面,,,年間予算対比率_資材費,,,L2-S,単店舗(画面内),画面内演算,年間実績÷年間予算×100,年間実績_資材費 ÷ 年間予算_資材費 × 100,実績 / 予算 × 100,C,計算項目,-,-,低,◎,"年間予実対比（予実対比）.年間実績_資材費, 年間予実対比（予実対比）.年間予算_資材費",-,-,既存(V89/V69),407
3次,本部管理者,年間予実対比（予実対比）,分析画面,,,年間予算対比率_借入金返済,,,L2-S,単店舗(画面内),画面内演算,年間実績÷年間予算×100,年間実績_借入金返済 ÷ 年間予算_借入金返済 × 100,実績 / 予算 × 100,C,計算項目,-,-,低,◎,"年間予実対比（予実対比）.年間実績_借入金返済, 年間予実対比（予実対比）.年間予算_借入金返済",-,-,既存(V89/V69),408
3次,本部管理者,年間予実対比（予実対比）,分析画面,,,年間予算対比率_IT費用,,,L2-S,単店舗(画面内),画面内演算,年間実績÷年間予算×100,年間実績_IT費用 ÷ 年間予算_IT費用 × 100,実績 / 予算 × 100,C,計算項目,-,-,低,◎,"年間予実対比（予実対比）.年間実績_IT費用, 年間予実対比（予実対比）.年間予算_IT費用",-,-,既存(V89/V69),409
3次,本部管理者,年間予実対比（予実対比）,分析画面,,,年間予算対比率_ラクミー利用料,,,L2-S,単店舗(画面内),画面内演算,年間実績÷年間予算×100,年間実績_ラクミー利用料 ÷ 年間予算_ラクミー利用料 × 100,実績 / 予算 × 100,C,計算項目,-,-,低,◎,"年間予実対比（予実対比）.年間実績_ラクミー利用料, 年間予実対比（予実対比）.年間予算_ラクミー利用料",-,-,既存(V89/V69),410
3次,本部管理者,年間予実対比（予実対比）,分析画面,,,年間予算対比率_レジ利用料,,,L2-S,単店舗(画面内),画面内演算,年間実績÷年間予算×100,年間実績_レジ利用料 ÷ 年間予算_レジ利用料 × 100,実績 / 予算 × 100,C,計算項目,-,-,低,◎,"年間予実対比（予実対比）.年間実績_レジ利用料, 年間予実対比（予実対比）.年間予算_レジ利用料",-,-,既存(V89/V69),411
3次,本部管理者,年間予実対比（予実対比）,分析画面,,,年間予算対比率_クレジットカード手数料,,,L2-S,単店舗(画面内),画面内演算,年間実績÷年間予算×100,年間実績_クレジットカード手数料 ÷ 年間予算_クレジットカード手数料 × 100,実績 / 予算 × 100,C,計算項目,-,-,低,◎,"年間予実対比（予実対比）.年間実績_クレジットカード手数料, 年間予実対比（予実対比）.年間予算_クレジットカード手数料",-,-,既存(V89/V69),412
3次,本部管理者,年間予実対比（予実対比）,分析画面,,,年間予算対比率_お花代,,,L2-S,単店舗(画面内),画面内演算,年間実績÷年間予算×100,年間実績_お花代 ÷ 年間予算_お花代 × 100,実績 / 予算 × 100,D,計算項目,-,-,低,◎,"年間予実対比（予実対比）.年間実績_お花代, 年間予実対比（予実対比）.年間予算_お花代",-,-,既存(V89/V69),413
3次,本部管理者,年間予実対比（予実対比）,分析画面,,,年間予算対比率_営業利益,,,L2-S,単店舗(画面内),画面内演算,年間実績÷年間予算×100,年間実績_営業利益 ÷ 年間予算_営業利益 × 100,実績 / 予算 × 100,A,計算項目,-,-,低,◎,"年間予実対比（予実対比）.年間実績_営業利益, 年間予実対比（予実対比）.年間予算_営業利益",-,-,既存(V89/V69),414
3次,本部管理者,年間予実対比（予実対比）,分析画面,,,年間予算構成比_総売上 計,,,L2-S,単店舗(画面内),画面内演算,年間予算÷年間予算_総売上×100,年間予算_総売上 計 ÷ 年間予算_総売上 計 × 100,予算 / 予算総売上 × 100,A,計算項目,-,-,低,◎,"年間予実対比（予実対比）.年間予算_総売上 計, 年間予実対比（予実対比）.年間予算_総売上 計",-,-,既存(V89/V69),415
3次,本部管理者,年間予実対比（予実対比）,分析画面,,,年間予算構成比_フード売上 計,,,L2-S,単店舗(画面内),画面内演算,年間予算÷年間予算_総売上×100,年間予算_フード売上 計 ÷ 年間予算_総売上 計 × 100,予算 / 予算総売上 × 100,B,計算項目,-,-,低,◎,"年間予実対比（予実対比）.年間予算_フード売上 計, 年間予実対比（予実対比）.年間予算_総売上 計",-,-,既存(V89/V69),416
3次,本部管理者,年間予実対比（予実対比）,分析画面,,,年間予算構成比_フード売上ランチ,,,L2-S,単店舗(画面内),画面内演算,年間予算÷年間予算_総売上×100,年間予算_フード売上ランチ ÷ 年間予算_総売上 計 × 100,予算 / 予算総売上 × 100,C,計算項目,-,-,低,◎,"年間予実対比（予実対比）.年間予算_フード売上ランチ, 年間予実対比（予実対比）.年間予算_総売上 計",-,-,既存(V89/V69),417
3次,本部管理者,年間予実対比（予実対比）,分析画面,,,年間予算構成比_フード売上ディナー,,,L2-S,単店舗(画面内),画面内演算,年間予算÷年間予算_総売上×100,年間予算_フード売上ディナー ÷ 年間予算_総売上 計 × 100,予算 / 予算総売上 × 100,C,計算項目,-,-,低,◎,"年間予実対比（予実対比）.年間予算_フード売上ディナー, 年間予実対比（予実対比）.年間予算_総売上 計",-,-,既存(V89/V69),418
3次,本部管理者,年間予実対比（予実対比）,分析画面,,,年間予算構成比_ドリンク売上 計,,,L2-S,単店舗(画面内),画面内演算,年間予算÷年間予算_総売上×100,年間予算_ドリンク売上 計 ÷ 年間予算_総売上 計 × 100,予算 / 予算総売上 × 100,B,計算項目,-,-,低,◎,"年間予実対比（予実対比）.年間予算_ドリンク売上 計, 年間予実対比（予実対比）.年間予算_総売上 計",-,-,既存(V89/V69),419
3次,本部管理者,年間予実対比（予実対比）,分析画面,,,年間予算構成比_ドリンク売上ランチ,,,L2-S,単店舗(画面内),画面内演算,年間予算÷年間予算_総売上×100,年間予算_ドリンク売上ランチ ÷ 年間予算_総売上 計 × 100,予算 / 予算総売上 × 100,C,計算項目,-,-,低,◎,"年間予実対比（予実対比）.年間予算_ドリンク売上ランチ, 年間予実対比（予実対比）.年間予算_総売上 計",-,-,既存(V89/V69),420
3次,本部管理者,年間予実対比（予実対比）,分析画面,,,年間予算構成比_ドリンク売上ディナー,,,L2-S,単店舗(画面内),画面内演算,年間予算÷年間予算_総売上×100,年間予算_ドリンク売上ディナー ÷ 年間予算_総売上 計 × 100,予算 / 予算総売上 × 100,C,計算項目,-,-,低,◎,"年間予実対比（予実対比）.年間予算_ドリンク売上ディナー, 年間予実対比（予実対比）.年間予算_総売上 計",-,-,既存(V89/V69),421
3次,本部管理者,年間予実対比（予実対比）,分析画面,,,年間予算構成比_その他売上 計,,,L2-S,単店舗(画面内),画面内演算,年間予算÷年間予算_総売上×100,年間予算_その他売上 計 ÷ 年間予算_総売上 計 × 100,予算 / 予算総売上 × 100,C,計算項目,-,-,低,◎,"年間予実対比（予実対比）.年間予算_その他売上 計, 年間予実対比（予実対比）.年間予算_総売上 計",-,-,既存(V89/V69),422
3次,本部管理者,年間予実対比（予実対比）,分析画面,,,年間予算構成比_その他売上ランチ,,,L2-S,単店舗(画面内),画面内演算,年間予算÷年間予算_総売上×100,年間予算_その他売上ランチ ÷ 年間予算_総売上 計 × 100,予算 / 予算総売上 × 100,D,計算項目,-,-,低,◎,"年間予実対比（予実対比）.年間予算_その他売上ランチ, 年間予実対比（予実対比）.年間予算_総売上 計",-,-,既存(V89/V69),423
3次,本部管理者,年間予実対比（予実対比）,分析画面,,,年間予算構成比_その他売上ディナー,,,L2-S,単店舗(画面内),画面内演算,年間予算÷年間予算_総売上×100,年間予算_その他売上ディナー ÷ 年間予算_総売上 計 × 100,予算 / 予算総売上 × 100,D,計算項目,-,-,低,◎,"年間予実対比（予実対比）.年間予算_その他売上ディナー, 年間予実対比（予実対比）.年間予算_総売上 計",-,-,既存(V89/V69),424
3次,本部管理者,年間予実対比（予実対比）,分析画面,,,年間予算構成比_FLコスト 計,,,L2-S,単店舗(画面内),画面内演算,年間予算÷年間予算_総売上×100,年間予算_FLコスト 計 ÷ 年間予算_総売上 計 × 100,予算 / 予算総売上 × 100,A,計算項目,-,-,低,◎,"年間予実対比（予実対比）.年間予算_FLコスト 計, 年間予実対比（予実対比）.年間予算_総売上 計",-,-,既存(V89/V69),425
3次,本部管理者,年間予実対比（予実対比）,分析画面,,,年間予算構成比_FD仕入 計,,,L2-S,単店舗(画面内),画面内演算,年間予算÷年間予算_総売上×100,年間予算_FD仕入 計 ÷ 年間予算_総売上 計 × 100,予算 / 予算総売上 × 100,A,計算項目,-,-,低,◎,"年間予実対比（予実対比）.年間予算_FD仕入 計, 年間予実対比（予実対比）.年間予算_総売上 計",-,-,既存(V89/V69),426
3次,本部管理者,年間予実対比（予実対比）,分析画面,,,年間予算構成比_フード仕入,,,L2-S,単店舗(画面内),画面内演算,年間予算÷年間予算_総売上×100,年間予算_フード仕入 ÷ 年間予算_総売上 計 × 100,予算 / 予算総売上 × 100,B,計算項目,-,-,低,◎,"年間予実対比（予実対比）.年間予算_フード仕入, 年間予実対比（予実対比）.年間予算_総売上 計",-,-,既存(V89/V69),427
3次,本部管理者,年間予実対比（予実対比）,分析画面,,,年間予算構成比_ドリンク仕入,,,L2-S,単店舗(画面内),画面内演算,年間予算÷年間予算_総売上×100,年間予算_ドリンク仕入 ÷ 年間予算_総売上 計 × 100,予算 / 予算総売上 × 100,B,計算項目,-,-,低,◎,"年間予実対比（予実対比）.年間予算_ドリンク仕入, 年間予実対比（予実対比）.年間予算_総売上 計",-,-,既存(V89/V69),428
3次,本部管理者,年間予実対比（予実対比）,分析画面,,,年間予算構成比_人件費 計,,,L2-S,単店舗(画面内),画面内演算,年間予算÷年間予算_総売上×100,年間予算_人件費 計 ÷ 年間予算_総売上 計 × 100,予算 / 予算総売上 × 100,A,計算項目,-,-,低,◎,"年間予実対比（予実対比）.年間予算_人件費 計, 年間予実対比（予実対比）.年間予算_総売上 計",-,-,既存(V89/V69),429
3次,本部管理者,年間予実対比（予実対比）,分析画面,,,年間予算構成比_固定人件費,,,L2-S,単店舗(画面内),画面内演算,年間予算÷年間予算_総売上×100,年間予算_固定人件費 ÷ 年間予算_総売上 計 × 100,予算 / 予算総売上 × 100,B,計算項目,-,-,低,◎,"年間予実対比（予実対比）.年間予算_固定人件費, 年間予実対比（予実対比）.年間予算_総売上 計",-,-,既存(V89/V69),430
3次,本部管理者,年間予実対比（予実対比）,分析画面,,,年間予算構成比_PA人件費,,,L2-S,単店舗(画面内),画面内演算,年間予算÷年間予算_総売上×100,年間予算_PA人件費 ÷ 年間予算_総売上 計 × 100,予算 / 予算総売上 × 100,B,計算項目,-,-,低,◎,"年間予実対比（予実対比）.年間予算_PA人件費, 年間予実対比（予実対比）.年間予算_総売上 計",-,-,既存(V89/V69),431
3次,本部管理者,年間予実対比（予実対比）,分析画面,,,年間予算構成比_社員人件費,,,L2-S,単店舗(画面内),画面内演算,年間予算÷年間予算_総売上×100,年間予算_社員人件費 ÷ 年間予算_総売上 計 × 100,予算 / 予算総売上 × 100,B,計算項目,-,-,低,◎,"年間予実対比（予実対比）.年間予算_社員人件費, 年間予実対比（予実対比）.年間予算_総売上 計",-,-,既存(V89/V69),432
3次,本部管理者,年間予実対比（予実対比）,分析画面,,,年間予算構成比_ヘルプ人件費,,,L2-S,単店舗(画面内),画面内演算,年間予算÷年間予算_総売上×100,年間予算_ヘルプ人件費 ÷ 年間予算_総売上 計 × 100,予算 / 予算総売上 × 100,C,計算項目,-,-,低,◎,"年間予実対比（予実対比）.年間予算_ヘルプ人件費, 年間予実対比（予実対比）.年間予算_総売上 計",-,-,既存(V89/V69),433
3次,本部管理者,年間予実対比（予実対比）,分析画面,,,年間予算構成比_その他経費 計,,,L2-S,単店舗(画面内),画面内演算,年間予算÷年間予算_総売上×100,年間予算_その他経費 計 ÷ 年間予算_総売上 計 × 100,予算 / 予算総売上 × 100,B,計算項目,-,-,低,◎,"年間予実対比（予実対比）.年間予算_その他経費 計, 年間予実対比（予実対比）.年間予算_総売上 計",-,-,既存(V89/V69),434
3次,本部管理者,年間予実対比（予実対比）,分析画面,,,年間予算構成比_地代家賃,,,L2-S,単店舗(画面内),画面内演算,年間予算÷年間予算_総売上×100,年間予算_地代家賃 ÷ 年間予算_総売上 計 × 100,予算 / 予算総売上 × 100,B,計算項目,-,-,低,◎,"年間予実対比（予実対比）.年間予算_地代家賃, 年間予実対比（予実対比）.年間予算_総売上 計",-,-,既存(V89/V69),435
3次,本部管理者,年間予実対比（予実対比）,分析画面,,,年間予算構成比_家賃（変動分）,,,L2-S,単店舗(画面内),画面内演算,年間予算÷年間予算_総売上×100,年間予算_家賃（変動分） ÷ 年間予算_総売上 計 × 100,予算 / 予算総売上 × 100,C,計算項目,-,-,低,◎,"年間予実対比（予実対比）.年間予算_家賃（変動分）, 年間予実対比（予実対比）.年間予算_総売上 計",-,-,既存(V89/V69),436
3次,本部管理者,年間予実対比（予実対比）,分析画面,,,年間予算構成比_水道光熱費,,,L2-S,単店舗(画面内),画面内演算,年間予算÷年間予算_総売上×100,年間予算_水道光熱費 ÷ 年間予算_総売上 計 × 100,予算 / 予算総売上 × 100,B,計算項目,-,-,低,◎,"年間予実対比（予実対比）.年間予算_水道光熱費, 年間予実対比（予実対比）.年間予算_総売上 計",-,-,既存(V89/V69),437
3次,本部管理者,年間予実対比（予実対比）,分析画面,,,年間予算構成比_電気代,,,L2-S,単店舗(画面内),画面内演算,年間予算÷年間予算_総売上×100,年間予算_電気代 ÷ 年間予算_総売上 計 × 100,予算 / 予算総売上 × 100,C,計算項目,-,-,低,◎,"年間予実対比（予実対比）.年間予算_電気代, 年間予実対比（予実対比）.年間予算_総売上 計",-,-,既存(V89/V69),438
3次,本部管理者,年間予実対比（予実対比）,分析画面,,,年間予算構成比_ガス代,,,L2-S,単店舗(画面内),画面内演算,年間予算÷年間予算_総売上×100,年間予算_ガス代 ÷ 年間予算_総売上 計 × 100,予算 / 予算総売上 × 100,C,計算項目,-,-,低,◎,"年間予実対比（予実対比）.年間予算_ガス代, 年間予実対比（予実対比）.年間予算_総売上 計",-,-,既存(V89/V69),439
3次,本部管理者,年間予実対比（予実対比）,分析画面,,,年間予算構成比_水道代,,,L2-S,単店舗(画面内),画面内演算,年間予算÷年間予算_総売上×100,年間予算_水道代 ÷ 年間予算_総売上 計 × 100,予算 / 予算総売上 × 100,C,計算項目,-,-,低,◎,"年間予実対比（予実対比）.年間予算_水道代, 年間予実対比（予実対比）.年間予算_総売上 計",-,-,既存(V89/V69),440
3次,本部管理者,年間予実対比（予実対比）,分析画面,,,年間予算構成比_減価償却費,,,L2-S,単店舗(画面内),画面内演算,年間予算÷年間予算_総売上×100,年間予算_減価償却費 ÷ 年間予算_総売上 計 × 100,予算 / 予算総売上 × 100,B,計算項目,-,-,低,◎,"年間予実対比（予実対比）.年間予算_減価償却費, 年間予実対比（予実対比）.年間予算_総売上 計",-,-,既存(V89/V69),441
3次,本部管理者,年間予実対比（予実対比）,分析画面,,,年間予算構成比_販促費,,,L2-S,単店舗(画面内),画面内演算,年間予算÷年間予算_総売上×100,年間予算_販促費 ÷ 年間予算_総売上 計 × 100,予算 / 予算総売上 × 100,C,計算項目,-,-,低,◎,"年間予実対比（予実対比）.年間予算_販促費, 年間予実対比（予実対比）.年間予算_総売上 計",-,-,既存(V89/V69),442
3次,本部管理者,年間予実対比（予実対比）,分析画面,,,年間予算構成比_資材費,,,L2-S,単店舗(画面内),画面内演算,年間予算÷年間予算_総売上×100,年間予算_資材費 ÷ 年間予算_総売上 計 × 100,予算 / 予算総売上 × 100,C,計算項目,-,-,低,◎,"年間予実対比（予実対比）.年間予算_資材費, 年間予実対比（予実対比）.年間予算_総売上 計",-,-,既存(V89/V69),443
3次,本部管理者,年間予実対比（予実対比）,分析画面,,,年間予算構成比_借入金返済,,,L2-S,単店舗(画面内),画面内演算,年間予算÷年間予算_総売上×100,年間予算_借入金返済 ÷ 年間予算_総売上 計 × 100,予算 / 予算総売上 × 100,C,計算項目,-,-,低,◎,"年間予実対比（予実対比）.年間予算_借入金返済, 年間予実対比（予実対比）.年間予算_総売上 計",-,-,既存(V89/V69),444
3次,本部管理者,年間予実対比（予実対比）,分析画面,,,年間予算構成比_IT費用,,,L2-S,単店舗(画面内),画面内演算,年間予算÷年間予算_総売上×100,年間予算_IT費用 ÷ 年間予算_総売上 計 × 100,予算 / 予算総売上 × 100,C,計算項目,-,-,低,◎,"年間予実対比（予実対比）.年間予算_IT費用, 年間予実対比（予実対比）.年間予算_総売上 計",-,-,既存(V89/V69),445
3次,本部管理者,年間予実対比（予実対比）,分析画面,,,年間予算構成比_ラクミー利用料,,,L2-S,単店舗(画面内),画面内演算,年間予算÷年間予算_総売上×100,年間予算_ラクミー利用料 ÷ 年間予算_総売上 計 × 100,予算 / 予算総売上 × 100,C,計算項目,-,-,低,◎,"年間予実対比（予実対比）.年間予算_ラクミー利用料, 年間予実対比（予実対比）.年間予算_総売上 計",-,-,既存(V89/V69),446
3次,本部管理者,年間予実対比（予実対比）,分析画面,,,年間予算構成比_レジ利用料,,,L2-S,単店舗(画面内),画面内演算,年間予算÷年間予算_総売上×100,年間予算_レジ利用料 ÷ 年間予算_総売上 計 × 100,予算 / 予算総売上 × 100,C,計算項目,-,-,低,◎,"年間予実対比（予実対比）.年間予算_レジ利用料, 年間予実対比（予実対比）.年間予算_総売上 計",-,-,既存(V89/V69),447
3次,本部管理者,年間予実対比（予実対比）,分析画面,,,年間予算構成比_クレジットカード手数料,,,L2-S,単店舗(画面内),画面内演算,年間予算÷年間予算_総売上×100,年間予算_クレジットカード手数料 ÷ 年間予算_総売上 計 × 100,予算 / 予算総売上 × 100,C,計算項目,-,-,低,◎,"年間予実対比（予実対比）.年間予算_クレジットカード手数料, 年間予実対比（予実対比）.年間予算_総売上 計",-,-,既存(V89/V69),448
3次,本部管理者,年間予実対比（予実対比）,分析画面,,,年間予算構成比_お花代,,,L2-S,単店舗(画面内),画面内演算,年間予算÷年間予算_総売上×100,年間予算_お花代 ÷ 年間予算_総売上 計 × 100,予算 / 予算総売上 × 100,D,計算項目,-,-,低,◎,"年間予実対比（予実対比）.年間予算_お花代, 年間予実対比（予実対比）.年間予算_総売上 計",-,-,既存(V89/V69),449
3次,本部管理者,年間予実対比（予実対比）,分析画面,,,年間予算構成比_営業利益,,,L2-S,単店舗(画面内),画面内演算,年間予算÷年間予算_総売上×100,年間予算_営業利益 ÷ 年間予算_総売上 計 × 100,予算 / 予算総売上 × 100,A,計算項目,-,-,低,◎,"年間予実対比（予実対比）.年間予算_営業利益, 年間予実対比（予実対比）.年間予算_総売上 計",-,-,既存(V89/V69),450
3次,本部管理者,年間予実対比（予実対比）,分析画面,,,年間構成比_総売上 計,,,L2-S,単店舗(画面内),画面内演算,年間実績÷年間実績_総売上×100,年間実績_総売上 計 ÷ 年間実績_総売上 計 × 100,実績 / 実績総売上 × 100,A,計算項目,-,-,低,◎,"年間予実対比（予実対比）.年間実績_総売上 計, 年間予実対比（予実対比）.年間実績_総売上 計",-,-,既存(V89/V69),451
3次,本部管理者,年間予実対比（予実対比）,分析画面,,,年間構成比_フード売上 計,,,L2-S,単店舗(画面内),画面内演算,年間実績÷年間実績_総売上×100,年間実績_フード売上 計 ÷ 年間実績_総売上 計 × 100,実績 / 実績総売上 × 100,B,計算項目,-,-,低,◎,"年間予実対比（予実対比）.年間実績_フード売上 計, 年間予実対比（予実対比）.年間実績_総売上 計",-,-,既存(V89/V69),452
3次,本部管理者,年間予実対比（予実対比）,分析画面,,,年間構成比_フード売上ランチ,,,L2-S,単店舗(画面内),画面内演算,年間実績÷年間実績_総売上×100,年間実績_フード売上ランチ ÷ 年間実績_総売上 計 × 100,実績 / 実績総売上 × 100,C,計算項目,-,-,低,◎,"年間予実対比（予実対比）.年間実績_フード売上ランチ, 年間予実対比（予実対比）.年間実績_総売上 計",-,-,既存(V89/V69),453
3次,本部管理者,年間予実対比（予実対比）,分析画面,,,年間構成比_フード売上ディナー,,,L2-S,単店舗(画面内),画面内演算,年間実績÷年間実績_総売上×100,年間実績_フード売上ディナー ÷ 年間実績_総売上 計 × 100,実績 / 実績総売上 × 100,C,計算項目,-,-,低,◎,"年間予実対比（予実対比）.年間実績_フード売上ディナー, 年間予実対比（予実対比）.年間実績_総売上 計",-,-,既存(V89/V69),454
3次,本部管理者,年間予実対比（予実対比）,分析画面,,,年間構成比_ドリンク売上 計,,,L2-S,単店舗(画面内),画面内演算,年間実績÷年間実績_総売上×100,年間実績_ドリンク売上 計 ÷ 年間実績_総売上 計 × 100,実績 / 実績総売上 × 100,B,計算項目,-,-,低,◎,"年間予実対比（予実対比）.年間実績_ドリンク売上 計, 年間予実対比（予実対比）.年間実績_総売上 計",-,-,既存(V89/V69),455
3次,本部管理者,年間予実対比（予実対比）,分析画面,,,年間構成比_ドリンク売上ランチ,,,L2-S,単店舗(画面内),画面内演算,年間実績÷年間実績_総売上×100,年間実績_ドリンク売上ランチ ÷ 年間実績_総売上 計 × 100,実績 / 実績総売上 × 100,C,計算項目,-,-,低,◎,"年間予実対比（予実対比）.年間実績_ドリンク売上ランチ, 年間予実対比（予実対比）.年間実績_総売上 計",-,-,既存(V89/V69),456
3次,本部管理者,年間予実対比（予実対比）,分析画面,,,年間構成比_ドリンク売上ディナー,,,L2-S,単店舗(画面内),画面内演算,年間実績÷年間実績_総売上×100,年間実績_ドリンク売上ディナー ÷ 年間実績_総売上 計 × 100,実績 / 実績総売上 × 100,C,計算項目,-,-,低,◎,"年間予実対比（予実対比）.年間実績_ドリンク売上ディナー, 年間予実対比（予実対比）.年間実績_総売上 計",-,-,既存(V89/V69),457
3次,本部管理者,年間予実対比（予実対比）,分析画面,,,年間構成比_その他売上 計,,,L2-S,単店舗(画面内),画面内演算,年間実績÷年間実績_総売上×100,年間実績_その他売上 計 ÷ 年間実績_総売上 計 × 100,実績 / 実績総売上 × 100,C,計算項目,-,-,低,◎,"年間予実対比（予実対比）.年間実績_その他売上 計, 年間予実対比（予実対比）.年間実績_総売上 計",-,-,既存(V89/V69),458
3次,本部管理者,年間予実対比（予実対比）,分析画面,,,年間構成比_その他売上ランチ,,,L2-S,単店舗(画面内),画面内演算,年間実績÷年間実績_総売上×100,年間実績_その他売上ランチ ÷ 年間実績_総売上 計 × 100,実績 / 実績総売上 × 100,D,計算項目,-,-,低,◎,"年間予実対比（予実対比）.年間実績_その他売上ランチ, 年間予実対比（予実対比）.年間実績_総売上 計",-,-,既存(V89/V69),459
3次,本部管理者,年間予実対比（予実対比）,分析画面,,,年間構成比_その他売上ディナー,,,L2-S,単店舗(画面内),画面内演算,年間実績÷年間実績_総売上×100,年間実績_その他売上ディナー ÷ 年間実績_総売上 計 × 100,実績 / 実績総売上 × 100,D,計算項目,-,-,低,◎,"年間予実対比（予実対比）.年間実績_その他売上ディナー, 年間予実対比（予実対比）.年間実績_総売上 計",-,-,既存(V89/V69),460
3次,本部管理者,年間予実対比（予実対比）,分析画面,,,年間構成比_FLコスト 計,,,L2-S,単店舗(画面内),画面内演算,年間実績÷年間実績_総売上×100,年間実績_FLコスト 計 ÷ 年間実績_総売上 計 × 100,実績 / 実績総売上 × 100,A,計算項目,-,-,低,◎,"年間予実対比（予実対比）.年間実績_FLコスト 計, 年間予実対比（予実対比）.年間実績_総売上 計",-,-,既存(V89/V69),461
3次,本部管理者,年間予実対比（予実対比）,分析画面,,,年間構成比_FD仕入 計,,,L2-S,単店舗(画面内),画面内演算,年間実績÷年間実績_総売上×100,年間実績_FD仕入 計 ÷ 年間実績_総売上 計 × 100,実績 / 実績総売上 × 100,A,計算項目,-,-,低,◎,"年間予実対比（予実対比）.年間実績_FD仕入 計, 年間予実対比（予実対比）.年間実績_総売上 計",-,-,既存(V89/V69),462
3次,本部管理者,年間予実対比（予実対比）,分析画面,,,年間構成比_フード仕入,,,L2-S,単店舗(画面内),画面内演算,年間実績÷年間実績_総売上×100,年間実績_フード仕入 ÷ 年間実績_総売上 計 × 100,実績 / 実績総売上 × 100,B,計算項目,-,-,低,◎,"年間予実対比（予実対比）.年間実績_フード仕入, 年間予実対比（予実対比）.年間実績_総売上 計",-,-,既存(V89/V69),463
3次,本部管理者,年間予実対比（予実対比）,分析画面,,,年間構成比_ドリンク仕入,,,L2-S,単店舗(画面内),画面内演算,年間実績÷年間実績_総売上×100,年間実績_ドリンク仕入 ÷ 年間実績_総売上 計 × 100,実績 / 実績総売上 × 100,B,計算項目,-,-,低,◎,"年間予実対比（予実対比）.年間実績_ドリンク仕入, 年間予実対比（予実対比）.年間実績_総売上 計",-,-,既存(V89/V69),464
3次,本部管理者,年間予実対比（予実対比）,分析画面,,,年間構成比_人件費 計,,,L2-S,単店舗(画面内),画面内演算,年間実績÷年間実績_総売上×100,年間実績_人件費 計 ÷ 年間実績_総売上 計 × 100,実績 / 実績総売上 × 100,A,計算項目,-,-,低,◎,"年間予実対比（予実対比）.年間実績_人件費 計, 年間予実対比（予実対比）.年間実績_総売上 計",-,-,既存(V89/V69),465
3次,本部管理者,年間予実対比（予実対比）,分析画面,,,年間構成比_固定人件費,,,L2-S,単店舗(画面内),画面内演算,年間実績÷年間実績_総売上×100,年間実績_固定人件費 ÷ 年間実績_総売上 計 × 100,実績 / 実績総売上 × 100,B,計算項目,-,-,低,◎,"年間予実対比（予実対比）.年間実績_固定人件費, 年間予実対比（予実対比）.年間実績_総売上 計",-,-,既存(V89/V69),466
3次,本部管理者,年間予実対比（予実対比）,分析画面,,,年間構成比_PA人件費,,,L2-S,単店舗(画面内),画面内演算,年間実績÷年間実績_総売上×100,年間実績_PA人件費 ÷ 年間実績_総売上 計 × 100,実績 / 実績総売上 × 100,B,計算項目,-,-,低,◎,"年間予実対比（予実対比）.年間実績_PA人件費, 年間予実対比（予実対比）.年間実績_総売上 計",-,-,既存(V89/V69),467
3次,本部管理者,年間予実対比（予実対比）,分析画面,,,年間構成比_社員人件費,,,L2-S,単店舗(画面内),画面内演算,年間実績÷年間実績_総売上×100,年間実績_社員人件費 ÷ 年間実績_総売上 計 × 100,実績 / 実績総売上 × 100,B,計算項目,-,-,低,◎,"年間予実対比（予実対比）.年間実績_社員人件費, 年間予実対比（予実対比）.年間実績_総売上 計",-,-,既存(V89/V69),468
3次,本部管理者,年間予実対比（予実対比）,分析画面,,,年間構成比_ヘルプ人件費,,,L2-S,単店舗(画面内),画面内演算,年間実績÷年間実績_総売上×100,年間実績_ヘルプ人件費 ÷ 年間実績_総売上 計 × 100,実績 / 実績総売上 × 100,C,計算項目,-,-,低,◎,"年間予実対比（予実対比）.年間実績_ヘルプ人件費, 年間予実対比（予実対比）.年間実績_総売上 計",-,-,既存(V89/V69),469
3次,本部管理者,年間予実対比（予実対比）,分析画面,,,年間構成比_その他経費 計,,,L2-S,単店舗(画面内),画面内演算,年間実績÷年間実績_総売上×100,年間実績_その他経費 計 ÷ 年間実績_総売上 計 × 100,実績 / 実績総売上 × 100,B,計算項目,-,-,低,◎,"年間予実対比（予実対比）.年間実績_その他経費 計, 年間予実対比（予実対比）.年間実績_総売上 計",-,-,既存(V89/V69),470
3次,本部管理者,年間予実対比（予実対比）,分析画面,,,年間構成比_地代家賃,,,L2-S,単店舗(画面内),画面内演算,年間実績÷年間実績_総売上×100,年間実績_地代家賃 ÷ 年間実績_総売上 計 × 100,実績 / 実績総売上 × 100,B,計算項目,-,-,低,◎,"年間予実対比（予実対比）.年間実績_地代家賃, 年間予実対比（予実対比）.年間実績_総売上 計",-,-,既存(V89/V69),471
3次,本部管理者,年間予実対比（予実対比）,分析画面,,,年間構成比_家賃（変動分）,,,L2-S,単店舗(画面内),画面内演算,年間実績÷年間実績_総売上×100,年間実績_家賃（変動分） ÷ 年間実績_総売上 計 × 100,実績 / 実績総売上 × 100,C,計算項目,-,-,低,◎,"年間予実対比（予実対比）.年間実績_家賃（変動分）, 年間予実対比（予実対比）.年間実績_総売上 計",-,-,既存(V89/V69),472
3次,本部管理者,年間予実対比（予実対比）,分析画面,,,年間構成比_水道光熱費,,,L2-S,単店舗(画面内),画面内演算,年間実績÷年間実績_総売上×100,年間実績_水道光熱費 ÷ 年間実績_総売上 計 × 100,実績 / 実績総売上 × 100,B,計算項目,-,-,低,◎,"年間予実対比（予実対比）.年間実績_水道光熱費, 年間予実対比（予実対比）.年間実績_総売上 計",-,-,既存(V89/V69),473
3次,本部管理者,年間予実対比（予実対比）,分析画面,,,年間構成比_電気代,,,L2-S,単店舗(画面内),画面内演算,年間実績÷年間実績_総売上×100,年間実績_電気代 ÷ 年間実績_総売上 計 × 100,実績 / 実績総売上 × 100,C,計算項目,-,-,低,◎,"年間予実対比（予実対比）.年間実績_電気代, 年間予実対比（予実対比）.年間実績_総売上 計",-,-,既存(V89/V69),474
3次,本部管理者,年間予実対比（予実対比）,分析画面,,,年間構成比_ガス代,,,L2-S,単店舗(画面内),画面内演算,年間実績÷年間実績_総売上×100,年間実績_ガス代 ÷ 年間実績_総売上 計 × 100,実績 / 実績総売上 × 100,C,計算項目,-,-,低,◎,"年間予実対比（予実対比）.年間実績_ガス代, 年間予実対比（予実対比）.年間実績_総売上 計",-,-,既存(V89/V69),475
3次,本部管理者,年間予実対比（予実対比）,分析画面,,,年間構成比_水道代,,,L2-S,単店舗(画面内),画面内演算,年間実績÷年間実績_総売上×100,年間実績_水道代 ÷ 年間実績_総売上 計 × 100,実績 / 実績総売上 × 100,C,計算項目,-,-,低,◎,"年間予実対比（予実対比）.年間実績_水道代, 年間予実対比（予実対比）.年間実績_総売上 計",-,-,既存(V89/V69),476
3次,本部管理者,年間予実対比（予実対比）,分析画面,,,年間構成比_減価償却費,,,L2-S,単店舗(画面内),画面内演算,年間実績÷年間実績_総売上×100,年間実績_減価償却費 ÷ 年間実績_総売上 計 × 100,実績 / 実績総売上 × 100,B,計算項目,-,-,低,◎,"年間予実対比（予実対比）.年間実績_減価償却費, 年間予実対比（予実対比）.年間実績_総売上 計",-,-,既存(V89/V69),477
3次,本部管理者,年間予実対比（予実対比）,分析画面,,,年間構成比_販促費,,,L2-S,単店舗(画面内),画面内演算,年間実績÷年間実績_総売上×100,年間実績_販促費 ÷ 年間実績_総売上 計 × 100,実績 / 実績総売上 × 100,C,計算項目,-,-,低,◎,"年間予実対比（予実対比）.年間実績_販促費, 年間予実対比（予実対比）.年間実績_総売上 計",-,-,既存(V89/V69),478
3次,本部管理者,年間予実対比（予実対比）,分析画面,,,年間構成比_資材費,,,L2-S,単店舗(画面内),画面内演算,年間実績÷年間実績_総売上×100,年間実績_資材費 ÷ 年間実績_総売上 計 × 100,実績 / 実績総売上 × 100,C,計算項目,-,-,低,◎,"年間予実対比（予実対比）.年間実績_資材費, 年間予実対比（予実対比）.年間実績_総売上 計",-,-,既存(V89/V69),479
3次,本部管理者,年間予実対比（予実対比）,分析画面,,,年間構成比_借入金返済,,,L2-S,単店舗(画面内),画面内演算,年間実績÷年間実績_総売上×100,年間実績_借入金返済 ÷ 年間実績_総売上 計 × 100,実績 / 実績総売上 × 100,C,計算項目,-,-,低,◎,"年間予実対比（予実対比）.年間実績_借入金返済, 年間予実対比（予実対比）.年間実績_総売上 計",-,-,既存(V89/V69),480
3次,本部管理者,年間予実対比（予実対比）,分析画面,,,年間構成比_IT費用,,,L2-S,単店舗(画面内),画面内演算,年間実績÷年間実績_総売上×100,年間実績_IT費用 ÷ 年間実績_総売上 計 × 100,実績 / 実績総売上 × 100,C,計算項目,-,-,低,◎,"年間予実対比（予実対比）.年間実績_IT費用, 年間予実対比（予実対比）.年間実績_総売上 計",-,-,既存(V89/V69),481
3次,本部管理者,年間予実対比（予実対比）,分析画面,,,年間構成比_ラクミー利用料,,,L2-S,単店舗(画面内),画面内演算,年間実績÷年間実績_総売上×100,年間実績_ラクミー利用料 ÷ 年間実績_総売上 計 × 100,実績 / 実績総売上 × 100,C,計算項目,-,-,低,◎,"年間予実対比（予実対比）.年間実績_ラクミー利用料, 年間予実対比（予実対比）.年間実績_総売上 計",-,-,既存(V89/V69),482
3次,本部管理者,年間予実対比（予実対比）,分析画面,,,年間構成比_レジ利用料,,,L2-S,単店舗(画面内),画面内演算,年間実績÷年間実績_総売上×100,年間実績_レジ利用料 ÷ 年間実績_総売上 計 × 100,実績 / 実績総売上 × 100,C,計算項目,-,-,低,◎,"年間予実対比（予実対比）.年間実績_レジ利用料, 年間予実対比（予実対比）.年間実績_総売上 計",-,-,既存(V89/V69),483
3次,本部管理者,年間予実対比（予実対比）,分析画面,,,年間構成比_クレジットカード手数料,,,L2-S,単店舗(画面内),画面内演算,年間実績÷年間実績_総売上×100,年間実績_クレジットカード手数料 ÷ 年間実績_総売上 計 × 100,実績 / 実績総売上 × 100,C,計算項目,-,-,低,◎,"年間予実対比（予実対比）.年間実績_クレジットカード手数料, 年間予実対比（予実対比）.年間実績_総売上 計",-,-,既存(V89/V69),484
3次,本部管理者,年間予実対比（予実対比）,分析画面,,,年間構成比_お花代,,,L2-S,単店舗(画面内),画面内演算,年間実績÷年間実績_総売上×100,年間実績_お花代 ÷ 年間実績_総売上 計 × 100,実績 / 実績総売上 × 100,D,計算項目,-,-,低,◎,"年間予実対比（予実対比）.年間実績_お花代, 年間予実対比（予実対比）.年間実績_総売上 計",-,-,既存(V89/V69),485
3次,本部管理者,年間予実対比（予実対比）,分析画面,,,年間構成比_営業利益,,,L2-S,単店舗(画面内),画面内演算,年間実績÷年間実績_総売上×100,年間実績_営業利益 ÷ 年間実績_総売上 計 × 100,実績 / 実績総売上 × 100,A,計算項目,-,-,低,◎,"年間予実対比（予実対比）.年間実績_営業利益, 年間予実対比（予実対比）.年間実績_総売上 計",-,-,既存(V89/V69),486
3次,本部管理者,店舗ラベル別サマリー,ダッシュボード表示画面,,,売上（税抜）,,,L2-L,ラベル別(画面内),外部データ参照,POS/インフォマート等の外部データを参照表示,参照表示,SUM(ZTOTAL.sales_excluded) GROUP BY shop_label,A,POS（売上・客数）,店舗ラベルでグルーピングした主要指標サマリー。売上・コスト等の集計ディメンション,head_office_connected_service_sales_logs.sales_excluded,低,×,[外部]ZTOTAL.sales_excluded,-,-,既存(V89/V69),189
3次,本部管理者,店舗別サマリー,ダッシュボード表示画面,,,売上（税抜）,,,L2-C,全店舗(画面内),外部データ参照,POS/インフォマート等の外部データを参照表示,参照表示,SUM(ZTOTAL.sales_excluded) GROUP BY shop_id,A,POS（売上・客数）,店舗ごとの主要指標サマリー,head_office_connected_service_sales_logs.sales_excluded,低,×,[外部]ZTOTAL.sales_excluded,"ABC分析.売上（税抜）, 店舗別サマリー.FD仕入率, 店舗別サマリー.人件費率, 店舗別サマリー.営業利益, 店舗別サマリー.売上進捗率, 店舗別サマリー.売上達成率, 当月実績.売上（税抜）, 日次レポート.売上（税抜）, 日次推移.売上（税抜）, 進捗分析.売上進捗率",-,既存(V89/V69),196
3次,本部管理者,当月実績,ダッシュボード表示画面,,,売上（税抜）,,,L2-C,全店舗(画面内),外部データ参照,POS/インフォマート等の外部データを参照表示,参照表示,SUM(ZTOTAL.sales_excluded),A,POS（売上・客数）,当月の実績サマリー,head_office_connected_service_sales_logs.sales_excluded,低,◎,[外部]ZTOTAL.sales_excluded,"ABC分析, ABC分析.売上構成比率, 主要KPI指標.営業利益率, 主要KPI指標.坪月商, 主要KPI指標.家賃比率, 年間予実対比.営業利益, 年間予実対比.客単価, 店舗別サマリー, 当月実績.FD仕入率, 当月実績.FL率, 当月実績.人件費率, 当月実績.営業利益, 支払種別売上分析.売上比率, 日次レポート, 日次推移, 時間帯別売上分析.客単価（税抜）, 月次レポート.原価率, 進捗分析.進捗率比較（前々月）, 進捗分析.進捗率比較（前月）, 進捗分析.達成率",-,既存(V89/V69),203
3次,本部管理者,月次レポート,分析画面,,,原価（金額）,,,L2-C,全店舗(画面内),複数種類混在,棚卸入力とインフォマート仕入の組合せ,前月在庫+仕入-当月在庫,月次レポート.対象前月在庫(金額) + 月次レポート.仕入総額 - 月次レポート.対象月在庫(金額),C,計算項目,月次の経営レポート,"shop_inventories.amount（棚卸入力）, infomart_transactions.total_tax_excluded",中,○,月次レポート.仕入総額,月次レポート.原価率,-,既存(V89/V69),144
3次,本部管理者,月次レポート,分析画面,,,対象前月在庫（金額）,,,L2-C,全店舗(画面内),棚卸入力参照,棚卸入力で登録した在庫データを参照,マスタ参照,shop_inventories.amount WHERE year_month = target_month - 1,C,計算項目,月次の経営レポート,shop_inventories.amount（棚卸入力）,低,○,-,月次レポート.原価（金額）,-,既存(V89/V69),146
3次,本部管理者,月次レポート,分析画面,,,対象月在庫（金額）,,,L2-C,全店舗(画面内),棚卸入力参照,棚卸入力で登録した在庫データを参照,マスタ参照,shop_inventories.amount WHERE year_month = target_month,C,計算項目,月次の経営レポート,shop_inventories.amount（棚卸入力）,低,○,-,月次レポート.原価（金額）,-,既存(V89/V69),148
3次,本部管理者,棚卸詳細,一覧表示画面,,,仕入れ先,,,L2-C,全店舗(画面内),外部データ参照,POS/インフォマート等の外部データを参照表示,参照表示,infomart_transactions.client_name,D,インフォマート（仕入）,棚卸データの詳細表示,infomart_transactions.client_name,低,×,-,-,-,既存(V89/V69),167
3次,本部管理者,棚卸詳細,一覧表示画面,,,小計,,,L2-C,全店舗(画面内),実績参照,分析画面で算出された値を参照表示,参照表示,棚卸詳細.在庫数量 × 棚卸詳細.商品単価,C,計算項目,棚卸データの詳細表示,"inventory_items.num, inventory_items.price",低,×,-,-,-,既存(V89/V69),172
3次,本部管理者,納品書管理,一覧表示画面,,,納品書ID,,,L2-C,全店舗(画面内),外部データ参照,POS/インフォマート等の外部データを参照表示,参照表示,infomart_transactions.id,D,インフォマート（仕入）,納品書データの管理,infomart_transactions.id,低,×,-,-,-,既存(V89/V69),173
3次,本部管理者,納品書管理,一覧表示画面,,,受付日付,,,L2-C,全店舗(画面内),外部データ参照,POS/インフォマート等の外部データを参照表示,参照表示,infomart_transactions.received_at,D,インフォマート（仕入）,納品書データの管理,infomart_transactions.received_at,低,×,-,-,-,既存(V89/V69),174
3次,本部管理者,納品書管理,一覧表示画面,,,納品日,,,L2-C,全店舗(画面内),外部データ参照,POS/インフォマート等の外部データを参照表示,参照表示,infomart_transactions.delivery_date,D,インフォマート（仕入）,納品書データの管理,infomart_transactions.delivery_date,低,×,-,-,-,既存(V89/V69),175
3次,本部管理者,納品書管理,一覧表示画面,,,処理ステータス,,,L2-C,全店舗(画面内),外部データ参照,POS/インフォマート等の外部データを参照表示,参照表示,infomart_transactions.status,D,インフォマート（仕入）,納品書データの管理,infomart_transactions.status,低,×,-,-,-,既存(V89/V69),177
3次,本部管理者,納品書管理,一覧表示画面,,,発注先,,,L2-C,全店舗(画面内),外部データ参照,POS/インフォマート等の外部データを参照表示,参照表示,infomart_transactions.client_name,D,インフォマート（仕入）,納品書データの管理,infomart_transactions.client_name,低,×,-,-,-,既存(V89/V69),178
3次,本部管理者,納品書詳細,一覧表示画面,,,納品書ID,,,L2-C,全店舗(画面内),外部データ参照,POS/インフォマート等の外部データを参照表示,参照表示,infomart_transactions.id,D,インフォマート（仕入）,納品書の詳細表示,infomart_transactions.id,低,×,-,-,-,既存(V89/V69),179
3次,本部管理者,納品書詳細,一覧表示画面,,,発注者,,,L2-C,全店舗(画面内),外部データ参照,POS/インフォマート等の外部データを参照表示,参照表示,infomart_transactions.orderer_name,D,インフォマート（仕入）,納品書の詳細表示,infomart_transactions.orderer_name,低,×,-,-,-,既存(V89/V69),180
3次,本部管理者,納品書詳細,一覧表示画面,,,受注者,,,L2-C,全店舗(画面内),外部データ参照,POS/インフォマート等の外部データを参照表示,参照表示,infomart_transactions.client_name,D,インフォマート（仕入）,納品書の詳細表示,infomart_transactions.client_name,低,×,-,-,-,既存(V89/V69),181
3次,本部管理者,納品書詳細,一覧表示画面,,,処理ステータス,,,L2-C,全店舗(画面内),外部データ参照,POS/インフォマート等の外部データを参照表示,参照表示,infomart_transactions.status,D,インフォマート（仕入）,納品書の詳細表示,infomart_transactions.status,低,×,-,-,-,既存(V89/V69),182
3次,本部管理者,納品書詳細,一覧表示画面,,,納品日,,,L2-C,全店舗(画面内),外部データ参照,POS/インフォマート等の外部データを参照表示,参照表示,infomart_transactions.delivery_date,D,インフォマート（仕入）,納品書の詳細表示,infomart_transactions.delivery_date,低,×,-,-,-,既存(V89/V69),183
3次,本部管理者,費用実績入力,実績入力画面,,,費目,,,L2-C,全店舗(画面内),ユーザー入力単独（マスタ選択）,マスタから選択入力,マスタ参照,monthly_cost_items.name,D,費用・棚卸（入力）,費用実績の入力・管理,monthly_cost_items.name,低,×,-,-,-,既存(V89/V69),38
3次,本部管理者,費用実績入力,実績入力画面,,,移動元店舗,,,L2-C,全店舗(画面内),ユーザー入力単独（マスタ選択）,マスタから選択入力,マスタ参照,shops.name,C,費用・棚卸（入力）,費用実績の入力・管理,shops.name,低,×,-,-,-,既存(V89/V69),41
3次,本部管理者,費用実績入力,実績入力画面,,,移動先店舗,,,L2-C,全店舗(画面内),ユーザー入力単独（マスタ選択）,マスタから選択入力,マスタ参照,shops.name,C,費用・棚卸（入力）,費用実績の入力・管理,shops.name,低,×,-,-,-,既存(V89/V69),43
3次,本部管理者,費目別仕入分析,分析画面,,,比率,,,L2-C,全店舗(画面内),設定参照×設定参照,複数の費用設定の組合せ,費目÷総仕入×100,費目別仕入分析.金額税抜 ÷ SUM(費目別仕入分析.金額税抜) × 100,C,計算項目,費目別の仕入分析,monthly_costs.value,中,×,-,"仕入別分析.比率, 商品別仕入分析.比率",-,既存(V89/V69),153
3次,本部管理者,進捗分析,分析画面,,,利益進捗率,,,L2-C,全店舗(画面内),複数種類混在,演算結果と予算設定の組合せ,営業利益累計÷目標利益×100,SUM(当月実績.営業利益) ÷ 予算設定.予算金額 × 100,B,計算項目,売上・利益の進捗分析,"monthly_budgets.value（予算設定画面）, monthly_budgets.profit",高,◎,当月実績.営業利益,-,-,既存(V89/V69),154
3次,本部管理者,進捗分析,分析画面,,,売上進捗率,,,L2-C,全店舗(画面内),複数種類混在,POS売上と予算設定の組合せ,売上累計÷目標×100,SUM(店舗別サマリー.売上（税抜）) ÷ 店舗別サマリー.売上目標 × 100,A,計算項目,売上・利益の進捗分析,"head_office_connected_service_sales_logs.sales_excluded, monthly_budgets.profit",高,◎,"店舗別サマリー.売上（税抜）, 店舗別サマリー.売上目標",店舗別サマリー,-,既存(V89/V69),155
3次,本部管理者,進捗分析,分析画面,,,達成率,,,L2-C,全店舗(画面内),複数種類混在,POS売上と予算設定の組合せ,実績÷目標×100,当月実績.売上（税抜） ÷ 予算設定.予算金額 × 100,B,計算項目,売上・利益の進捗分析,"head_office_connected_service_sales_logs.sales_excluded, monthly_budgets.profit",高,◎,当月実績.売上（税抜）,-,-,既存(V89/V69),156
3次,本部管理者,進捗分析,分析画面,,,進捗率比較（前月）,,,L2-C,全店舗(画面内),複数種類混在,POS売上と予算設定の組合せ,前月比計算,当月実績.売上（税抜） ÷ 予算設定.予算金額 × 100 (前月データ),B,計算項目,売上・利益の進捗分析,"head_office_connected_service_sales_logs.sales_excluded, monthly_budgets.profit",高,◎,当月実績.売上（税抜）,-,-,既存(V89/V69),157
3次,本部管理者,進捗分析,分析画面,,,進捗率比較（前々月）,,,L2-C,全店舗(画面内),複数種類混在,POS売上と予算設定の組合せ,前々月比計算,当月実績.売上（税抜） ÷ 予算設定.予算金額 × 100 (前々月データ),B,計算項目,売上・利益の進捗分析,"head_office_connected_service_sales_logs.sales_excluded, monthly_budgets.profit",高,◎,当月実績.売上（税抜）,-,-,既存(V89/V69),158
4次,本部管理者,主要KPI指標,ダッシュボード表示画面,,,,坪月商,,L3-C,全店舗(画面間),実績参照,分析画面で算出された値を参照表示,参照表示,当月実績.売上（税抜） ÷ 店舗マスタ.坪数,B,計算項目,主要KPIのダッシュボード表示,"head_office_connected_service_sales_logs.sales_excluded, shops.total_area_num",中,×,当月実績.売上（税抜）,-,-,既存(V89/V69),184
4次,本部管理者,主要KPI指標,ダッシュボード表示画面,,,,営業利益率,,L3-C,全店舗(画面間),実績参照,分析画面で算出された値を参照表示,参照表示,(当月実績.売上（税抜） - 予実対比.FD仕入 - 予実対比.人件費 - 予実対比.その他経費) ÷ 当月実績.売上（税抜） × 100,S,計算項目,主要KPIのダッシュボード表示,z_totals.sales_excluded,中,×,"当月実績.営業利益, 当月実績.売上（税抜）, 予実対比.FD仕入, 予実対比.人件費",-,-,既存(V89/V69),185
4次,本部管理者,主要KPI指標,ダッシュボード表示画面,,,,家賃比率,,L3-C,全店舗(画面間),実績参照,分析画面で算出された値を参照表示,参照表示,月次費用入力.金額(家賃) ÷ 当月実績.売上（税抜） × 100,B,計算項目,主要KPIのダッシュボード表示,"monthly_costs.value, head_office_connected_service_sales_logs.sales_excluded",中,×,当月実績.売上（税抜）,-,-,既存(V89/V69),186
4次,本部管理者,主要KPI指標,ダッシュボード表示画面,,,,ROI,,L3-C,全店舗(画面間),実績参照,分析画面で算出された値を参照表示,参照表示,当月実績.営業利益 ÷ 予算設定.予算金額 × 100,S,計算項目,主要KPIのダッシュボード表示,"monthly_budgets.value（予算設定画面）, monthly_budgets.profit",中,×,当月実績.営業利益,-,-,既存(V89/V69),187
4次,本部管理者,年間予実対比（サマリー）,ダッシュボード表示画面,,,,客単価（ランチ）,,L3-S,単店舗(画面間),実績参照,分析画面で算出された値を参照表示,参照表示,時間帯別売上分析.ランチ売上（税抜） ÷ 時間帯別売上分析.客数,A,計算項目,-,"head_office_item_sales_logs.sales_excluded, head_office_connected_service_sales_logs.customers",中,×,"時間帯別売上分析.ランチ売上（税抜）, 時間帯別売上分析.客数",-,-,既存(V89/V69),247
4次,本部管理者,年間予実対比（サマリー）,ダッシュボード表示画面,,,,客単価（ディナー）,,L3-S,単店舗(画面間),実績参照,分析画面で算出された値を参照表示,参照表示,時間帯別売上分析.ディナー売上（税抜） ÷ 時間帯別売上分析.客数,A,計算項目,-,"head_office_item_sales_logs.sales_excluded, head_office_connected_service_sales_logs.customers",中,×,"時間帯別売上分析.ディナー売上（税抜）, 時間帯別売上分析.客数",-,-,既存(V89/V69),248
4次,本部管理者,年間予実対比（サマリー）,ダッシュボード表示画面,,,,営業利益,,L3-S,単店舗(画面間),実績参照,分析画面で算出された値を参照表示,参照表示,当月実績.売上（税抜） - 予実対比.FD仕入 - 予実対比.人件費 - 予実対比.その他経費,S,計算項目,-,monthly_costs.value,中,×,"当月実績.売上（税抜）, 予実対比.FD仕入, 予実対比.人件費",-,-,既存(V89/V69),249
4次,本部管理者,年間予実対比（サマリー）,ダッシュボード表示画面,,,,客単価,,L3-S,単店舗(画面間),実績参照,分析画面で算出された値を参照表示,参照表示,当月実績.売上（税抜） ÷ 感度分析.客数,A,計算項目,-,"head_office_connected_service_sales_logs.sales_excluded, head_office_connected_service_sales_logs.customers",中,×,"当月実績.売上（税抜）, 感度分析.客数",-,-,既存(V89/V69),252
4次,本部管理者,年間予実対比（予実対比）,分析画面,,,,年間実績_ヘルプ人件費,,L3-S,単店舗(画面間),外部連携×外部連携,KOT内の複数データ組合せ,help_costs-help_costs_minus,店舗別人件費.ヘルプ人件費 - 店舗別人件費.ヘルプ人件費マイナス,C,計算項目,-,"head_office_connected_service_labor_costs_logs.help_costs, head_office_connected_service_labor_costs_logs.help_costs_minus",最高,◎,[外部]勤怠連携（KOT/ジョブカン）.ヘルプ人件費,-,-,既存(V89/V69),241
4次,本部管理者,年間予実対比（予実対比）,分析画面,,,,年間予算_固定人件費,,L3-S,単店舗(画面間),設定値集計,費用設定の固定人件費予算の年間累計,SUM(費用設定.固定人件費予算) GROUP BY year,固定人件費予算,B,費用設定（参照）,-,monthly_cost_items.value(固定人件費),中,◎,月次予算設定.年間固定人件費,-,-,既存(V89/V69),322
4次,本部管理者,年間予実対比（予実対比）,分析画面,,,,年間予算_社員人件費,,L3-S,単店舗(画面間),設定値集計,費用設定の社員人件費予算の年間累計,SUM(費用設定.社員人件費予算) GROUP BY year,社員人件費予算,B,費用設定（参照）,-,monthly_cost_items.value(社員人件費),中,◎,月次予算設定.年間社員人件費,-,-,既存(V89/V69),324
4次,本部管理者,年間予実対比（予実対比）,分析画面,,,,年間予算_ヘルプ人件費,,L3-S,単店舗(画面間),設定値集計,費用設定のヘルプ人件費予算の年間累計,SUM(費用設定.ヘルプ人件費予算) GROUP BY year,ヘルプ人件費予算,C,費用設定（参照）,-,monthly_cost_items.value(ヘルプ人件費),中,◎,月次予算設定.年間ヘルプ人件費,-,-,既存(V89/V69),325
4次,本部管理者,年間予実対比（予実対比）,分析画面,,,,年間予算_その他経費 計,,L3-S,単店舗(画面間),設定値集計,費用設定のその他経費予算の年間累計,SUM(費用設定.その他経費予算) GROUP BY year,その他経費予算合計,B,費用設定（参照）,-,monthly_cost_items.value(その他経費),中,◎,月次予算設定.年間その他経費,-,-,既存(V89/V69),326
4次,本部管理者,年間予実対比（予実対比）,分析画面,,,,年間予算_地代家賃,,L3-S,単店舗(画面間),設定値集計,費用設定の地代家賃予算の年間累計,SUM(費用設定.地代家賃予算) GROUP BY year,地代家賃予算,B,費用設定（参照）,-,monthly_cost_items.value(地代家賃),中,◎,月次予算設定.年間地代家賃,-,-,既存(V89/V69),327
4次,本部管理者,年間予実対比（予実対比）,分析画面,,,,年間予算_家賃（変動分）,,L3-S,単店舗(画面間),設定値集計,費用設定の家賃（変動分）予算の年間累計,SUM(費用設定.家賃（変動分）予算) GROUP BY year,家賃（変動分）予算,C,費用設定（参照）,-,monthly_cost_items.value(家賃変動分),中,◎,月次予算設定.年間家賃（変動分）,-,-,既存(V89/V69),328
4次,本部管理者,年間予実対比（予実対比）,分析画面,,,,年間予算_水道光熱費,,L3-S,単店舗(画面間),設定値集計,費用設定の水道光熱費予算の年間累計,SUM(費用設定.水道光熱費予算) GROUP BY year,水道光熱費予算,B,費用設定（参照）,-,monthly_cost_items.value(水道光熱費),中,◎,月次予算設定.年間水道光熱費,-,-,既存(V89/V69),329
4次,本部管理者,年間予実対比（予実対比）,分析画面,,,,年間予算_電気代,,L3-S,単店舗(画面間),設定値集計,費用設定の電気代予算の年間累計,SUM(費用設定.電気代予算) GROUP BY year,電気代予算,C,費用設定（参照）,-,monthly_cost_items.value(電気代),中,◎,月次予算設定.年間電気代,-,-,既存(V89/V69),330
4次,本部管理者,年間予実対比（予実対比）,分析画面,,,,年間予算_ガス代,,L3-S,単店舗(画面間),設定値集計,費用設定のガス代予算の年間累計,SUM(費用設定.ガス代予算) GROUP BY year,ガス代予算,C,費用設定（参照）,-,monthly_cost_items.value(ガス代),中,◎,月次予算設定.年間ガス代,-,-,既存(V89/V69),331
4次,本部管理者,年間予実対比（予実対比）,分析画面,,,,年間予算_水道代,,L3-S,単店舗(画面間),設定値集計,費用設定の水道代予算の年間累計,SUM(費用設定.水道代予算) GROUP BY year,水道代予算,C,費用設定（参照）,-,monthly_cost_items.value(水道代),中,◎,月次予算設定.年間水道代,-,-,既存(V89/V69),332
4次,本部管理者,年間予実対比（予実対比）,分析画面,,,,年間予算_減価償却費,,L3-S,単店舗(画面間),設定値集計,費用設定の減価償却費予算の年間累計,SUM(費用設定.減価償却費予算) GROUP BY year,減価償却費予算,B,費用設定（参照）,-,monthly_cost_items.value(減価償却費),中,◎,月次予算設定.年間減価償却費,-,-,既存(V89/V69),333
4次,本部管理者,年間予実対比（予実対比）,分析画面,,,,年間予算_販促費,,L3-S,単店舗(画面間),設定値集計,費用設定の販促費予算の年間累計,SUM(費用設定.販促費予算) GROUP BY year,販促費予算,C,費用設定（参照）,-,monthly_cost_items.value(販促費),中,◎,月次予算設定.年間販促費,-,-,既存(V89/V69),334
4次,本部管理者,年間予実対比（予実対比）,分析画面,,,,年間予算_資材費,,L3-S,単店舗(画面間),設定値集計,費用設定の資材費予算の年間累計,SUM(費用設定.資材費予算) GROUP BY year,資材費予算,C,費用設定（参照）,-,monthly_cost_items.value(資材費),中,◎,月次予算設定.年間資材費,-,-,既存(V89/V69),335
4次,本部管理者,年間予実対比（予実対比）,分析画面,,,,年間予算_借入金返済,,L3-S,単店舗(画面間),設定値集計,費用設定の借入金返済予算の年間累計,SUM(費用設定.借入金返済予算) GROUP BY year,借入金返済予算,C,費用設定（参照）,-,monthly_cost_items.value(借入金返済),中,◎,月次予算設定.年間借入金返済,-,-,既存(V89/V69),336
4次,本部管理者,年間予実対比（予実対比）,分析画面,,,,年間予算_IT費用,,L3-S,単店舗(画面間),設定値集計,費用設定のIT費用予算の年間累計,SUM(費用設定.IT費用予算) GROUP BY year,IT費用予算,C,費用設定（参照）,-,monthly_cost_items.value(IT費用),中,◎,月次予算設定.年間IT費用,-,-,既存(V89/V69),337
4次,本部管理者,年間予実対比（予実対比）,分析画面,,,,年間予算_ラクミー利用料,,L3-S,単店舗(画面間),設定値集計,費用設定のラクミー利用料予算の年間累計,SUM(費用設定.ラクミー利用料予算) GROUP BY year,ラクミー利用料予算,C,費用設定（参照）,-,monthly_cost_items.value(ラクミー利用料),中,◎,月次予算設定.年間ラクミー利用料,-,-,既存(V89/V69),338
4次,本部管理者,年間予実対比（予実対比）,分析画面,,,,年間予算_レジ利用料,,L3-S,単店舗(画面間),設定値集計,費用設定のレジ利用料予算の年間累計,SUM(費用設定.レジ利用料予算) GROUP BY year,レジ利用料予算,C,費用設定（参照）,-,monthly_cost_items.value(レジ利用料),中,◎,月次予算設定.年間レジ利用料,-,-,既存(V89/V69),339
4次,本部管理者,年間予実対比（予実対比）,分析画面,,,,年間予算_クレジットカード手数料,,L3-S,単店舗(画面間),設定値集計,費用設定のクレジットカード手数料予算の年間累計,SUM(費用設定.クレジットカード手数料予算) GROUP BY year,クレジットカード手数料予算,C,費用設定（参照）,-,monthly_cost_items.value(クレジットカード手数料),中,◎,月次予算設定.年間クレジットカード手数料,-,-,既存(V89/V69),340
4次,本部管理者,年間予実対比（予実対比）,分析画面,,,,年間予算_お花代,,L3-S,単店舗(画面間),設定値集計,費用設定のお花代予算の年間累計,SUM(費用設定.お花代予算) GROUP BY year,お花代予算,D,費用設定（参照）,-,monthly_cost_items.value(お花代),中,◎,月次予算設定.年間お花代,-,-,既存(V89/V69),341
4次,本部管理者,店舗ラベル別サマリー,ダッシュボード表示画面,,,,営業利益,,L3-L,ラベル別(画面間),実績参照,分析画面で算出された値を参照表示,参照表示,店舗ラベル別サマリー.売上（税抜） - 予実対比.FD仕入 - 予実対比.人件費 - 予実対比.その他経費,S,計算項目,店舗ラベルでグルーピングした主要指標サマリー。売上・コスト等の集計ディメンション,"head_office_connected_service_sales_logs.sales_excluded, infomart_transactions.total_tax_excluded, head_office_connected_service_labor_costs_logs.labor_costs, monthly_costs.value",中,×,"店舗ラベル別サマリー.売上（税抜）, 予実対比.FD仕入, 予実対比.人件費",-,-,既存(V89/V69),188
4次,本部管理者,店舗ラベル別サマリー,ダッシュボード表示画面,,,,売上達成率,,L3-L,ラベル別(画面間),実績参照,分析画面で算出された値を参照表示,参照表示,店舗ラベル別サマリー.売上（税抜） ÷ 店舗ラベル別サマリー.売上目標 × 100,A,計算項目,店舗ラベルでグルーピングした主要指標サマリー。売上・コスト等の集計ディメンション,"head_office_connected_service_sales_logs.sales_excluded, monthly_budgets.profit",低,×,"店舗ラベル別サマリー.売上（税抜）, 店舗ラベル別サマリー.売上目標",-,-,既存(V89/V69),191
4次,本部管理者,店舗ラベル別サマリー,ダッシュボード表示画面,,,,売上進捗率,,L3-L,ラベル別(画面間),実績参照,分析画面で算出された値を参照表示,参照表示,SUM(店舗ラベル別サマリー.売上（税抜）) ÷ 店舗ラベル別サマリー.売上目標 × 100,A,計算項目,店舗ラベルでグルーピングした主要指標サマリー。売上・コスト等の集計ディメンション,"head_office_connected_service_sales_logs.sales_excluded, monthly_budgets.profit",低,×,"店舗ラベル別サマリー.売上（税抜）, 店舗ラベル別サマリー.売上目標",-,-,既存(V89/V69),192
4次,本部管理者,店舗ラベル別サマリー,ダッシュボード表示画面,,,,FD仕入率,,L3-L,ラベル別(画面間),実績参照,分析画面で算出された値を参照表示,参照表示,予実対比.FD仕入 ÷ 店舗ラベル別サマリー.売上（税抜） × 100,S,計算項目,店舗ラベルでグルーピングした主要指標サマリー。売上・コスト等の集計ディメンション,"infomart_transactions.total_tax_excluded, head_office_connected_service_sales_logs.sales_excluded",中,×,"予実対比.FD仕入, 店舗ラベル別サマリー.売上（税抜）",-,-,既存(V89/V69),193
4次,本部管理者,店舗ラベル別サマリー,ダッシュボード表示画面,,,,人件費率,,L3-L,ラベル別(画面間),実績参照,分析画面で算出された値を参照表示,参照表示,予実対比.人件費 ÷ 店舗ラベル別サマリー.売上（税抜） × 100,S,計算項目,店舗ラベルでグルーピングした主要指標サマリー。売上・コスト等の集計ディメンション,"head_office_connected_service_labor_costs_logs.labor_costs, head_office_connected_service_sales_logs.sales_excluded",中,×,"予実対比.人件費, 店舗ラベル別サマリー.売上（税抜）",-,-,既存(V89/V69),194
4次,本部管理者,店舗別サマリー,ダッシュボード表示画面,,,,営業利益,,L3-C,全店舗(画面間),実績参照,分析画面で算出された値を参照表示,参照表示,店舗別サマリー.売上（税抜） - 予実対比.FD仕入 - 予実対比.人件費 - 予実対比.その他経費,S,計算項目,店舗ごとの主要指標サマリー,"head_office_connected_service_sales_logs.sales_excluded, infomart_transactions.total_tax_excluded, head_office_connected_service_labor_costs_logs.labor_costs, monthly_costs.value",中,×,"店舗別サマリー.売上（税抜）, 予実対比.FD仕入, 予実対比.人件費","当月実績.営業利益, 年間予実対比.営業利益",-,既存(V89/V69),195
4次,本部管理者,店舗別サマリー,ダッシュボード表示画面,,,,売上達成率,,L3-C,全店舗(画面間),実績参照,分析画面で算出された値を参照表示,参照表示,店舗別サマリー.売上（税抜） ÷ 店舗別サマリー.売上目標 × 100,A,計算項目,店舗ごとの主要指標サマリー,"head_office_connected_service_sales_logs.sales_excluded, monthly_budgets.profit",低,×,"店舗別サマリー.売上（税抜）, 店舗別サマリー.売上目標",-,-,既存(V89/V69),198
4次,本部管理者,店舗別サマリー,ダッシュボード表示画面,,,,売上進捗率,,L3-C,全店舗(画面間),実績参照,分析画面で算出された値を参照表示,参照表示,SUM(店舗別サマリー.売上（税抜）) ÷ 店舗別サマリー.売上目標 × 100,A,計算項目,店舗ごとの主要指標サマリー,"head_office_connected_service_sales_logs.sales_excluded, monthly_budgets.profit",低,×,"店舗別サマリー.売上（税抜）, 店舗別サマリー.売上目標",進捗分析.売上進捗率,-,既存(V89/V69),199
4次,本部管理者,店舗別サマリー,ダッシュボード表示画面,,,,FD仕入率,,L3-C,全店舗(画面間),実績参照,分析画面で算出された値を参照表示,参照表示,予実対比.FD仕入 ÷ 店舗別サマリー.売上（税抜） × 100,S,計算項目,店舗ごとの主要指標サマリー,"infomart_transactions.total_tax_excluded, head_office_connected_service_sales_logs.sales_excluded",中,×,"予実対比.FD仕入, 店舗別サマリー.売上（税抜）",当月実績.FD仕入率,-,既存(V89/V69),200
4次,本部管理者,店舗別サマリー,ダッシュボード表示画面,,,,人件費率,,L3-C,全店舗(画面間),実績参照,分析画面で算出された値を参照表示,参照表示,予実対比.人件費 ÷ 店舗別サマリー.売上（税抜） × 100,S,計算項目,店舗ごとの主要指標サマリー,"head_office_connected_service_labor_costs_logs.labor_costs, head_office_connected_service_sales_logs.sales_excluded",中,×,"予実対比.人件費, 店舗別サマリー.売上（税抜）",当月実績.人件費率,-,既存(V89/V69),201
4次,本部管理者,当月実績,ダッシュボード表示画面,,,,営業利益,,L3-C,全店舗(画面間),実績参照,分析画面で算出された値を参照表示,参照表示,当月実績.売上（税抜） - 予実対比.FD仕入 - 予実対比.人件費 - 予実対比.その他経費,S,計算項目,当月の実績サマリー,"head_office_connected_service_sales_logs.sales_excluded, infomart_transactions.total_tax_excluded, head_office_connected_service_labor_costs_logs.labor_costs, monthly_costs.value",中,◎,"当月実績.売上（税抜）, 予実対比.FD仕入, 予実対比.人件費","主要KPI指標.ROI, 年間予実対比.営業利益, 店舗別サマリー.営業利益, 進捗分析.利益進捗率",-,既存(V89/V69),202
4次,本部管理者,当月実績,ダッシュボード表示画面,,,,FD仕入率,,L3-C,全店舗(画面間),実績参照,分析画面で算出された値を参照表示,参照表示,予実対比.FD仕入 ÷ 当月実績.売上（税抜） × 100,S,計算項目,当月の実績サマリー,"infomart_transactions.total_tax_excluded, head_office_connected_service_sales_logs.sales_excluded",中,◎,"予実対比.FD仕入, 当月実績.売上（税抜）",店舗別サマリー.FD仕入率,-,既存(V89/V69),204
4次,本部管理者,当月実績,ダッシュボード表示画面,,,,人件費率,,L3-C,全店舗(画面間),実績参照,分析画面で算出された値を参照表示,参照表示,予実対比.人件費 ÷ 当月実績.売上（税抜） × 100,S,計算項目,当月の実績サマリー,"head_office_connected_service_labor_costs_logs.labor_costs, head_office_connected_service_sales_logs.sales_excluded",中,◎,"予実対比.人件費, 当月実績.売上（税抜）",店舗別サマリー.人件費率,-,既存(V89/V69),205
4次,本部管理者,当月実績,ダッシュボード表示画面,,,,FL率,,L3-C,全店舗(画面間),実績参照,分析画面で算出された値を参照表示,参照表示,(予実対比.FD仕入 + 予実対比.人件費) ÷ 当月実績.売上（税抜） × 100,S,計算項目,当月の実績サマリー,"infomart_transactions.total_tax_excluded, head_office_connected_service_labor_costs_logs.labor_costs, head_office_connected_service_sales_logs.sales_excluded",中,◎,"予実対比.FD仕入, 予実対比.人件費, 当月実績.売上（税抜）",-,-,既存(V89/V69),206
4次,本部管理者,当月実績,ダッシュボード表示画面,,,,営業利益達成率,,L3-C,全店舗(画面間),実績参照,営業利益の予算に対する達成率,参照表示,当月実績.営業利益 ÷ 当月実績.営業利益予算 × 100,S,計算項目,当月の実績サマリー,"head_office_connected_service_sales_logs.sales_excluded, monthly_budgets.profit",中,◎,"当月実績.営業利益, 当月実績.営業利益予算",-,-,既存(V89/V69),208
4次,本部管理者,当月実績,ダッシュボード表示画面,,,,売上達成率,,L3-C,全店舗(画面間),実績参照,売上の予算に対する達成率,参照表示,当月実績.売上（税抜） ÷ 当月実績.売上予算 × 100,S,計算項目,当月の実績サマリー,"head_office_connected_service_sales_logs.sales_excluded, monthly_budgets.sales",中,◎,"当月実績.売上（税抜）, 当月実績.売上予算",-,-,既存(V89/V69),210
5次,本部管理者,-（新規画面）,-,,,,,店舗投資回収期間,L4(提案),派生,合成指標,【投資効率】新規出店判断、投資計画の評価,初期投資額 ÷ (月次営業利益 × 12),回収年数。業態別・立地別に算出,-,合成指標（既存指標派生）,新規出店判断、投資計画の評価,-,-,-,"店舗別営業利益(4次), 初期投資額(1次 要追加)",-,3年以下:優良 / 3-5年:標準 / 5年超:再検討,初期投資額マスタの追加必要,E-04
5次,本部管理者,-（新規画面）,-,,,,,ROA（総資産利益率）,L4(提案),派生,合成指標,【収益性】資産効率の指標、投資家向け,営業利益 ÷ 総資産 × 100,年次で算出が一般的,-,合成指標（既存指標派生）,資産効率の指標、投資家向け,-,-,-,"営業利益(4次), 総資産(会計系:1次)",-,10%以上:優良 / 5%未満:要改善,会計システム連携必要,E-05
5次,本部管理者,-（新規画面）,-,,,,,ROE（自己資本利益率）,L4(提案),派生,合成指標,【収益性】株主・オーナー視点の収益性,当期純利益 ÷ 自己資本 × 100,投資家指標の代表格,-,合成指標（既存指標派生）,株主・オーナー視点の収益性,-,-,-,"当期純利益(会計系:1次), 自己資本(会計系:1次)",-,10%以上:優良,会計システム連携必要,E-06
5次,本部管理者,-（新規画面）,-,,,,,キャッシュフロー予測,L4(提案),派生,合成指標,【予測】資金繰り・投資可能額の把握,営業CF = 営業利益 + 減価償却費 - 運転資本増減,月次予算＋回収サイト考慮,-,合成指標（既存指標派生）,資金繰り・投資可能額の把握,-,-,-,"営業利益(4次), 減価償却費(2次), 売掛買掛(会計系:1次)",-,正のCF継続:健全 / 3ヶ月連続マイナス:要融資検討,会計システム連携必要,E-10
5次,本部管理者,-（新規画面）,-,,,,,DSCR（借入金返済能力）,L4(提案),派生,合成指標,【リスク】金融機関評価、借入限度の判定,営業CF ÷ 元利返済額,1.2倍以上が融資基準,-,合成指標（既存指標派生）,金融機関評価、借入限度の判定,-,-,-,"営業CF(5次E-10), 返済額(1次 要追加)",-,1.5倍以上:余裕 / 1.0-1.2:最低 / 1.0未満:要対策,借入データ管理必要,E-13
5次,本部管理者,-（新規画面）,-,,,,,店舗監査未実施リスト,L4(提案),派生,合成指標,【品質管理】定期監査の実施管理,前回監査から規定日数経過した店舗一覧,衛生・接客・運営の各監査区分別,-,合成指標（既存指標派生）,定期監査の実施管理,-,-,-,"監査実施日(1次 要追加), 監査スケジュール(マスタ:1次)",-,規定サイクル内100%実施が目標,監査スケジュール管理機能の追加必要,H-07
5次,本部管理者,-（新規画面）,-,,,,,本部間接コスト配賦率,L4(提案),派生,合成指標,【効率】本部コストの店舗別按分、真の店舗収益性把握,本部コスト ÷ 全店舗売上 × 店舗別売上,配賦基準は売上 or 固定費 or 均等,-,合成指標（既存指標派生）,本部コストの店舗別按分、真の店舗収益性把握,-,-,-,"本部コスト(1次 要追加), 店舗別売上(2次)",-,営業利益への影響度を確認,本部コストの費目別入力必要,H-14
5次,本部管理者,-（新規画面）,-,,,,,チーム教育効果指標,L4(提案),派生,合成指標,【人材育成】教育施策後の業績改善度,施策実施前後のKPI変化率,接客教育・原価教育・衛生教育別,-,合成指標（既存指標派生）,教育施策後の業績改善度,-,-,-,"各種業績指標(2-4次), 施策実施日(1次 要追加)",-,施策後3ヶ月でKPI改善トレンド確認,施策マスタと効果測定期間の定義必要,M-08
5次,本部管理者,-（新規画面）,-,,,,,顧客満足度店舗比較,L4(提案),派生,合成指標,【顧客満足】CS調査結果の店舗別比較、改善アクション共有,店舗別平均満足度スコア,アンケート・覆面調査・クチコミ統合,-,合成指標（既存指標派生）,CS調査結果の店舗別比較、改善アクション共有,-,-,-,"CSスコア(1次 要追加), 来店客数(1次)",-,80点以上:優良 / 60-80:標準 / 60未満:要対策,CSアンケートデータの収集機能,M-09
5次,本部管理者,-（新規画面）,-,,,,,店舗監査スコア,L4(提案),派生,合成指標,【運営品質】本部監査結果の定量化、店舗評価の体系化,衛生・接客・運営各項目のスコア合計,覆面調査・本部巡回・顧客満足度を統合,-,合成指標（既存指標派生）,本部監査結果の定量化、店舗評価の体系化,-,-,-,監査項目(1次 要追加),-,80点以上:優良 / 60-80:標準 / 60未満:要改善,監査データ入力画面の追加必要,M-12
5次,本部管理者,FD分析（仕入率/原価率）,-,,,,,FL率効率ランキング,L4(提案),派生,合成指標,【店舗比較】コスト効率トップ・ボトム,店舗別FL率の逆順,低いほど上位,-,合成指標,コスト効率トップ・ボトム,-,-,-,店舗別FL率(4次),-,下位:仕入見直し / 上位:モデル店舗,既存ラクミーデータで算出可,HB-15
5次,本部管理者,FD分析（仕入率/原価率）,-,,,,,店舗間FL率分散,L4(提案),派生,合成指標,【格差分析】コスト管理水準の店舗間差,STDEV(店舗別FL率),ラベル別に算出推奨,-,合成指標,コスト管理水準の店舗間差,-,-,-,店舗別FL率(4次),-,2%以下:均質 / 5%超:要教育,既存ラクミーデータで算出可,HB-19
5次,本部管理者,"FD分析（仕入率/原価率）, 店舗ラベル別サマリー",-,,,,,店舗別FD原価率ばらつき,L4(提案),派生,合成指標,【運営品質】同業態内の原価管理水準差、マニュアル見直し,同ラベル内の原価率標準偏差,同じメニューの店舗間ばらつき,-,合成指標（既存指標派生）,同業態内の原価管理水準差、マニュアル見直し,-,-,-,"FD仕入(2次), 売上(2次), ラベル(1次)",-,2%以下:均質 / 5%超:マニュアル見直し,ラベル紐付けが前提,M-05
5次,本部管理者,PA人件費率分析,-,,,,,労働生産性ランキング,L4(提案),派生,合成指標,【店舗比較】人時売上高トップ・ボトム,店舗別人時売上高の順位,業態ラベル内比較,-,合成指標,人時売上高トップ・ボトム,-,-,-,"店舗別売上(2次), 人件費(2次)",-,上位:シフト最適化事例,既存ラクミーデータで算出可,HB-16
5次,本部管理者,"PA人件費率分析, 店舗別人件費",-,,,,,ヘルプ人件費率,L4(提案),派生,合成指標,【人的資源】応援人件費の恒常化チェック、採用計画の根拠,ヘルプ人件費 ÷ 総人件費 × 100,ヘルプが多い=固定人員不足の可能性,-,合成指標（既存指標派生）,応援人件費の恒常化チェック、採用計画の根拠,-,-,-,"ヘルプ人件費(2次), 総人件費(3次)",-,5%以下:健全 / 15%超:採用増強検討,既存データから算出可能,H-12
5次,本部管理者,"PA人件費率分析, 店舗別人件費",-,,,,,人件費異常店舗アラート,L4(提案),派生,合成指標,【リスク検知】人件費の異常変動,人件費率が全店平均+2σ超の店舗,シフトミスや過剰人員,-,合成指標,人件費の異常変動,-,-,-,"店舗別人件費率(4次), 全店平均(4次), 標準偏差",-,2σ超:要調査 / 3σ超:緊急,既存ラクミーデータで算出可,HB-45
5次,本部管理者,"PA人件費率分析, 店舗別人件費",-,,,,,店舗別労働生産性比較,L4(提案),派生,合成指標,【労働効率】人時売上・人時粗利の店舗比較,店舗別人時売上高の順位,業態内で比較,-,合成指標（既存指標派生）,人時売上・人時粗利の店舗比較,-,-,-,"人時売上高(5次:S-02), 人時粗利(5次:S-03)",-,上位店舗のシフト設計を共有,シフトデータ整備前提,M-11
5次,本部管理者,"ダッシュボード.主要KPI指標, 年間予実対比（サマリー）",-,,,,,全社営業利益率,L4(提案),派生,合成指標,【収益性】全社の収益性指標、経営戦略の成否評価,全店舗合計営業利益 ÷ 全店舗合計売上 × 100,業態別・ラベル別に分解可能,-,合成指標（既存指標派生）,全社の収益性指標、経営戦略の成否評価,-,-,-,"全店舗営業利益(4次), 全店舗売上(4次)",-,10%以上:優良 / 5-10%:標準 / 5%未満:要改善,既存データから算出,E-01
5次,本部管理者,"ダッシュボード.主要KPI指標, 年間予実対比（予実対比）",-,,,,,全社EBITDA,L4(提案),派生,合成指標,【収益性】減価償却前営業利益、投資判断の基準,営業利益 + 減価償却費 + 賃借料,店舗投資回収力の指標。金融機関評価にも使用,-,合成指標（既存指標派生）,減価償却前営業利益、投資判断の基準,-,-,-,"営業利益(4次), 減価償却費(2次), 地代家賃(2次)",-,売上比15%以上:健全 / 10%未満:再建検討,減価償却費データの整備要,E-02
5次,本部管理者,"ダッシュボード.主要KPI指標, 異常検知フラグ",-,,,,,全店舗異常検知アラート,L4(提案),派生,合成指標,【統制】売上/客数/在庫の異常変動を全店横断で監視,各指標のZスコア >= 2 の店舗一覧,統計的外れ値検出,-,合成指標（既存指標派生）,売上/客数/在庫の異常変動を全店横断で監視,-,-,-,"各種業績指標(2-4次), 過去平均・標準偏差(計算用)",-,Zスコア2以上:要確認 / 3以上:緊急調査,過去データの保持が必要,H-13
5次,本部管理者,予実対比（一覧）,-,,,,,費用超過店舗アラート,L4(提案),派生,合成指標,【リスク検知】予算超過の早期検知,費目別実績が予算の110%超の店舗リスト,費目別に抽出,-,合成指標,予算超過の早期検知,-,-,-,"店舗別費目実績(2次), 費目予算(3次)",-,110%超:要説明 / 130%超:緊急,既存ラクミーデータで算出可,HB-47
5次,本部管理者,予算一覧（予算構成）,-,,,,,予算対比率の変動係数(全社),L4(提案),派生,合成指標,【予算管理】店舗別予算管理の安定性,STDEV(店舗別予算対比率) ÷ AVG,全社の予算管理均質性,-,合成指標,店舗別予算管理の安定性,-,-,-,店舗別予算対比率(4次),-,0.1以下:非常に安定,既存ラクミーデータで算出可,HB-41
5次,本部管理者,"予算一覧（予算構成）, 予実対比（一覧）",-,,,,,達成率変動係数,L4(提案),派生,合成指標,【統制】予算達成率のばらつき、管理安定性指標,店舗別予算達成率の標準偏差 ÷ 平均,CV（変動係数）。低いほど均質な運営,-,合成指標（既存指標派生）,予算達成率のばらつき、管理安定性指標,-,-,-,"予算対比率(4次), 店舗別平均(4次)",-,0.1以下:非常に安定 / 0.3超:ばらつき大,既存データから算出,H-10
5次,本部管理者,仕入先分析,-,,,,,仕入先集中度,L4(提案),派生,合成指標,【仕入先管理】BCP観点の仕入先リスク,HHI(ハーフィンダール指数)=Σ(仕入先シェア²),集中度が高いほどリスク大,-,合成指標,BCP観点の仕入先リスク,-,-,-,仕入先別仕入(2次),-,2000未満:分散 / 2500超:集中リスク,既存ラクミーデータで算出可,HB-34
5次,本部管理者,客単価分析,-,,,,,客単価ランキング,L4(提案),派生,合成指標,【店舗比較】店舗ブランディング力の比較,店舗別客単価の順位,業態ラベル内比較推奨,-,合成指標,店舗ブランディング力の比較,-,-,-,店舗別客単価(2次),-,ラベル内偏差で評価,既存ラクミーデータで算出可,HB-13
5次,本部管理者,年間予実対比（サマリー）,-,,,,,全社売上成長率,L4(提案),派生,合成指標,【成長性】事業成長性、市場地位の指標,(当期売上 - 前期売上) ÷ 前期売上 × 100,既存店売上+新店売上の合計で算出,-,合成指標（既存指標派生）,事業成長性、市場地位の指標,-,-,-,"全社売上(3次), 前期売上(4次)",-,+10%超:高成長 / 0-5%:安定 / マイナス:縮小,時系列データ必要,E-03
5次,本部管理者,"年間予実対比（サマリー）, 年間予実対比（予実対比）",-,,,,,年間KGI達成ペース,L4(提案),派生,合成指標,【予測】期中の軌道修正判断、予算修正の要否,累計実績 ÷ (年間目標 × 経過月/12) × 100,月次で進捗評価,-,合成指標（既存指標派生）,期中の軌道修正判断、予算修正の要否,-,-,-,"累計実績(4次), 年間目標(1次)",-,100±5%:順調 / 90%未満:施策必要 / 80%未満:予算修正,既存データから算出,E-12
5次,本部管理者,"年間予実対比（サマリー）, 店舗別サマリー",-,,,,,店舗別成長率ランキング,L4(提案),派生,合成指標,【業績共有】成長店舗の要因分析、失速店舗の対策立案,売上成長率(YoY)の順位,既存店ベース,-,合成指標（既存指標派生）,成長店舗の要因分析、失速店舗の対策立案,-,-,-,"売上(2次), 前年同月売上(4次)",-,上位10%:水平展開対象 / 下位10%:原因分析,時系列データ必要,M-04
5次,本部管理者,店舗ラベル別サマリー,-,,,,,店舗間客単価格差,L4(提案),派生,合成指標,【格差分析】業態内の客単価ばらつき,ラベル内 (max - min) ÷ ラベル内平均 × 100,同業態で格差大:標準化の余地,-,合成指標,業態内の客単価ばらつき,-,-,-,"店舗別客単価(2次), ラベル(1次)",-,20%以下:均質 / 50%超:要標準化,既存ラクミーデータで算出可,HB-18
5次,本部管理者,店舗ラベル別サマリー,-,,,,,ラベル内偏差(総合),L4(提案),派生,合成指標,【格差分析】業態内の店舗ばらつき,ラベル内 売上/利益/FL率の偏差,複数指標での総合評価,-,合成指標,業態内の店舗ばらつき,-,-,-,"店舗別業績(4次), ラベル(1次)",-,偏差小:均質運営,既存ラクミーデータで算出可,HB-21
5次,本部管理者,店舗ラベル別サマリー,-,,,,,ラベル別最高最低差,L4(提案),派生,合成指標,【格差分析】ラベル内の個店差,ラベル内 最大店舗 - 最小店舗 の売上/利益率,ラベル別に算出,-,合成指標,ラベル内の個店差,-,-,-,"店舗別業績(4次), ラベル(1次)",-,ラベル内差50%超:格差大,既存ラクミーデータで算出可,HB-24
5次,本部管理者,"店舗ラベル別サマリー, ABC分析",-,,,,,業態別収益性ランキング,L4(提案),派生,合成指標,【成長性】業態ポートフォリオ最適化,業態ラベル別の営業利益率の順位,業態別の強弱を数値化,-,合成指標（既存指標派生）,業態ポートフォリオ最適化,-,-,-,"営業利益率(4次), 業態ラベル(1次)",-,トップ業態:出店加速 / ボトム業態:撤退検討,業態ラベルの整備前提,E-11
5次,本部管理者,"店舗ラベル別サマリー, ABC分析",-,,,,,ラベル別業績格差スコア,L4(提案),派生,合成指標,【店舗比較】ラベル内の均質性、格差の原因議論,ラベル内 (max - min) ÷ ラベル内平均 × 100,変動係数に類似,-,合成指標（既存指標派生）,ラベル内の均質性、格差の原因議論,-,-,-,"店舗別業績(4次), ラベル情報(1次)",-,20%以下:均質 / 50%超:格差大 要標準化,会社画面のラベル別集計,M-06
5次,本部管理者,店舗別サマリー,-,,,,,売上成長率ランキング,L4(提案),派生,合成指標,【店舗比較】成長店舗の特定,店舗別(当月売上-前年同月)÷前年同月 の順位,既存店のみ,-,合成指標,成長店舗の特定,-,-,-,"店舗別売上(2次), 前年同月売上(4次)",-,上位10%:横展開対象,既存ラクミーデータで算出可,HB-11
5次,本部管理者,店舗別サマリー,-,,,,,利益成長率ランキング,L4(提案),派生,合成指標,【店舗比較】利益成長店舗の特定,店舗別営業利益成長率の順位,売上成長と併用,-,合成指標,利益成長店舗の特定,-,-,-,"店舗別営業利益(4次), 前年同月(4次)",-,上位10%:優良モデル,既存ラクミーデータで算出可,HB-12
5次,本部管理者,店舗別サマリー,-,,,,,店舗間売上格差(Zスコア),L4(提案),派生,合成指標,【格差分析】売上の店舗間ばらつき,(店舗売上 - 全店平均) ÷ 全店標準偏差,統計的偏差、正規分布前提,-,合成指標,売上の店舗間ばらつき,-,-,-,店舗別売上(2次),-,|Z|>2:異常値,既存ラクミーデータで算出可,HB-17
5次,本部管理者,店舗別サマリー,-,,,,,パレート集中度,L4(提案),派生,合成指標,【格差分析】売上の上位店舗集中度,上位20%店舗の売上 ÷ 全店舗売上 × 100,80/20ルールの検証,-,合成指標,売上の上位店舗集中度,-,-,-,店舗別売上(2次),-,70-85%:正常 / 90%超:集中過剰,既存ラクミーデータで算出可,HB-22
5次,本部管理者,店舗別サマリー,-,,,,,上位-下位スプレッド,L4(提案),派生,合成指標,【格差分析】店舗格差の大きさ,上位10%平均 - 下位10%平均 (売上や利益率),格差の絶対値,-,合成指標,店舗格差の大きさ,-,-,-,店舗別業績(4次),-,大きいほど格差大 要標準化,既存ラクミーデータで算出可,HB-23
5次,本部管理者,店舗別サマリー,-,,,,,要改善店舗数,L4(提案),派生,合成指標,【リスク検知】全社の改善対象店舗数,FL率>60% or 予算達成率<90% or 赤字 のいずれか,赤信号店舗の把握,-,合成指標,全社の改善対象店舗数,-,-,-,"店舗別FL率(4次), 店舗別予算対比率(4次), 店舗別営業利益(4次)",-,全店の10%以下:健全 / 30%超:要対策,既存ラクミーデータで算出可,HB-42
5次,本部管理者,店舗別サマリー,-,,,,,連続未達店舗検出,L4(提案),派生,合成指標,【リスク検知】問題店舗の早期特定,3ヶ月以上連続で予算達成率<95%の店舗,慢性的な不振店舗,-,合成指標,問題店舗の早期特定,-,-,-,店舗別予算対比率(4次:時系列),-,3ヶ月連続:要注意 / 6ヶ月連続:閉店検討,既存ラクミーデータで算出可,HB-43
5次,本部管理者,店舗別サマリー,-,,,,,ベストプラクティス共有スコア,L4(提案),派生,合成指標,【共有学習】優良店舗の共通特徴を抽出、水平展開,トップ3店舗の主要KPI平均 ÷ 全店平均,複数KPIで統合評価（売上/利益/客単価/FL率）,-,合成指標（既存指標派生）,優良店舗の共通特徴を抽出、水平展開,-,-,-,"店舗ランキング(5次), 各種KPI(2-4次)",-,1.2倍以上:顕著な差 / 要因分析して共有,ランキング機能の活用,M-07
5次,本部管理者,"店舗別サマリー, 予実対比",-,,,,,店舗別予算超過リスク,L4(提案),派生,合成指標,【予算管理】赤字リスクの早期検知,店舗別で予算対比率<90%の店舗リスト,連続3ヶ月赤:要対策,-,合成指標,赤字リスクの早期検知,-,-,-,店舗別予算対比率(4次),-,連続3ヶ月:要注意 / 連続6ヶ月:赤信号,既存ラクミーデータで算出可,HB-37
5次,本部管理者,"店舗別サマリー, 予実対比（一覧）",-,,,,,店舗間FL率偏差（Zスコア）,L4(提案),派生,合成指標,【店舗比較】平均からの乖離で要改善店舗を特定、ベスト店舗から学ぶ,(店舗FL率 - 全店舗平均FL率) ÷ 標準偏差,Zスコア。+1超で要改善、-1以下で優良,-,合成指標（既存指標派生）,平均からの乖離で要改善店舗を特定、ベスト店舗から学ぶ,-,-,-,"店舗別FL率(4次), 全店舗平均(4次), 標準偏差(4次)",-,|Z|<1:正常 / Z>+1:要改善 / Z>+2:緊急,既存データから算出可能,M-01
5次,本部管理者,"店舗別サマリー, 年間予実対比",-,,,,,新店vs既存店パフォーマンス,L4(提案),派生,合成指標,【成長性】新店の立ち上がりペース評価,新店平均KPI ÷ 既存店平均KPI,売上・利益・客単価等で複合評価,-,合成指標（既存指標派生）,新店の立ち上がりペース評価,-,-,-,"店舗ラベル(1次:新店フラグ), 各種業績指標(2-4次)",-,80%以上:立ち上がり順調 / 60%未満:要てこ入れ,新店フラグのラベル管理必要,H-11
5次,本部管理者,"店舗別サマリー, 年間予実対比（予実対比）",-,,,,,前年同月比客数変動,L4(提案),派生,合成指標,【業績共有】集客トレンドの共有、成功/不振施策の共有,(当月客数 - 前年同月客数) ÷ 前年同月客数 × 100,既存店のみで算出,-,合成指標（既存指標派生）,集客トレンドの共有、成功/不振施策の共有,-,-,-,"客数(2次), 前年同月客数(4次)",-,+5%超:成長 / ±2%:横ばい / -5%超:要対策,前年同月データ必要,M-03
5次,本部管理者,"店舗別サマリー, 店舗ラベル別サマリー",-,,,,,閉店リスクスコア,L4(提案),派生,合成指標,【リスク】継続営業リスクの早期警戒,営業利益率 × 売上成長率 ÷ 100,両方マイナスで危険信号。3ヶ月連続赤で対策,-,合成指標（既存指標派生）,継続営業リスクの早期警戒,-,-,-,"営業利益率(4次), 売上成長率(4次)",-,>0:健全 / -5〜0:監視 / <-5:赤信号,時系列データ必要,H-08
5次,本部管理者,"店舗別サマリー, 店舗ラベル別サマリー",-,,,,,店舗別営業利益率ランキング,L4(提案),派生,合成指標,【業績共有】収益性トップ・ボトムを共有、ベストプラクティス抽出,店舗別営業利益率の順位表,業態ラベル内比較推奨,-,合成指標（既存指標派生）,収益性トップ・ボトムを共有、ベストプラクティス抽出,-,-,-,"店舗別営業利益(4次), 店舗別売上(4次)",-,トップ10%:ベンチマーク対象 / ボトム10%:改善対象,既存データから集計,M-02
5次,本部管理者,"店舗別サマリー, 当月実績",-,,,,,全店舗日次売上達成率,L4(提案),派生,合成指標,【統制】全店の業績を日次で一覧把握、未達店舗の早期発見,店舗別(日次売上÷日次予算)×100 の全店一覧,赤/黄/緑で閾値別にハイライト,-,合成指標（既存指標派生）,全店の業績を日次で一覧把握、未達店舗の早期発見,-,-,-,"日次売上(1次), 日次予算(3次)",-,95%以上:緑 / 85-95%:黄 / 85%未満:赤,日次予算の按分データ必要,H-01
5次,本部管理者,"店舗別サマリー, 当月実績",-,,,,,売上急落店舗アラート,L4(提案),派生,合成指標,【リスク検知】異常売上の早期検知,日次売上が過去30日平均の70%未満の店舗,急激な売上減の検出,-,合成指標,異常売上の早期検知,-,-,-,店舗別日次売上(1次),-,50%未満:緊急対応 / 70%未満:原因調査,既存ラクミーデータで算出可,HB-44
5次,本部管理者,店舗別人件費,-,,,,,店舗間人件費率分散,L4(提案),派生,合成指標,【格差分析】人員配置効率の店舗間差,STDEV(店舗別人件費率),シフト標準化の必要性,-,合成指標,人員配置効率の店舗間差,-,-,-,店舗別人件費率(4次),-,3%以下:均質 / 5%超:要標準化,既存ラクミーデータで算出可,HB-20
5次,本部管理者,"店舗別人件費, PA人件費率分析",-,,,,,人件費日次予実乖離,L4(提案),派生,合成指標,【統制】人件費の予算超過を早期検知,(日次実績人件費 - 日次予算人件費) ÷ 日次予算人件費,全店横断でアラート表示,-,合成指標（既存指標派生）,人件費の予算超過を早期検知,-,-,-,"人件費(2次), 人件費予算(3次)",-,±5%:許容 / +10%超:要確認,日次シフト×時給データの整備必要,H-03
5次,本部管理者,"店舗別人件費, PA人件費率分析",-,,,,,店舗別労働分配率,L4(提案),派生,合成指標,【人的資源】人件費の粗利比率、店舗別人員適正化,人件費 ÷ 粗利 × 100,労働分配率。飲食業は40-50%が目安,-,合成指標（既存指標派生）,人件費の粗利比率、店舗別人員適正化,-,-,-,"人件費(2次), 粗利(3次)",-,40%以下:優良 / 40-50%:標準 / 50%超:要改善,既存指標ベースで算出可能,H-09
5次,本部管理者,感度分析,-,,,,,感度分析スコア,L4(提案),派生,合成指標,【予測】客単価・客数変動が利益に与える影響,客単価10%変動時の営業利益変化率,+10%時と-10%時の両方でシミュレーション,-,合成指標（既存指標派生）,客単価・客数変動が利益に与える影響,-,-,-,"客単価(3次), 客数(1次), 変動費率(3次), 固定費(3次)",-,レバレッジ3以上:収益感応度高い,既存画面あり,E-08
5次,本部管理者,"感度分析, 年間予実対比（サマリー）",-,,,,,シナリオ別予測利益,L4(提案),派生,合成指標,【予測】楽観/標準/悲観の3ケースで事業計画見直し,楽観=+5%売上/標準=現状/悲観=-10%売上 での利益,月次予算の感度分析を拡張,-,合成指標（既存指標派生）,楽観/標準/悲観の3ケースで事業計画見直し,-,-,-,"月次予算(3次), 変動費率(3次), 固定費(3次)",-,悲観ケースで黒字維持:堅牢,感度分析画面の拡張,E-09
5次,本部管理者,"月次集計, 感度分析",-,,,,,固定費カバー率,L4(提案),派生,合成指標,【リスク】売上減少耐性の指標、不況時の生存力,売上（税抜） ÷ 固定費,1.0未満なら赤字。余裕度を測る,-,合成指標（既存指標派生）,売上減少耐性の指標、不況時の生存力,-,-,-,"売上(3次), 固定費用予算(4次)",-,1.5以上:健全 / 1.2-1.5:監視 / 1.0未満:赤字,既存データから算出可能,E-07
5次,本部管理者,棚卸,-,,,,,在庫過剰店舗アラート,L4(提案),派生,合成指標,【リスク検知】在庫過多の検知、仕入先見直し,在庫残日数>10日の店舗,資金効率悪化,-,合成指標,在庫過多の検知、仕入先見直し,-,-,-,"店舗別在庫(3次), 店舗別使用量(2次)",-,10日超:要圧縮 / 15日超:緊急,既存ラクミーデータで算出可,HB-46
5次,本部管理者,"棚卸, 棚卸詳細, 商品別仕入分析",-,,,,,店舗別在庫残日数,L4(提案),派生,合成指標,【在庫管理】仕入過剰/欠品リスクの検知、発注支援,期末在庫金額 ÷ 日次使用金額（平均）,主要食材別。冷凍/冷蔵/常温で分離可能,-,合成指標（既存指標派生）,仕入過剰/欠品リスクの検知、発注支援,-,-,-,"棚卸金額(3次), 仕入金額(2次)",-,3-7日:適正 / 10日超:過剰在庫 / 2日未満:欠品リスク,棚卸頻度週次以上が前提,H-02
5次,本部管理者,流入分析,-,,,,,客数成長率ランキング,L4(提案),派生,合成指標,【店舗比較】集客力トップ・ボトム,店舗別客数成長率の順位,既存店のみ,-,合成指標,集客力トップ・ボトム,-,-,-,"店舗別客数(1次), 前年同月(4次)",-,上位:販促施策成功例,既存ラクミーデータで算出可,HB-14
5次,本部管理者,"流入分析, 支払種別売上分析",-,,,,,販促効果ランキング,L4(提案),派生,合成指標,【販促効果】キャンペーン施策の効果比較、成功事例共有,店舗別 (施策期間売上 - 通常売上) ÷ 通常売上 × 100,キャンペーン実施店舗のみで評価,-,合成指標（既存指標派生）,キャンペーン施策の効果比較、成功事例共有,-,-,-,"売上(2次), キャンペーン実施日(1次 要追加)",-,+15%超:成功事例 / +5%未満:要見直し,キャンペーン情報の入力機能必要,M-10
5次,本部管理者,"発注書一覧, 納品書管理",-,,,,,発注遅延店舗数,L4(提案),派生,合成指標,【統制】発注締切超過の検知,発注締切を過ぎた店舗数 / 全店数 × 100,仕入先別の締切管理,-,合成指標（既存指標派生）,発注締切超過の検知,-,-,-,"発注日時(1次:納品書撮影 or 発注書一覧), 発注締切(マスタ:1次)",-,0%が目標 / 10%超で要対応,発注締切マスタ整備必要,H-05
5次,本部管理者,"納品書管理, 納品書詳細",-,,,,,納品差異サマリー（全店）,L4(提案),派生,合成指標,【品質管理】納品トラブルの全社集計、仕入先別問題把握,店舗×仕入先×日別の納品差異件数,差額・欠品・過剰の種別管理,-,合成指標（既存指標派生）,納品トラブルの全社集計、仕入先別問題把握,-,-,-,"納品差異(2次), 仕入先(1次)",-,差異5件以上/日で要調査,既存データから集計可能,H-06
5次,本部管理者,"費用実績入力, 売上経費入力（売上）, 棚卸",-,,,,,実績入力遅延店舗リスト,L4(提案),派生,合成指標,【統制】データ入力コンプライアンス、本部集計遅延防止,前日までの実績入力が未完了の店舗一覧,日次売上・経費・棚卸の入力状態チェック,-,合成指標（既存指標派生）,データ入力コンプライアンス、本部集計遅延防止,-,-,-,"入力ステータス(1次), 締切日(マスタ:1次)",-,当日正午までに全店入力完了が目標,入力タイムスタンプの記録必要,H-04
