経営重要度: 本部・オーナー視点,,,,,独自レベル,ランク,データスコープ,計算レイヤー,,,判断基準,,,,,,,,,,,,,,,,,,,,,,,,,,,,,,,,
,,,,正規化,L0:標準指標(外部データ）,S:最重要(ダッシュボード最上位表示・経営会議必須項目,単一レコード,L0：データ取得層（演算なし）,,,収益性・投資回収に直結、取締役会/オーナー報告必須,,,,,,,,,,,,,,,,,,,,,,負荷レベル,,,◎ 必須,,,,,,,
,,,,正規化,L1:標準演算指標（画面内、設定×演算、標準四則演算）,A:重要(主要KPIとして定期確認,店舗月次（１店舗のみ）,L1：単純演算層,,,月次業績報告の主要KPI、全店舗比較の基準,,,,,,,,,,,,,,,,,,,,,,低:単一データソース・演算なし,,,○ 推奨,,,,,,,
,,,,正規化,L2:ラクミー設定指標（ユーザー入力、マスタデータ）,B:準重要(ドリルダウン分析・月次レビュー,店舗ラベル別,L2-C：画面内演算層（全店舗）,,,予実管理・進捗管理の対象、店舗評価指標,,,,,,,,,,,,,,,,,,,,,,中:単純演算・単一外部連携,,,△ 検討,,,,,,,
,,,,スナップショット対象,L3:ラクミー演算指標（ラベル、費目、独自分類演算）,C:一般(一般的な管理指標・設定値,全店舗,L2-L：画面内演算層（店舗ラベル別）,,,マスタデータ、設定値、ラベル情報,,,,,,,,,,,,,,,,,,,,,,高:画面間参照・複数外部連携,,,× 不要,,,,,,,
,,,,スナップショット対象,L4:ラクミー高度指標（月次予算設定、感度分析、流入分析など）,D:参考(詳細確認時のみ）,全店舗月次,L3-C：画面間演算層（全店舗）,,,詳細分析・原因究明に使用、定期確認不要,,,,,,,,,,,,,,,,,,,,,,最高:複合演算・集計処理・多段階計算,,,,,,,,,,
,,,,,,,全店舗年次,L3-L：画面間演算層（店舗ラベル別）,,,,,,,,,,,,,,,,,,,,,,,,,,,,,,,,,,,
,,,,,,,,,,,,,,,,,,,,,,,,,,,,,,,,,,,,,,,,,,,
,基本情報,,,,分類重要度,,,,,データソース,,,演算、ロジック,,データリネージュ,,,,,,,,,,,,,,,データ負荷,,,,,システム設計,,,,,,,,
No,プロダクト区分,画面タイプ,画面タイトル,指標名,独自指標レベル,経営重要度,データスコープ,計算レイヤー,演算範囲,データソース区分,指標タイプ,指標タイプ詳細,演算ロジック,演算式詳細,中間画面名.画面指標名,ラクミーテーブル名.カラム名,外部連携テーブル名.テーブル列名,外部連携グループ名,インプット元（画面名.指標名）,アウトプット先（画面名.画面指標名）,データリネージュ（完全版）,機能説明,判断,AI推測の理由,不明点,改善,画面カテゴリ,指標区分,指標区分の説明,参照頻度,演算コスト,システム負荷,データ負荷レベル,負荷要因,推奨対応,スナップショット対象,キャッシュ戦略,更新トリガー,依存先指標数,被参照指標数,依存先指標（画面名.指標名）,依存先指標（テーブル名.列名）,被参照指標（画面名.指標名）
1,ラクミーウェブ（会社）,設定入力画面,ユーザー,ラクミーID,L2,D,単一レコード,L0,-,ユーザーマスタ（設定）,ユーザー入力単独,ユーザーが設定入力,マスタ参照,users.id,-,users.id,-,マスタ参照,-,-,users.id → ユーザー.ラクミーID,本部ユーザーの管理設定,設定/入力検証済,データソース: ユーザーマスタ（設定）,-,-,設定入力画面,設定入力,ユーザーが入力するユーザー設定値,低,中,中,低,-,監視継続,×,短期キャッシュ(1-5分),ユーザー操作時,0,0,-,-; users.id,-
2,ラクミーウェブ（会社）,設定入力画面,ユーザー,氏名,L0,D,単一レコード,L0,-,ユーザーマスタ（設定）,ユーザー入力単独,ユーザーが設定入力,マスタ参照,users.name,-,users.name,-,ユーザー入力（ユーザー設定）,-,-,users.name → ユーザー.氏名,本部ユーザーの管理設定,設定/入力検証済,データソース: ユーザーマスタ（設定）,-,-,設定入力画面,設定入力,ユーザーが入力するユーザー設定値,低,中,中,低,-,監視継続,×,短期キャッシュ(1-5分),ユーザー操作時,0,0,-,-; users.name,-
3,ラクミーウェブ（会社）,設定入力画面,ユーザー,電話番号,L1,D,単一レコード,L0,-,ユーザーマスタ（設定）,ユーザー入力単独,ユーザーが設定入力,マスタ参照,users.phone_number,-,users.phone_number,-,ユーザー入力（ユーザー設定）,-,-,users.phone_number → ユーザー.電話番号,本部ユーザーの管理設定,設定/入力検証済,データソース: ユーザーマスタ（設定）,-,-,設定入力画面,設定入力,ユーザーが入力するユーザー設定値,低,中,中,低,-,監視継続,×,短期キャッシュ(1-5分),ユーザー操作時,0,0,-,-; users.phone_number,-
4,ラクミーウェブ（会社）,設定入力画面,ユーザー,ユーザー識別（本部、一般）,L1,D,単一レコード,L0,-,ユーザーマスタ（設定）,ユーザー入力単独,ユーザーが設定入力,マスタ参照,users.role,-,users.role,-,ユーザー入力（ユーザー設定）,-,-,users.role → ユーザー.ユーザー識別（本部、一般）,本部ユーザーの管理設定,設定/入力検証済,データソース: ユーザーマスタ（設定）,-,-,設定入力画面,設定入力,ユーザーが入力するユーザー設定値,低,中,中,低,-,監視継続,×,短期キャッシュ(1-5分),ユーザー操作時,0,0,-,-; users.role,-
5,ラクミーウェブ（会社）,設定入力画面,ユーザー,ステータス,L0,D,単一レコード,L0,-,ユーザーマスタ（設定）,ユーザー入力単独,ユーザーが設定入力,フラグ,users.status,-,users.status,-,ユーザー入力（ユーザー設定）,-,-,users.status → ユーザー.ステータス,本部ユーザーの管理設定,設定/入力検証済,データソース: ユーザーマスタ（設定）,-,-,設定入力画面,設定入力,ユーザーが入力するユーザー設定値,低,中,中,低,-,監視継続,×,短期キャッシュ(1-5分),ユーザー操作時,0,0,-,-; users.status,-
6,ラクミーウェブ（会社）,設定入力画面,ラベル設定（ラベル）,ラベルID,L2,D,単一レコード,L0,-,ラベルマスタ（設定）,ユーザー入力単独,ユーザーが設定入力,マスタ参照,labels.id,-,labels.id,-,ユーザー入力（ラベル設定）,-,-,labels.id → ラベル設定（ラベル）.ラベルID,店舗ラベル（グルーピングタグ）を作成。店舗ラベル別サマリーでの集計ディメンションに使用,設定/入力検証済,データソース: ラベルマスタ（設定）,-,-,設定入力画面,設定入力,ユーザーが入力するラベル設定値,低,中,中,低,-,監視継続,×,短期キャッシュ(1-5分),ユーザー操作時,0,0,-,-; labels.id,-
7,ラクミーウェブ（会社）,設定入力画面,ラベル設定（ラベル）,ラベル名,L2,D,単一レコード,L0,-,ラベルマスタ（設定）,ユーザー入力単独,ユーザーが設定入力,マスタ参照,labels.name,-,labels.name,-,ユーザー入力（ラベル設定）,-,-,labels.name → ラベル設定（ラベル）.ラベル名,店舗ラベル（グルーピングタグ）を作成。店舗ラベル別サマリーでの集計ディメンションに使用,設定/入力検証済,データソース: ラベルマスタ（設定）,-,-,設定入力画面,設定入力,ユーザーが入力するラベル設定値,低,中,中,低,-,監視継続,×,短期キャッシュ(1-5分),ユーザー操作時,0,0,-,-; labels.name,-
8,ラクミーウェブ（会社）,設定入力画面,ラベル設定（ラベル）,棚卸し,L2,D,単一レコード,L0,-,ラベルマスタ（設定）,ユーザー入力単独,ユーザーが設定入力,フラグ,labels.is_inventory,-,labels.is_inventory,-,ユーザー入力（ラベル設定）,-,-,labels.is_inventory → ラベル設定（ラベル）.棚卸し,店舗ラベル（グルーピングタグ）を作成。店舗ラベル別サマリーでの集計ディメンションに使用,設定/入力検証済,データソース: ラベルマスタ（設定）,-,-,設定入力画面,設定入力,ユーザーが入力するラベル設定値,低,中,中,低,-,監視継続,×,短期キャッシュ(1-5分),ユーザー操作時,0,0,-,-; labels.is_inventory,-
9,ラクミーウェブ（会社）,設定入力画面,ラベル設定（ラベル）,ステータスフラグ,L2,D,単一レコード,L0,-,ラベルマスタ（設定）,ユーザー入力単独,ユーザーが設定入力,フラグ,labels.status,-,labels.status,-,ユーザー入力（ラベル設定）,-,-,labels.status → ラベル設定（ラベル）.ステータスフラグ,店舗ラベル（グルーピングタグ）を作成。店舗ラベル別サマリーでの集計ディメンションに使用,設定/入力検証済,データソース: ラベルマスタ（設定）,-,-,設定入力画面,設定入力,ユーザーが入力するラベル設定値,低,中,中,低,-,監視継続,×,短期キャッシュ(1-5分),ユーザー操作時,0,0,-,-; labels.status,-
10,ラクミーウェブ（会社）,設定入力画面,ラベル設定（店舗リスト）,店舗ID,L2,D,単一レコード,L0,-,店舗マスタ（設定）,ユーザー入力単独,ユーザーが設定入力,マスタ参照,shops.id,-,shops.id,-,マスタ参照,-,-,shops.id → ラベル設定（店舗リスト）.店舗ID,店舗名に店舗ラベル（グルーピングタグ）を紐付け。売上・コスト等の集計ディメンションとして活用,設定/入力検証済,データソース: 店舗マスタ（設定）,-,-,設定入力画面,設定入力,ユーザーが入力するラベル設定値,低,中,中,低,-,監視継続,×,短期キャッシュ(1-5分),ユーザー操作時,0,0,-,-; shops.id,-
11,ラクミーウェブ（会社）,設定入力画面,ラベル設定（店舗リスト）,店舗名,L2,D,単一レコード,L0,-,店舗マスタ（設定）,ユーザー入力単独,ユーザーが設定入力,マスタ参照,shops.name,-,shops.name,-,マスタ参照,-,-,shops.name → ラベル設定（店舗リスト）.店舗名,店舗名に店舗ラベル（グルーピングタグ）を紐付け。売上・コスト等の集計ディメンションとして活用,設定/入力検証済,データソース: 店舗マスタ（設定）,-,-,設定入力画面,設定入力,ユーザーが入力するラベル設定値,低,中,中,低,-,監視継続,×,短期キャッシュ(1-5分),ユーザー操作時,0,0,-,-; shops.name,-
12,ラクミーウェブ（会社）,設定入力画面,ラベル設定（店舗リスト）,ラベル名,L3,C,単一レコード,L0,-,ラベルマスタ（設定）,ユーザー入力単独,店舗に店舗ラベル（グルーピングタグ）を紐付け。店舗ラベル別サマリーでのグルーピング集計に活用,マスタ参照,shop_labels.label_name,-,shop_labels.label_name,-,-,ラベル設定（ラベル）.ラベル名; 店舗管理.店舗名,店舗ラベル別サマリー（売上・営業利益・各種比率のラベル別集計）,shop_labels.label_name → ラベル設定（店舗リスト）.ラベル名 → 店舗ラベル別サマリー,店舗名に店舗ラベル（グルーピングタグ）を紐付け。売上・コスト等の集計ディメンションとして活用,設定/入力検証済,データソース: ラベルマスタ（設定）,-,-,設定入力画面,設定入力,店舗ラベル設定（店舗のグルーピング）,低,中,中,低,-,監視継続,×,短期キャッシュ(1-5分),ユーザー操作時,2,0,ラベル設定（ラベル）.ラベル名; 店舗管理.店舗名,shop_labels.label_name; -,店舗ラベル別サマリー（売上・営業利益・各種比率のラベル別集計）
13,ラクミーウェブ（会社）,設定入力画面,ラベル設定（店舗リスト）,ステータスフラグ,L2,D,単一レコード,L0,-,ラベルマスタ（設定）,ユーザー入力単独,ユーザーが設定入力,フラグ,shop_labels.status,-,shop_labels.status,-,ユーザー入力（ラベル設定）,-,-,shop_labels.status → ラベル設定（店舗リスト）.ステータスフラグ,店舗名に店舗ラベル（グルーピングタグ）を紐付け。売上・コスト等の集計ディメンションとして活用,設定/入力検証済,データソース: ラベルマスタ（設定）,-,-,設定入力画面,設定入力,ユーザーが入力するラベル設定値,低,中,中,低,-,監視継続,×,短期キャッシュ(1-5分),ユーザー操作時,0,0,-,-; shop_labels.status,-
14,ラクミーウェブ（会社）,設定入力画面,店舗管理,店舗名,L0,B,単一レコード,L0,-,店舗マスタ（設定）,ユーザー入力単独,ユーザーが設定入力,マスタ参照,shops.name,-,shops.name,-,ユーザー入力（店舗設定）,-,-,shops.name → 店舗管理.店舗名,店舗情報の登録・編集,設定/入力検証済,データソース: 店舗マスタ（設定）,-,-,設定入力画面,設定入力,ユーザーが入力する店舗設定値,低,中,中,低,-,監視継続,×,短期キャッシュ(1-5分),ユーザー操作時,0,0,-,-; shops.name,-
15,ラクミーウェブ（会社）,設定入力画面,店舗管理,電話番号,L1,D,単一レコード,L0,-,店舗マスタ（設定）,ユーザー入力単独,ユーザーが設定入力,マスタ参照,shops.phone_number,-,shops.phone_number,-,ユーザー入力（店舗設定）,-,-,shops.phone_number → 店舗管理.電話番号,店舗情報の登録・編集,設定/入力検証済,データソース: 店舗マスタ（設定）,-,-,設定入力画面,設定入力,ユーザーが入力する店舗設定値,低,中,中,低,-,監視継続,×,短期キャッシュ(1-5分),ユーザー操作時,0,0,-,-; shops.phone_number,-
16,ラクミーウェブ（会社）,設定入力画面,店舗管理,郵便番号,L1,D,単一レコード,L0,-,店舗マスタ（設定）,ユーザー入力単独,ユーザーが設定入力,マスタ参照,shops.postal_code,-,shops.postal_code,-,ユーザー入力（店舗設定）,-,-,shops.postal_code → 店舗管理.郵便番号,店舗情報の登録・編集,設定/入力検証済,データソース: 店舗マスタ（設定）,-,-,設定入力画面,設定入力,ユーザーが入力する店舗設定値,低,中,中,低,-,監視継続,×,短期キャッシュ(1-5分),ユーザー操作時,0,0,-,-; shops.postal_code,-
17,ラクミーウェブ（会社）,設定入力画面,店舗管理,都道府県,L1,D,単一レコード,L0,-,店舗マスタ（設定）,ユーザー入力単独,ユーザーが設定入力,マスタ参照,shops.prefecture,-,shops.prefecture,-,ユーザー入力（店舗設定）,-,-,shops.prefecture → 店舗管理.都道府県,店舗情報の登録・編集,設定/入力検証済,データソース: 店舗マスタ（設定）,-,-,設定入力画面,設定入力,ユーザーが入力する店舗設定値,低,中,中,低,-,監視継続,×,短期キャッシュ(1-5分),ユーザー操作時,0,0,-,-; shops.prefecture,-
18,ラクミーウェブ（会社）,設定入力画面,店舗管理,住所,L1,D,単一レコード,L0,-,店舗マスタ（設定）,ユーザー入力単独,ユーザーが設定入力,マスタ参照,shops.address,-,shops.address,-,ユーザー入力（店舗設定）,-,-,shops.address → 店舗管理.住所,店舗情報の登録・編集,設定/入力検証済,データソース: 店舗マスタ（設定）,-,-,設定入力画面,設定入力,ユーザーが入力する店舗設定値,低,中,中,低,-,監視継続,×,短期キャッシュ(1-5分),ユーザー操作時,0,0,-,-; shops.address,-
19,ラクミーウェブ（会社）,設定入力画面,店舗管理,建物,L1,D,単一レコード,L0,-,店舗マスタ（設定）,ユーザー入力単独,ユーザーが設定入力,マスタ参照,shops.building,-,shops.building,-,ユーザー入力（店舗設定）,-,-,shops.building → 店舗管理.建物,店舗情報の登録・編集,設定/入力検証済,データソース: 店舗マスタ（設定）,-,-,設定入力画面,設定入力,ユーザーが入力する店舗設定値,低,中,中,低,-,監視継続,×,短期キャッシュ(1-5分),ユーザー操作時,0,0,-,-; shops.building,-
20,ラクミーウェブ（会社）,設定入力画面,店舗管理,業種,L1,D,単一レコード,L0,-,店舗マスタ（設定）,ユーザー入力単独,ユーザーが設定入力,マスタ参照,shops.industry_type,-,shops.industry_type,-,ユーザー入力（店舗設定）,-,-,shops.industry_type → 店舗管理.業種,店舗情報の登録・編集,設定/入力検証済,データソース: 店舗マスタ（設定）,-,-,設定入力画面,設定入力,ユーザーが入力する店舗設定値,低,中,中,低,-,監視継続,×,短期キャッシュ(1-5分),ユーザー操作時,0,0,-,-; shops.industry_type,-
21,ラクミーウェブ（会社）,設定入力画面,店舗管理,業態,L1,D,単一レコード,L0,-,店舗マスタ（設定）,ユーザー入力単独,ユーザーが設定入力,マスタ参照,shops.business_type,-,shops.business_type,-,ユーザー入力（店舗設定）,-,-,shops.business_type → 店舗管理.業態,店舗情報の登録・編集,設定/入力検証済,データソース: 店舗マスタ（設定）,-,-,設定入力画面,設定入力,ユーザーが入力する店舗設定値,低,中,中,低,-,監視継続,×,短期キャッシュ(1-5分),ユーザー操作時,0,0,-,-; shops.business_type,-
22,ラクミーウェブ（会社）,設定入力画面,店舗管理,総卓数,L1,B,単一レコード,L0,-,店舗マスタ（設定）,ユーザー入力単独,ユーザーが設定入力,マスタ参照,shops.total_table_num,-,shops.total_table_num,-,ユーザー入力（店舗設定）,-,-,shops.total_table_num → 店舗管理.総卓数,店舗情報の登録・編集,設定/入力検証済,データソース: 店舗マスタ（設定）,-,-,設定入力画面,設定入力,ユーザーが入力する店舗設定値,低,中,中,低,-,監視継続,×,短期キャッシュ(1-5分),ユーザー操作時,0,0,-,-; shops.total_table_num,-
23,ラクミーウェブ（会社）,設定入力画面,店舗管理,総席数,L1,B,単一レコード,L0,-,店舗マスタ（設定）,ユーザー入力単独,ユーザーが設定入力,マスタ参照,shops.total_seat_num,-,shops.total_seat_num,-,ユーザー入力（店舗設定）,-,-,shops.total_seat_num → 店舗管理.総席数,店舗情報の登録・編集,設定/入力検証済,データソース: 店舗マスタ（設定）,-,-,設定入力画面,設定入力,ユーザーが入力する店舗設定値,低,中,中,低,-,監視継続,×,短期キャッシュ(1-5分),ユーザー操作時,0,0,-,-; shops.total_seat_num,-
24,ラクミーウェブ（会社）,設定入力画面,店舗管理,坪数,L1,B,単一レコード,L0,-,店舗マスタ（設定）,ユーザー入力単独,ユーザーが設定入力,マスタ参照,shops.total_area_num,-,shops.total_area_num,-,ユーザー入力（店舗設定）,-,主要KPI指標.坪月商,shops.total_area_num → 店舗管理.坪数,店舗情報の登録・編集,設定/入力検証済,データソース: 店舗マスタ（設定）,-,-,設定入力画面,設定入力,ユーザーが入力する店舗設定値,中,中,中,低,-,監視継続,×,短期キャッシュ(1-5分),ユーザー操作時,0,1,-,-; shops.total_area_num,主要KPI指標.坪月商
25,ラクミーウェブ（会社）,設定入力画面,店舗管理,家賃種別,L1,C,単一レコード,L0,-,店舗マスタ（設定）,ユーザー入力単独,ユーザーが設定入力,マスタ参照,shops.rent_type,-,shops.rent_type,-,ユーザー入力（店舗設定）,-,-,shops.rent_type → 店舗管理.家賃種別,店舗情報の登録・編集,設定/入力検証済,データソース: 店舗マスタ（設定）,-,-,設定入力画面,設定入力,ユーザーが入力する店舗設定値,低,中,中,低,-,監視継続,×,短期キャッシュ(1-5分),ユーザー操作時,0,0,-,-; shops.rent_type,-
26,ラクミーウェブ（会社）,設定入力画面,店舗管理,家賃（金額）,L0,B,単一レコード,L0,-,店舗マスタ（設定）,ユーザー入力単独,ユーザーが設定入力,マスタ参照,shops.rent,-,shops.rent,-,ユーザー入力（店舗設定）,-,主要KPI指標.家賃比率,shops.rent → 店舗管理.家賃（金額）,店舗情報の登録・編集,設定/入力検証済,データソース: 店舗マスタ（設定）,-,-,設定入力画面,設定入力,ユーザーが入力する店舗設定値,中,中,中,低,-,監視継続,×,短期キャッシュ(1-5分),ユーザー操作時,0,1,-,-; shops.rent,主要KPI指標.家賃比率
27,ラクミーウェブ（会社）,設定入力画面,店舗管理,初期投資額,L1,B,単一レコード,L0,-,店舗マスタ（設定）,ユーザー入力単独,ユーザーが設定入力,マスタ参照,shops.initial_investment,-,shops.initial_investment,-,ユーザー入力（店舗設定）,-,主要KPI指標.ROI,shops.initial_investment → 店舗管理.初期投資額,店舗情報の登録・編集,設定/入力検証済,データソース: 店舗マスタ（設定）,-,-,設定入力画面,設定入力,ユーザーが入力する店舗設定値,中,中,中,低,-,監視継続,×,短期キャッシュ(1-5分),ユーザー操作時,0,1,-,-; shops.initial_investment,主要KPI指標.ROI
28,ラクミーウェブ（会社）,設定入力画面,従業員管理,従業員コード,L0,D,単一レコード,L0,-,従業員マスタ（設定）,ユーザー入力単独,ユーザーが設定入力,マスタ参照,employees.code,-,employees.code,-,ユーザー入力（従業員設定）,-,-,employees.code → 従業員管理.従業員コード,従業員情報の登録・編集,設定/入力検証済,データソース: 従業員マスタ（設定）,-,-,設定入力画面,設定入力,ユーザーが入力する従業員設定値,低,中,中,低,-,監視継続,×,短期キャッシュ(1-5分),ユーザー操作時,0,0,-,-; employees.code,-
29,ラクミーウェブ（会社）,設定入力画面,従業員管理,所属コード,L0,D,単一レコード,L0,-,従業員マスタ（設定）,ユーザー入力単独,ユーザーが設定入力,マスタ参照,employees.department_code,-,employees.department_code,-,ユーザー入力（従業員設定）,-,-,employees.department_code → 従業員管理.所属コード,従業員情報の登録・編集,設定/入力検証済,データソース: 従業員マスタ（設定）,-,-,設定入力画面,設定入力,ユーザーが入力する従業員設定値,低,中,中,低,-,監視継続,×,短期キャッシュ(1-5分),ユーザー操作時,0,0,-,-; employees.department_code,-
30,ラクミーウェブ（会社）,設定入力画面,従業員管理,店舗ID,L0,D,単一レコード,L0,-,店舗マスタ（設定）,ユーザー入力単独,ユーザーが設定入力,マスタ参照,employees.shop_id,-,employees.shop_id,-,マスタ参照,-,-,employees.shop_id → 従業員管理.店舗ID,従業員情報の登録・編集,設定/入力検証済,データソース: 店舗マスタ（設定）,-,-,設定入力画面,設定入力,ユーザーが入力する従業員設定値,低,中,中,低,-,監視継続,×,短期キャッシュ(1-5分),ユーザー操作時,0,0,-,-; employees.shop_id,-
31,ラクミーウェブ（会社）,設定入力画面,従業員管理,店舗名,L0,D,単一レコード,L0,-,店舗マスタ（設定）,ユーザー入力単独,ユーザーが設定入力,マスタ参照,shops.name,-,shops.name,-,マスタ参照,-,-,shops.name → 従業員管理.店舗名,従業員情報の登録・編集,設定/入力検証済,データソース: 店舗マスタ（設定）,-,-,設定入力画面,設定入力,ユーザーが入力する従業員設定値,低,中,中,低,-,監視継続,×,短期キャッシュ(1-5分),ユーザー操作時,0,0,-,-; shops.name,-
32,ラクミーウェブ（会社）,設定入力画面,従業員管理,区分（月給時給）,L0,C,単一レコード,L0,-,従業員マスタ（設定）,ユーザー入力単独,ユーザーが設定入力,マスタ参照,employees.salary_type,-,employees.salary_type,-,ユーザー入力（従業員設定）,-,-,employees.salary_type → 従業員管理.区分（月給時給）,従業員情報の登録・編集,設定/入力検証済,データソース: 従業員マスタ（設定）,-,-,設定入力画面,設定入力,ユーザーが入力する従業員設定値,低,中,中,低,-,監視継続,×,短期キャッシュ(1-5分),ユーザー操作時,0,0,-,-; employees.salary_type,-
33,ラクミーウェブ（会社）,設定入力画面,従業員管理,総支給額,L1,C,単一レコード,L0,-,従業員マスタ（設定）,ユーザー入力単独,ユーザーが設定入力,マスタ参照,employees.total_payment,-,employees.total_payment,-,ユーザー入力（従業員設定）,-,-,employees.total_payment → 従業員管理.総支給額,従業員情報の登録・編集,設定/入力検証済,データソース: 従業員マスタ（設定）,-,-,設定入力画面,設定入力,ユーザーが入力する従業員設定値,低,中,中,低,-,監視継続,×,短期キャッシュ(1-5分),ユーザー操作時,0,0,-,-; employees.total_payment,-
34,ラクミーウェブ（会社）,設定入力画面,従業員管理,所定労働時間,L0,C,単一レコード,L0,-,従業員マスタ（設定）,ユーザー入力単独,ユーザーが設定入力,マスタ参照,employees.standard_working_hours,-,employees.standard_working_hours,-,ユーザー入力（従業員設定）,-,-,employees.standard_working_hours → 従業員管理.所定労働時間,従業員情報の登録・編集,設定/入力検証済,データソース: 従業員マスタ（設定）,-,-,設定入力画面,設定入力,ユーザーが入力する従業員設定値,低,中,中,低,-,監視継続,×,短期キャッシュ(1-5分),ユーザー操作時,0,0,-,-; employees.standard_working_hours,-
35,ラクミーウェブ（会社）,設定入力画面,従業員管理,みなし残業時間,L0,C,単一レコード,L0,-,従業員マスタ（設定）,ユーザー入力単独,ユーザーが設定入力,マスタ参照,employees.deemed_overtime_hours,-,employees.deemed_overtime_hours,-,ユーザー入力（従業員設定）,-,-,employees.deemed_overtime_hours → 従業員管理.みなし残業時間,従業員情報の登録・編集,設定/入力検証済,データソース: 従業員マスタ（設定）,-,-,設定入力画面,設定入力,ユーザーが入力する従業員設定値,低,中,中,低,-,監視継続,×,短期キャッシュ(1-5分),ユーザー操作時,0,0,-,-; employees.deemed_overtime_hours,-
36,ラクミーウェブ（会社）,実績入力画面,費用実績入力,経費項目,L1,D,単一レコード,L0,-,費用・棚卸（入力）,ユーザー入力単独,小口現金画面での直接入力,入力値,petty_cashes.description,-,petty_cashes.description,-,ユーザー入力（小口現金）,-,-,petty_cashes.description → 小口現金.経費項目,費用実績の入力・管理,設定/入力検証済,データソース: 費用・棚卸（入力）,-,-,設定入力画面,設定入力,ユーザーが入力する小口現金データ,低,中,中,低,-,監視継続,×,短期キャッシュ(1-5分),ユーザー操作時,0,0,-,-; petty_cashes.description,-
37,ラクミーウェブ（会社）,実績入力画面,費用実績入力,経費コード,L0,D,単一レコード,L0,-,費用・棚卸（入力）,ユーザー入力単独,小口現金画面での直接入力,入力値,petty_cashes.chart_of_account_id,-,petty_cashes.chart_of_account_id,-,ユーザー入力（小口現金）,-,-,petty_cashes.chart_of_account_id → 小口現金.経費コード,費用実績の入力・管理,設定/入力検証済,データソース: 費用・棚卸（入力）,-,-,設定入力画面,設定入力,ユーザーが入力する小口現金データ,低,中,中,低,-,監視継続,×,短期キャッシュ(1-5分),ユーザー操作時,0,0,-,-; petty_cashes.chart_of_account_id,-
38,ラクミーウェブ（会社）,実績入力画面,費用実績入力,費目,L2,D,全店舗,L2-C,-,費用・棚卸（入力）,ユーザー入力単独（マスタ選択）,マスタから選択入力,マスタ参照,monthly_cost_items.name,-,monthly_cost_items.name,-,マスタ参照,-,-,monthly_cost_items.name → 小口現金.費目,費用実績の入力・管理,設定/入力検証済,データソース: 費目マスタ（設定）,-,-,設定入力画面,設定入力,ユーザーが入力する小口現金データ,低,中,中,低,-,監視継続,×,短期キャッシュ(1-5分),画面表示時,0,0,-,-; monthly_cost_items.name,-
39,ラクミーウェブ（会社）,実績入力画面,費用実績入力,税区分,L1,D,単一レコード,L0,-,費用・棚卸（入力）,ユーザー入力単独,小口現金画面での直接入力,入力値,petty_cashes.tax_type,-,petty_cashes.tax_type,-,ユーザー入力（小口現金）,-,-,petty_cashes.tax_type → 小口現金.税区分,費用実績の入力・管理,設定/入力検証済,データソース: 費用・棚卸（入力）,-,-,設定入力画面,設定入力,ユーザーが入力する小口現金データ,低,中,中,低,-,監視継続,×,短期キャッシュ(1-5分),ユーザー操作時,0,0,-,-; petty_cashes.tax_type,-
40,ラクミーウェブ（会社）,実績入力画面,費用実績入力,日付,L0,C,単一レコード,L0,-,費用・棚卸（入力）,ユーザー入力単独,店舗間商品移動画面での直接入力,日付,stocking_transfers.date,-,stocking_transfers.date,-,ユーザー入力（店舗間移動）,-,-,stocking_transfers.date → 店舗間商品移動.日付,費用実績の入力・管理,設定/入力検証済,データソース: 費用・棚卸（入力）,-,-,設定入力画面,設定入力,ユーザーが入力する店舗間商品移動データ,低,中,中,低,-,監視継続,×,短期キャッシュ(1-5分),ユーザー操作時,0,0,-,-; stocking_transfers.date,-
41,ラクミーウェブ（会社）,実績入力画面,費用実績入力,移動元店舗,L1,C,全店舗,L2-C,-,費用・棚卸（入力）,ユーザー入力単独（マスタ選択）,マスタから選択入力,マスタ参照,shops.name,-,shops.name,-,マスタ参照,-,-,shops.name → 店舗間商品移動.移動元店舗,費用実績の入力・管理,設定/入力検証済,データソース: 店舗マスタ（設定）,-,-,設定入力画面,設定入力,ユーザーが入力する店舗間商品移動データ,低,中,中,低,-,監視継続,×,短期キャッシュ(1-5分),画面表示時,0,0,-,-; shops.name,-
42,ラクミーウェブ（会社）,実績入力画面,費用実績入力,金額,L0,C,単一レコード,L0,-,費用・棚卸（入力）,ユーザー入力単独,店舗間商品移動画面での直接入力,入力値,stocking_transfers.price_excluded_tax,-,stocking_transfers.price_excluded_tax,-,ユーザー入力（店舗間移動）,-,-,stocking_transfers.price_excluded_tax → 店舗間商品移動.金額,費用実績の入力・管理,設定/入力検証済,データソース: 費用・棚卸（入力）,-,-,設定入力画面,設定入力,ユーザーが入力する店舗間商品移動データ,低,中,中,低,-,監視継続,×,短期キャッシュ(1-5分),ユーザー操作時,0,0,-,-; stocking_transfers.price_excluded_tax,-
43,ラクミーウェブ（会社）,実績入力画面,費用実績入力,移動先店舗,L1,C,全店舗,L2-C,-,費用・棚卸（入力）,ユーザー入力単独（マスタ選択）,マスタから選択入力,マスタ参照,shops.name,-,shops.name,-,マスタ参照,-,-,shops.name → 店舗間商品移動.移動先店舗,費用実績の入力・管理,設定/入力検証済,データソース: 店舗マスタ（設定）,-,-,設定入力画面,設定入力,ユーザーが入力する店舗間商品移動データ,低,中,中,低,-,監視継続,×,短期キャッシュ(1-5分),画面表示時,0,0,-,-; shops.name,-
44,ラクミーウェブ（会社）,分析画面,ABC分析,商品,L1,D,店舗月次,L1,-,POS（売上・客数）,外部連携単独,POSデータから単独取得,商品マスタ,TITEM.item_name,-,head_office_item_sales_logs.item_name,TITEM.item_name,POS売上（商品別）,[外部]TITEM.item_name,商品別仕入分析.商品,TITEM.item_name → head_office_item_sales_logs.item_name → ABC分析.商品,商品別売上のABC分析,スキーマ検証済,-,-,-,分析画面,既存指標,実画面に表示されている指標（分析画面）。,中,低,中,高,店舗集計; 外部連携,キャッシュ・非同期処理,◎,中期キャッシュ(30分-1時間),データ更新時,1,1,[外部]TITEM.item_name,TITEM.item_name; head_office_item_sales_logs.item_name,商品別仕入分析.商品
45,ラクミーウェブ（会社）,分析画面,ABC分析,売上（税抜）,L0,A,店舗月次,L1,-,POS（売上・客数）,外部連携単独,POSデータから単独取得,SUM商品別,SUM(TITEM.sales_excluded) GROUP BY item_name,-,head_office_item_sales_logs.sales_excluded,TITEM.sales_excluded,POS売上（商品別）,[外部]TITEM.sales_excluded,"ABC分析.価格, ABC分析.売上構成比率, 店舗別サマリー.売上（税抜）, 当月実績.売上（税抜）, 日次レポート.売上（税抜）, 日次推移.売上（税抜）",TITEM.sales_excluded → head_office_item_sales_logs.sales_excluded → ABC分析.売上(税抜),商品別売上のABC分析,スキーマ検証済,-,-,-,分析画面,既存指標,実画面に表示されている指標（分析画面）。,中,低,中,高,店舗集計; 外部連携,キャッシュ・非同期処理,◎,中期キャッシュ(30分-1時間),データ更新時,1,6,[外部]TITEM.sales_excluded,TITEM.sales_excluded; head_office_item_sales_logs.sales_excluded,"ABC分析.価格, ABC分析.売上構成比率, 店舗別サマリー.売上（税抜）, 当月実績.売上（税抜）, 日次レポート.売上（税抜）, 日次推移.売上（税抜）"
46,ラクミーウェブ（会社）,分析画面,ABC分析,売上構成比率,L0,A,店舗月次,L1,画面間,計算項目,外部連携×外部連携,POS売上とPOS客数/商品等の組合せ,商品÷総売上×100,ABC分析.売上（税抜） ÷ 当月実績.売上（税抜） × 100,-,"head_office_item_sales_logs.sales_excluded, head_office_connected_service_sales_logs.sales_excluded","TITEM.sales_excluded, ZTOTAL.sales_excluded","POS売上（商品別）, POS売上（日別集計）","ABC分析.売上（税抜）, 当月実績.売上（税抜）",-,TITEM.sales_excluded / ZTOTAL.sales_excluded → head_office_item_sales_logs.sales_excluded / head_office_connected_service_sales_logs.sales_excluded → ABC分析.売上構成比率,商品別売上のABC分析,スキーマ検証済,-,-,-,分析画面,既存指標,実画面に表示されている指標（分析画面）。,中,中,中,最高,画面間参照; 外部連携; 複数ソース,スナップショット化・事前計算,◎,長期キャッシュ(1時間以上),日次バッチ,2,0,"ABC分析.売上（税抜）, 当月実績.売上（税抜）","TITEM.sales_excluded, ZTOTAL.sales_excluded; head_office_item_sales_logs.sales_excluded, head_office_connected_service_sales_logs.sales_excluded",-
47,ラクミーウェブ（会社）,分析画面,ABC分析,販売点数,L1,C,店舗月次,L1,-,POS（売上・客数）,外部連携単独,POSデータから単独取得,SUM商品別,SUM(TITEM.quantity) GROUP BY item_name,-,head_office_item_sales_logs.quantity,TITEM.quantity,POS売上（商品別）,[外部]TITEM.quantity,"ABC分析.価格, ABC分析.販売点数構成比率, 商品別売上分析.販売数量",TITEM.quantity → head_office_item_sales_logs.quantity → ABC分析.販売点数,商品別売上のABC分析,スキーマ検証済,-,-,-,分析画面,既存指標,実画面に表示されている指標（分析画面）。,中,低,中,高,店舗集計; 外部連携,キャッシュ・非同期処理,◎,中期キャッシュ(30分-1時間),データ更新時,1,3,[外部]TITEM.quantity,TITEM.quantity; head_office_item_sales_logs.quantity,"ABC分析.価格, ABC分析.販売点数構成比率, 商品別売上分析.販売数量"
48,ラクミーウェブ（会社）,分析画面,ABC分析,販売点数構成比率,L0,C,店舗月次,L1,画面内,計算項目,外部連携×外部連携,POS売上とPOS客数/商品等の組合せ,商品数÷総数×100,ABC分析.販売点数 ÷ SUM(ABC分析.販売点数) × 100,-,head_office_item_sales_logs.quantity,TITEM.quantity,POS売上（商品別）,ABC分析.販売点数,-,TITEM.quantity → head_office_item_sales_logs.quantity → ABC分析.販売点数構成比率,商品別売上のABC分析,スキーマ検証済,-,-,-,分析画面,既存指標,実画面に表示されている指標（分析画面）。,低,中,中,高,外部連携; 複数ソース,キャッシュ・非同期処理,◎,中期キャッシュ(30分-1時間),データ更新時,1,0,ABC分析.販売点数,TITEM.quantity; head_office_item_sales_logs.quantity,-
49,ラクミーウェブ（会社）,分析画面,ABC分析,価格,L3,C,店舗月次,L1,画面内,計算項目,外部連携×外部連携,POS売上とPOS客数/商品等の組合せ,売上÷数量,ABC分析.売上（税抜） ÷ ABC分析.販売点数,-,"head_office_item_sales_logs.sales_excluded, head_office_item_sales_logs.quantity","TITEM.sales_excluded, TITEM.quantity",POS売上（商品別）,"ABC分析.売上（税抜）, ABC分析.販売点数",商品別売上分析.商品単価（税抜）,TITEM.sales_excluded / TITEM.quantity → head_office_item_sales_logs.sales_excluded / head_office_item_sales_logs.quantity → ABC分析.価格,商品別売上のABC分析,スキーマ検証済,-,-,-,分析画面,既存指標,実画面に表示されている指標（分析画面）。,中,中,中,高,外部連携; 複数ソース,キャッシュ・非同期処理,◎,中期キャッシュ(30分-1時間),データ更新時,2,1,"ABC分析.売上（税抜）, ABC分析.販売点数","TITEM.sales_excluded, TITEM.quantity; head_office_item_sales_logs.sales_excluded, head_office_item_sales_logs.quantity",商品別売上分析.商品単価（税抜）
50,ラクミーウェブ（会社）,分析画面,PA人件費率分析,目標PA人件費率,L0,B,店舗月次,L1,-,予算設定（入力）,予算設定参照,月次予算設定で設定した予算値を参照,マスタ参照,monthly_budgets.ratio,-,"monthly_budgets.food_cost_rate（またはlabor_cost_rate）, monthly_budgets.profit",-,ユーザー入力（予算設定）,[入力]monthly_budgets.food_cost_rate（またはlabor_cost_rate）,-,monthly_budgets.food_cost_rate（またはlabor_cost_rate） / monthly_budgets.profit → PA人件費率.目標PA人件費率,PA人件費率の分析,設定/入力検証済,データソース: 予算設定（入力）,-,-,表示画面,既存指標,実画面に表示されている指標（表示画面）。,中,中,中,低,-,監視継続,×,短期キャッシュ(1-5分),画面表示時,1,0,[入力]monthly_budgets.food_cost_rate（またはlabor_cost_rate）,"-; monthly_budgets.food_cost_rate（またはlabor_cost_rate）, monthly_budgets.profit",-
51,ラクミーウェブ（会社）,分析画面,予実対比,総売上,L0,C,店舗月次,L1,-,POS（売上・客数）,外部連携単独,POSデータから単独取得,SUM,SUM(ZTOTAL.sales_excluded),-,head_office_connected_service_sales_logs.sales_excluded,ZTOTAL.sales_excluded,POS売上（日別集計）,[外部]ZTOTAL.sales_excluded,-,ZTOTAL.sales_excluded → head_office_connected_service_sales_logs.sales_excluded → 予実対比.総売上,予算と実績の対比分析,スキーマ検証済,-,-,-,実績算出・分析画面,実績算出,外部連携データから実績値を算出（定義元）。ダッシュボード等へ参照される。,低,低,低,高,店舗集計; 外部連携,キャッシュ・非同期処理,◎,中期キャッシュ(30分-1時間),データ更新時,1,0,[外部]ZTOTAL.sales_excluded,ZTOTAL.sales_excluded; head_office_connected_service_sales_logs.sales_excluded,-
52,ラクミーウェブ（会社）,分析画面,予実対比,フード売上,L0,C,店舗月次,L1,-,POS（売上・客数）,外部連携単独,POSデータから単独取得,SUMフード,SUM(TITEM.sales_excluded) WHERE category = 'フード',-,head_office_item_sales_logs.sales_excluded,TITEM.sales_excluded,POS売上（商品別）,[外部]TITEM.sales_excluded,-,TITEM.sales_excluded → head_office_item_sales_logs.sales_excluded → 予実対比.フード売上,予算と実績の対比分析,スキーマ検証済,-,フードカテゴリの定義(商品マスタのカラム名)が不明,カテゴリ判定ロジックを確認必要,実績算出・分析画面,実績算出,外部連携データから実績値を算出（定義元）。ダッシュボード等へ参照される。,低,低,低,高,店舗集計; 外部連携,キャッシュ・非同期処理,◎,中期キャッシュ(30分-1時間),データ更新時,1,0,[外部]TITEM.sales_excluded,TITEM.sales_excluded; head_office_item_sales_logs.sales_excluded,-
53,ラクミーウェブ（会社）,分析画面,予実対比,フード売上ランチ,L0,C,店舗月次,L1,-,POS（売上・客数）,外部連携単独,POSデータから単独取得,SUM(フードかつ時間フィルタ),SUM(TITEM.sales_excluded) WHERE category = 'フード' AND order_time BETWEEN 11:00 AND 15:00,-,head_office_item_sales_logs.sales_excluded,TITEM.sales_excluded,POS売上（商品別）,[外部]TITEM.sales_excluded,-,TITEM.sales_excluded → head_office_item_sales_logs.sales_excluded → 予実対比.フード売上ランチ,予算と実績の対比分析,スキーマ検証済,-,-,-,実績算出・分析画面,実績算出,外部連携データから実績値を算出（定義元）。ダッシュボード等へ参照される。,低,低,低,高,店舗集計; 外部連携,キャッシュ・非同期処理,◎,中期キャッシュ(30分-1時間),データ更新時,1,0,[外部]TITEM.sales_excluded,TITEM.sales_excluded; head_office_item_sales_logs.sales_excluded,-
54,ラクミーウェブ（会社）,分析画面,予実対比,フード売上ディナー,L0,C,店舗月次,L1,-,POS（売上・客数）,外部連携単独,POSデータから単独取得,SUM(フードかつ時間フィルタ),SUM(TITEM.sales_excluded) WHERE category = 'フード' AND order_time BETWEEN 17:00 AND 23:00,-,head_office_item_sales_logs.sales_excluded,TITEM.sales_excluded,POS売上（商品別）,[外部]TITEM.sales_excluded,-,TITEM.sales_excluded → head_office_item_sales_logs.sales_excluded → 予実対比.フード売上ディナー,予算と実績の対比分析,スキーマ検証済,-,-,-,実績算出・分析画面,実績算出,外部連携データから実績値を算出（定義元）。ダッシュボード等へ参照される。,低,低,低,高,店舗集計; 外部連携,キャッシュ・非同期処理,◎,中期キャッシュ(30分-1時間),データ更新時,1,0,[外部]TITEM.sales_excluded,TITEM.sales_excluded; head_office_item_sales_logs.sales_excluded,-
55,ラクミーウェブ（会社）,分析画面,予実対比,ドリンク売上,L0,C,店舗月次,L1,-,POS（売上・客数）,外部連携単独,POSデータから単独取得,SUMドリンク,SUM(TITEM.sales_excluded) WHERE category = 'ドリンク',-,head_office_item_sales_logs.sales_excluded,TITEM.sales_excluded,POS売上（商品別）,[外部]TITEM.sales_excluded,-,TITEM.sales_excluded → head_office_item_sales_logs.sales_excluded → 予実対比.ドリンク売上,予算と実績の対比分析,スキーマ検証済,-,-,-,実績算出・分析画面,実績算出,外部連携データから実績値を算出（定義元）。ダッシュボード等へ参照される。,低,低,低,高,店舗集計; 外部連携,キャッシュ・非同期処理,◎,中期キャッシュ(30分-1時間),データ更新時,1,0,[外部]TITEM.sales_excluded,TITEM.sales_excluded; head_office_item_sales_logs.sales_excluded,-
56,ラクミーウェブ（会社）,分析画面,予実対比,ドリンク売上ランチ,L0,C,店舗月次,L1,-,POS（売上・客数）,外部連携単独,POSデータから単独取得,SUM(ドリンクかつ時間フィルタ),SUM(TITEM.sales_excluded) WHERE category = 'ドリンク' AND order_time BETWEEN 11:00 AND 15:00,-,head_office_item_sales_logs.sales_excluded,TITEM.sales_excluded,POS売上（商品別）,[外部]TITEM.sales_excluded,-,TITEM.sales_excluded → head_office_item_sales_logs.sales_excluded → 予実対比.ドリンク売上ランチ,予算と実績の対比分析,スキーマ検証済,-,-,-,実績算出・分析画面,実績算出,外部連携データから実績値を算出（定義元）。ダッシュボード等へ参照される。,低,低,低,高,店舗集計; 外部連携,キャッシュ・非同期処理,◎,中期キャッシュ(30分-1時間),データ更新時,1,0,[外部]TITEM.sales_excluded,TITEM.sales_excluded; head_office_item_sales_logs.sales_excluded,-
57,ラクミーウェブ（会社）,分析画面,予実対比,ドリンク売上ディナー,L0,C,店舗月次,L1,-,POS（売上・客数）,外部連携単独,POSデータから単独取得,SUM(ドリンクかつ時間フィルタ),SUM(TITEM.sales_excluded) WHERE category = 'ドリンク' AND order_time BETWEEN 17:00 AND 23:00,-,head_office_item_sales_logs.sales_excluded,TITEM.sales_excluded,POS売上（商品別）,[外部]TITEM.sales_excluded,-,TITEM.sales_excluded → head_office_item_sales_logs.sales_excluded → 予実対比.ドリンク売上ディナー,予算と実績の対比分析,スキーマ検証済,-,-,-,実績算出・分析画面,実績算出,外部連携データから実績値を算出（定義元）。ダッシュボード等へ参照される。,低,低,低,高,店舗集計; 外部連携,キャッシュ・非同期処理,◎,中期キャッシュ(30分-1時間),データ更新時,1,0,[外部]TITEM.sales_excluded,TITEM.sales_excluded; head_office_item_sales_logs.sales_excluded,-
58,ラクミーウェブ（会社）,分析画面,予実対比,割引・値引きなど,L1,C,店舗月次,L1,-,POS（売上・客数）,外部連携単独,POSデータから単独取得,SUM,SUM(ZTOTAL.discount),-,z_totals.discount,ZTOTAL.discount,POS売上（日別集計）,[外部]ZTOTAL.discount,-,ZTOTAL.discount → z_totals.discount → 予実対比.割引値引き,予算と実績の対比分析,外部連携検証済,データソース: POS（売上・客数）,-,-,実績算出・分析画面,実績算出,外部連携データから実績値を算出（定義元）。ダッシュボード等へ参照される。,低,低,低,高,店舗集計; 外部連携,キャッシュ・非同期処理,◎,中期キャッシュ(30分-1時間),データ更新時,1,0,[外部]ZTOTAL.discount,ZTOTAL.discount; z_totals.discount,-
59,ラクミーウェブ（会社）,分析画面,予実対比,FD仕入,L0,A,店舗月次,L1,-,インフォマート（仕入）,外部連携単独,インフォマート仕入データから単独取得,SUMFD,"SUM(infomart_transactions.total_tax_excluded) WHERE category IN ('フード', 'ドリンク')",-,infomart_transactions.total_tax_excluded,infomart_transactions.total_tax_excluded,インフォマート（仕入）,[外部]infomart_transactions.total_tax_excluded,"主要KPI指標.営業利益率, 年間予実対比.営業利益, 店舗ラベル別サマリー.FD仕入率, 店舗ラベル別サマリー.営業利益, 店舗別サマリー.FD仕入率, 店舗別サマリー.営業利益, 当月実績.FD仕入率, 当月実績.FL率, 当月実績.営業利益",infomart_transactions.total_tax_excluded → infomart_transactions.total_tax_excluded → 予実対比.FD仕入,予算と実績の対比分析,外部連携検証済,infomart_transactions.total_tax_excluded → infomart_transactions.total_tax_excluded,仕入データのFD分類方法が不明,インフォマートのカテゴリ分類を確認必要,実績算出・分析画面,実績算出,外部連携データから実績値を算出（定義元）。ダッシュボード等へ参照される。,中,低,中,高,店舗集計; 外部連携,キャッシュ・非同期処理,◎,中期キャッシュ(30分-1時間),データ更新時,1,9,[外部]infomart_transactions.total_tax_excluded,infomart_transactions.total_tax_excluded; infomart_transactions.total_tax_excluded,"主要KPI指標.営業利益率, 年間予実対比.営業利益, 店舗ラベル別サマリー.FD仕入率, 店舗ラベル別サマリー.営業利益, 店舗別サマリー.FD仕入率, 店舗別サマリー.営業利益, 当月実績.FD仕入率, 当月実績.FL率, 当月実績.営業利益"
60,ラクミーウェブ（会社）,分析画面,予実対比,フード仕入,L0,C,店舗月次,L1,-,インフォマート（仕入）,外部連携単独,インフォマート仕入データから単独取得,SUMフード,SUM(infomart_transactions.total_tax_excluded) WHERE category = 'フード',-,infomart_transactions.total_tax_excluded,infomart_transactions.total_tax_excluded,インフォマート（仕入）,[外部]infomart_transactions.total_tax_excluded,-,infomart_transactions.total_tax_excluded → infomart_transactions.total_tax_excluded → 予実対比.フード仕入,予算と実績の対比分析,外部連携検証済,infomart_transactions.total_tax_excluded → infomart_transactions.total_tax_excluded,-,-,実績算出・分析画面,実績算出,外部連携データから実績値を算出（定義元）。ダッシュボード等へ参照される。,低,低,低,高,店舗集計; 外部連携,キャッシュ・非同期処理,◎,中期キャッシュ(30分-1時間),データ更新時,1,0,[外部]infomart_transactions.total_tax_excluded,infomart_transactions.total_tax_excluded; infomart_transactions.total_tax_excluded,-
61,ラクミーウェブ（会社）,分析画面,予実対比,ドリンク仕入,L0,C,店舗月次,L1,-,インフォマート（仕入）,外部連携単独,インフォマート仕入データから単独取得,SUMドリンク,SUM(infomart_transactions.total_tax_excluded) WHERE category = 'ドリンク',-,infomart_transactions.total_tax_excluded,infomart_transactions.total_tax_excluded,インフォマート（仕入）,[外部]infomart_transactions.total_tax_excluded,-,infomart_transactions.total_tax_excluded → infomart_transactions.total_tax_excluded → 予実対比.ドリンク仕入,予算と実績の対比分析,外部連携検証済,infomart_transactions.total_tax_excluded → infomart_transactions.total_tax_excluded,-,-,実績算出・分析画面,実績算出,外部連携データから実績値を算出（定義元）。ダッシュボード等へ参照される。,低,低,低,高,店舗集計; 外部連携,キャッシュ・非同期処理,◎,中期キャッシュ(30分-1時間),データ更新時,1,0,[外部]infomart_transactions.total_tax_excluded,infomart_transactions.total_tax_excluded; infomart_transactions.total_tax_excluded,-
62,ラクミーウェブ（会社）,分析画面,予実対比,人件費,L0,A,店舗月次,L1,-,KOT（勤怠・人件費）,外部連携単独,KOT/ジョブカン勤怠データから単独取得,SUM,SUM(head_office_connected_service_labor_costs_logs.labor_costs),-,head_office_connected_service_labor_costs_logs.labor_costs,head_office_connected_service_labor_costs_logs.labor_costs,勤怠（KOT/ジョブカン）,[外部]head_office_connected_service_labor_costs_logs.labor_costs,"主要KPI指標.営業利益率, 年間予実対比.営業利益, 店舗ラベル別サマリー.人件費率, 店舗ラベル別サマリー.営業利益, 店舗別サマリー.人件費率, 店舗別サマリー.営業利益, 店舗別人件費, 当月実績.FL率, 当月実績.人件費率, 当月実績.営業利益",head_office_connected_service_labor_costs_logs.labor_costs → head_office_connected_service_labor_costs_logs.labor_costs → 予実対比.人件費,予算と実績の対比分析,スキーマ検証済,-,-,-,実績算出・分析画面,実績算出,外部連携データから実績値を算出（定義元）。ダッシュボード等へ参照される。,中,低,中,高,店舗集計; 外部連携,キャッシュ・非同期処理,◎,中期キャッシュ(30分-1時間),データ更新時,1,9,[外部]head_office_connected_service_labor_costs_logs.labor_costs,head_office_connected_service_labor_costs_logs.labor_costs; head_office_connected_service_labor_costs_logs.labor_costs,"主要KPI指標.営業利益率, 年間予実対比.営業利益, 店舗ラベル別サマリー.人件費率, 店舗ラベル別サマリー.営業利益, 店舗別サマリー.人件費率, 店舗別サマリー.営業利益, 店舗別人件費, 当月実績.FL率, 当月実績.人件費率, 当月実績.営業利益"
63,ラクミーウェブ（会社）,分析画面,予実対比,固定人件費,L0,C,店舗月次,L1,-,KOT（勤怠・人件費）,外部連携単独,KOT/ジョブカン勤怠データから単独取得,SUM月給者,SUM(head_office_connected_service_labor_costs_logs.labor_costs) WHERE employee_type = '月給者',-,head_office_connected_service_labor_costs_logs.labor_costs,head_office_connected_service_labor_costs_logs.labor_costs,勤怠（KOT/ジョブカン）,[外部]head_office_connected_service_labor_costs_logs.labor_costs,-,head_office_connected_service_labor_costs_logs.labor_costs → head_office_connected_service_labor_costs_logs.labor_costs → 予実対比.固定人件費,予算と実績の対比分析,スキーマ検証済,-,月給者の判定カラムが不明,従業員種別の判定ロジックを確認必要,実績算出・分析画面,実績算出,外部連携データから実績値を算出（定義元）。ダッシュボード等へ参照される。,低,低,低,高,店舗集計; 外部連携,キャッシュ・非同期処理,◎,中期キャッシュ(30分-1時間),データ更新時,1,0,[外部]head_office_connected_service_labor_costs_logs.labor_costs,head_office_connected_service_labor_costs_logs.labor_costs; head_office_connected_service_labor_costs_logs.labor_costs,-
64,ラクミーウェブ（会社）,分析画面,予実対比,PA人件費,L0,C,店舗月次,L1,-,KOT（勤怠・人件費）,外部連携単独,KOT/ジョブカン勤怠データから単独取得,SUM時給者,SUM(head_office_employee_working_records.daily_cost) WHERE employee_type = '時給者',-,head_office_employee_working_records.daily_cost,head_office_employee_working_records.daily_cost,-,[外部]head_office_employee_working_records.daily_cost,"日次推移, 日次レポート",head_office_employee_working_records.daily_cost → head_office_employee_working_records.daily_cost → 予実対比.PA人件費,予算と実績の対比分析,外部連携検証済,データソース: KOT（勤怠・人件費）,-,-,実績算出・分析画面,実績算出,外部連携データから実績値を算出（定義元）。ダッシュボード等へ参照される。,中,低,中,高,店舗集計; 外部連携,キャッシュ・非同期処理,◎,中期キャッシュ(30分-1時間),データ更新時,1,0,[外部]head_office_employee_working_records.daily_cost,head_office_employee_working_records.daily_cost; head_office_employee_working_records.daily_cost,"日次推移, 日次レポート"
65,ラクミーウェブ（会社）,分析画面,予実対比,その他売上（サービス料等）,L0,C,店舗月次,L1,-,POS（売上・客数）,外部連携単独,POSデータから単独取得,SUM,SUM(ZTOTAL.service_charge_1),-,z_totals.service_charge_1,ZTOTAL.service_charge_1,POS売上（日別集計）,[外部]ZTOTAL.service_charge_1,-,ZTOTAL.service_charge_1 → z_totals.service_charge_1 → 予実対比.その他売上(サービス料等),予算と実績の対比分析,外部連携検証済,データソース: POS（売上・客数）,-,-,実績算出・分析画面,実績算出,外部連携データから実績値を算出（定義元）。ダッシュボード等へ参照される。,低,低,低,高,店舗集計; 外部連携,キャッシュ・非同期処理,◎,中期キャッシュ(30分-1時間),データ更新時,1,0,[外部]ZTOTAL.service_charge_1,ZTOTAL.service_charge_1; z_totals.service_charge_1,-
66,ラクミーウェブ（会社）,分析画面,予実対比,その他売上ランチ,L0,C,店舗月次,L1,-,POS（売上・客数）,外部連携単独,POSデータから単独取得,SUM(その他かつ時間フィルタ),SUM(TITEM.sales_excluded) WHERE category = 'その他' AND order_time BETWEEN 11:00 AND 15:00,-,head_office_item_sales_logs.sales_excluded,TITEM.sales_excluded,POS売上（商品別）,[外部]TITEM.sales_excluded,-,TITEM.sales_excluded → head_office_item_sales_logs.sales_excluded → 予実対比.その他売上ランチ,予算と実績の対比分析,スキーマ検証済,-,-,-,実績算出・分析画面,実績算出,外部連携データから実績値を算出（定義元）。ダッシュボード等へ参照される。,低,低,低,高,店舗集計; 外部連携,キャッシュ・非同期処理,◎,中期キャッシュ(30分-1時間),データ更新時,1,0,[外部]TITEM.sales_excluded,TITEM.sales_excluded; head_office_item_sales_logs.sales_excluded,-
67,ラクミーウェブ（会社）,分析画面,予実対比,その他売上ディナー,L0,C,店舗月次,L1,-,POS（売上・客数）,外部連携単独,POSデータから単独取得,SUM(その他かつ時間フィルタ),SUM(TITEM.sales_excluded) WHERE category = 'その他' AND order_time BETWEEN 17:00 AND 23:00,-,head_office_item_sales_logs.sales_excluded,TITEM.sales_excluded,POS売上（商品別）,[外部]TITEM.sales_excluded,-,TITEM.sales_excluded → head_office_item_sales_logs.sales_excluded → 予実対比.その他売上ディナー,予算と実績の対比分析,スキーマ検証済,-,-,-,実績算出・分析画面,実績算出,外部連携データから実績値を算出（定義元）。ダッシュボード等へ参照される。,低,低,低,高,店舗集計; 外部連携,キャッシュ・非同期処理,◎,中期キャッシュ(30分-1時間),データ更新時,1,0,[外部]TITEM.sales_excluded,TITEM.sales_excluded; head_office_item_sales_logs.sales_excluded,-
87,ラクミーウェブ（会社）,分析画面,予実対比,営業利益,L1,S,全店舗,L2-C,画面間,計算項目,複数種類混在,POS+インフォマート+KOT+費用設定の組合せ,売上-仕入-人件費-経費,当月実績.売上（税抜） - 予実対比.FD仕入 - 予実対比.人件費 - 予実対比.その他経費,-,"head_office_connected_service_sales_logs.sales_excluded, infomart_transactions.total_tax_excluded, head_office_connected_service_labor_costs_logs.labor_costs, monthly_costs.value","ZTOTAL.sales_excluded, infomart_transactions.total_tax_excluded, head_office_connected_service_labor_costs_logs.labor_costs","POS売上（日別集計）, インフォマート（仕入）, 勤怠（KOT/ジョブカン）, ユーザー入力（費用設定）","当月実績.売上（税抜）, 予実対比.FD仕入, 予実対比.人件費","当月実績.営業利益, 店舗別サマリー.営業利益",ZTOTAL.sales_excluded / tax_excluded_total / head_office_connected_service_labor_costs_logs.labor_costs → head_office_connected_service_sales_logs.sales_excluded / infomart_transactions.total_tax_excluded / head_office_connected_service_labor_costs_logs.labor_costs → 年間予実対比.営業利益,予算と実績の対比分析,スキーマ検証済,-,年間データの集計期間(1-12月 or 年度)が不明,年間集計の期間定義を確認必要,実績算出・分析画面,実績算出,実績値を算出（定義元）。予実差額や各種比率の算出に使用。,中,高,高,高,画面間参照; 複合演算,キャッシュ・非同期処理,◎,中期キャッシュ(30分-1時間),データ更新時,3,2,"当月実績.売上（税抜）, 予実対比.FD仕入, 予実対比.人件費","ZTOTAL.sales_excluded, infomart_transactions.total_tax_excluded, head_office_connected_service_labor_costs_logs.labor_costs; head_office_connected_service_sales_logs.sales_excluded, infomart_transactions.total_tax_excluded, head_office_connected_service_labor_costs_logs.labor_costs, monthly_costs.value","当月実績.営業利益, 店舗別サマリー.営業利益"
88,ラクミーウェブ（会社）,分析画面,予実対比,FD仕入額,L0,C,店舗月次,L1,-,インフォマート（仕入）,外部連携単独,インフォマート仕入データから単独取得,SUM年間,SUM(infomart_transactions.total_tax_excluded) GROUP BY year,-,infomart_transactions.total_tax_excluded,infomart_transactions.total_tax_excluded,インフォマート（仕入）,[外部]infomart_transactions.total_tax_excluded,-,infomart_transactions.total_tax_excluded → infomart_transactions.total_tax_excluded → 年間予実対比.FD仕入額,予算と実績の対比分析,外部連携検証済,infomart_transactions.total_tax_excluded → infomart_transactions.total_tax_excluded,-,-,実績算出・分析画面,実績算出,外部連携データから実績値を算出（定義元）。ダッシュボード等へ参照される。,低,低,低,高,店舗集計; 外部連携,キャッシュ・非同期処理,◎,中期キャッシュ(30分-1時間),データ更新時,1,0,[外部]infomart_transactions.total_tax_excluded,infomart_transactions.total_tax_excluded; infomart_transactions.total_tax_excluded,-
89,ラクミーウェブ（会社）,分析画面,予実対比,人件費額,L0,C,店舗月次,L1,-,KOT（勤怠・人件費）,外部連携単独,KOT/ジョブカン勤怠データから単独取得,SUM年間,SUM(head_office_connected_service_labor_costs_logs.labor_costs) GROUP BY year,-,head_office_connected_service_labor_costs_logs.labor_costs,head_office_connected_service_labor_costs_logs.labor_costs,勤怠（KOT/ジョブカン）,[外部]head_office_connected_service_labor_costs_logs.labor_costs,-,head_office_connected_service_labor_costs_logs.labor_costs → head_office_connected_service_labor_costs_logs.labor_costs → 年間予実対比.人件費額,予算と実績の対比分析,スキーマ検証済,-,-,-,実績算出・分析画面,実績算出,外部連携データから実績値を算出（定義元）。ダッシュボード等へ参照される。,低,低,低,高,店舗集計; 外部連携,キャッシュ・非同期処理,◎,中期キャッシュ(30分-1時間),データ更新時,1,0,[外部]head_office_connected_service_labor_costs_logs.labor_costs,head_office_connected_service_labor_costs_logs.labor_costs; head_office_connected_service_labor_costs_logs.labor_costs,-
90,ラクミーウェブ（会社）,分析画面,予実対比,客単価,L0,A,店舗月次,L1,画面間,計算項目,外部連携×外部連携,POS売上とPOS客数/商品等の組合せ,売上÷客数,当月実績.売上（税抜） ÷ 客数.当月客数,-,"head_office_connected_service_sales_logs.sales_excluded, head_office_connected_service_sales_logs.customers","ZTOTAL.sales_excluded, ZTOTAL.customers",POS売上（日別集計）,"当月実績.売上（税抜）, 客数.当月客数",-,ZTOTAL.sales_excluded / ZTOTAL.customers → head_office_connected_service_sales_logs.sales_excluded / head_office_connected_service_sales_logs.customers → 年間予実対比.客単価,予算と実績の対比分析,スキーマ検証済,-,-,-,実績算出・分析画面,実績算出・分析,予実対比画面で算出・表示。実績算出と分析表示の両方の役割。,中,中,中,最高,画面間参照; 外部連携; 複数ソース,スナップショット化・事前計算,◎,長期キャッシュ(1時間以上),日次バッチ,2,0,"当月実績.売上（税抜）, 客数.当月客数","ZTOTAL.sales_excluded, ZTOTAL.customers; head_office_connected_service_sales_logs.sales_excluded, head_office_connected_service_sales_logs.customers",-
91,ラクミーウェブ（会社）,分析画面,予実対比,客単価（ランチ）,L0,A,店舗月次,L1,画面間,計算項目,外部連携×外部連携,POS売上とPOS客数/商品等の組合せ,売上÷客数(11-15時フィルタ),時間帯別売上分析.ランチ売上（税抜） ÷ 時間帯別売上分析.客数,-,"head_office_item_sales_logs.sales_excluded, head_office_connected_service_sales_logs.customers","TITEM.sales_excluded, ZTOTAL.customers","POS売上（商品別）, POS売上（日別集計）","時間帯別売上分析.ランチ売上（税抜）, 時間帯別売上分析.客数",-,TITEM.sales_excluded / ZTOTAL.customers → head_office_item_sales_logs.sales_excluded / head_office_connected_service_sales_logs.customers → 年間予実対比.客単価（ランチ）,予算と実績の対比分析,スキーマ検証済,-,ランチ時間帯の客数取得方法が不明,時間帯別客数の取得ロジックを確認必要,実績算出・分析画面,実績算出・分析,予実対比画面で算出・表示。実績算出と分析表示の両方の役割。,中,中,中,最高,画面間参照; 外部連携; 複数ソース,スナップショット化・事前計算,◎,長期キャッシュ(1時間以上),日次バッチ,2,0,"時間帯別売上分析.ランチ売上（税抜）, 時間帯別売上分析.客数","TITEM.sales_excluded, ZTOTAL.customers; head_office_item_sales_logs.sales_excluded, head_office_connected_service_sales_logs.customers",-
92,ラクミーウェブ（会社）,分析画面,予実対比,客単価（ディナー）,L0,A,店舗月次,L1,画面間,計算項目,外部連携×外部連携,POS売上とPOS客数/商品等の組合せ,売上÷客数(17-23時フィルタ),時間帯別売上分析.ディナー売上（税抜） ÷ 時間帯別売上分析.客数,-,"head_office_item_sales_logs.sales_excluded, head_office_connected_service_sales_logs.customers","TITEM.sales_excluded, ZTOTAL.customers","POS売上（商品別）, POS売上（日別集計）","時間帯別売上分析.ディナー売上（税抜）, 時間帯別売上分析.客数",-,TITEM.sales_excluded / ZTOTAL.customers → head_office_item_sales_logs.sales_excluded / head_office_connected_service_sales_logs.customers → 年間予実対比.客単価（ディナー）,予算と実績の対比分析,スキーマ検証済,-,-,-,実績算出・分析画面,実績算出・分析,予実対比画面で算出・表示。実績算出と分析表示の両方の役割。,中,中,中,最高,画面間参照; 外部連携; 複数ソース,スナップショット化・事前計算,◎,長期キャッシュ(1時間以上),日次バッチ,2,0,"時間帯別売上分析.ディナー売上（税抜）, 時間帯別売上分析.客数","TITEM.sales_excluded, ZTOTAL.customers; head_office_item_sales_logs.sales_excluded, head_office_connected_service_sales_logs.customers",-
93,ラクミーウェブ（会社）,分析画面,予実対比,総売上　計,L0,C,店舗月次,L1,-,POS（売上・客数）,外部連携単独,POSデータから単独取得,SUM,SUM(ZTOTAL.sales_excluded) GROUP BY year,-,head_office_connected_service_sales_logs.sales_excluded,ZTOTAL.sales_excluded,POS売上（日別集計）,[外部]ZTOTAL.sales_excluded,-,ZTOTAL.sales_excluded → head_office_connected_service_sales_logs.sales_excluded → 年間予実対比.総売上 計,予算と実績の対比分析,スキーマ検証済,-,-,-,実績算出・分析画面,実績算出,外部連携データから実績値を算出（定義元）。ダッシュボード等へ参照される。,低,低,低,高,店舗集計; 外部連携,キャッシュ・非同期処理,◎,中期キャッシュ(30分-1時間),データ更新時,1,0,[外部]ZTOTAL.sales_excluded,ZTOTAL.sales_excluded; head_office_connected_service_sales_logs.sales_excluded,-
94,ラクミーウェブ（会社）,分析画面,予実対比,フード売上 計,L0,C,店舗月次,L1,-,POS（売上・客数）,外部連携単独,POSデータから単独取得,SUMフード,SUM(ZTOTAL.sales_excluded) WHERE category = 'フード' GROUP BY year,-,head_office_item_sales_logs.sales_excluded,TITEM.sales_excluded,POS売上（商品別）,[外部]TITEM.sales_excluded,-,TITEM.sales_excluded → head_office_item_sales_logs.sales_excluded → 年間予実対比.フード売上 計,予算と実績の対比分析,スキーマ検証済,-,データソースがZTOTALかTITEMか不明,正確なテーブルを確認必要,実績算出・分析画面,実績算出,外部連携データから実績値を算出（定義元）。ダッシュボード等へ参照される。,低,低,低,高,店舗集計; 外部連携,キャッシュ・非同期処理,◎,中期キャッシュ(30分-1時間),データ更新時,1,0,[外部]TITEM.sales_excluded,TITEM.sales_excluded; head_office_item_sales_logs.sales_excluded,-
95,ラクミーウェブ（会社）,分析画面,予実対比,ドリンク売上　計,L0,C,店舗月次,L1,-,POS（売上・客数）,外部連携単独,POSデータから単独取得,SUMドリンク,SUM(ZTOTAL.sales_excluded) WHERE category = 'ドリンク' GROUP BY year,-,head_office_item_sales_logs.sales_excluded,TITEM.sales_excluded,POS売上（商品別）,[外部]TITEM.sales_excluded,-,TITEM.sales_excluded → head_office_item_sales_logs.sales_excluded → 年間予実対比.ドリンク売上 計,予算と実績の対比分析,スキーマ検証済,-,データソースがZTOTALかTITEMか不明,正確なテーブルを確認必要,実績算出・分析画面,実績算出,外部連携データから実績値を算出（定義元）。ダッシュボード等へ参照される。,低,低,低,高,店舗集計; 外部連携,キャッシュ・非同期処理,◎,中期キャッシュ(30分-1時間),データ更新時,1,0,[外部]TITEM.sales_excluded,TITEM.sales_excluded; head_office_item_sales_logs.sales_excluded,-
96,ラクミーウェブ（会社）,分析画面,予実対比,その他売上 計 （サービス料等）,L0,C,店舗月次,L1,-,POS（売上・客数）,外部連携単独,POSデータから単独取得,SUM,SUM(ZTOTAL.service_charge_1) GROUP BY year,-,z_totals.service_charge_1,ZTOTAL.service_charge_1,POS売上（日別集計）,[外部]ZTOTAL.service_charge_1,-,ZTOTAL.service_charge_1 → z_totals.service_charge_1 → 年間予実対比.その他売上 計 (サービス料等),予算と実績の対比分析,外部連携検証済,データソース: POS（売上・客数）,-,-,実績算出・分析画面,実績算出,外部連携データから実績値を算出（定義元）。ダッシュボード等へ参照される。,低,低,低,高,店舗集計; 外部連携,キャッシュ・非同期処理,◎,中期キャッシュ(30分-1時間),データ更新時,1,0,[外部]ZTOTAL.service_charge_1,ZTOTAL.service_charge_1; z_totals.service_charge_1,-
97,ラクミーウェブ（会社）,分析画面,予実対比,その他売上ランチ,L0,C,店舗月次,L1,-,POS（売上・客数）,外部連携単独,POSデータから単独取得,SUM(その他かつ時間フィルタ),SUM(TITEM.sales_excluded) WHERE category = 'その他' AND order_time BETWEEN 11:00 AND 15:00 GROUP BY year,-,head_office_item_sales_logs.sales_excluded,TITEM.sales_excluded,POS売上（商品別）,[外部]TITEM.sales_excluded,-,TITEM.sales_excluded → head_office_item_sales_logs.sales_excluded → 年間予実対比.その他売上ランチ,予算と実績の対比分析,スキーマ検証済,-,-,-,実績算出・分析画面,実績算出,外部連携データから実績値を算出（定義元）。ダッシュボード等へ参照される。,低,低,低,高,店舗集計; 外部連携,キャッシュ・非同期処理,◎,中期キャッシュ(30分-1時間),データ更新時,1,0,[外部]TITEM.sales_excluded,TITEM.sales_excluded; head_office_item_sales_logs.sales_excluded,-
98,ラクミーウェブ（会社）,分析画面,予実対比,その他売上ディナー,L0,C,店舗月次,L1,-,POS（売上・客数）,外部連携単独,POSデータから単独取得,SUM(その他かつ時間フィルタ),SUM(TITEM.sales_excluded) WHERE category = 'その他' AND order_time BETWEEN 17:00 AND 23:00 GROUP BY year,-,head_office_item_sales_logs.sales_excluded,TITEM.sales_excluded,POS売上（商品別）,[外部]TITEM.sales_excluded,-,TITEM.sales_excluded → head_office_item_sales_logs.sales_excluded → 年間予実対比.その他売上ディナー,予算と実績の対比分析,スキーマ検証済,-,-,-,実績算出・分析画面,実績算出,外部連携データから実績値を算出（定義元）。ダッシュボード等へ参照される。,低,低,低,高,店舗集計; 外部連携,キャッシュ・非同期処理,◎,中期キャッシュ(30分-1時間),データ更新時,1,0,[外部]TITEM.sales_excluded,TITEM.sales_excluded; head_office_item_sales_logs.sales_excluded,-
99,ラクミーウェブ（会社）,分析画面,予実対比,FLコスト　計,L3,C,店舗月次,L1,-,計算項目,外部連携×外部連携,インフォマート仕入とKOT人件費の組合せ,SUM,SUM(tax_excluded_total) + SUM(head_office_connected_service_labor_costs_logs.labor_costs) GROUP BY year,-,"infomart_transactions.total_tax_excluded, head_office_connected_service_labor_costs_logs.labor_costs","infomart_transactions.total_tax_excluded, head_office_connected_service_labor_costs_logs.labor_costs","インフォマート（仕入）, 勤怠（KOT/ジョブカン）",-,-,tax_excluded_total / head_office_connected_service_labor_costs_logs.labor_costs → infomart_transactions.total_tax_excluded / head_office_connected_service_labor_costs_logs.labor_costs → 年間予実対比.FLコスト 計,予算と実績の対比分析,スキーマ検証済,-,FLコストの定義(FD仕入+人件費)が正しいか不明,FLコストの演算式を確認必要,実績算出・分析画面,実績算出・分析,予実対比画面で算出・表示。実績算出と分析表示の両方の役割。,中,中,中,高,外部連携; 複数ソース,キャッシュ・非同期処理,◎,中期キャッシュ(30分-1時間),データ更新時,0,0,-,"infomart_transactions.total_tax_excluded, head_office_connected_service_labor_costs_logs.labor_costs; infomart_transactions.total_tax_excluded, head_office_connected_service_labor_costs_logs.labor_costs",-
100,ラクミーウェブ（会社）,分析画面,予実対比,FD仕入　計,L0,C,店舗月次,L1,-,インフォマート（仕入）,外部連携単独,インフォマート仕入データから単独取得,SUM,"SUM(tax_excluded_total) WHERE category IN ('フード', 'ドリンク') GROUP BY year",-,infomart_transactions.total_tax_excluded,infomart_transactions.total_tax_excluded,インフォマート（仕入）,[外部]infomart_transactions.total_tax_excluded,-,tax_excluded_total → infomart_transactions.total_tax_excluded → 年間予実対比.FD仕入 計,予算と実績の対比分析,スキーマ検証済,-,-,-,実績算出・分析画面,実績算出,外部連携データから実績値を算出（定義元）。ダッシュボード等へ参照される。,中,低,中,高,店舗集計; 外部連携,キャッシュ・非同期処理,◎,中期キャッシュ(30分-1時間),データ更新時,1,0,[外部]infomart_transactions.total_tax_excluded,infomart_transactions.total_tax_excluded; infomart_transactions.total_tax_excluded,-
101,ラクミーウェブ（会社）,分析画面,予実対比,人件費　計,L0,C,店舗月次,L1,-,KOT（勤怠・人件費）,外部連携単独,KOT/ジョブカン勤怠データから単独取得,SUM,SUM(head_office_connected_service_labor_costs_logs.labor_costs) GROUP BY year,-,head_office_connected_service_labor_costs_logs.labor_costs,head_office_connected_service_labor_costs_logs.labor_costs,勤怠（KOT/ジョブカン）,[外部]head_office_connected_service_labor_costs_logs.labor_costs,-,head_office_connected_service_labor_costs_logs.labor_costs → head_office_connected_service_labor_costs_logs.labor_costs → 年間予実対比.人件費 計,予算と実績の対比分析,スキーマ検証済,-,-,-,実績算出・分析画面,実績算出,外部連携データから実績値を算出（定義元）。ダッシュボード等へ参照される。,低,低,低,高,店舗集計; 外部連携,キャッシュ・非同期処理,◎,中期キャッシュ(30分-1時間),データ更新時,1,0,[外部]head_office_connected_service_labor_costs_logs.labor_costs,head_office_connected_service_labor_costs_logs.labor_costs; head_office_connected_service_labor_costs_logs.labor_costs,-
102,ラクミーウェブ（会社）,分析画面,予実対比,その他経費　計,L1,C,店舗月次,L1,-,計算項目,費用設定参照,費用設定で設定した経費項目を参照,SUM,SUM(monthly_costs.value) WHERE cost_type = '経費' GROUP BY year,-,monthly_costs.value,-,ユーザー入力（費用設定）,-,-,monthly_costs.value → 年間予実対比.その他経費 計,予算と実績の対比分析,スキーマ検証済,-,-,-,実績算出・分析画面,実績算出,実績値を算出（定義元）。予実差額や各種比率の算出に使用。,低,中,中,低,-,監視継続,◎,短期キャッシュ(1-5分),画面表示時,0,0,-,-; monthly_costs.value,-
103,ラクミーウェブ（会社）,分析画面,予実対比,ラクミー利用料,L3,C,店舗月次,L1,-,計算項目,費用設定参照,費用設定で設定した経費項目を参照,費目フィルタ,monthly_costs.value WHERE cost_item = 'ラクミー利用料',-,monthly_costs.value,-,ユーザー入力（費用設定）,-,-,monthly_costs.value → 年間予実対比.ラクミー利用料,予算と実績の対比分析,スキーマ検証済,-,費目名が正確か不明,費目マスタで正式名称を確認必要,実績算出・分析画面,実績算出・分析,予実対比画面で算出・表示。実績算出と分析表示の両方の役割。,低,中,中,低,-,監視継続,◎,短期キャッシュ(1-5分),画面表示時,0,0,-,-; monthly_costs.value,-
104,ラクミーウェブ（会社）,分析画面,予実対比,レジ利用料,L1,C,店舗月次,L1,-,計算項目,費用設定参照,費用設定で設定した経費項目を参照,費目フィルタ,monthly_costs.value WHERE cost_item = 'レジ利用料',-,monthly_costs.value,-,ユーザー入力（費用設定）,-,-,monthly_costs.value → 年間予実対比.レジ利用料,予算と実績の対比分析,スキーマ検証済,-,-,-,実績算出・分析画面,実績算出・分析,予実対比画面で算出・表示。実績算出と分析表示の両方の役割。,低,中,中,低,-,監視継続,◎,短期キャッシュ(1-5分),画面表示時,0,0,-,-; monthly_costs.value,-
105,ラクミーウェブ（会社）,分析画面,予実対比,借入金返済,L1,C,店舗月次,L1,-,計算項目,費用設定参照,費用設定で設定した経費項目を参照,費目フィルタ,monthly_costs.value WHERE cost_item = '借入金返済',-,monthly_costs.value,-,ユーザー入力（費用設定）,-,-,monthly_costs.value → 年間予実対比.借入金返済,予算と実績の対比分析,スキーマ検証済,-,-,-,実績算出・分析画面,実績算出・分析,予実対比画面で算出・表示。実績算出と分析表示の両方の役割。,低,中,中,低,-,監視継続,◎,短期キャッシュ(1-5分),画面表示時,0,0,-,-; monthly_costs.value,-
106,ラクミーウェブ（会社）,分析画面,予実対比,フード売上ランチ,L0,C,店舗月次,L1,-,POS（売上・客数）,外部連携単独,POSデータから単独取得,SUM(フードかつ時間フィルタ),SUM(TITEM.sales_excluded) WHERE category = 'フード' AND order_time BETWEEN 11:00 AND 15:00 GROUP BY year,-,head_office_item_sales_logs.sales_excluded,TITEM.sales_excluded,POS売上（商品別）,[外部]TITEM.sales_excluded,-,TITEM.sales_excluded → head_office_item_sales_logs.sales_excluded → 年間予実対比.フード売上ランチ,予算と実績の対比分析,スキーマ検証済,-,-,-,実績算出・分析画面,実績算出,外部連携データから実績値を算出（定義元）。ダッシュボード等へ参照される。,低,低,低,高,店舗集計; 外部連携,キャッシュ・非同期処理,◎,中期キャッシュ(30分-1時間),データ更新時,1,0,[外部]TITEM.sales_excluded,TITEM.sales_excluded; head_office_item_sales_logs.sales_excluded,-
107,ラクミーウェブ（会社）,分析画面,予実対比,フード売上ディナー,L0,C,店舗月次,L1,-,POS（売上・客数）,外部連携単独,POSデータから単独取得,SUM(フードかつ時間フィルタ),SUM(TITEM.sales_excluded) WHERE category = 'フード' AND order_time BETWEEN 17:00 AND 23:00 GROUP BY year,-,head_office_item_sales_logs.sales_excluded,TITEM.sales_excluded,POS売上（商品別）,[外部]TITEM.sales_excluded,-,TITEM.sales_excluded → head_office_item_sales_logs.sales_excluded → 年間予実対比.フード売上ディナー,予算と実績の対比分析,スキーマ検証済,-,-,-,実績算出・分析画面,実績算出,外部連携データから実績値を算出（定義元）。ダッシュボード等へ参照される。,低,低,低,高,店舗集計; 外部連携,キャッシュ・非同期処理,◎,中期キャッシュ(30分-1時間),データ更新時,1,0,[外部]TITEM.sales_excluded,TITEM.sales_excluded; head_office_item_sales_logs.sales_excluded,-
108,ラクミーウェブ（会社）,分析画面,予実対比,ドリンク売上ランチ,L0,C,店舗月次,L1,-,POS（売上・客数）,外部連携単独,POSデータから単独取得,SUM(ドリンクかつ時間フィルタ),SUM(TITEM.sales_excluded) WHERE category = 'ドリンク' AND order_time BETWEEN 11:00 AND 15:00 GROUP BY year,-,head_office_item_sales_logs.sales_excluded,TITEM.sales_excluded,POS売上（商品別）,[外部]TITEM.sales_excluded,-,TITEM.sales_excluded → head_office_item_sales_logs.sales_excluded → 年間予実対比.ドリンク売上ランチ,予算と実績の対比分析,スキーマ検証済,-,-,-,実績算出・分析画面,実績算出,外部連携データから実績値を算出（定義元）。ダッシュボード等へ参照される。,低,低,低,高,店舗集計; 外部連携,キャッシュ・非同期処理,◎,中期キャッシュ(30分-1時間),データ更新時,1,0,[外部]TITEM.sales_excluded,TITEM.sales_excluded; head_office_item_sales_logs.sales_excluded,-
109,ラクミーウェブ（会社）,分析画面,予実対比,ドリンク売上ディナー,L0,C,店舗月次,L1,-,POS（売上・客数）,外部連携単独,POSデータから単独取得,SUM(ドリンクかつ時間フィルタ),SUM(TITEM.sales_excluded) WHERE category = 'ドリンク' AND order_time BETWEEN 17:00 AND 23:00 GROUP BY year,-,head_office_item_sales_logs.sales_excluded,TITEM.sales_excluded,POS売上（商品別）,[外部]TITEM.sales_excluded,-,TITEM.sales_excluded → head_office_item_sales_logs.sales_excluded → 年間予実対比.ドリンク売上ディナー,予算と実績の対比分析,スキーマ検証済,-,-,-,実績算出・分析画面,実績算出,外部連携データから実績値を算出（定義元）。ダッシュボード等へ参照される。,低,低,低,高,店舗集計; 外部連携,キャッシュ・非同期処理,◎,中期キャッシュ(30分-1時間),データ更新時,1,0,[外部]TITEM.sales_excluded,TITEM.sales_excluded; head_office_item_sales_logs.sales_excluded,-
110,ラクミーウェブ（会社）,分析画面,予実対比,フード仕入,L0,C,店舗月次,L1,-,インフォマート（仕入）,外部連携単独,インフォマート仕入データから単独取得,SUMフード,SUM(infomart_transactions.total_tax_excluded) WHERE category = 'フード' GROUP BY year,-,infomart_transactions.total_tax_excluded,infomart_transactions.total_tax_excluded,インフォマート（仕入）,[外部]infomart_transactions.total_tax_excluded,-,infomart_transactions.total_tax_excluded → infomart_transactions.total_tax_excluded → 年間予実対比.フード仕入,予算と実績の対比分析,外部連携検証済,infomart_transactions.total_tax_excluded → infomart_transactions.total_tax_excluded,-,-,実績算出・分析画面,実績算出,外部連携データから実績値を算出（定義元）。ダッシュボード等へ参照される。,低,低,低,高,店舗集計; 外部連携,キャッシュ・非同期処理,◎,中期キャッシュ(30分-1時間),データ更新時,1,0,[外部]infomart_transactions.total_tax_excluded,infomart_transactions.total_tax_excluded; infomart_transactions.total_tax_excluded,-
111,ラクミーウェブ（会社）,分析画面,予実対比,ドリンク仕入,L0,C,店舗月次,L1,-,インフォマート（仕入）,外部連携単独,インフォマート仕入データから単独取得,SUMドリンク,SUM(infomart_transactions.total_tax_excluded) WHERE category = 'ドリンク' GROUP BY year,-,infomart_transactions.total_tax_excluded,infomart_transactions.total_tax_excluded,インフォマート（仕入）,[外部]infomart_transactions.total_tax_excluded,-,infomart_transactions.total_tax_excluded → infomart_transactions.total_tax_excluded → 年間予実対比.ドリンク仕入,予算と実績の対比分析,外部連携検証済,infomart_transactions.total_tax_excluded → infomart_transactions.total_tax_excluded,-,-,実績算出・分析画面,実績算出,外部連携データから実績値を算出（定義元）。ダッシュボード等へ参照される。,低,低,低,高,店舗集計; 外部連携,キャッシュ・非同期処理,◎,中期キャッシュ(30分-1時間),データ更新時,1,0,[外部]infomart_transactions.total_tax_excluded,infomart_transactions.total_tax_excluded; infomart_transactions.total_tax_excluded,-
112,ラクミーウェブ（会社）,分析画面,予実対比,固定人件費,L0,C,店舗月次,L1,-,KOT（勤怠・人件費）,外部連携単独,KOT/ジョブカン勤怠データから単独取得,SUM月給者,SUM(head_office_connected_service_labor_costs_logs.labor_costs) WHERE employee_type = '月給者' GROUP BY year,-,head_office_connected_service_labor_costs_logs.labor_costs,head_office_connected_service_labor_costs_logs.labor_costs,勤怠（KOT/ジョブカン）,[外部]head_office_connected_service_labor_costs_logs.labor_costs,-,head_office_connected_service_labor_costs_logs.labor_costs → head_office_connected_service_labor_costs_logs.labor_costs → 年間予実対比.固定人件費,予算と実績の対比分析,スキーマ検証済,-,-,-,実績算出・分析画面,実績算出,外部連携データから実績値を算出（定義元）。ダッシュボード等へ参照される。,低,低,低,高,店舗集計; 外部連携,キャッシュ・非同期処理,◎,中期キャッシュ(30分-1時間),データ更新時,1,0,[外部]head_office_connected_service_labor_costs_logs.labor_costs,head_office_connected_service_labor_costs_logs.labor_costs; head_office_connected_service_labor_costs_logs.labor_costs,-
113,ラクミーウェブ（会社）,分析画面,予実対比,PA人件費,L0,C,店舗月次,L1,-,KOT（勤怠・人件費）,外部連携単独,KOT/ジョブカン勤怠データから単独取得,SUM年間,SUM(head_office_employee_working_records.daily_cost) GROUP BY year,-,head_office_employee_working_records.daily_cost,head_office_employee_working_records.daily_cost,-,[外部]head_office_employee_working_records.daily_cost,-,head_office_employee_working_records.daily_cost → head_office_employee_working_records.daily_cost → 年間予実対比.PA人件費,予算と実績の対比分析,外部連携検証済,データソース: KOT（勤怠・人件費）,-,-,実績算出・分析画面,実績算出,外部連携データから実績値を算出（定義元）。ダッシュボード等へ参照される。,低,低,低,高,店舗集計; 外部連携,キャッシュ・非同期処理,◎,中期キャッシュ(30分-1時間),データ更新時,1,0,[外部]head_office_employee_working_records.daily_cost,head_office_employee_working_records.daily_cost; head_office_employee_working_records.daily_cost,-
114,ラクミーウェブ（会社）,分析画面,予実対比,ヘルプ人件費,L0,C,店舗月次,L1,画面間,計算項目,外部連携×外部連携,KOT内の複数データ組合せ,help_costs-help_costs_minus,店舗別人件費.ヘルプ人件費 - 店舗別人件費.ヘルプ人件費マイナス,-,"head_office_connected_service_labor_costs_logs.help_costs, head_office_connected_service_labor_costs_logs.help_costs_minus","head_office_connected_service_labor_costs_logs.help_costs, head_office_connected_service_labor_costs_logs.help_costs_minus",勤怠（KOT/ジョブカン）,SUM(紐づく店舗.予実対比.ヘルプ人件費),-,head_office_connected_service_labor_costs_logs.help_costs / head_office_connected_service_labor_costs_logs.help_costs_minus → head_office_connected_service_labor_costs_logs.help_costs / head_office_connected_service_labor_costs_logs.help_costs_minus → 年間予実対比.ヘルプ人件費,予算と実績の対比分析,外部連携検証済,head_office_connected_service_labor_costs_logs.help_costs → head_office_connected_service_labor_costs_logs.help_costs,-,-,実績算出・分析画面,実績算出,実績値を算出（定義元）。予実差額や各種比率の算出に使用。,中,中,中,最高,画面間参照; 外部連携; 複数ソース; 集計処理,スナップショット化・事前計算,◎,長期キャッシュ(1時間以上),日次バッチ,2,0,SUM(紐づく店舗.予実対比.ヘルプ人件費),"head_office_connected_service_labor_costs_logs.help_costs, head_office_connected_service_labor_costs_logs.help_costs_minus; head_office_connected_service_labor_costs_logs.help_costs, head_office_connected_service_labor_costs_logs.help_costs_minus",-
115,ラクミーウェブ（会社）,分析画面,予実対比,地代家賃,L1,C,店舗月次,L1,-,計算項目,費用設定参照,費用設定で設定した経費項目を参照,費目=家賃,monthly_costs.value WHERE cost_item = '家賃' GROUP BY year,-,monthly_costs.value,-,ユーザー入力（費用設定）,-,-,monthly_costs.value → 年間予実対比.地代家賃,予算と実績の対比分析,スキーマ検証済,-,-,-,実績算出・分析画面,実績算出・分析,予実対比画面で算出・表示。実績算出と分析表示の両方の役割。,低,中,中,低,-,監視継続,◎,短期キャッシュ(1-5分),画面表示時,0,0,-,-; monthly_costs.value,-
116,ラクミーウェブ（会社）,分析画面,予実対比,資材費,L1,C,店舗月次,L1,-,計算項目,費用設定参照,費用設定で設定した経費項目を参照,費目=資材費,monthly_costs.value WHERE cost_item = '資材費' GROUP BY year,-,monthly_costs.value,-,ユーザー入力（費用設定）,-,-,monthly_costs.value → 年間予実対比.資材費,予算と実績の対比分析,スキーマ検証済,-,-,-,実績算出・分析画面,実績算出・分析,予実対比画面で算出・表示。実績算出と分析表示の両方の役割。,低,中,中,低,-,監視継続,◎,短期キャッシュ(1-5分),画面表示時,0,0,-,-; monthly_costs.value,-
117,ラクミーウェブ（会社）,分析画面,予実対比,水道光熱費,L1,C,店舗月次,L1,-,計算項目,費用設定参照,費用設定で設定した経費項目を参照,費目=水道光熱費,monthly_costs.value WHERE cost_item = '水道光熱費' GROUP BY year,-,monthly_costs.value,-,ユーザー入力（費用設定）,-,-,monthly_costs.value → 年間予実対比.水道光熱費,予算と実績の対比分析,スキーマ検証済,-,-,-,実績算出・分析画面,実績算出・分析,予実対比画面で算出・表示。実績算出と分析表示の両方の役割。,低,中,中,低,-,監視継続,◎,短期キャッシュ(1-5分),画面表示時,0,0,-,-; monthly_costs.value,-
118,ラクミーウェブ（会社）,分析画面,予実対比,減価償却費,L1,C,店舗月次,L1,-,計算項目,費用設定参照,費用設定で設定した経費項目を参照,費目=減価償却費,monthly_costs.value WHERE cost_item = '減価償却費' GROUP BY year,-,monthly_costs.value,-,ユーザー入力（費用設定）,-,-,monthly_costs.value → 年間予実対比.減価償却費,予算と実績の対比分析,スキーマ検証済,-,-,-,実績算出・分析画面,実績算出・分析,予実対比画面で算出・表示。実績算出と分析表示の両方の役割。,低,中,中,低,-,監視継続,◎,短期キャッシュ(1-5分),画面表示時,0,0,-,-; monthly_costs.value,-
119,ラクミーウェブ（会社）,分析画面,予実対比,販促費,L1,C,店舗月次,L1,-,計算項目,費用設定参照,費用設定で設定した経費項目を参照,費目=販促費,monthly_costs.value WHERE cost_item = '販促費' GROUP BY year,-,monthly_costs.value,-,ユーザー入力（費用設定）,-,-,monthly_costs.value → 年間予実対比.販促費,予算と実績の対比分析,スキーマ検証済,-,-,-,実績算出・分析画面,実績算出・分析,予実対比画面で算出・表示。実績算出と分析表示の両方の役割。,低,中,中,低,-,監視継続,◎,短期キャッシュ(1-5分),画面表示時,0,0,-,-; monthly_costs.value,-
68,ラクミーウェブ（会社）,分析画面,仕入先分析,仕入れ先,L0,D,店舗月次,L1,-,インフォマート（仕入）,外部連携単独,インフォマート仕入データから単独取得,マスタ参照,member_name_partner.client_name,-,infomart_orders.client_name,member_name_partner.client_name,-,[外部]member_name_partner.client_name,商品別仕入分析.仕入れ先,member_name_partner.client_name → infomart_orders.client_name → 仕入別分析.仕入れ先,仕入先別の分析,外部連携検証済,member_name_partner.client_name → infomart_transactions.client_name,-,-,分析画面,既存指標,実画面に表示されている指標（分析画面）。,中,低,中,高,店舗集計; 外部連携,キャッシュ・非同期処理,◎,中期キャッシュ(30分-1時間),データ更新時,1,1,[外部]member_name_partner.client_name,member_name_partner.client_name; infomart_orders.client_name,商品別仕入分析.仕入れ先
69,ラクミーウェブ（会社）,分析画面,仕入先分析,金額（税抜）,L0,C,店舗月次,L1,-,インフォマート（仕入）,外部連携単独,インフォマート仕入データから単独取得,SUM仕入先別,SUM(infomart_transactions.total_tax_excluded) GROUP BY client_name,-,infomart_transactions.total_tax_excluded,infomart_transactions.total_tax_excluded,インフォマート（仕入）,[外部]infomart_transactions.total_tax_excluded,"仕入別分析.比率, 商品仕入単価, 商品別仕入分析, 費目別仕入分析",infomart_transactions.total_tax_excluded → infomart_transactions.total_tax_excluded → 仕入別分析.金額税抜,仕入先別の分析,外部連携検証済,infomart_transactions.total_tax_excluded → infomart_transactions.total_tax_excluded,-,-,分析画面,既存指標,実画面に表示されている指標（分析画面）。,中,低,中,高,店舗集計; 外部連携,キャッシュ・非同期処理,◎,中期キャッシュ(30分-1時間),データ更新時,1,1,[外部]infomart_transactions.total_tax_excluded,infomart_transactions.total_tax_excluded; infomart_transactions.total_tax_excluded,"仕入別分析.比率, 商品仕入単価, 商品別仕入分析, 費目別仕入分析"
70,ラクミーウェブ（会社）,分析画面,仕入先分析,比率,L0,C,店舗月次,L1,画面内,計算項目,外部連携×外部連携,インフォマート内の複数データ組合せ,仕入先÷総仕入×100,仕入別分析.金額税抜 ÷ SUM(仕入別分析.金額税抜) × 100,-,infomart_transactions.total_tax_excluded,infomart_transactions.total_tax_excluded,インフォマート（仕入）,-,"商品別仕入分析.比率, 費目別仕入分析.比率",infomart_transactions.total_tax_excluded → infomart_transactions.total_tax_excluded → 仕入別分析.比率,仕入先別の分析,外部連携検証済,infomart_transactions.total_tax_excluded → infomart_transactions.total_tax_excluded,-,-,分析画面,既存指標,実画面に表示されている指標（分析画面）。,中,中,中,高,外部連携; 複数ソース,キャッシュ・非同期処理,◎,中期キャッシュ(30分-1時間),データ更新時,0,2,-,infomart_transactions.total_tax_excluded; infomart_transactions.total_tax_excluded,"商品別仕入分析.比率, 費目別仕入分析.比率"
71,ラクミーウェブ（会社）,分析画面,仕入費率分析,目標仕入費率,L0,B,店舗月次,L1,-,予算設定（入力）,予算設定参照,月次予算設定で設定した予算値を参照,マスタ参照,monthly_budgets.ratio,-,"monthly_budgets.food_cost_rate（またはlabor_cost_rate）, monthly_budgets.profit",-,ユーザー入力（予算設定）,[入力]monthly_budgets.food_cost_rate（またはlabor_cost_rate）,-,monthly_budgets.food_cost_rate（またはlabor_cost_rate） / monthly_budgets.profit → 仕入費率.目標仕入費率,仕入費率の分析,設定/入力検証済,データソース: 予算設定（入力）,-,-,表示画面,既存指標,実画面に表示されている指標（表示画面）。,中,中,中,低,-,監視継続,×,短期キャッシュ(1-5分),画面表示時,1,0,[入力]monthly_budgets.food_cost_rate（またはlabor_cost_rate）,"-; monthly_budgets.food_cost_rate（またはlabor_cost_rate）, monthly_budgets.profit",-
72,ラクミーウェブ（会社）,分析画面,利益率分析,目標利益率,L1,S,店舗月次,L1,-,予算設定（入力）,予算設定参照,月次予算設定で設定した予算値を参照,マスタ参照,monthly_budgets.ratio,-,"monthly_budgets.food_cost_rate（またはlabor_cost_rate）, monthly_budgets.profit",-,ユーザー入力（予算設定）,[入力]monthly_budgets.food_cost_rate（またはlabor_cost_rate）,-,monthly_budgets.food_cost_rate（またはlabor_cost_rate） / monthly_budgets.profit → 利益率.目標利益率,利益率の分析,設定/入力検証済,データソース: 予算設定（入力）,-,-,表示画面,既存指標,実画面に表示されている指標（表示画面）。,中,中,中,低,-,監視継続,×,短期キャッシュ(1-5分),画面表示時,1,0,[入力]monthly_budgets.food_cost_rate（またはlabor_cost_rate）,"-; monthly_budgets.food_cost_rate（またはlabor_cost_rate）, monthly_budgets.profit",-
73,ラクミーウェブ（会社）,分析画面,商品別仕入分析,商品,L1,D,店舗月次,L1,-,インフォマート（仕入）,外部連携単独,インフォマート仕入データから単独取得,マスタ参照,detail_list.item_name,-,infomart_order_details.item_name,detail_list.item_name,-,[外部]detail_list.item_name,ABC分析.商品,detail_list.item_name → infomart_order_details.item_name → 商品別仕入分析.商品,商品別の仕入分析,外部連携検証済,detail_list.item_name → infomart_transactions.item_name,-,-,分析画面,既存指標,実画面に表示されている指標（分析画面）。,中,低,中,高,店舗集計; 外部連携,キャッシュ・非同期処理,◎,中期キャッシュ(30分-1時間),データ更新時,1,1,[外部]detail_list.item_name,detail_list.item_name; infomart_order_details.item_name,ABC分析.商品
74,ラクミーウェブ（会社）,分析画面,商品別仕入分析,仕入れ先,L0,D,店舗月次,L1,-,インフォマート（仕入）,外部連携単独,インフォマート仕入データから単独取得,マスタ参照,member_name_partner.client_name,-,infomart_orders.client_name,member_name_partner.client_name,-,[外部]member_name_partner.client_name,仕入別分析.仕入れ先,member_name_partner.client_name → infomart_orders.client_name → 商品別仕入分析.仕入れ先,商品別の仕入分析,外部連携検証済,member_name_partner.client_name → infomart_transactions.client_name,-,-,分析画面,既存指標,実画面に表示されている指標（分析画面）。,中,低,中,高,店舗集計; 外部連携,キャッシュ・非同期処理,◎,中期キャッシュ(30分-1時間),データ更新時,1,1,[外部]member_name_partner.client_name,member_name_partner.client_name; infomart_orders.client_name,仕入別分析.仕入れ先
75,ラクミーウェブ（会社）,分析画面,商品別仕入分析,金額（税抜）,L0,C,店舗月次,L1,-,インフォマート（仕入）,外部連携単独,インフォマート仕入データから単独取得,SUM商品別,SUM(detail_list.price) GROUP BY item_name,-,infomart_order_details.price,detail_list.price,-,[外部]detail_list.price,商品別仕入分析.比率,detail_list.price → infomart_order_details.price → 商品別仕入分析.金額税抜,商品別の仕入分析,外部連携検証済,detail_list.price → infomart_transactions.price,-,-,分析画面,既存指標,実画面に表示されている指標（分析画面）。,中,低,中,高,店舗集計; 外部連携,キャッシュ・非同期処理,◎,中期キャッシュ(30分-1時間),データ更新時,1,1,[外部]detail_list.price,detail_list.price; infomart_order_details.price,商品別仕入分析.比率
76,ラクミーウェブ（会社）,分析画面,商品別仕入分析,比率,L0,C,店舗月次,L1,画面内,計算項目,外部連携×外部連携,インフォマート内の複数データ組合せ,商品÷総仕入×100,商品別仕入分析.金額税抜 ÷ SUM(商品別仕入分析.金額税抜) × 100,-,infomart_order_details.price,detail_list.price,-,-,"仕入別分析.比率, 費目別仕入分析.比率",detail_list.price → infomart_order_details.price → 商品別仕入分析.比率,商品別の仕入分析,外部連携検証済,detail_list.price → infomart_transactions.price,-,-,分析画面,既存指標,実画面に表示されている指標（分析画面）。,中,中,中,高,外部連携; 複数ソース,キャッシュ・非同期処理,◎,中期キャッシュ(30分-1時間),データ更新時,0,2,-,detail_list.price; infomart_order_details.price,"仕入別分析.比率, 費目別仕入分析.比率"
77,ラクミーウェブ（会社）,分析画面,商品別売上分析,商品単価（税抜）,L0,C,店舗月次,L1,画面内,計算項目,外部連携×外部連携,POS売上とPOS客数/商品等の組合せ,売上÷数量,商品別売上分析.売上合計税抜 ÷ 商品別売上分析.販売数量,-,"head_office_item_sales_logs.sales_excluded, head_office_item_sales_logs.quantity","TITEM.sales_excluded, TITEM.quantity",POS売上（商品別）,商品別売上分析.販売数量,ABC分析.価格,TITEM.sales_excluded / TITEM.quantity → head_office_item_sales_logs.sales_excluded / head_office_item_sales_logs.quantity → 商品別売上分析.商品単価(税抜),商品別の売上分析,スキーマ検証済,-,-,-,分析画面,既存指標,実画面に表示されている指標（分析画面）。,中,中,中,高,外部連携; 複数ソース,キャッシュ・非同期処理,◎,中期キャッシュ(30分-1時間),データ更新時,1,1,商品別売上分析.販売数量,"TITEM.sales_excluded, TITEM.quantity; head_office_item_sales_logs.sales_excluded, head_office_item_sales_logs.quantity",ABC分析.価格
78,ラクミーウェブ（会社）,分析画面,商品別売上分析,商品単価（税込）,L0,C,店舗月次,L1,画面内,計算項目,外部連携×外部連携,POS売上とPOS客数/商品等の組合せ,売上÷数量,商品別売上分析.売上合計税込 ÷ 商品別売上分析.販売数量,-,"t_items.sales, head_office_item_sales_logs.quantity","TITEM.sales, TITEM.quantity",POS売上（商品別）,商品別売上分析.販売数量,-,TITEM.sales / TITEM.quantity → t_items.sales / head_office_item_sales_logs.quantity → 商品別売上分析.商品単価税込,商品別の売上分析,外部連携検証済,TITEM.sales → head_office_item_sales_logs.sales,-,-,分析画面,既存指標,実画面に表示されている指標（分析画面）。,中,中,中,高,外部連携; 複数ソース,キャッシュ・非同期処理,◎,中期キャッシュ(30分-1時間),データ更新時,1,0,商品別売上分析.販売数量,"TITEM.sales, TITEM.quantity; t_items.sales, head_office_item_sales_logs.quantity",-
79,ラクミーウェブ（会社）,分析画面,商品別売上分析,販売数量,L0,C,店舗月次,L1,-,POS（売上・客数）,外部連携単独,POSデータから単独取得,SUM商品別,SUM(TITEM.quantity) GROUP BY item_name,-,head_office_item_sales_logs.quantity,TITEM.quantity,POS売上（商品別）,[外部]TITEM.quantity,"ABC分析.販売点数, 商品別売上分析.商品単価（税抜）",TITEM.quantity → head_office_item_sales_logs.quantity → 商品別売上分析.販売数量,商品別の売上分析,スキーマ検証済,-,-,-,分析画面,既存指標,実画面に表示されている指標（分析画面）。,中,低,中,高,店舗集計; 外部連携,キャッシュ・非同期処理,◎,中期キャッシュ(30分-1時間),データ更新時,1,2,[外部]TITEM.quantity,TITEM.quantity; head_office_item_sales_logs.quantity,"ABC分析.販売点数, 商品別売上分析.商品単価（税抜）"
80,ラクミーウェブ（会社）,分析画面,客単価分析,当月客単価（税抜）,L0,A,店舗月次,L1,画面間,計算項目,外部連携×外部連携,POS売上とPOS客数/商品等の組合せ,売上÷客数,当月実績.売上（税抜） ÷ 客数.当月客数,-,"head_office_connected_service_sales_logs.sales_excluded, head_office_connected_service_sales_logs.customers","ZTOTAL.sales_excluded, ZTOTAL.customers",POS売上（日別集計）,"当月実績.売上（税抜）, 客数.当月客数",-,ZTOTAL.sales_excluded / ZTOTAL.customers → head_office_connected_service_sales_logs.sales_excluded / head_office_connected_service_sales_logs.customers → 客単価.客単価(税抜),客単価の分析,スキーマ検証済,-,-,-,表示画面,既存指標,実画面に表示されている指標（表示画面）。,中,中,中,最高,画面間参照; 外部連携; 複数ソース,スナップショット化・事前計算,◎,長期キャッシュ(1時間以上),日次バッチ,2,0,"当月実績.売上（税抜）, 客数.当月客数","ZTOTAL.sales_excluded, ZTOTAL.customers; head_office_connected_service_sales_logs.sales_excluded, head_office_connected_service_sales_logs.customers",-
81,ラクミーウェブ（会社）,分析画面,客数分析,当月客数,L0,A,店舗月次,L1,-,POS（売上・客数）,外部連携単独,POSデータから単独取得,SUM月別,SUM(ZTOTAL.customers) GROUP BY year_month,-,head_office_connected_service_sales_logs.customers,ZTOTAL.customers,POS売上（日別集計）,[外部]ZTOTAL.customers,年間予実対比.客単価,ZTOTAL.customers → head_office_connected_service_sales_logs.customers → 客数.当月客数,客数の分析,スキーマ検証済,-,-,-,表示画面,既存指標,実画面に表示されている指標（表示画面）。,中,低,中,高,店舗集計; 外部連携,キャッシュ・非同期処理,◎,中期キャッシュ(30分-1時間),データ更新時,1,1,[外部]ZTOTAL.customers,ZTOTAL.customers; head_office_connected_service_sales_logs.customers,年間予実対比.客単価
82,ラクミーウェブ（会社）,分析画面,平均単価推移,仕入商品ラベル,L3,D,店舗月次,L1,-,インフォマート（仕入）,外部連携単独,インフォマート仕入データから単独取得,ラベルマスタ,detail_list.item_name,-,infomart_order_details.item_name,detail_list.item_name,-,[外部]detail_list.item_name,商品仕入単価.アイテム,detail_list.item_name → infomart_order_details.item_name → 平均単価推移.仕入商品ラベル,平均単価の推移分析,外部連携検証済,detail_list.item_name → infomart_transactions.item_name,-,-,分析画面,既存指標,実画面に表示されている指標（分析画面）。,中,低,中,高,店舗集計; 外部連携,キャッシュ・非同期処理,◎,中期キャッシュ(30分-1時間),データ更新時,1,1,[外部]detail_list.item_name,detail_list.item_name; infomart_order_details.item_name,商品仕入単価.アイテム
83,ラクミーウェブ（会社）,分析画面,平均単価推移,仕入金額（税抜）,L0,C,店舗月次,L1,-,インフォマート（仕入）,外部連携単独,インフォマート仕入データから単独取得,SUM月別,SUM(detail_list.price) GROUP BY year_month,-,infomart_order_details.price,detail_list.price,-,[外部]detail_list.price,平均単価推移.平均単価,detail_list.price → infomart_order_details.price → 平均単価推移.仕入金額(税抜),平均単価の推移分析,外部連携検証済,detail_list.price → infomart_transactions.price,-,-,分析画面,既存指標,実画面に表示されている指標（分析画面）。,中,低,中,高,店舗集計; 外部連携,キャッシュ・非同期処理,◎,中期キャッシュ(30分-1時間),データ更新時,1,1,[外部]detail_list.price,detail_list.price; infomart_order_details.price,平均単価推移.平均単価
84,ラクミーウェブ（会社）,分析画面,平均単価推移,数量,L0,C,店舗月次,L1,-,インフォマート（仕入）,外部連携単独,インフォマート仕入データから単独取得,SUM月別,SUM(detail_list.num) GROUP BY year_month,-,infomart_order_details.num,detail_list.num,-,[外部]detail_list.num,"商品仕入単価, 平均単価推移.平均単価",detail_list.num → infomart_order_details.num → 平均単価推移.数量,平均単価の推移分析,外部連携検証済,detail_list.num → infomart_transactions.num,-,-,分析画面,既存指標,実画面に表示されている指標（分析画面）。,中,低,中,高,店舗集計; 外部連携,キャッシュ・非同期処理,◎,中期キャッシュ(30分-1時間),データ更新時,1,1,[外部]detail_list.num,detail_list.num; infomart_order_details.num,"商品仕入単価, 平均単価推移.平均単価"
85,ラクミーウェブ（会社）,分析画面,平均単価推移,平均単価,L0,C,店舗月次,L1,画面内,計算項目,外部連携×外部連携,インフォマート内の複数データ組合せ,金額÷数量,平均単価推移.仕入金額税抜 ÷ 平均単価推移.数量,-,"infomart_order_details.price, infomart_order_details.num","detail_list.price, detail_list.num",-,平均単価推移.数量,"商品仕入単価, 平均単価推移.平均単価推移",detail_list.price / detail_list.num → infomart_order_details.price / infomart_order_details.num → 平均単価推移.平均単価,平均単価の推移分析,外部連携検証済,detail_list.price → infomart_transactions.price,-,-,分析画面,既存指標,実画面に表示されている指標（分析画面）。,低,中,中,高,外部連携; 複数ソース,キャッシュ・非同期処理,◎,中期キャッシュ(30分-1時間),データ更新時,1,1,平均単価推移.数量,"detail_list.price, detail_list.num; infomart_order_details.price, infomart_order_details.num","商品仕入単価, 平均単価推移.平均単価推移"
86,ラクミーウェブ（会社）,分析画面,平均単価推移,平均単価推移,L1,C,全店舗,L2-C,画面内,計算項目,演算×演算,複数の演算結果の組合せ,直近6ヶ月の平均単価推移,平均単価推移.平均単価 WHERE year_month >= NOW() - 6months,平均単価推移.平均単価,-,-,-,平均単価推移.平均単価,-,平均単価推移.平均単価 → 平均単価推移.平均単価推移(6ヶ月),平均単価の推移分析,演算検証済,インプット元: 平均単価推移.平均単価,-,-,分析画面,既存指標,実画面に表示されている指標（分析画面）。,低,高,中,高,複数ソース; 複合演算,キャッシュ・非同期処理,◎,中期キャッシュ(30分-1時間),データ更新時,1,0,平均単価推移.平均単価,-; -,-
253,ラクミーウェブ（会社）,分析画面,年間予実対比,月次実績_総売上 計,L0,A,全店舗年次,L1,-,POS（売上・客数）,外部連携単独,POSデータから月次売上合計を取得,SUM月次,SUM(ZTOTAL.sales_excluded) GROUP BY year_month,-,head_office_connected_service_sales_logs.sales_excluded,ZTOTAL.sales_excluded,POS売上（日別集計）,[外部]ZTOTAL.sales_excluded,-,ZTOTAL.sales_excluded → 年間予実対比.月次実績_総売上 計,-,外部連携検証済,月次実績データ,-,-,分析画面,月次実績値,月単位の実績値（外部連携データから取得）,低,低,低,中,外部連携,インデックス最適化,○,中期キャッシュ(5-30分),データ連携時,1,0,[外部]ZTOTAL.sales_excluded,ZTOTAL.sales_excluded; head_office_connected_service_sales_logs.sales_excluded,-
254,ラクミーウェブ（会社）,分析画面,年間予実対比,月次実績_フード売上 計,L0,B,全店舗年次,L1,-,POS（売上・客数）,外部連携単独,POSデータからフード売上月次合計を取得,SUMフード月次,SUM(TITEM.sales_excluded) WHERE category = 'フード' GROUP BY year_month,-,head_office_item_sales_logs.sales_excluded,TITEM.sales_excluded,POS売上（商品別）,[外部]TITEM.sales_excluded,-,TITEM.sales_excluded → 年間予実対比.月次実績_フード売上 計,-,外部連携検証済,月次実績データ,-,-,分析画面,月次実績値,月単位の実績値（外部連携データから取得）,低,低,低,中,外部連携,インデックス最適化,○,中期キャッシュ(5-30分),データ連携時,1,0,[外部]TITEM.sales_excluded,TITEM.sales_excluded; head_office_item_sales_logs.sales_excluded,-
255,ラクミーウェブ（会社）,分析画面,年間予実対比,月次実績_ドリンク売上 計,L0,B,全店舗年次,L1,-,POS（売上・客数）,外部連携単独,POSデータからドリンク売上月次合計を取得,SUMドリンク月次,SUM(TITEM.sales_excluded) WHERE category = 'ドリンク' GROUP BY year_month,-,head_office_item_sales_logs.sales_excluded,TITEM.sales_excluded,POS売上（商品別）,[外部]TITEM.sales_excluded,-,TITEM.sales_excluded → 年間予実対比.月次実績_ドリンク売上 計,-,外部連携検証済,月次実績データ,-,-,分析画面,月次実績値,月単位の実績値（外部連携データから取得）,低,低,低,中,外部連携,インデックス最適化,○,中期キャッシュ(5-30分),データ連携時,1,0,[外部]TITEM.sales_excluded,TITEM.sales_excluded; head_office_item_sales_logs.sales_excluded,-
256,ラクミーウェブ（会社）,分析画面,年間予実対比,月次実績_その他売上 計,L0,C,全店舗年次,L1,-,POS（売上・客数）,外部連携単独,POSデータからその他売上月次合計を取得,SUMその他月次,SUM(ZTOTAL.service_charge_1) GROUP BY year_month,-,z_totals.service_charge_1,ZTOTAL.service_charge_1,POS売上（日別集計）,[外部]ZTOTAL.service_charge_1,-,ZTOTAL.service_charge_1 → 年間予実対比.月次実績_その他売上 計,-,外部連携検証済,月次実績データ,-,-,分析画面,月次実績値,月単位の実績値（外部連携データから取得）,低,低,低,中,外部連携,インデックス最適化,○,中期キャッシュ(5-30分),データ連携時,1,0,[外部]ZTOTAL.service_charge_1,ZTOTAL.service_charge_1; z_totals.service_charge_1,-
257,ラクミーウェブ（会社）,分析画面,年間予実対比,月次実績_FLコスト 計,L1,A,全店舗年次,L2-S,画面内,計算項目,画面内演算,月次FD仕入+月次人件費の合計,月次実績_FD仕入 計 + 月次実績_人件費 計,FD仕入 + 人件費,月次実績,-,-,画面内演算,"年間予実対比.月次実績_FD仕入 計, 年間予実対比.月次実績_人件費 計",-,FD仕入 + 人件費 → 年間予実対比.月次実績_FLコスト 計,-,演算検証済,月次実績データ,-,-,分析画面,月次実績値,月単位の実績値（画面内演算）,中,高,高,低,-,監視継続,○,短期キャッシュ(1-5分),画面表示時,2,0,"年間予実対比.月次実績_FD仕入 計, 年間予実対比.月次実績_人件費 計",-; -,-
258,ラクミーウェブ（会社）,分析画面,年間予実対比,月次実績_FD仕入 計,L0,A,全店舗年次,L1,-,インフォマート（仕入）,外部連携単独,インフォマート仕入データから月次FD仕入合計を取得,SUMFD月次,SUM(infomart_transactions.total_tax_excluded) WHERE category IN ('フード',ドリンク') GROUP BY year_month,-,infomart_transactions.total_tax_excluded,infomart_transactions.total_tax_excluded,インフォマート（仕入）,[外部]infomart_transactions.total_tax_excluded,-,-,infomart_transactions.total_tax_excluded → 年間予実対比.月次実績_FD仕入 計,外部連携検証済,月次実績データ,-,-,分析画面,月次実績値,低,中,低,中,外部連携,インデックス最適化,○,中期キャッシュ(5-30分),データ連携時,0,1,インフォマート（仕入）,infomart_transactions.total_tax_excluded; -,[外部]infomart_transactions.total_tax_excluded
259,ラクミーウェブ（会社）,分析画面,年間予実対比,月次実績_人件費 計,L0,A,全店舗年次,L1,-,KOT（勤怠・人件費）,外部連携単独,勤怠データから月次人件費合計を取得,SUM月次,SUM(head_office_employee_working_records.daily_cost) GROUP BY year_month,-,head_office_employee_working_records.daily_cost,head_office_employee_working_records.daily_cost,勤怠（KOT/ジョブカン）,[外部]head_office_employee_working_records.daily_cost,-,head_office_employee_working_records.daily_cost → 年間予実対比.月次実績_人件費 計,-,外部連携検証済,月次実績データ,-,-,分析画面,月次実績値,月単位の実績値（外部連携データから取得）,低,低,低,中,外部連携,インデックス最適化,○,中期キャッシュ(5-30分),データ連携時,1,0,[外部]head_office_employee_working_records.daily_cost,head_office_employee_working_records.daily_cost; head_office_employee_working_records.daily_cost,-
260,ラクミーウェブ（会社）,分析画面,年間予実対比,月次実績_その他経費 計,L0,B,全店舗年次,L1,-,費用実績入力,実績入力参照,費用実績入力から月次経費合計を取得,SUM経費月次,SUM(monthly_costs.value) WHERE cost_type = '経費' GROUP BY year_month,-,monthly_costs.value,monthly_costs.value,費用実績入力,[入力]monthly_costs.value,-,monthly_costs.value → 年間予実対比.月次実績_その他経費 計,-,実績入力検証済,月次実績データ,-,-,分析画面,月次実績値,月単位の実績値（費用実績入力から取得）,低,低,低,低,-,監視継続,○,短期キャッシュ(1-5分),データ連携時,1,0,[入力]monthly_costs.value,monthly_costs.value; monthly_costs.value,-
261,ラクミーウェブ（会社）,分析画面,年間予実対比,月次実績_営業利益,L1,A,全店舗年次,L2-S,画面内,計算項目,画面内演算,月次総売上-月次FLコスト-月次その他経費,月次実績_総売上 計 - 月次実績_FLコスト 計 - 月次実績_その他経費 計,総売上 - FLコスト - その他経費,月次実績,-,-,画面内演算,"年間予実対比.月次実績_総売上 計, 年間予実対比.月次実績_FLコスト 計, 年間予実対比.月次実績_その他経費 計",-,総売上 - FLコスト - その他経費 → 年間予実対比.月次実績_営業利益,-,演算検証済,月次実績データ,-,-,分析画面,月次実績値,月単位の実績値（画面内演算）,中,高,高,低,-,監視継続,○,短期キャッシュ(1-5分),画面表示時,3,0,"年間予実対比.月次実績_総売上 計, 年間予実対比.月次実績_FLコスト 計, 年間予実対比.月次実績_その他経費 計",-; -,-
262,ラクミーウェブ（会社）,分析画面,年間予実対比,月次予算_総売上 計,L0,A,全店舗年次,L1,画面間,計算項目,予算設定参照,月次予算設定から売上予算を取得,月次予算,monthly_budgets.target_sales GROUP BY year_month,月次予算設定参照,月次予算値,monthly_budgets.target_sales,-,月次予算設定.売上（税抜）,-,-,-,月次予算設定.売上 → 年間予実対比.月次予算_総売上 計,予算参照追加,月次予算設定値,-,-,分析画面,月次予算値,低,低,中,中,画面間参照,インデックス最適化,○,中期キャッシュ(5-30分),データ連携時,1,0,月次予算設定.売上（税抜）,monthly_budgets.target_sales; 月次予算値,-
263,ラクミーウェブ（会社）,分析画面,年間予実対比,月次予算_フード売上 計,L1,B,全店舗年次,L1,画面間,計算項目,予算設定参照×演算,月次予算_総売上×フード構成比,月次予算_総売上 計 × 売上構成比設定.フード構成比,月次予算 × フード構成比 GROUP BY year_month,月次予算値,"monthly_budgets.target_sales, budget_sales_compositions.food_ratio",-,"月次予算設定.売上（税抜）, 売上構成比設定.フード構成比",月次予算設定.月次フード売上,-,月次予算 × フード構成比 → 年間予実対比.月次予算_フード売上 計,-,予算演算追加,月次予算設定値×構成比,-,-,分析画面,月次予算値,月次予算設定から取得した月単位の予算値,中,中,中,高,画面間参照; 複数ソース,キャッシュ・非同期処理,○,中期キャッシュ(30分-1時間),データ更新時,1,0,月次予算設定.月次フード売上,"-; monthly_budgets.target_sales, budget_sales_compositions.food_ratio",-
264,ラクミーウェブ（会社）,分析画面,年間予実対比,月次予算_ドリンク売上 計,L1,B,全店舗年次,L1,画面間,計算項目,予算設定参照×演算,月次予算_総売上×ドリンク構成比,月次予算_総売上 計 × 売上構成比設定.ドリンク構成比,月次予算 × ドリンク構成比 GROUP BY year_month,月次予算値,"monthly_budgets.target_sales, budget_sales_compositions.drink_ratio",-,"月次予算設定.売上（税抜）, 売上構成比設定.ドリンク構成比",月次予算設定.月次ドリンク売上,-,月次予算 × ドリンク構成比 → 年間予実対比.月次予算_ドリンク売上 計,-,予算演算追加,月次予算設定値×構成比,-,-,分析画面,月次予算値,月次予算設定から取得した月単位の予算値,中,中,中,高,画面間参照; 複数ソース,キャッシュ・非同期処理,○,中期キャッシュ(30分-1時間),データ更新時,1,0,月次予算設定.月次ドリンク売上,"-; monthly_budgets.target_sales, budget_sales_compositions.drink_ratio",-
265,ラクミーウェブ（会社）,分析画面,年間予実対比,月次予算_その他売上 計,L1,C,全店舗年次,L1,画面間,計算項目,予算設定参照×演算,月次予算_総売上×その他構成比,月次予算_総売上 計 × 売上構成比設定.その他構成比,月次予算 × その他構成比 GROUP BY year_month,月次予算値,"monthly_budgets.target_sales, budget_sales_compositions.other_ratio",-,"月次予算設定.売上（税抜）, 売上構成比設定.その他構成比",月次予算設定.月次その他売上,-,月次予算 × その他構成比 → 年間予実対比.月次予算_その他売上 計,-,予算演算追加,月次予算設定値×構成比,-,-,分析画面,月次予算値,月次予算設定から取得した月単位の予算値,中,中,中,高,画面間参照; 複数ソース,キャッシュ・非同期処理,○,中期キャッシュ(30分-1時間),データ更新時,1,0,月次予算設定.月次その他売上,"-; monthly_budgets.target_sales, budget_sales_compositions.other_ratio",-
266,ラクミーウェブ（会社）,分析画面,年間予実対比,月次予算_FLコスト 計,L1,A,全店舗年次,L2-S,画面内,計算項目,画面内演算,月次予算_FD仕入+月次予算_人件費の合計,月次予算_FD仕入 計 + 月次予算_人件費 計,FD仕入予算 + 人件費予算,月次予算値,-,-,画面内演算,"年間予実対比.月次予算_FD仕入 計, 年間予実対比.月次予算_人件費 計",-,月次予算_FD仕入 + 月次予算_人件費 → 年間予実対比.月次予算_FLコスト 計,-,予算演算追加,月次予算設定値,-,-,分析画面,月次予算値,月次予算設定から取得した月単位の予算値,中,高,高,低,-,監視継続,○,短期キャッシュ(1-5分),画面表示時,2,0,"年間予実対比.月次予算_FD仕入 計, 年間予実対比.月次予算_人件費 計",-; -,-
267,ラクミーウェブ（会社）,分析画面,年間予実対比,月次予算_FD仕入 計,L1,A,全店舗年次,L1,画面間,計算項目,予算設定参照×演算,月次予算設定.売上×FD仕入比率,月次予算設定.売上（税抜） × 月次予算設定.FD仕入比率,target_sales × food_cost_rate GROUP BY year_month,月次予算値,"monthly_budgets.target_sales, monthly_budgets.food_cost_rate",-,"月次予算設定.売上（税抜）, 月次予算設定.FD仕入比率",月次予算設定.月次FD仕入,-,月次予算設定.売上 × FD仕入比率 → 年間予実対比.月次予算_FD仕入 計,-,予算演算追加,月次予算設定値×比率,-,-,分析画面,月次予算値,月次予算設定から取得した月単位の予算値,中,高,高,高,画面間参照; 複数ソース,キャッシュ・非同期処理,○,中期キャッシュ(30分-1時間),データ更新時,1,0,月次予算設定.月次FD仕入,"-; monthly_budgets.target_sales, monthly_budgets.food_cost_rate",-
268,ラクミーウェブ（会社）,分析画面,年間予実対比,月次予算_人件費 計,L1,A,全店舗年次,L1,画面間,計算項目,予算設定参照×演算,(売上×PA人件費率+固定人件費),月次予算設定.売上 × PA人件費率 + 固定人件費予算,(target_sales × labor_cost_rate + 固定人件費) GROUP BY year_month,月次予算値,"monthly_budgets.target_sales, monthly_budgets.labor_cost_rate, 固定人件費予算",-,"月次予算設定.売上（税抜）, 月次予算設定.PA人件費率, 費用設定.固定人件費",月次予算設定.月次人件費,-,月次予算設定.売上 × PA人件費率 + 固定人件費 → 年間予実対比.月次予算_人件費 計,-,予算演算追加,月次予算設定値,-,-,分析画面,月次予算値,月次予算設定から取得した月単位の予算値,中,高,高,高,画面間参照; 複数ソース,キャッシュ・非同期処理,○,中期キャッシュ(30分-1時間),データ更新時,1,0,月次予算設定.月次人件費,"-; monthly_budgets.target_sales, monthly_budgets.labor_cost_rate, 固定人件費予算",-
269,ラクミーウェブ（会社）,分析画面,年間予実対比,月次予算_その他経費 計,L0,B,全店舗年次,L1,画面間,計算項目,予算設定参照,費用設定.その他経費合計,費用設定.その他経費予算合計,その他経費予算,月次予算値,monthly_costs.その他経費合計,-,費用設定.その他経費合計,月次予算設定.月次その他経費,-,費用設定.その他経費 → 月単位表示 → 年間予実対比.月次予算_その他経費 計,-,予算参照追加,月次予算設定値,-,-,分析画面,月次予算値,月次予算設定から取得した月単位の予算値,低,中,中,中,画面間参照,インデックス最適化,○,中期キャッシュ(5-30分),データ連携時,1,0,月次予算設定.月次その他経費,-; monthly_costs.その他経費合計,-
270,ラクミーウェブ（会社）,分析画面,年間予実対比,月次予算_営業利益,L1,A,全店舗年次,L2-S,画面内,計算項目,画面内演算,月次予算_総売上-月次予算_FLコスト-月次予算_その他経費,月次予算_総売上 計 - 月次予算_FLコスト 計 - 月次予算_その他経費 計,予算_総売上 - 予算_FLコスト - 予算_その他経費,月次予算値,-,-,画面内演算,"年間予実対比.月次予算_総売上 計, 年間予実対比.月次予算_FLコスト 計, 年間予実対比.月次予算_その他経費 計",-,月次予算_総売上 - 月次予算_FLコスト - 月次予算_その他経費 → 年間予実対比.月次予算_営業利益,-,予算演算追加,月次予算値の画面内演算,-,-,分析画面,月次予算値,月次予算設定から取得した月単位の予算値,中,高,高,低,-,監視継続,○,短期キャッシュ(1-5分),画面表示時,3,0,"年間予実対比.月次予算_総売上 計, 年間予実対比.月次予算_FLコスト 計, 年間予実対比.月次予算_その他経費 計",-; -,-
271,ラクミーウェブ（会社）,分析画面,年間予実対比,予算構成比_総売上 計,L1,A,全店舗年次,L2-S,画面内,計算項目,画面内演算,月次予算_総売上÷月次予算_総売上×100,月次予算_総売上 計 ÷ 月次予算_総売上 計 × 100,100%（基準値）,予算構成比,-,-,画面内演算,年間予実対比.月次予算_総売上 計,-,月次予算_総売上 / 月次予算_総売上 → 月単位表示 → 年間予実対比.予算構成比_総売上 計,-,予算演算追加,予算ベースの構成比,-,-,分析画面,予算構成比,月次予算値に対する構成比（％）,低,中,中,低,-,監視継続,○,短期キャッシュ(1-5分),画面表示時,1,0,年間予実対比.月次予算_総売上 計,-; -,-
272,ラクミーウェブ（会社）,分析画面,年間予実対比,予算構成比_フード売上 計,L1,B,全店舗年次,L2-S,画面内,計算項目,画面内演算,月次予算_フード売上÷月次予算_総売上×100,月次予算_フード売上 計 ÷ 月次予算_総売上 計 × 100,月次予算_フード売上 / 月次予算_総売上 × 100 GROUP BY year_month,予算構成比,-,-,画面内演算,"年間予実対比.月次予算_フード売上 計, 年間予実対比.月次予算_総売上 計",-,月次予算_フード売上 / 月次予算_総売上 → 年間予実対比.予算構成比_フード売上 計,-,予算演算追加,予算ベースの構成比,-,-,分析画面,予算構成比,月次予算値に対する構成比（％）,中,中,中,低,-,監視継続,○,短期キャッシュ(1-5分),画面表示時,2,0,"年間予実対比.月次予算_フード売上 計, 年間予実対比.月次予算_総売上 計",-; -,-
273,ラクミーウェブ（会社）,分析画面,年間予実対比,予算構成比_ドリンク売上 計,L1,B,全店舗年次,L2-S,画面内,計算項目,画面内演算,月次予算_ドリンク売上÷月次予算_総売上×100,月次予算_ドリンク売上 計 ÷ 月次予算_総売上 計 × 100,月次予算_ドリンク売上 / 月次予算_総売上 × 100 GROUP BY year_month,予算構成比,-,-,画面内演算,"年間予実対比.月次予算_ドリンク売上 計, 年間予実対比.月次予算_総売上 計",-,月次予算_ドリンク売上 / 月次予算_総売上 → 年間予実対比.予算構成比_ドリンク売上 計,-,予算演算追加,予算ベースの構成比,-,-,分析画面,予算構成比,月次予算値に対する構成比（％）,中,中,中,低,-,監視継続,○,短期キャッシュ(1-5分),画面表示時,2,0,"年間予実対比.月次予算_ドリンク売上 計, 年間予実対比.月次予算_総売上 計",-; -,-
274,ラクミーウェブ（会社）,分析画面,年間予実対比,予算構成比_その他売上 計,L1,C,全店舗年次,L2-S,画面内,計算項目,画面内演算,月次予算_その他売上÷月次予算_総売上×100,月次予算_その他売上 計 ÷ 月次予算_総売上 計 × 100,月次予算_その他売上 / 月次予算_総売上 × 100 GROUP BY year_month,予算構成比,-,-,画面内演算,"年間予実対比.月次予算_その他売上 計, 年間予実対比.月次予算_総売上 計",-,月次予算_その他売上 / 月次予算_総売上 → 年間予実対比.予算構成比_その他売上 計,-,予算演算追加,予算ベースの構成比,-,-,分析画面,予算構成比,月次予算値に対する構成比（％）,中,中,中,低,-,監視継続,○,短期キャッシュ(1-5分),画面表示時,2,0,"年間予実対比.月次予算_その他売上 計, 年間予実対比.月次予算_総売上 計",-; -,-
275,ラクミーウェブ（会社）,分析画面,年間予実対比,予算構成比_FLコスト 計,L1,A,全店舗年次,L2-S,画面内,計算項目,画面内演算,月次予算_FLコスト÷月次予算_総売上×100,月次予算_FLコスト 計 ÷ 月次予算_総売上 計 × 100,月次予算_FLコスト / 月次予算_総売上 × 100 GROUP BY year_month,予算構成比,-,-,画面内演算,"年間予実対比.月次予算_FLコスト 計, 年間予実対比.月次予算_総売上 計",-,月次予算_FLコスト / 月次予算_総売上 → 年間予実対比.予算構成比_FLコスト 計,-,予算演算追加,予算ベースの構成比,-,-,分析画面,予算構成比,月次予算値に対する構成比（％）,中,高,高,低,-,監視継続,○,短期キャッシュ(1-5分),画面表示時,2,0,"年間予実対比.月次予算_FLコスト 計, 年間予実対比.月次予算_総売上 計",-; -,-
276,ラクミーウェブ（会社）,分析画面,年間予実対比,予算構成比_FD仕入 計,L1,A,全店舗年次,L2-S,画面内,計算項目,画面内演算,月次予算_FD仕入÷月次予算_総売上×100,月次予算_FD仕入 計 ÷ 月次予算_総売上 計 × 100,月次予算_FD仕入 / 月次予算_総売上 × 100 GROUP BY year_month,予算構成比,-,-,画面内演算,"年間予実対比.月次予算_FD仕入 計, 年間予実対比.月次予算_総売上 計",-,月次予算_FD仕入 / 月次予算_総売上 → 年間予実対比.予算構成比_FD仕入 計,-,予算演算追加,予算ベースの構成比,-,-,分析画面,予算構成比,月次予算値に対する構成比（％）,中,中,中,低,-,監視継続,○,短期キャッシュ(1-5分),画面表示時,2,0,"年間予実対比.月次予算_FD仕入 計, 年間予実対比.月次予算_総売上 計",-; -,-
277,ラクミーウェブ（会社）,分析画面,年間予実対比,予算構成比_人件費 計,L1,A,全店舗年次,L2-S,画面内,計算項目,画面内演算,月次予算_人件費÷月次予算_総売上×100,月次予算_人件費 計 ÷ 月次予算_総売上 計 × 100,月次予算_人件費 / 月次予算_総売上 × 100 GROUP BY year_month,予算構成比,-,-,画面内演算,"年間予実対比.月次予算_人件費 計, 年間予実対比.月次予算_総売上 計",-,月次予算_人件費 / 月次予算_総売上 → 年間予実対比.予算構成比_人件費 計,-,予算演算追加,予算ベースの構成比,-,-,分析画面,予算構成比,月次予算値に対する構成比（％）,中,中,中,低,-,監視継続,○,短期キャッシュ(1-5分),画面表示時,2,0,"年間予実対比.月次予算_人件費 計, 年間予実対比.月次予算_総売上 計",-; -,-
278,ラクミーウェブ（会社）,分析画面,年間予実対比,予算構成比_その他経費 計,L1,B,全店舗年次,L2-S,画面内,計算項目,画面内演算,月次予算_その他経費÷月次予算_総売上×100,月次予算_その他経費 計 ÷ 月次予算_総売上 計 × 100,月次予算_その他経費 / 月次予算_総売上 × 100 GROUP BY year_month,予算構成比,-,-,画面内演算,"年間予実対比.月次予算_その他経費 計, 年間予実対比.月次予算_総売上 計",-,月次予算_その他経費 / 月次予算_総売上 → 年間予実対比.予算構成比_その他経費 計,-,予算演算追加,予算ベースの構成比,-,-,分析画面,予算構成比,月次予算値に対する構成比（％）,中,中,中,低,-,監視継続,○,短期キャッシュ(1-5分),画面表示時,2,0,"年間予実対比.月次予算_その他経費 計, 年間予実対比.月次予算_総売上 計",-; -,-
279,ラクミーウェブ（会社）,分析画面,年間予実対比,予算構成比_営業利益,L1,A,全店舗年次,L2-S,画面内,計算項目,画面内演算,月次予算_営業利益÷月次予算_総売上×100,月次予算_営業利益 ÷ 月次予算_総売上 計 × 100,月次予算_営業利益 / 月次予算_総売上 × 100 GROUP BY year_month,予算構成比,-,-,画面内演算,"年間予実対比.月次予算_営業利益, 年間予実対比.月次予算_総売上 計",-,月次予算_営業利益 / 月次予算_総売上 → 年間予実対比.予算構成比_営業利益,-,予算演算追加,予算ベースの構成比,-,-,分析画面,予算構成比,月次予算値に対する構成比（％）,中,高,高,低,-,監視継続,○,短期キャッシュ(1-5分),画面表示時,2,0,"年間予実対比.月次予算_営業利益, 年間予実対比.月次予算_総売上 計",-; -,-
280,ラクミーウェブ（会社）,分析画面,年間予実対比,予実差額_総売上 計,L1,A,全店舗年次,L2-S,画面内,計算項目,画面内演算,月次実績_総売上-月次予算_総売上 計,月次実績_総売上 計 - 月次予算_総売上 計,実績 - 予算,予実差額,-,-,画面内演算,"年間予実対比.月次実績_総売上 計, 年間予実対比.月次予算_総売上 計",-,月次実績_総売上 - 月次予算_総売上 → 年間予実対比.予実差額_総売上 計,-,予算演算追加,月次予算値と月次実績の差額,-,-,分析画面,予実差額,月次予算値と月次実績の差額,中,低,中,低,-,監視継続,○,短期キャッシュ(1-5分),画面表示時,2,0,"年間予実対比.月次実績_総売上 計, 年間予実対比.月次予算_総売上 計",-; -,-
281,ラクミーウェブ（会社）,分析画面,年間予実対比,予実差額_フード売上 計,L1,B,全店舗年次,L2-S,画面内,計算項目,画面内演算,月次実績_フード売上-月次予算_フード売上,月次実績_フード売上 計 - 月次予算_フード売上 計,実績 - 予算,予実差額,-,-,画面内演算,"年間予実対比.月次実績_フード売上 計, 年間予実対比.月次予算_フード売上 計",-,月次実績_フード売上 - 月次予算_フード売上 → 年間予実対比.予実差額_フード売上 計,-,予算演算追加,月次予算値と月次実績の差額,-,-,分析画面,予実差額,月次予算値と月次実績の差額,中,低,中,低,-,監視継続,○,短期キャッシュ(1-5分),画面表示時,2,0,"年間予実対比.月次実績_フード売上 計, 年間予実対比.月次予算_フード売上 計",-; -,-
282,ラクミーウェブ（会社）,分析画面,年間予実対比,予実差額_ドリンク売上 計,L1,B,全店舗年次,L2-S,画面内,計算項目,画面内演算,月次実績_ドリンク売上-月次予算_ドリンク売上,月次実績_ドリンク売上 計 - 月次予算_ドリンク売上 計,実績 - 予算,予実差額,-,-,画面内演算,"年間予実対比.月次実績_ドリンク売上 計, 年間予実対比.月次予算_ドリンク売上 計",-,月次実績_ドリンク売上 - 月次予算_ドリンク売上 → 年間予実対比.予実差額_ドリンク売上 計,-,予算演算追加,月次予算値と月次実績の差額,-,-,分析画面,予実差額,月次予算値と月次実績の差額,中,低,中,低,-,監視継続,○,短期キャッシュ(1-5分),画面表示時,2,0,"年間予実対比.月次実績_ドリンク売上 計, 年間予実対比.月次予算_ドリンク売上 計",-; -,-
283,ラクミーウェブ（会社）,分析画面,年間予実対比,予実差額_その他売上 計,L1,C,全店舗年次,L2-S,画面内,計算項目,画面内演算,月次実績_その他売上-月次予算_その他売上,月次実績_その他売上 計 - 月次予算_その他売上 計,実績 - 予算,予実差額,-,-,画面内演算,"年間予実対比.月次実績_その他売上 計, 年間予実対比.月次予算_その他売上 計",-,月次実績_その他売上 - 月次予算_その他売上 → 年間予実対比.予実差額_その他売上 計,-,予算演算追加,月次予算値と月次実績の差額,-,-,分析画面,予実差額,月次予算値と月次実績の差額,中,低,中,低,-,監視継続,○,短期キャッシュ(1-5分),画面表示時,2,0,"年間予実対比.月次実績_その他売上 計, 年間予実対比.月次予算_その他売上 計",-; -,-
284,ラクミーウェブ（会社）,分析画面,年間予実対比,予実差額_FLコスト 計,L3,A,全店舗年次,L2-S,画面内,計算項目,画面内演算,月次実績_FLコスト-月次予算_FLコスト,月次実績_FLコスト 計 - 月次予算_FLコスト 計,実績 - 予算,予実差額,-,-,画面内演算,"年間予実対比.月次実績_FLコスト 計, 年間予実対比.月次予算_FLコスト 計",-,月次実績_FLコスト - 月次予算_FLコスト → 年間予実対比.予実差額_FLコスト 計,-,予算演算追加,月次予算値と月次実績の差額,-,-,分析画面,予実差額,月次予算値と月次実績の差額,中,高,高,低,-,監視継続,○,短期キャッシュ(1-5分),画面表示時,2,0,"年間予実対比.月次実績_FLコスト 計, 年間予実対比.月次予算_FLコスト 計",-; -,-
285,ラクミーウェブ（会社）,分析画面,年間予実対比,予実差額_FD仕入 計,L1,A,全店舗年次,L2-S,画面内,計算項目,画面内演算,月次実績_FD仕入-月次予算_FD仕入,月次実績_FD仕入 計 - 月次予算_FD仕入 計,実績 - 予算,予実差額,-,-,画面内演算,"年間予実対比.月次実績_FD仕入 計, 年間予実対比.月次予算_FD仕入 計",-,月次実績_FD仕入 - 月次予算_FD仕入 → 年間予実対比.予実差額_FD仕入 計,-,予算演算追加,月次予算値と月次実績の差額,-,-,分析画面,予実差額,月次予算値と月次実績の差額,中,低,中,低,-,監視継続,○,短期キャッシュ(1-5分),画面表示時,2,0,"年間予実対比.月次実績_FD仕入 計, 年間予実対比.月次予算_FD仕入 計",-; -,-
286,ラクミーウェブ（会社）,分析画面,年間予実対比,予実差額_人件費 計,L1,A,全店舗年次,L2-S,画面内,計算項目,画面内演算,月次実績_人件費-月次予算_人件費,月次実績_人件費 計 - 月次予算_人件費 計,実績 - 予算,予実差額,-,-,画面内演算,"年間予実対比.月次実績_人件費 計, 年間予実対比.月次予算_人件費 計",-,月次実績_人件費 - 月次予算_人件費 → 年間予実対比.予実差額_人件費 計,-,予算演算追加,月次予算値と月次実績の差額,-,-,分析画面,予実差額,月次予算値と月次実績の差額,中,低,中,低,-,監視継続,○,短期キャッシュ(1-5分),画面表示時,2,0,"年間予実対比.月次実績_人件費 計, 年間予実対比.月次予算_人件費 計",-; -,-
287,ラクミーウェブ（会社）,分析画面,年間予実対比,予実差額_その他経費 計,L3,B,全店舗年次,L2-S,画面内,計算項目,画面内演算,月次実績_その他経費-月次予算_その他経費,月次実績_その他経費 計 - 月次予算_その他経費 計,実績 - 予算,予実差額,-,-,画面内演算,"年間予実対比.月次実績_その他経費 計, 年間予実対比.月次予算_その他経費 計",-,月次実績_その他経費 - 月次予算_その他経費 → 年間予実対比.予実差額_その他経費 計,-,予算演算追加,月次予算値と月次実績の差額,-,-,分析画面,予実差額,月次予算値と月次実績の差額,中,低,中,低,-,監視継続,○,短期キャッシュ(1-5分),画面表示時,2,0,"年間予実対比.月次実績_その他経費 計, 年間予実対比.月次予算_その他経費 計",-; -,-
288,ラクミーウェブ（会社）,分析画面,年間予実対比,予実差額_営業利益,L3,A,全店舗年次,L2-S,画面内,計算項目,画面内演算,月次実績_営業利益-月次予算_営業利益,月次実績_営業利益 - 月次予算_営業利益,実績 - 予算,予実差額,-,-,画面内演算,"年間予実対比.月次実績_営業利益, 年間予実対比.月次予算_営業利益",-,月次実績_営業利益 - 月次予算_営業利益 → 年間予実対比.予実差額_営業利益,-,予算演算追加,月次予算値と月次実績の差額,-,-,分析画面,予実差額,月次予算値と月次実績の差額,中,高,高,低,-,監視継続,○,短期キャッシュ(1-5分),画面表示時,2,0,"年間予実対比.月次実績_営業利益, 年間予実対比.月次予算_営業利益",-; -,-
289,ラクミーウェブ（会社）,分析画面,年間予実対比,予算対比率_総売上 計,L1,A,全店舗年次,L2-S,画面内,計算項目,画面内演算,月次実績_総売上÷月次予算_総売上×100,月次実績_総売上 計 ÷ 月次予算_総売上 計 × 100,実績 / 予算 × 100,予算対比率,-,-,画面内演算,"年間予実対比.月次実績_総売上 計, 年間予実対比.月次予算_総売上 計",-,実績 / 予算 × 100 → 年間予実対比.予算対比率_総売上 計,-,予算演算追加,実績÷予算×100,-,-,分析画面,予算対比率,月次実績÷月次予算×100（％）,中,中,中,低,-,監視継続,○,短期キャッシュ(1-5分),画面表示時,2,0,"年間予実対比.月次実績_総売上 計, 年間予実対比.月次予算_総売上 計",-; -,-
290,ラクミーウェブ（会社）,分析画面,年間予実対比,予算対比率_フード売上 計,L1,B,全店舗年次,L2-S,画面内,計算項目,画面内演算,月次実績_フード売上÷月次予算_フード売上×100,月次実績_フード売上 計 ÷ 月次予算_フード売上 計 × 100,実績 / 予算 × 100,予算対比率,-,-,画面内演算,"年間予実対比.月次実績_フード売上 計, 年間予実対比.月次予算_フード売上 計",-,実績 / 予算 × 100 → 年間予実対比.予算対比率_フード売上 計,-,予算演算追加,実績÷予算×100,-,-,分析画面,予算対比率,月次実績÷月次予算×100（％）,中,中,中,低,-,監視継続,○,短期キャッシュ(1-5分),画面表示時,2,0,"年間予実対比.月次実績_フード売上 計, 年間予実対比.月次予算_フード売上 計",-; -,-
291,ラクミーウェブ（会社）,分析画面,年間予実対比,予算対比率_ドリンク売上 計,L1,B,全店舗年次,L2-S,画面内,計算項目,画面内演算,月次実績_ドリンク売上÷月次予算_ドリンク売上×100,月次実績_ドリンク売上 計 ÷ 月次予算_ドリンク売上 計 × 100,実績 / 予算 × 100,予算対比率,-,-,画面内演算,"年間予実対比.月次実績_ドリンク売上 計, 年間予実対比.月次予算_ドリンク売上 計",-,実績 / 予算 × 100 → 年間予実対比.予算対比率_ドリンク売上 計,-,予算演算追加,実績÷予算×100,-,-,分析画面,予算対比率,月次実績÷月次予算×100（％）,中,中,中,低,-,監視継続,○,短期キャッシュ(1-5分),画面表示時,2,0,"年間予実対比.月次実績_ドリンク売上 計, 年間予実対比.月次予算_ドリンク売上 計",-; -,-
292,ラクミーウェブ（会社）,分析画面,年間予実対比,予算対比率_その他売上 計,L1,C,全店舗年次,L2-S,画面内,計算項目,画面内演算,月次実績_その他売上÷月次予算_その他売上×100,月次実績_その他売上 計 ÷ 月次予算_その他売上 計 × 100,実績 / 予算 × 100,予算対比率,-,-,画面内演算,"年間予実対比.月次実績_その他売上 計, 年間予実対比.月次予算_その他売上 計",-,実績 / 予算 × 100 → 年間予実対比.予算対比率_その他売上 計,-,予算演算追加,実績÷予算×100,-,-,分析画面,予算対比率,月次実績÷月次予算×100（％）,中,中,中,低,-,監視継続,○,短期キャッシュ(1-5分),画面表示時,2,0,"年間予実対比.月次実績_その他売上 計, 年間予実対比.月次予算_その他売上 計",-; -,-
293,ラクミーウェブ（会社）,分析画面,年間予実対比,予算対比率_FLコスト 計,L1,A,全店舗年次,L2-S,画面内,計算項目,画面内演算,月次実績_FLコスト÷月次予算_FLコスト×100,月次実績_FLコスト 計 ÷ 月次予算_FLコスト 計 × 100,実績 / 予算 × 100,予算対比率,-,-,画面内演算,"年間予実対比.月次実績_FLコスト 計, 年間予実対比.月次予算_FLコスト 計",-,実績 / 予算 × 100 → 年間予実対比.予算対比率_FLコスト 計,-,予算演算追加,実績÷予算×100,-,-,分析画面,予算対比率,月次実績÷月次予算×100（％）,中,高,高,低,-,監視継続,○,短期キャッシュ(1-5分),画面表示時,2,0,"年間予実対比.月次実績_FLコスト 計, 年間予実対比.月次予算_FLコスト 計",-; -,-
294,ラクミーウェブ（会社）,分析画面,年間予実対比,予算対比率_FD仕入 計,L1,A,全店舗年次,L2-S,画面内,計算項目,画面内演算,月次実績_FD仕入÷月次予算_FD仕入×100,月次実績_FD仕入 計 ÷ 月次予算_FD仕入 計 × 100,実績 / 予算 × 100,予算対比率,-,-,画面内演算,"年間予実対比.月次実績_FD仕入 計, 年間予実対比.月次予算_FD仕入 計",-,実績 / 予算 × 100 → 年間予実対比.予算対比率_FD仕入 計,-,予算演算追加,実績÷予算×100,-,-,分析画面,予算対比率,月次実績÷月次予算×100（％）,中,中,中,低,-,監視継続,○,短期キャッシュ(1-5分),画面表示時,2,0,"年間予実対比.月次実績_FD仕入 計, 年間予実対比.月次予算_FD仕入 計",-; -,-
295,ラクミーウェブ（会社）,分析画面,年間予実対比,予算対比率_人件費 計,L1,A,全店舗年次,L2-S,画面内,計算項目,画面内演算,月次実績_人件費÷月次予算_人件費×100,月次実績_人件費 計 ÷ 月次予算_人件費 計 × 100,実績 / 予算 × 100,予算対比率,-,-,画面内演算,"年間予実対比.月次実績_人件費 計, 年間予実対比.月次予算_人件費 計",-,実績 / 予算 × 100 → 年間予実対比.予算対比率_人件費 計,-,予算演算追加,実績÷予算×100,-,-,分析画面,予算対比率,月次実績÷月次予算×100（％）,中,中,中,低,-,監視継続,○,短期キャッシュ(1-5分),画面表示時,2,0,"年間予実対比.月次実績_人件費 計, 年間予実対比.月次予算_人件費 計",-; -,-
296,ラクミーウェブ（会社）,分析画面,年間予実対比,予算対比率_その他経費 計,L1,B,全店舗年次,L2-S,画面内,計算項目,画面内演算,月次実績_その他経費÷月次予算_その他経費×100,月次実績_その他経費 計 ÷ 月次予算_その他経費 計 × 100,実績 / 予算 × 100,予算対比率,-,-,画面内演算,"年間予実対比.月次実績_その他経費 計, 年間予実対比.月次予算_その他経費 計",-,実績 / 予算 × 100 → 年間予実対比.予算対比率_その他経費 計,-,予算演算追加,実績÷予算×100,-,-,分析画面,予算対比率,月次実績÷月次予算×100（％）,中,中,中,低,-,監視継続,○,短期キャッシュ(1-5分),画面表示時,2,0,"年間予実対比.月次実績_その他経費 計, 年間予実対比.月次予算_その他経費 計",-; -,-
297,ラクミーウェブ（会社）,分析画面,年間予実対比,予算対比率_営業利益,L1,A,全店舗年次,L2-S,画面内,計算項目,画面内演算,月次実績_営業利益÷月次予算_営業利益×100,月次実績_営業利益 ÷ 月次予算_営業利益 × 100,実績 / 予算 × 100,予算対比率,-,-,画面内演算,"年間予実対比.月次実績_営業利益, 年間予実対比.月次予算_営業利益",-,実績 / 予算 × 100 → 年間予実対比.予算対比率_営業利益,-,予算演算追加,実績÷予算×100,-,-,分析画面,予算対比率,月次実績÷月次予算×100（％）,中,高,高,低,-,監視継続,○,短期キャッシュ(1-5分),画面表示時,2,0,"年間予実対比.月次実績_営業利益, 年間予実対比.月次予算_営業利益",-; -,-
298,ラクミーウェブ（会社）,分析画面,年間予実対比,構成比_総売上 計,L1,A,全店舗年次,L2-S,画面内,計算項目,画面内演算,月次実績_総売上÷月次実績_総売上×100,月次実績_総売上 計 ÷ 月次実績_総売上 計 × 100,100%（基準値）,構成比,-,-,画面内演算,年間予実対比.月次実績_総売上 計,-,月次実績_総売上 / 月次実績_総売上 → 年間予実対比.構成比_総売上 計,-,予算演算追加,実績ベースの構成比,-,-,分析画面,構成比,月次実績値に対する構成比（％）,低,中,中,低,-,監視継続,○,短期キャッシュ(1-5分),画面表示時,1,0,年間予実対比.月次実績_総売上 計,-; -,-
299,ラクミーウェブ（会社）,分析画面,年間予実対比,構成比_フード売上 計,L1,B,全店舗年次,L2-S,画面内,計算項目,画面内演算,月次実績_フード売上÷月次実績_総売上×100,月次実績_フード売上 計 ÷ 月次実績_総売上 計 × 100,月次実績_フード売上 / 月次実績_総売上 × 100,構成比,-,-,画面内演算,"年間予実対比.月次実績_フード売上 計, 年間予実対比.月次実績_総売上 計",-,月次実績_フード売上 / 月次実績_総売上 → 年間予実対比.構成比_フード売上 計,-,予算演算追加,実績ベースの構成比,-,-,分析画面,構成比,月次実績値に対する構成比（％）,中,中,中,低,-,監視継続,○,短期キャッシュ(1-5分),画面表示時,2,0,"年間予実対比.月次実績_フード売上 計, 年間予実対比.月次実績_総売上 計",-; -,-
300,ラクミーウェブ（会社）,分析画面,年間予実対比,構成比_ドリンク売上 計,L1,B,全店舗年次,L2-S,画面内,計算項目,画面内演算,月次実績_ドリンク売上÷月次実績_総売上×100,月次実績_ドリンク売上 計 ÷ 月次実績_総売上 計 × 100,月次実績_ドリンク売上 / 月次実績_総売上 × 100,構成比,-,-,画面内演算,"年間予実対比.月次実績_ドリンク売上 計, 年間予実対比.月次実績_総売上 計",-,月次実績_ドリンク売上 / 月次実績_総売上 → 年間予実対比.構成比_ドリンク売上 計,-,予算演算追加,実績ベースの構成比,-,-,分析画面,構成比,月次実績値に対する構成比（％）,中,中,中,低,-,監視継続,○,短期キャッシュ(1-5分),画面表示時,2,0,"年間予実対比.月次実績_ドリンク売上 計, 年間予実対比.月次実績_総売上 計",-; -,-
301,ラクミーウェブ（会社）,分析画面,年間予実対比,構成比_その他売上 計,L1,C,全店舗年次,L2-S,画面内,計算項目,画面内演算,月次実績_その他売上÷月次実績_総売上×100,月次実績_その他売上 計 ÷ 月次実績_総売上 計 × 100,月次実績_その他売上 / 月次実績_総売上 × 100,構成比,-,-,画面内演算,"年間予実対比.月次実績_その他売上 計, 年間予実対比.月次実績_総売上 計",-,月次実績_その他売上 / 月次実績_総売上 → 年間予実対比.構成比_その他売上 計,-,予算演算追加,実績ベースの構成比,-,-,分析画面,構成比,月次実績値に対する構成比（％）,中,中,中,低,-,監視継続,○,短期キャッシュ(1-5分),画面表示時,2,0,"年間予実対比.月次実績_その他売上 計, 年間予実対比.月次実績_総売上 計",-; -,-
302,ラクミーウェブ（会社）,分析画面,年間予実対比,構成比_FLコスト 計,L1,A,全店舗年次,L2-S,画面内,計算項目,画面内演算,月次実績_FLコスト÷月次実績_総売上×100,月次実績_FLコスト 計 ÷ 月次実績_総売上 計 × 100,月次実績_FLコスト / 月次実績_総売上 × 100,構成比,-,-,画面内演算,"年間予実対比.月次実績_FLコスト 計, 年間予実対比.月次実績_総売上 計",-,月次実績_FLコスト / 月次実績_総売上 → 年間予実対比.構成比_FLコスト 計,-,予算演算追加,実績ベースの構成比,-,-,分析画面,構成比,月次実績値に対する構成比（％）,中,高,高,低,-,監視継続,○,短期キャッシュ(1-5分),画面表示時,2,0,"年間予実対比.月次実績_FLコスト 計, 年間予実対比.月次実績_総売上 計",-; -,-
303,ラクミーウェブ（会社）,分析画面,年間予実対比,構成比_FD仕入 計,L1,A,全店舗年次,L2-S,画面内,計算項目,画面内演算,月次実績_FD仕入÷月次実績_総売上×100,月次実績_FD仕入 計 ÷ 月次実績_総売上 計 × 100,月次実績_FD仕入 / 月次実績_総売上 × 100,構成比,-,-,画面内演算,"年間予実対比.月次実績_FD仕入 計, 年間予実対比.月次実績_総売上 計",-,月次実績_FD仕入 / 月次実績_総売上 → 年間予実対比.構成比_FD仕入 計,-,予算演算追加,実績ベースの構成比,-,-,分析画面,構成比,月次実績値に対する構成比（％）,中,中,中,低,-,監視継続,○,短期キャッシュ(1-5分),画面表示時,2,0,"年間予実対比.月次実績_FD仕入 計, 年間予実対比.月次実績_総売上 計",-; -,-
304,ラクミーウェブ（会社）,分析画面,年間予実対比,構成比_人件費 計,L1,A,全店舗年次,L2-S,画面内,計算項目,画面内演算,月次実績_人件費÷月次実績_総売上×100,月次実績_人件費 計 ÷ 月次実績_総売上 計 × 100,月次実績_人件費 / 月次実績_総売上 × 100,構成比,-,-,画面内演算,"年間予実対比.月次実績_人件費 計, 年間予実対比.月次実績_総売上 計",-,月次実績_人件費 / 月次実績_総売上 → 年間予実対比.構成比_人件費 計,-,予算演算追加,実績ベースの構成比,-,-,分析画面,構成比,月次実績値に対する構成比（％）,中,中,中,低,-,監視継続,○,短期キャッシュ(1-5分),画面表示時,2,0,"年間予実対比.月次実績_人件費 計, 年間予実対比.月次実績_総売上 計",-; -,-
305,ラクミーウェブ（会社）,分析画面,年間予実対比,構成比_その他経費 計,L1,B,全店舗年次,L2-S,画面内,計算項目,画面内演算,月次実績_その他経費÷月次実績_総売上×100,月次実績_その他経費 計 ÷ 月次実績_総売上 計 × 100,月次実績_その他経費 / 月次実績_総売上 × 100,構成比,-,-,画面内演算,"年間予実対比.月次実績_その他経費 計, 年間予実対比.月次実績_総売上 計",-,月次実績_その他経費 / 月次実績_総売上 → 年間予実対比.構成比_その他経費 計,-,予算演算追加,実績ベースの構成比,-,-,分析画面,構成比,月次実績値に対する構成比（％）,中,中,中,低,-,監視継続,○,短期キャッシュ(1-5分),画面表示時,2,0,"年間予実対比.月次実績_その他経費 計, 年間予実対比.月次実績_総売上 計",-; -,-
306,ラクミーウェブ（会社）,分析画面,年間予実対比,構成比_営業利益,L1,A,全店舗年次,L2-S,画面内,計算項目,画面内演算,月次実績_営業利益÷月次実績_総売上×100,月次実績_営業利益 ÷ 月次実績_総売上 計 × 100,月次実績_営業利益 / 月次実績_総売上 × 100,構成比,-,-,画面内演算,"年間予実対比.月次実績_営業利益, 年間予実対比.月次実績_総売上 計",-,月次実績_営業利益 / 月次実績_総売上 → 年間予実対比.構成比_営業利益,-,予算演算追加,実績ベースの構成比,-,-,分析画面,構成比,月次実績値に対する構成比（％）,中,高,高,低,-,監視継続,○,短期キャッシュ(1-5分),画面表示時,2,0,"年間予実対比.月次実績_営業利益, 年間予実対比.月次実績_総売上 計",-; -,-
211,ラクミーウェブ（会社）,分析画面,年間予実対比（予実対比）,年間実績_総売上 計,L0,C,全店舗年次,L1,-,POS（売上・客数）,外部連携単独,POSデータから単独取得,SUM,SUM(ZTOTAL.sales_excluded) GROUP BY year,-,head_office_connected_service_sales_logs.sales_excluded,ZTOTAL.sales_excluded,POS売上（日別集計）,[外部]ZTOTAL.sales_excluded,年間予実対比（予実対比）.営業利益,ZTOTAL.sales_excluded → head_office_connected_service_sales_logs.sales_excluded → 年間予実対比(予実対比).総売上 計,-,スキーマ検証済,-,-,-,実績算出・分析画面,実績算出,外部連携データから実績値を算出（定義元）。ダッシュボード等へ参照される。,中,低,中,中,外部連携,インデックス最適化,◎,中期キャッシュ(5-30分),データ連携時,1,1,[外部]ZTOTAL.sales_excluded,ZTOTAL.sales_excluded; head_office_connected_service_sales_logs.sales_excluded,年間予実対比（予実対比）.営業利益
212,ラクミーウェブ（会社）,分析画面,年間予実対比（予実対比）,年間実績_フード売上 計,L0,C,全店舗年次,L1,-,POS（売上・客数）,外部連携単独,POSデータから単独取得,SUMフード,SUM(TITEM.sales_excluded) WHERE category = 'フード' GROUP BY year,-,head_office_item_sales_logs.sales_excluded,TITEM.sales_excluded,POS売上（商品別）,[外部]TITEM.sales_excluded,-,TITEM.sales_excluded → head_office_item_sales_logs.sales_excluded → 年間予実対比(予実対比).フード売上 計,-,スキーマ検証済,-,-,-,実績算出・分析画面,実績算出,外部連携データから実績値を算出（定義元）。ダッシュボード等へ参照される。,低,低,低,中,外部連携,インデックス最適化,◎,中期キャッシュ(5-30分),データ連携時,1,0,[外部]TITEM.sales_excluded,TITEM.sales_excluded; head_office_item_sales_logs.sales_excluded,-
213,ラクミーウェブ（会社）,分析画面,年間予実対比（予実対比）,年間実績_ドリンク売上 計,L0,C,全店舗年次,L1,-,POS（売上・客数）,外部連携単独,POSデータから単独取得,SUMドリンク,SUM(TITEM.sales_excluded) WHERE category = 'ドリンク' GROUP BY year,-,head_office_item_sales_logs.sales_excluded,TITEM.sales_excluded,POS売上（商品別）,[外部]TITEM.sales_excluded,-,TITEM.sales_excluded → head_office_item_sales_logs.sales_excluded → 年間予実対比(予実対比).ドリンク売上 計,-,スキーマ検証済,-,-,-,実績算出・分析画面,実績算出,外部連携データから実績値を算出（定義元）。ダッシュボード等へ参照される。,低,低,低,中,外部連携,インデックス最適化,◎,中期キャッシュ(5-30分),データ連携時,1,0,[外部]TITEM.sales_excluded,TITEM.sales_excluded; head_office_item_sales_logs.sales_excluded,-
214,ラクミーウェブ（会社）,分析画面,年間予実対比（予実対比）,年間実績_その他売上 計,L0,C,全店舗年次,L1,-,POS（売上・客数）,外部連携単独,POSデータから単独取得,SUM,SUM(ZTOTAL.service_charge_1) GROUP BY year,-,z_totals.service_charge_1,ZTOTAL.service_charge_1,POS売上（日別集計）,[外部]ZTOTAL.service_charge_1,-,ZTOTAL.service_charge_1 → z_totals.service_charge_1 → 年間予実対比(予実対比).その他売上 計（サービス料等）,-,外部連携検証済,データソース: POS（売上・客数）,-,-,実績算出・分析画面,実績算出,外部連携データから実績値を算出（定義元）。ダッシュボード等へ参照される。,低,低,低,中,外部連携,インデックス最適化,◎,中期キャッシュ(5-30分),データ連携時,1,0,[外部]ZTOTAL.service_charge_1,ZTOTAL.service_charge_1; z_totals.service_charge_1,-
215,ラクミーウェブ（会社）,分析画面,年間予実対比（予実対比）,年間実績_その他売上ランチ,L0,C,全店舗年次,L1,-,POS（売上・客数）,外部連携単独,POSデータから単独取得,SUM(その他かつ時間フィルタ),SUM(TITEM.sales_excluded) WHERE category = 'その他' AND order_time BETWEEN 11:00 AND 15:00 GROUP BY year,-,head_office_item_sales_logs.sales_excluded,TITEM.sales_excluded,POS売上（商品別）,[外部]TITEM.sales_excluded,-,TITEM.sales_excluded → head_office_item_sales_logs.sales_excluded → 年間予実対比(予実対比).その他売上ランチ,-,スキーマ検証済,-,-,-,実績算出・分析画面,実績算出,外部連携データから実績値を算出（定義元）。ダッシュボード等へ参照される。,低,低,低,中,外部連携,インデックス最適化,◎,中期キャッシュ(5-30分),データ連携時,1,0,[外部]TITEM.sales_excluded,TITEM.sales_excluded; head_office_item_sales_logs.sales_excluded,-
216,ラクミーウェブ（会社）,分析画面,年間予実対比（予実対比）,年間実績_その他売上ディナー,L0,C,全店舗年次,L1,-,POS（売上・客数）,外部連携単独,POSデータから単独取得,SUM(その他かつ時間フィルタ),SUM(TITEM.sales_excluded) WHERE category = 'その他' AND order_time BETWEEN 17:00 AND 23:00 GROUP BY year,-,head_office_item_sales_logs.sales_excluded,TITEM.sales_excluded,POS売上（商品別）,[外部]TITEM.sales_excluded,-,TITEM.sales_excluded → head_office_item_sales_logs.sales_excluded → 年間予実対比(予実対比).その他売上ディナー,-,スキーマ検証済,-,-,-,実績算出・分析画面,実績算出,外部連携データから実績値を算出（定義元）。ダッシュボード等へ参照される。,低,低,低,中,外部連携,インデックス最適化,◎,中期キャッシュ(5-30分),データ連携時,1,0,[外部]TITEM.sales_excluded,TITEM.sales_excluded; head_office_item_sales_logs.sales_excluded,-
217,ラクミーウェブ（会社）,分析画面,年間予実対比（予実対比）,年間実績_FLコスト 計,L0,C,全店舗年次,L2-S,画面内,計算項目,外部連携×外部連携,インフォマート仕入とKOT人件費の組合せ,SUM,SUM(infomart_transactions.total_tax_excluded) + SUM(head_office_connected_service_labor_costs_logs.labor_costs) GROUP BY year,-,"infomart_transactions.total_tax_excluded, head_office_connected_service_labor_costs_logs.labor_costs","infomart_transactions.total_tax_excluded, head_office_connected_service_labor_costs_logs.labor_costs","インフォマート（仕入）, 勤怠（KOT/ジョブカン）",-,年間予実対比（予実対比）.営業利益,infomart_transactions.total_tax_excluded / head_office_connected_service_labor_costs_logs.labor_costs → infomart_transactions.total_tax_excluded / head_office_connected_service_labor_costs_logs.labor_costs → 年間予実対比(予実対比).FLコスト 計,-,外部連携検証済,infomart_transactions.total_tax_excluded → infomart_transactions.total_tax_excluded,FLコストの定義(FD仕入+人件費)が正しいか不明,FLコストの演算式を確認必要,実績算出・分析画面,実績算出・分析,予実対比画面で算出・表示。実績算出と分析表示の両方の役割。,中,高,高,高,外部連携; 複数ソース,キャッシュ・非同期処理,◎,中期キャッシュ(30分-1時間),データ更新時,0,1,-,"infomart_transactions.total_tax_excluded, head_office_connected_service_labor_costs_logs.labor_costs; infomart_transactions.total_tax_excluded, head_office_connected_service_labor_costs_logs.labor_costs",年間予実対比（予実対比）.営業利益
218,ラクミーウェブ（会社）,分析画面,年間予実対比（予実対比）,年間実績_FD仕入 計,L0,C,全店舗年次,L1,-,インフォマート（仕入）,外部連携単独,インフォマート仕入データから単独取得,SUMFD,SUM(infomart_transactions.total_tax_excluded) WHERE category IN ('フード' 'ドリンク') GROUP BY year,-,infomart_transactions.total_tax_excluded,infomart_transactions.total_tax_excluded,インフォマート（仕入）,[外部]infomart_transactions.total_tax_excluded,-,infomart_transactions.total_tax_excluded → infomart_transactions.total_tax_excluded → 年間予実対比(予実対比).FD仕入 計,-,外部連携検証済,infomart_transactions.total_tax_excluded → infomart_transactions.total_tax_excluded,-,-,実績算出・分析画面,実績算出,外部連携データから実績値を算出（定義元）。ダッシュボード等へ参照される。,低,低,低,中,外部連携,インデックス最適化,◎,中期キャッシュ(5-30分),データ連携時,1,0,[外部]infomart_transactions.total_tax_excluded,infomart_transactions.total_tax_excluded; infomart_transactions.total_tax_excluded,-
219,ラクミーウェブ（会社）,分析画面,年間予実対比（予実対比）,年間実績_人件費 計,L0,C,全店舗年次,L1,-,KOT（勤怠・人件費）,外部連携単独,KOT/ジョブカン勤怠データから単独取得,SUM,SUM(head_office_connected_service_labor_costs_logs.labor_costs) GROUP BY year,-,head_office_connected_service_labor_costs_logs.labor_costs,head_office_connected_service_labor_costs_logs.labor_costs,勤怠（KOT/ジョブカン）,[外部]head_office_connected_service_labor_costs_logs.labor_costs,-,head_office_connected_service_labor_costs_logs.labor_costs → head_office_connected_service_labor_costs_logs.labor_costs → 年間予実対比(予実対比).人件費 計,-,スキーマ検証済,-,-,-,実績算出・分析画面,実績算出,外部連携データから実績値を算出（定義元）。ダッシュボード等へ参照される。,低,低,低,中,外部連携,インデックス最適化,◎,中期キャッシュ(5-30分),データ連携時,1,0,[外部]head_office_connected_service_labor_costs_logs.labor_costs,head_office_connected_service_labor_costs_logs.labor_costs; head_office_connected_service_labor_costs_logs.labor_costs,-
220,ラクミーウェブ（会社）,分析画面,年間予実対比（予実対比）,年間実績_その他経費 計,L0,C,全店舗年次,L1,-,計算項目,費用設定参照,費用設定で設定した経費項目を参照,SUM,SUM(monthly_costs.value) WHERE cost_type = '経費' GROUP BY year,-,monthly_costs.value,-,ユーザー入力（費用設定）,-,年間予実対比（予実対比）.営業利益,monthly_costs.value → 年間予実対比(予実対比).その他経費 計,-,スキーマ検証済,-,-,-,実績算出・分析画面,実績算出,実績値を算出（定義元）。予実差額や各種比率の算出に使用。,中,中,中,低,-,監視継続,◎,短期キャッシュ(1-5分),データ連携時,0,1,-,-; monthly_costs.value,年間予実対比（予実対比）.営業利益
221,ラクミーウェブ（会社）,分析画面,年間予実対比（予実対比）,年間実績_ラクミー利用料,L3,C,全店舗年次,L1,-,計算項目,費用設定参照,費用設定で設定した経費項目を参照,費目フィルタ,monthly_costs.value WHERE cost_item = 'ラクミー利用料',-,monthly_costs.value,-,ユーザー入力（費用設定）,-,-,monthly_costs.value → 年間予実対比(予実対比).ラクミー利用料,-,スキーマ検証済,-,費目名が正確か不明,費目マスタで正式名称を確認必要,実績算出・分析画面,実績算出・分析,予実対比画面で算出・表示。実績算出と分析表示の両方の役割。,低,中,中,低,-,監視継続,◎,短期キャッシュ(1-5分),データ連携時,0,0,-,-; monthly_costs.value,-
222,ラクミーウェブ（会社）,分析画面,年間予実対比（予実対比）,年間実績_IT費用,L0,D,全店舗年次,L1,-,計算項目,費用設定参照,費用設定で設定した経費項目を参照,費目フィルタ,monthly_costs.value WHERE cost_item = 'IT費用',-,monthly_costs.value,-,ユーザー入力（費用設定）,-,-,monthly_costs.value → 年間予実対比(予実対比).IT費用,-,スキーマ検証済,-,-,-,実績算出・分析画面,実績算出・分析,予実対比画面で算出・表示。実績算出と分析表示の両方の役割。,低,中,中,低,-,監視継続,◎,短期キャッシュ(1-5分),データ連携時,0,0,-,-; monthly_costs.value,-
223,ラクミーウェブ（会社）,分析画面,年間予実対比（予実対比）,年間実績_お花代,L0,C,全店舗年次,L1,-,計算項目,費用設定参照,費用設定で設定した経費項目を参照,費目フィルタ,monthly_costs.value WHERE cost_item = 'お花代',-,monthly_costs.value,-,ユーザー入力（費用設定）,-,-,monthly_costs.value → 年間予実対比(予実対比).お花代,-,スキーマ検証済,-,-,-,実績算出・分析画面,実績算出・分析,予実対比画面で算出・表示。実績算出と分析表示の両方の役割。,低,中,中,低,-,監視継続,◎,短期キャッシュ(1-5分),データ連携時,0,0,-,-; monthly_costs.value,-
224,ラクミーウェブ（会社）,分析画面,年間予実対比（予実対比）,年間実績_ガス代,L0,C,全店舗年次,L1,-,計算項目,費用設定参照,費用設定で設定した経費項目を参照,費目フィルタ,monthly_costs.value WHERE cost_item = 'ガス代',-,monthly_costs.value,-,ユーザー入力（費用設定）,-,-,monthly_costs.value → 年間予実対比(予実対比).ガス代,-,スキーマ検証済,-,-,-,実績算出・分析画面,実績算出・分析,予実対比画面で算出・表示。実績算出と分析表示の両方の役割。,低,中,中,低,-,監視継続,◎,短期キャッシュ(1-5分),データ連携時,0,0,-,-; monthly_costs.value,-
225,ラクミーウェブ（会社）,分析画面,年間予実対比（予実対比）,年間実績_クレジットカード手数料,L0,C,全店舗年次,L1,-,計算項目,費用設定参照,費用設定で設定した経費項目を参照,費目フィルタ,monthly_costs.value WHERE cost_item = 'クレジットカード手数料',-,monthly_costs.value,-,ユーザー入力（費用設定）,-,-,monthly_costs.value → 年間予実対比(予実対比).クレジットカード手数料,-,スキーマ検証済,-,-,-,実績算出・分析画面,実績算出・分析,予実対比画面で算出・表示。実績算出と分析表示の両方の役割。,低,中,中,低,-,監視継続,◎,短期キャッシュ(1-5分),データ連携時,0,0,-,-; monthly_costs.value,-
226,ラクミーウェブ（会社）,分析画面,年間予実対比（予実対比）,年間実績_レジ利用料,L0,C,全店舗年次,L1,-,計算項目,費用設定参照,費用設定で設定した経費項目を参照,費目フィルタ,monthly_costs.value WHERE cost_item = 'レジ利用料',-,monthly_costs.value,-,ユーザー入力（費用設定）,-,-,monthly_costs.value → 年間予実対比(予実対比).レジ利用料,-,スキーマ検証済,-,-,-,実績算出・分析画面,実績算出・分析,予実対比画面で算出・表示。実績算出と分析表示の両方の役割。,低,中,中,低,-,監視継続,◎,短期キャッシュ(1-5分),データ連携時,0,0,-,-; monthly_costs.value,-
227,ラクミーウェブ（会社）,分析画面,年間予実対比（予実対比）,年間実績_借入金返済,L0,C,全店舗年次,L1,-,計算項目,費用設定参照,費用設定で設定した経費項目を参照,費目フィルタ,monthly_costs.value WHERE cost_item = '借入金返済',-,monthly_costs.value,-,ユーザー入力（費用設定）,-,-,monthly_costs.value → 年間予実対比(予実対比).借入金返済,-,スキーマ検証済,-,-,-,実績算出・分析画面,実績算出・分析,予実対比画面で算出・表示。実績算出と分析表示の両方の役割。,低,中,中,低,-,監視継続,◎,短期キャッシュ(1-5分),データ連携時,0,0,-,-; monthly_costs.value,-
228,ラクミーウェブ（会社）,分析画面,年間予実対比（予実対比）,年間実績_家賃（変動分）,L0,C,全店舗年次,L1,-,計算項目,費用設定参照,費用設定で設定した経費項目を参照,費目フィルタ,monthly_costs.value WHERE cost_item = '家賃(変動分)',-,monthly_costs.value,-,ユーザー入力（費用設定）,-,-,monthly_costs.value → 年間予実対比(予実対比).家賃(変動分),-,スキーマ検証済,-,-,-,実績算出・分析画面,実績算出・分析,予実対比画面で算出・表示。実績算出と分析表示の両方の役割。,低,中,中,低,-,監視継続,◎,短期キャッシュ(1-5分),データ連携時,0,0,-,-; monthly_costs.value,-
229,ラクミーウェブ（会社）,分析画面,年間予実対比（予実対比）,年間実績_水道代,L0,C,全店舗年次,L1,-,計算項目,費用設定参照,費用設定で設定した経費項目を参照,費目フィルタ,monthly_costs.value WHERE cost_item = '水道代',-,monthly_costs.value,-,ユーザー入力（費用設定）,-,-,monthly_costs.value → 年間予実対比(予実対比).水道代,-,スキーマ検証済,-,-,-,実績算出・分析画面,実績算出・分析,予実対比画面で算出・表示。実績算出と分析表示の両方の役割。,低,中,中,低,-,監視継続,◎,短期キャッシュ(1-5分),データ連携時,0,0,-,-; monthly_costs.value,-
230,ラクミーウェブ（会社）,分析画面,年間予実対比（予実対比）,年間実績_社員人件費,L0,C,全店舗年次,L1,-,KOT（勤怠・人件費）,外部連携単独,KOT/ジョブカン勤怠データから単独取得,SUM月給者,SUM(head_office_connected_service_labor_costs_logs.labor_costs) WHERE employee_type = '月給者',-,head_office_connected_service_labor_costs_logs.labor_costs,head_office_connected_service_labor_costs_logs.labor_costs,勤怠（KOT/ジョブカン）,[外部]head_office_connected_service_labor_costs_logs.labor_costs,-,head_office_connected_service_labor_costs_logs.labor_costs → head_office_connected_service_labor_costs_logs.labor_costs → 年間予実対比(予実対比).社員人件費,-,スキーマ検証済,-,-,-,実績算出・分析画面,実績算出,外部連携データから実績値を算出（定義元）。ダッシュボード等へ参照される。,低,低,低,中,外部連携,インデックス最適化,◎,中期キャッシュ(5-30分),データ連携時,1,0,[外部]head_office_connected_service_labor_costs_logs.labor_costs,head_office_connected_service_labor_costs_logs.labor_costs; head_office_connected_service_labor_costs_logs.labor_costs,-
231,ラクミーウェブ（会社）,分析画面,年間予実対比（予実対比）,年間実績_電気代,L0,C,全店舗年次,L1,-,計算項目,費用設定参照,費用設定で設定した経費項目を参照,費目フィルタ,monthly_costs.value WHERE cost_item = '電気代',-,monthly_costs.value,-,ユーザー入力（費用設定）,-,-,monthly_costs.value → 年間予実対比(予実対比).電気代,-,スキーマ検証済,-,-,-,実績算出・分析画面,実績算出・分析,予実対比画面で算出・表示。実績算出と分析表示の両方の役割。,低,中,中,低,-,監視継続,◎,短期キャッシュ(1-5分),データ連携時,0,0,-,-; monthly_costs.value,-
232,ラクミーウェブ（会社）,分析画面,年間予実対比（予実対比）,年間実績_営業利益,L0,S,全店舗年次,L2-S,画面内,計算項目,複数種類混在,POS+インフォマート+KOT+費用設定の組合せ,売上-FLコスト-経費,年間予実対比(予実対比).総売上 計 - 年間予実対比(予実対比).FLコスト 計 - 年間予実対比(予実対比).その他経費 計,-,monthly_costs.value,-,ユーザー入力（費用設定）,-,-,monthly_costs.value → 年間予実対比(予実対比).営業利益,-,スキーマ検証済,-,-,-,実績算出・分析画面,実績算出,実績値を算出（定義元）。予実差額や各種比率の算出に使用。,低,高,中,中,複合演算,インデックス最適化,◎,中期キャッシュ(5-30分),画面表示時,0,0,-,-; monthly_costs.value,-
233,ラクミーウェブ（会社）,分析画面,年間予実対比（予実対比）,年間実績_フード売上ランチ,L0,C,全店舗年次,L1,-,POS（売上・客数）,外部連携単独,POSデータから単独取得,SUM(フードかつ時間フィルタ),SUM(TITEM.sales_excluded) WHERE category = 'フード' AND order_time BETWEEN 11:00 AND 15:00 GROUP BY year,-,head_office_item_sales_logs.sales_excluded,TITEM.sales_excluded,POS売上（商品別）,[外部]TITEM.sales_excluded,-,TITEM.sales_excluded → head_office_item_sales_logs.sales_excluded → 年間予実対比(予実対比).フード売上ランチ,-,スキーマ検証済,-,-,-,実績算出・分析画面,実績算出,外部連携データから実績値を算出（定義元）。ダッシュボード等へ参照される。,低,低,低,中,外部連携,インデックス最適化,◎,中期キャッシュ(5-30分),データ連携時,1,0,[外部]TITEM.sales_excluded,TITEM.sales_excluded; head_office_item_sales_logs.sales_excluded,-
234,ラクミーウェブ（会社）,分析画面,年間予実対比（予実対比）,年間実績_フード売上ディナー,L0,C,全店舗年次,L1,-,POS（売上・客数）,外部連携単独,POSデータから単独取得,SUM(フードかつ時間フィルタ),SUM(TITEM.sales_excluded) WHERE category = 'フード' AND order_time BETWEEN 17:00 AND 23:00 GROUP BY year,-,head_office_item_sales_logs.sales_excluded,TITEM.sales_excluded,POS売上（商品別）,[外部]TITEM.sales_excluded,-,TITEM.sales_excluded → head_office_item_sales_logs.sales_excluded → 年間予実対比(予実対比).フード売上ディナー,-,スキーマ検証済,-,-,-,実績算出・分析画面,実績算出,外部連携データから実績値を算出（定義元）。ダッシュボード等へ参照される。,低,低,低,中,外部連携,インデックス最適化,◎,中期キャッシュ(5-30分),データ連携時,1,0,[外部]TITEM.sales_excluded,TITEM.sales_excluded; head_office_item_sales_logs.sales_excluded,-
235,ラクミーウェブ（会社）,分析画面,年間予実対比（予実対比）,年間実績_ドリンク売上ランチ,L0,C,全店舗年次,L1,-,POS（売上・客数）,外部連携単独,POSデータから単独取得,SUM(ドリンクかつ時間フィルタ),SUM(TITEM.sales_excluded) WHERE category = 'ドリンク' AND order_time BETWEEN 11:00 AND 15:00 GROUP BY year,-,head_office_item_sales_logs.sales_excluded,TITEM.sales_excluded,POS売上（商品別）,[外部]TITEM.sales_excluded,-,TITEM.sales_excluded → head_office_item_sales_logs.sales_excluded → 年間予実対比(予実対比).ドリンク売上ランチ,-,スキーマ検証済,-,-,-,実績算出・分析画面,実績算出,外部連携データから実績値を算出（定義元）。ダッシュボード等へ参照される。,低,低,低,中,外部連携,インデックス最適化,◎,中期キャッシュ(5-30分),データ連携時,1,0,[外部]TITEM.sales_excluded,TITEM.sales_excluded; head_office_item_sales_logs.sales_excluded,-
236,ラクミーウェブ（会社）,分析画面,年間予実対比（予実対比）,年間実績_ドリンク売上ディナー,L0,C,全店舗年次,L1,-,POS（売上・客数）,外部連携単独,POSデータから単独取得,SUM(ドリンクかつ時間フィルタ),SUM(TITEM.sales_excluded) WHERE category = 'ドリンク' AND order_time BETWEEN 17:00 AND 23:00 GROUP BY year,-,head_office_item_sales_logs.sales_excluded,TITEM.sales_excluded,POS売上（商品別）,[外部]TITEM.sales_excluded,-,TITEM.sales_excluded → head_office_item_sales_logs.sales_excluded → 年間予実対比(予実対比).ドリンク売上ディナー,-,スキーマ検証済,-,-,-,実績算出・分析画面,実績算出,外部連携データから実績値を算出（定義元）。ダッシュボード等へ参照される。,低,低,低,中,外部連携,インデックス最適化,◎,中期キャッシュ(5-30分),データ連携時,1,0,[外部]TITEM.sales_excluded,TITEM.sales_excluded; head_office_item_sales_logs.sales_excluded,-
237,ラクミーウェブ（会社）,分析画面,年間予実対比（予実対比）,年間実績_フード仕入,L0,C,全店舗年次,L1,-,インフォマート（仕入）,外部連携単独,インフォマート仕入データから単独取得,SUMフード,SUM(infomart_transactions.total_tax_excluded) WHERE category = 'フード' GROUP BY year,-,infomart_transactions.total_tax_excluded,infomart_transactions.total_tax_excluded,インフォマート（仕入）,[外部]infomart_transactions.total_tax_excluded,-,infomart_transactions.total_tax_excluded → infomart_transactions.total_tax_excluded → 年間予実対比(予実対比).フード仕入,-,外部連携検証済,infomart_transactions.total_tax_excluded → infomart_transactions.total_tax_excluded,-,-,実績算出・分析画面,実績算出,外部連携データから実績値を算出（定義元）。ダッシュボード等へ参照される。,低,低,低,中,外部連携,インデックス最適化,◎,中期キャッシュ(5-30分),データ連携時,1,0,[外部]infomart_transactions.total_tax_excluded,infomart_transactions.total_tax_excluded; infomart_transactions.total_tax_excluded,-
238,ラクミーウェブ（会社）,分析画面,年間予実対比（予実対比）,年間実績_ドリンク仕入,L0,C,全店舗年次,L1,-,インフォマート（仕入）,外部連携単独,インフォマート仕入データから単独取得,SUMドリンク,SUM(infomart_transactions.total_tax_excluded) WHERE category = 'ドリンク' GROUP BY year,-,infomart_transactions.total_tax_excluded,infomart_transactions.total_tax_excluded,インフォマート（仕入）,[外部]infomart_transactions.total_tax_excluded,-,infomart_transactions.total_tax_excluded → infomart_transactions.total_tax_excluded → 年間予実対比(予実対比).ドリンク仕入,-,外部連携検証済,infomart_transactions.total_tax_excluded → infomart_transactions.total_tax_excluded,-,-,実績算出・分析画面,実績算出,外部連携データから実績値を算出（定義元）。ダッシュボード等へ参照される。,低,低,低,中,外部連携,インデックス最適化,◎,中期キャッシュ(5-30分),データ連携時,1,0,[外部]infomart_transactions.total_tax_excluded,infomart_transactions.total_tax_excluded; infomart_transactions.total_tax_excluded,-
239,ラクミーウェブ（会社）,分析画面,年間予実対比（予実対比）,年間実績_固定人件費,L0,C,全店舗年次,L1,-,KOT（勤怠・人件費）,外部連携単独,KOT/ジョブカン勤怠データから単独取得,SUM月給者,SUM(head_office_connected_service_labor_costs_logs.labor_costs) WHERE employee_type = '月給者' GROUP BY year,-,head_office_connected_service_labor_costs_logs.labor_costs,head_office_connected_service_labor_costs_logs.labor_costs,勤怠（KOT/ジョブカン）,[外部]head_office_connected_service_labor_costs_logs.labor_costs,-,head_office_connected_service_labor_costs_logs.labor_costs → head_office_connected_service_labor_costs_logs.labor_costs → 年間予実対比(予実対比).固定人件費,-,スキーマ検証済,-,-,-,実績算出・分析画面,実績算出,外部連携データから実績値を算出（定義元）。ダッシュボード等へ参照される。,低,低,低,中,外部連携,インデックス最適化,◎,中期キャッシュ(5-30分),データ連携時,1,0,[外部]head_office_connected_service_labor_costs_logs.labor_costs,head_office_connected_service_labor_costs_logs.labor_costs; head_office_connected_service_labor_costs_logs.labor_costs,-
240,ラクミーウェブ（会社）,分析画面,年間予実対比（予実対比）,年間実績_PA人件費,L0,C,全店舗年次,L1,-,KOT（勤怠・人件費）,外部連携単独,KOT/ジョブカン勤怠データから単独取得,SUM,SUM(head_office_employee_working_records.daily_cost) GROUP BY year,-,head_office_employee_working_records.daily_cost,head_office_employee_working_records.daily_cost,-,[外部]head_office_employee_working_records.daily_cost,-,head_office_employee_working_records.daily_cost → head_office_employee_working_records.daily_cost → 年間予実対比(予実対比).PA人件費,-,外部連携検証済,データソース: KOT（勤怠・人件費）,-,-,実績算出・分析画面,実績算出,外部連携データから実績値を算出（定義元）。ダッシュボード等へ参照される。,低,低,低,中,外部連携,インデックス最適化,◎,中期キャッシュ(5-30分),データ連携時,1,0,[外部]head_office_employee_working_records.daily_cost,head_office_employee_working_records.daily_cost; head_office_employee_working_records.daily_cost,-
241,ラクミーウェブ（会社）,分析画面,年間予実対比（予実対比）,年間実績_ヘルプ人件費,L0,C,全店舗年次,L3-S,画面間,計算項目,外部連携×外部連携,KOT内の複数データ組合せ,help_costs-help_costs_minus,店舗別人件費.ヘルプ人件費 - 店舗別人件費.ヘルプ人件費マイナス,-,"head_office_connected_service_labor_costs_logs.help_costs, head_office_connected_service_labor_costs_logs.help_costs_minus","help_costs, help_costs_minus",-,[外部]勤怠連携（KOT/ジョブカン）.ヘルプ人件費,-,help_costs / help_costs_minus → head_office_connected_service_labor_costs_logs.help_costs / head_office_connected_service_labor_costs_logs.help_costs_minus → 年間予実対比(予実対比).ヘルプ人件費,-,AI推測,-,-,-,実績算出・分析画面,実績算出,実績値を算出（定義元）。予実差額や各種比率の算出に使用。,低,中,中,最高,画面間参照; 外部連携; 複数ソース,スナップショット化・事前計算,◎,長期キャッシュ(1時間以上),日次バッチ,1,0,[外部]勤怠連携（KOT/ジョブカン）.ヘルプ人件費,"help_costs, help_costs_minus; head_office_connected_service_labor_costs_logs.help_costs, head_office_connected_service_labor_costs_logs.help_costs_minus",-
242,ラクミーウェブ（会社）,分析画面,年間予実対比（予実対比）,年間実績_地代家賃,L0,C,全店舗年次,L1,-,計算項目,費用設定参照,費用設定で設定した経費項目を参照,費目=家賃,monthly_costs.value WHERE cost_item = '家賃' GROUP BY year,-,monthly_costs.value,-,ユーザー入力（費用設定）,-,-,monthly_costs.value → 年間予実対比(予実対比).地代家賃,-,スキーマ検証済,-,-,-,実績算出・分析画面,実績算出・分析,予実対比画面で算出・表示。実績算出と分析表示の両方の役割。,低,中,中,低,-,監視継続,◎,短期キャッシュ(1-5分),データ連携時,0,0,-,-; monthly_costs.value,-
243,ラクミーウェブ（会社）,分析画面,年間予実対比（予実対比）,年間実績_資材費,L0,C,全店舗年次,L1,-,計算項目,費用設定参照,費用設定で設定した経費項目を参照,費目=資材費,monthly_costs.value WHERE cost_item = '資材費' GROUP BY year,-,monthly_costs.value,-,ユーザー入力（費用設定）,-,-,monthly_costs.value → 年間予実対比(予実対比).資材費,-,スキーマ検証済,-,-,-,実績算出・分析画面,実績算出・分析,予実対比画面で算出・表示。実績算出と分析表示の両方の役割。,低,中,中,低,-,監視継続,◎,短期キャッシュ(1-5分),データ連携時,0,0,-,-; monthly_costs.value,-
244,ラクミーウェブ（会社）,分析画面,年間予実対比（予実対比）,年間実績_水道光熱費,L0,C,全店舗年次,L1,-,計算項目,費用設定参照,費用設定で設定した経費項目を参照,費目=水道光熱費,monthly_costs.value WHERE cost_item = '水道光熱費' GROUP BY year,-,monthly_costs.value,-,ユーザー入力（費用設定）,-,-,monthly_costs.value → 年間予実対比(予実対比).水道光熱費,-,スキーマ検証済,-,-,-,実績算出・分析画面,実績算出・分析,予実対比画面で算出・表示。実績算出と分析表示の両方の役割。,低,中,中,低,-,監視継続,◎,短期キャッシュ(1-5分),データ連携時,0,0,-,-; monthly_costs.value,-
245,ラクミーウェブ（会社）,分析画面,年間予実対比（予実対比）,年間実績_減価償却費,L0,C,全店舗年次,L1,-,計算項目,費用設定参照,費用設定で設定した経費項目を参照,費目=減価償却費,monthly_costs.value WHERE cost_item = '減価償却費' GROUP BY year,-,monthly_costs.value,-,ユーザー入力（費用設定）,-,-,monthly_costs.value → 年間予実対比(予実対比).減価償却費,-,スキーマ検証済,-,-,-,実績算出・分析画面,実績算出・分析,予実対比画面で算出・表示。実績算出と分析表示の両方の役割。,低,中,中,低,-,監視継続,◎,短期キャッシュ(1-5分),データ連携時,0,0,-,-; monthly_costs.value,-
246,ラクミーウェブ（会社）,分析画面,年間予実対比（予実対比）,年間実績_販促費,L0,C,全店舗年次,L1,-,計算項目,費用設定参照,費用設定で設定した経費項目を参照,費目=販促費,monthly_costs.value WHERE cost_item = '販促費' GROUP BY year,-,monthly_costs.value,-,ユーザー入力（費用設定）,-,-,monthly_costs.value → 年間予実対比(予実対比).販促費,-,スキーマ検証済,-,-,-,実績算出・分析画面,実績算出・分析,予実対比画面で算出・表示。実績算出と分析表示の両方の役割。,低,中,中,低,-,監視継続,◎,短期キャッシュ(1-5分),データ連携時,0,0,-,-; monthly_costs.value,-
307,ラクミーウェブ（会社）,分析画面,年間予実対比（予実対比）,年間予算_総売上 計,L0,A,全店舗年次,L1,画面間,計算項目,予算設定参照,月次予算設定の年間累計,SUM月次予算,SUM(monthly_budgets.target_sales) GROUP BY year,年間予算値,monthly_budgets.target_sales,-,月次予算設定.売上（税抜）,月次予算設定.年間総売上,-,月次予算設定.売上 → 年間累計 → 年間予実対比（予実対比）.年間予算_総売上 計,-,予算追加,年間累計予算値,-,-,分析画面,予算値,月次予算設定値の年間累計,低,中,中,中,画面間参照,インデックス最適化,◎,中期キャッシュ(5-30分),データ連携時,1,0,月次予算設定.年間総売上,-; monthly_budgets.target_sales,-
308,ラクミーウェブ（会社）,分析画面,年間予実対比（予実対比）,年間予算_フード売上 計,L1,B,全店舗年次,L1,画面間,計算項目,予算設定参照×演算,年間予算_総売上×フード構成比,年間予算_総売上 計 × 売上構成比設定.フード構成比,年間予算 × food_ratio,年間予算値,"monthly_budgets.target_sales, budget_sales_compositions.food_ratio",-,"月次予算設定.売上（税抜）, 売上構成比設定.フード構成比",月次予算設定.年間フード売上,-,年間予算_総売上 × フード構成比 → 年間予実対比（予実対比）.年間予算_フード売上 計,-,予算追加,年間累計予算値,-,-,分析画面,予算値,月次予算設定値の年間累計×構成比,中,中,中,高,画面間参照; 複数ソース,キャッシュ・非同期処理,◎,中期キャッシュ(30分-1時間),データ更新時,1,0,月次予算設定.年間フード売上,"-; monthly_budgets.target_sales, budget_sales_compositions.food_ratio",-
309,ラクミーウェブ（会社）,分析画面,年間予実対比（予実対比）,年間予算_フード売上ランチ,L1,C,全店舗年次,L1,画面間,計算項目,予算設定参照×演算,年間予算_フード売上×ランチ比率,年間予算_フード売上 計 × 売上構成比設定.ランチ比率,年間予算 × lunch_ratio,年間予算値,"monthly_budgets.target_sales, budget_sales_compositions.lunch_ratio",-,"月次予算設定.売上（税抜）, 売上構成比設定.ランチ比率",月次予算設定.年間フード売上ランチ,-,年間予算_フード売上 × ランチ比率 → 年間予実対比（予実対比）.年間予算_フード売上ランチ,-,予算追加,年間累計予算値,-,-,分析画面,予算値,月次予算設定値の年間累計×構成比,中,中,中,高,画面間参照; 複数ソース,キャッシュ・非同期処理,◎,中期キャッシュ(30分-1時間),データ更新時,1,0,月次予算設定.年間フード売上ランチ,"-; monthly_budgets.target_sales, budget_sales_compositions.lunch_ratio",-
310,ラクミーウェブ（会社）,分析画面,年間予実対比（予実対比）,年間予算_フード売上ディナー,L1,C,全店舗年次,L1,画面間,計算項目,予算設定参照×演算,年間予算_フード売上×ディナー比率,年間予算_フード売上 計 × 売上構成比設定.ディナー比率,年間予算 × dinner_ratio,年間予算値,"monthly_budgets.target_sales, budget_sales_compositions.dinner_ratio",-,"月次予算設定.売上（税抜）, 売上構成比設定.ディナー比率",月次予算設定.年間フード売上ディナー,-,年間予算_フード売上 × ディナー比率 → 年間予実対比（予実対比）.年間予算_フード売上ディナー,-,予算追加,年間累計予算値,-,-,分析画面,予算値,月次予算設定値の年間累計×構成比,中,中,中,高,画面間参照; 複数ソース,キャッシュ・非同期処理,◎,中期キャッシュ(30分-1時間),データ更新時,1,0,月次予算設定.年間フード売上ディナー,"-; monthly_budgets.target_sales, budget_sales_compositions.dinner_ratio",-
311,ラクミーウェブ（会社）,分析画面,年間予実対比（予実対比）,年間予算_ドリンク売上 計,L1,B,全店舗年次,L1,画面間,計算項目,予算設定参照×演算,年間予算_総売上×ドリンク構成比,年間予算_総売上 計 × 売上構成比設定.ドリンク構成比,年間予算 × drink_ratio,年間予算値,"monthly_budgets.target_sales, budget_sales_compositions.drink_ratio",-,"月次予算設定.売上（税抜）, 売上構成比設定.ドリンク構成比",月次予算設定.年間ドリンク売上,-,年間予算_総売上 × ドリンク構成比 → 年間予実対比（予実対比）.年間予算_ドリンク売上 計,-,予算追加,年間累計予算値,-,-,分析画面,予算値,月次予算設定値の年間累計×構成比,中,中,中,高,画面間参照; 複数ソース,キャッシュ・非同期処理,◎,中期キャッシュ(30分-1時間),データ更新時,1,0,月次予算設定.年間ドリンク売上,"-; monthly_budgets.target_sales, budget_sales_compositions.drink_ratio",-
312,ラクミーウェブ（会社）,分析画面,年間予実対比（予実対比）,年間予算_ドリンク売上ランチ,L1,C,全店舗年次,L1,画面間,計算項目,予算設定参照×演算,年間予算_ドリンク売上×ランチ比率,年間予算_ドリンク売上 計 × 売上構成比設定.ランチ比率,年間予算 × lunch_ratio,年間予算値,"monthly_budgets.target_sales, budget_sales_compositions.lunch_ratio",-,"月次予算設定.売上（税抜）, 売上構成比設定.ランチ比率",月次予算設定.年間ドリンク売上ランチ,-,年間予算_ドリンク売上 × ランチ比率 → 年間予実対比（予実対比）.年間予算_ドリンク売上ランチ,-,予算追加,年間累計予算値,-,-,分析画面,予算値,月次予算設定値の年間累計×構成比,中,中,中,高,画面間参照; 複数ソース,キャッシュ・非同期処理,◎,中期キャッシュ(30分-1時間),データ更新時,1,0,月次予算設定.年間ドリンク売上ランチ,"-; monthly_budgets.target_sales, budget_sales_compositions.lunch_ratio",-
313,ラクミーウェブ（会社）,分析画面,年間予実対比（予実対比）,年間予算_ドリンク売上ディナー,L1,C,全店舗年次,L1,画面間,計算項目,予算設定参照×演算,年間予算_ドリンク売上×ディナー比率,年間予算_ドリンク売上 計 × 売上構成比設定.ディナー比率,年間予算 × dinner_ratio,年間予算値,"monthly_budgets.target_sales, budget_sales_compositions.dinner_ratio",-,"月次予算設定.売上（税抜）, 売上構成比設定.ディナー比率",月次予算設定.年間ドリンク売上ディナー,-,年間予算_ドリンク売上 × ディナー比率 → 年間予実対比（予実対比）.年間予算_ドリンク売上ディナー,-,予算追加,年間累計予算値,-,-,分析画面,予算値,月次予算設定値の年間累計×構成比,中,中,中,高,画面間参照; 複数ソース,キャッシュ・非同期処理,◎,中期キャッシュ(30分-1時間),データ更新時,1,0,月次予算設定.年間ドリンク売上ディナー,"-; monthly_budgets.target_sales, budget_sales_compositions.dinner_ratio",-
314,ラクミーウェブ（会社）,分析画面,年間予実対比（予実対比）,年間予算_その他売上 計（サービス料等）,L1,C,全店舗年次,L1,画面間,計算項目,予算設定参照×演算,年間予算_総売上×その他構成比,年間予算_総売上 計 × 売上構成比設定.その他構成比,年間予算 × other_ratio,年間予算値,"monthly_budgets.target_sales, budget_sales_compositions.other_ratio",-,"月次予算設定.売上（税抜）, 売上構成比設定.その他構成比",月次予算設定.年間その他売上（サービス料等）,-,年間予算_総売上 × その他構成比 → 年間予実対比（予実対比）.年間予算_その他売上 計（サービス料等）,-,予算追加,年間累計予算値,-,-,分析画面,予算値,月次予算設定値の年間累計×構成比,中,中,中,高,画面間参照; 複数ソース,キャッシュ・非同期処理,◎,中期キャッシュ(30分-1時間),データ更新時,1,0,月次予算設定.年間その他売上（サービス料等）,"-; monthly_budgets.target_sales, budget_sales_compositions.other_ratio",-
315,ラクミーウェブ（会社）,分析画面,年間予実対比（予実対比）,年間予算_その他売上ランチ,L1,D,全店舗年次,L1,画面間,計算項目,予算設定参照×演算,年間予算_その他売上×ランチ比率,年間予算_その他売上 計 × 売上構成比設定.ランチ比率,年間予算 × lunch_ratio,年間予算値,"monthly_budgets.target_sales, budget_sales_compositions.lunch_ratio",-,"月次予算設定.売上（税抜）, 売上構成比設定.ランチ比率",月次予算設定.年間その他売上ランチ,-,年間予算_その他売上 × ランチ比率 → 年間予実対比（予実対比）.年間予算_その他売上ランチ,-,予算追加,年間累計予算値,-,-,分析画面,予算値,月次予算設定値の年間累計×構成比,中,中,中,高,画面間参照; 複数ソース,キャッシュ・非同期処理,◎,中期キャッシュ(30分-1時間),データ更新時,1,0,月次予算設定.年間その他売上ランチ,"-; monthly_budgets.target_sales, budget_sales_compositions.lunch_ratio",-
316,ラクミーウェブ（会社）,分析画面,年間予実対比（予実対比）,年間予算_その他売上ディナー,L1,D,全店舗年次,L1,画面間,計算項目,予算設定参照×演算,年間予算_その他売上×ディナー比率,年間予算_その他売上 計 × 売上構成比設定.ディナー比率,年間予算 × dinner_ratio,年間予算値,"monthly_budgets.target_sales, budget_sales_compositions.dinner_ratio",-,"月次予算設定.売上（税抜）, 売上構成比設定.ディナー比率",月次予算設定.年間その他売上ディナー,-,年間予算_その他売上 × ディナー比率 → 年間予実対比（予実対比）.年間予算_その他売上ディナー,-,予算追加,年間累計予算値,-,-,分析画面,予算値,月次予算設定値の年間累計×構成比,中,中,中,高,画面間参照; 複数ソース,キャッシュ・非同期処理,◎,中期キャッシュ(30分-1時間),データ更新時,1,0,月次予算設定.年間その他売上ディナー,"-; monthly_budgets.target_sales, budget_sales_compositions.dinner_ratio",-
317,ラクミーウェブ（会社）,分析画面,年間予実対比（予実対比）,年間予算_FLコスト 計,L1,A,全店舗年次,L2-S,画面内,計算項目,画面内演算,年間予算_FD仕入+年間予算_人件費の合計,年間予算_FD仕入 計 + 年間予算_人件費 計,FD仕入予算 + 人件費予算,年間予算値,-,-,画面内演算,"年間予実対比（予実対比）.年間予算_FD仕入 計, 年間予実対比（予実対比）.年間予算_人件費 計",-,年間予算_FD仕入 + 年間予算_人件費 → 年間予実対比（予実対比）.年間予算_FLコスト 計,-,予算追加,年間累計予算値,-,-,分析画面,予算値,予算設定値の画面内演算,中,高,高,低,-,監視継続,◎,短期キャッシュ(1-5分),画面表示時,2,0,"年間予実対比（予実対比）.年間予算_FD仕入 計, 年間予実対比（予実対比）.年間予算_人件費 計",-; -,-
318,ラクミーウェブ（会社）,分析画面,年間予実対比（予実対比）,年間予算_FD仕入 計,L1,A,全店舗年次,L1,画面間,計算項目,予算設定参照×演算,月次予算設定.売上×FD仕入比率の年間累計,SUM(monthly_budgets.target_sales × monthly_budgets.food_cost_rate) GROUP BY year,target_sales × food_cost_rate,年間予算値,"monthly_budgets.target_sales, monthly_budgets.food_cost_rate",-,"月次予算設定.売上（税抜）, 月次予算設定.FD仕入比率",月次予算設定.年間FD仕入,-,月次予算設定.売上 × FD仕入比率 → 年間累計 → 年間予実対比（予実対比）.年間予算_FD仕入 計,-,予算追加,年間累計予算値,-,-,分析画面,予算値,月次予算設定値の年間累計×比率,中,高,高,高,画面間参照; 複数ソース,キャッシュ・非同期処理,◎,中期キャッシュ(30分-1時間),データ更新時,1,0,月次予算設定.年間FD仕入,"-; monthly_budgets.target_sales, monthly_budgets.food_cost_rate",-
319,ラクミーウェブ（会社）,分析画面,年間予実対比（予実対比）,年間予算_フード仕入,L1,B,全店舗年次,L1,画面間,計算項目,予算設定参照×演算,年間予算_FD仕入×フード比率,年間予算_FD仕入 計 × FD構成比設定.フード比率,FD仕入予算 × food_ratio,年間予算値,"monthly_budgets.food_cost_rate, fd_compositions.food_ratio",-,"月次予算設定.FD仕入比率, FD構成比設定.フード比率",月次予算設定.年間フード仕入,-,年間予算_FD仕入 × フード比率 → 年間予実対比（予実対比）.年間予算_フード仕入,-,予算追加,年間累計予算値,-,-,分析画面,予算値,月次予算設定値の年間累計×比率,中,中,中,高,画面間参照; 複数ソース,キャッシュ・非同期処理,◎,中期キャッシュ(30分-1時間),データ更新時,1,0,月次予算設定.年間フード仕入,"-; monthly_budgets.food_cost_rate, fd_compositions.food_ratio",-
320,ラクミーウェブ（会社）,分析画面,年間予実対比（予実対比）,年間予算_ドリンク仕入,L1,B,全店舗年次,L1,画面間,計算項目,予算設定参照×演算,年間予算_FD仕入×ドリンク比率,年間予算_FD仕入 計 × FD構成比設定.ドリンク比率,FD仕入予算 × drink_ratio,年間予算値,"monthly_budgets.food_cost_rate, fd_compositions.drink_ratio",-,"月次予算設定.FD仕入比率, FD構成比設定.ドリンク比率",月次予算設定.年間ドリンク仕入,-,年間予算_FD仕入 × ドリンク比率 → 年間予実対比（予実対比）.年間予算_ドリンク仕入,-,予算追加,年間累計予算値,-,-,分析画面,予算値,月次予算設定値の年間累計×比率,中,中,中,高,画面間参照; 複数ソース,キャッシュ・非同期処理,◎,中期キャッシュ(30分-1時間),データ更新時,1,0,月次予算設定.年間ドリンク仕入,"-; monthly_budgets.food_cost_rate, fd_compositions.drink_ratio",-
321,ラクミーウェブ（会社）,分析画面,年間予実対比（予実対比）,年間予算_人件費 計,L1,A,全店舗年次,L1,画面間,計算項目,予算設定参照×演算,(売上×PA人件費率+固定人件費)の年間累計,SUM(monthly_budgets.target_sales × monthly_budgets.labor_cost_rate + 固定人件費) GROUP BY year,(target_sales × labor_cost_rate + 固定人件費),年間予算値,"monthly_budgets.target_sales, monthly_budgets.labor_cost_rate, 固定人件費予算",-,"月次予算設定.売上（税抜）, 月次予算設定.PA人件費率, 費用設定.固定人件費",月次予算設定.年間人件費,-,月次予算設定.売上 × PA人件費率 + 固定人件費 → 年間累計 → 年間予実対比（予実対比）.年間予算_人件費 計,-,予算追加,年間累計予算値,-,-,分析画面,予算値,月次予算設定値の年間累計,中,高,高,高,画面間参照; 複数ソース,キャッシュ・非同期処理,◎,中期キャッシュ(30分-1時間),データ更新時,1,0,月次予算設定.年間人件費,"-; monthly_budgets.target_sales, monthly_budgets.labor_cost_rate, 固定人件費予算",-
322,ラクミーウェブ（会社）,分析画面,年間予実対比（予実対比）,年間予算_固定人件費,L0,B,全店舗年次,L3-S,画面間,費用設定（参照）,設定値集計,費用設定の固定人件費予算の年間累計,SUM(費用設定.固定人件費予算) GROUP BY year,固定人件費予算,年間予算値,monthly_cost_items.value(固定人件費),-,費用設定.固定人件費,月次予算設定.年間固定人件費,-,費用設定.固定人件費 → 年間累計 → 年間予実対比（予実対比）.年間予算_固定人件費,-,予算追加,年間累計予算値,-,-,分析画面,予算値,費用設定値の年間累計,低,中,中,中,画面間参照,インデックス最適化,◎,中期キャッシュ(5-30分),画面表示時,1,0,月次予算設定.年間固定人件費,-; monthly_cost_items.value(固定人件費),-
323,ラクミーウェブ（会社）,分析画面,年間予実対比（予実対比）,年間予算_PA人件費,L1,B,全店舗年次,L1,画面間,計算項目,予算設定参照×演算,売上×PA人件費率の年間累計,SUM(monthly_budgets.target_sales × monthly_budgets.labor_cost_rate) GROUP BY year,target_sales × labor_cost_rate,年間予算値,"monthly_budgets.target_sales, monthly_budgets.labor_cost_rate",-,"月次予算設定.売上（税抜）, 月次予算設定.PA人件費率",月次予算設定.年間PA人件費,-,月次予算設定.売上 × PA人件費率 → 年間累計 → 年間予実対比（予実対比）.年間予算_PA人件費,-,予算追加,年間累計予算値,-,-,分析画面,予算値,月次予算設定値の年間累計×比率,中,中,中,高,画面間参照; 複数ソース,キャッシュ・非同期処理,◎,中期キャッシュ(30分-1時間),データ更新時,1,0,月次予算設定.年間PA人件費,"-; monthly_budgets.target_sales, monthly_budgets.labor_cost_rate",-
324,ラクミーウェブ（会社）,分析画面,年間予実対比（予実対比）,年間予算_社員人件費,L0,B,全店舗年次,L3-S,画面間,費用設定（参照）,設定値集計,費用設定の社員人件費予算の年間累計,SUM(費用設定.社員人件費予算) GROUP BY year,社員人件費予算,年間予算値,monthly_cost_items.value(社員人件費),-,費用設定.社員人件費,月次予算設定.年間社員人件費,-,費用設定.社員人件費 → 年間累計 → 年間予実対比（予実対比）.年間予算_社員人件費,-,予算追加,年間累計予算値,-,-,分析画面,予算値,費用設定値の年間累計,低,中,中,中,画面間参照,インデックス最適化,◎,中期キャッシュ(5-30分),画面表示時,1,0,月次予算設定.年間社員人件費,-; monthly_cost_items.value(社員人件費),-
325,ラクミーウェブ（会社）,分析画面,年間予実対比（予実対比）,年間予算_ヘルプ人件費,L0,C,全店舗年次,L3-S,画面間,費用設定（参照）,設定値集計,費用設定のヘルプ人件費予算の年間累計,SUM(費用設定.ヘルプ人件費予算) GROUP BY year,ヘルプ人件費予算,年間予算値,monthly_cost_items.value(ヘルプ人件費),-,費用設定.ヘルプ人件費,月次予算設定.年間ヘルプ人件費,-,費用設定.ヘルプ人件費 → 年間累計 → 年間予実対比（予実対比）.年間予算_ヘルプ人件費,-,予算追加,年間累計予算値,-,-,分析画面,予算値,費用設定値の年間累計,低,中,中,中,画面間参照,インデックス最適化,◎,中期キャッシュ(5-30分),画面表示時,1,0,月次予算設定.年間ヘルプ人件費,-; monthly_cost_items.value(ヘルプ人件費),-
326,ラクミーウェブ（会社）,分析画面,年間予実対比（予実対比）,年間予算_その他経費 計,L0,B,全店舗年次,L3-S,画面間,費用設定（参照）,設定値集計,費用設定のその他経費予算の年間累計,SUM(費用設定.その他経費予算) GROUP BY year,その他経費予算合計,年間予算値,monthly_cost_items.value(その他経費),-,費用設定.その他経費合計,月次予算設定.年間その他経費,-,費用設定.その他経費 → 年間累計 → 年間予実対比（予実対比）.年間予算_その他経費 計,-,予算追加,年間累計予算値,-,-,分析画面,予算値,費用設定値の年間累計,低,中,中,中,画面間参照,インデックス最適化,◎,中期キャッシュ(5-30分),画面表示時,1,0,月次予算設定.年間その他経費,-; monthly_cost_items.value(その他経費),-
327,ラクミーウェブ（会社）,分析画面,年間予実対比（予実対比）,年間予算_地代家賃,L0,B,全店舗年次,L3-S,画面間,費用設定（参照）,設定値集計,費用設定の地代家賃予算の年間累計,SUM(費用設定.地代家賃予算) GROUP BY year,地代家賃予算,年間予算値,monthly_cost_items.value(地代家賃),-,費用設定.地代家賃,月次予算設定.年間地代家賃,-,費用設定.地代家賃 → 年間累計 → 年間予実対比（予実対比）.年間予算_地代家賃,-,予算追加,年間累計予算値,-,-,分析画面,予算値,費用設定値の年間累計,低,中,中,中,画面間参照,インデックス最適化,◎,中期キャッシュ(5-30分),画面表示時,1,0,月次予算設定.年間地代家賃,-; monthly_cost_items.value(地代家賃),-
328,ラクミーウェブ（会社）,分析画面,年間予実対比（予実対比）,年間予算_家賃（変動分）,L0,C,全店舗年次,L3-S,画面間,費用設定（参照）,設定値集計,費用設定の家賃（変動分）予算の年間累計,SUM(費用設定.家賃（変動分）予算) GROUP BY year,家賃（変動分）予算,年間予算値,monthly_cost_items.value(家賃変動分),-,費用設定.家賃（変動分）,月次予算設定.年間家賃（変動分）,-,費用設定.家賃（変動分） → 年間累計 → 年間予実対比（予実対比）.年間予算_家賃（変動分）,-,予算追加,年間累計予算値,-,-,分析画面,予算値,費用設定値の年間累計,低,中,中,中,画面間参照,インデックス最適化,◎,中期キャッシュ(5-30分),画面表示時,1,0,月次予算設定.年間家賃（変動分）,-; monthly_cost_items.value(家賃変動分),-
329,ラクミーウェブ（会社）,分析画面,年間予実対比（予実対比）,年間予算_水道光熱費,L0,B,全店舗年次,L3-S,画面間,費用設定（参照）,設定値集計,費用設定の水道光熱費予算の年間累計,SUM(費用設定.水道光熱費予算) GROUP BY year,水道光熱費予算,年間予算値,monthly_cost_items.value(水道光熱費),-,費用設定.水道光熱費,月次予算設定.年間水道光熱費,-,費用設定.水道光熱費 → 年間累計 → 年間予実対比（予実対比）.年間予算_水道光熱費,-,予算追加,年間累計予算値,-,-,分析画面,予算値,費用設定値の年間累計,低,中,中,中,画面間参照,インデックス最適化,◎,中期キャッシュ(5-30分),画面表示時,1,0,月次予算設定.年間水道光熱費,-; monthly_cost_items.value(水道光熱費),-
330,ラクミーウェブ（会社）,分析画面,年間予実対比（予実対比）,年間予算_電気代,L0,C,全店舗年次,L3-S,画面間,費用設定（参照）,設定値集計,費用設定の電気代予算の年間累計,SUM(費用設定.電気代予算) GROUP BY year,電気代予算,年間予算値,monthly_cost_items.value(電気代),-,費用設定.電気代,月次予算設定.年間電気代,-,費用設定.電気代 → 年間累計 → 年間予実対比（予実対比）.年間予算_電気代,-,予算追加,年間累計予算値,-,-,分析画面,予算値,費用設定値の年間累計,低,中,中,中,画面間参照,インデックス最適化,◎,中期キャッシュ(5-30分),画面表示時,1,0,月次予算設定.年間電気代,-; monthly_cost_items.value(電気代),-
331,ラクミーウェブ（会社）,分析画面,年間予実対比（予実対比）,年間予算_ガス代,L0,C,全店舗年次,L3-S,画面間,費用設定（参照）,設定値集計,費用設定のガス代予算の年間累計,SUM(費用設定.ガス代予算) GROUP BY year,ガス代予算,年間予算値,monthly_cost_items.value(ガス代),-,費用設定.ガス代,月次予算設定.年間ガス代,-,費用設定.ガス代 → 年間累計 → 年間予実対比（予実対比）.年間予算_ガス代,-,予算追加,年間累計予算値,-,-,分析画面,予算値,費用設定値の年間累計,低,中,中,中,画面間参照,インデックス最適化,◎,中期キャッシュ(5-30分),画面表示時,1,0,月次予算設定.年間ガス代,-; monthly_cost_items.value(ガス代),-
332,ラクミーウェブ（会社）,分析画面,年間予実対比（予実対比）,年間予算_水道代,L0,C,全店舗年次,L3-S,画面間,費用設定（参照）,設定値集計,費用設定の水道代予算の年間累計,SUM(費用設定.水道代予算) GROUP BY year,水道代予算,年間予算値,monthly_cost_items.value(水道代),-,費用設定.水道代,月次予算設定.年間水道代,-,費用設定.水道代 → 年間累計 → 年間予実対比（予実対比）.年間予算_水道代,-,予算追加,年間累計予算値,-,-,分析画面,予算値,費用設定値の年間累計,低,中,中,中,画面間参照,インデックス最適化,◎,中期キャッシュ(5-30分),画面表示時,1,0,月次予算設定.年間水道代,-; monthly_cost_items.value(水道代),-
333,ラクミーウェブ（会社）,分析画面,年間予実対比（予実対比）,年間予算_減価償却費,L0,B,全店舗年次,L3-S,画面間,費用設定（参照）,設定値集計,費用設定の減価償却費予算の年間累計,SUM(費用設定.減価償却費予算) GROUP BY year,減価償却費予算,年間予算値,monthly_cost_items.value(減価償却費),-,費用設定.減価償却費,月次予算設定.年間減価償却費,-,費用設定.減価償却費 → 年間累計 → 年間予実対比（予実対比）.年間予算_減価償却費,-,予算追加,年間累計予算値,-,-,分析画面,予算値,費用設定値の年間累計,低,中,中,中,画面間参照,インデックス最適化,◎,中期キャッシュ(5-30分),画面表示時,1,0,月次予算設定.年間減価償却費,-; monthly_cost_items.value(減価償却費),-
334,ラクミーウェブ（会社）,分析画面,年間予実対比（予実対比）,年間予算_販促費,L0,C,全店舗年次,L3-S,画面間,費用設定（参照）,設定値集計,費用設定の販促費予算の年間累計,SUM(費用設定.販促費予算) GROUP BY year,販促費予算,年間予算値,monthly_cost_items.value(販促費),-,費用設定.販促費,月次予算設定.年間販促費,-,費用設定.販促費 → 年間累計 → 年間予実対比（予実対比）.年間予算_販促費,-,予算追加,年間累計予算値,-,-,分析画面,予算値,費用設定値の年間累計,低,中,中,中,画面間参照,インデックス最適化,◎,中期キャッシュ(5-30分),画面表示時,1,0,月次予算設定.年間販促費,-; monthly_cost_items.value(販促費),-
335,ラクミーウェブ（会社）,分析画面,年間予実対比（予実対比）,年間予算_資材費,L0,C,全店舗年次,L3-S,画面間,費用設定（参照）,設定値集計,費用設定の資材費予算の年間累計,SUM(費用設定.資材費予算) GROUP BY year,資材費予算,年間予算値,monthly_cost_items.value(資材費),-,費用設定.資材費,月次予算設定.年間資材費,-,費用設定.資材費 → 年間累計 → 年間予実対比（予実対比）.年間予算_資材費,-,予算追加,年間累計予算値,-,-,分析画面,予算値,費用設定値の年間累計,低,中,中,中,画面間参照,インデックス最適化,◎,中期キャッシュ(5-30分),画面表示時,1,0,月次予算設定.年間資材費,-; monthly_cost_items.value(資材費),-
336,ラクミーウェブ（会社）,分析画面,年間予実対比（予実対比）,年間予算_借入金返済,L0,C,全店舗年次,L3-S,画面間,費用設定（参照）,設定値集計,費用設定の借入金返済予算の年間累計,SUM(費用設定.借入金返済予算) GROUP BY year,借入金返済予算,年間予算値,monthly_cost_items.value(借入金返済),-,費用設定.借入金返済,月次予算設定.年間借入金返済,-,費用設定.借入金返済 → 年間累計 → 年間予実対比（予実対比）.年間予算_借入金返済,-,予算追加,年間累計予算値,-,-,分析画面,予算値,費用設定値の年間累計,低,中,中,中,画面間参照,インデックス最適化,◎,中期キャッシュ(5-30分),画面表示時,1,0,月次予算設定.年間借入金返済,-; monthly_cost_items.value(借入金返済),-
337,ラクミーウェブ（会社）,分析画面,年間予実対比（予実対比）,年間予算_IT費用,L0,C,全店舗年次,L3-S,画面間,費用設定（参照）,設定値集計,費用設定のIT費用予算の年間累計,SUM(費用設定.IT費用予算) GROUP BY year,IT費用予算,年間予算値,monthly_cost_items.value(IT費用),-,費用設定.IT費用,月次予算設定.年間IT費用,-,費用設定.IT費用 → 年間累計 → 年間予実対比（予実対比）.年間予算_IT費用,-,予算追加,年間累計予算値,-,-,分析画面,予算値,費用設定値の年間累計,低,中,中,中,画面間参照,インデックス最適化,◎,中期キャッシュ(5-30分),画面表示時,1,0,月次予算設定.年間IT費用,-; monthly_cost_items.value(IT費用),-
338,ラクミーウェブ（会社）,分析画面,年間予実対比（予実対比）,年間予算_ラクミー利用料,L2,C,全店舗年次,L3-S,画面間,費用設定（参照）,設定値集計,費用設定のラクミー利用料予算の年間累計,SUM(費用設定.ラクミー利用料予算) GROUP BY year,ラクミー利用料予算,年間予算値,monthly_cost_items.value(ラクミー利用料),-,費用設定.ラクミー利用料,月次予算設定.年間ラクミー利用料,-,費用設定.ラクミー利用料 → 年間累計 → 年間予実対比（予実対比）.年間予算_ラクミー利用料,-,予算追加,年間累計予算値,-,-,分析画面,予算値,費用設定値の年間累計,低,中,中,中,画面間参照,インデックス最適化,◎,中期キャッシュ(5-30分),画面表示時,1,0,月次予算設定.年間ラクミー利用料,-; monthly_cost_items.value(ラクミー利用料),-
339,ラクミーウェブ（会社）,分析画面,年間予実対比（予実対比）,年間予算_レジ利用料,L0,C,全店舗年次,L3-S,画面間,費用設定（参照）,設定値集計,費用設定のレジ利用料予算の年間累計,SUM(費用設定.レジ利用料予算) GROUP BY year,レジ利用料予算,年間予算値,monthly_cost_items.value(レジ利用料),-,費用設定.レジ利用料,月次予算設定.年間レジ利用料,-,費用設定.レジ利用料 → 年間累計 → 年間予実対比（予実対比）.年間予算_レジ利用料,-,予算追加,年間累計予算値,-,-,分析画面,予算値,費用設定値の年間累計,低,中,中,中,画面間参照,インデックス最適化,◎,中期キャッシュ(5-30分),画面表示時,1,0,月次予算設定.年間レジ利用料,-; monthly_cost_items.value(レジ利用料),-
340,ラクミーウェブ（会社）,分析画面,年間予実対比（予実対比）,年間予算_クレジットカード手数料,L0,C,全店舗年次,L3-S,画面間,費用設定（参照）,設定値集計,費用設定のクレジットカード手数料予算の年間累計,SUM(費用設定.クレジットカード手数料予算) GROUP BY year,クレジットカード手数料予算,年間予算値,monthly_cost_items.value(クレジットカード手数料),-,費用設定.クレジットカード手数料,月次予算設定.年間クレジットカード手数料,-,費用設定.クレジットカード手数料 → 年間累計 → 年間予実対比（予実対比）.年間予算_クレジットカード手数料,-,予算追加,年間累計予算値,-,-,分析画面,予算値,費用設定値の年間累計,低,中,中,中,画面間参照,インデックス最適化,◎,中期キャッシュ(5-30分),画面表示時,1,0,月次予算設定.年間クレジットカード手数料,-; monthly_cost_items.value(クレジットカード手数料),-
341,ラクミーウェブ（会社）,分析画面,年間予実対比（予実対比）,年間予算_お花代,L0,D,全店舗年次,L3-S,画面間,費用設定（参照）,設定値集計,費用設定のお花代予算の年間累計,SUM(費用設定.お花代予算) GROUP BY year,お花代予算,年間予算値,monthly_cost_items.value(お花代),-,費用設定.お花代,月次予算設定.年間お花代,-,費用設定.お花代 → 年間累計 → 年間予実対比（予実対比）.年間予算_お花代,-,予算追加,年間累計予算値,-,-,分析画面,予算値,費用設定値の年間累計,低,中,中,中,画面間参照,インデックス最適化,◎,中期キャッシュ(5-30分),画面表示時,1,0,月次予算設定.年間お花代,-; monthly_cost_items.value(お花代),-
342,ラクミーウェブ（会社）,分析画面,年間予実対比（予実対比）,年間予算_営業利益,L1,A,全店舗年次,L2-S,画面内,計算項目,画面内演算,年間予算_総売上-年間予算_FLコスト-年間予算_その他経費,年間予算_総売上 計 - 年間予算_FLコスト 計 - 年間予算_その他経費 計,予算_総売上 - 予算_FLコスト - 予算_その他経費,年間予算値,-,-,画面内演算,"年間予実対比（予実対比）.年間予算_総売上 計, 年間予実対比（予実対比）.年間予算_FLコスト 計, 年間予実対比（予実対比）.年間予算_その他経費 計",-,年間予算_総売上 - 年間予算_FLコスト - 年間予算_その他経費 → 年間予実対比（予実対比）.年間予算_営業利益,-,予算追加,年間累計予算値,-,-,分析画面,予算値,予算設定値の画面内演算,中,高,高,低,-,監視継続,◎,短期キャッシュ(1-5分),画面表示時,3,0,"年間予実対比（予実対比）.年間予算_総売上 計, 年間予実対比（予実対比）.年間予算_FLコスト 計, 年間予実対比（予実対比）.年間予算_その他経費 計",-; -,-
343,ラクミーウェブ（会社）,分析画面,年間予実対比（予実対比）,年間予実差額_総売上 計,L1,A,全店舗年次,L2-S,画面内,計算項目,画面内演算,年間実績-年間予算の差額,年間実績_総売上 計 - 年間予算_総売上 計,実績 - 予算,年間予実差額,-,-,画面内演算,"年間予実対比（予実対比）.年間実績_総売上 計, 年間予実対比（予実対比）.年間予算_総売上 計",-,年間実績 - 年間予算 → 年間予実対比（予実対比）.年間予実差額_総売上 計,-,予実差額追加,年間予実差額,-,-,分析画面,予実差額,年間実績と年間予算の差額,中,中,中,低,-,監視継続,◎,短期キャッシュ(1-5分),画面表示時,2,0,"年間予実対比（予実対比）.年間実績_総売上 計, 年間予実対比（予実対比）.年間予算_総売上 計",-; -,-
344,ラクミーウェブ（会社）,分析画面,年間予実対比（予実対比）,年間予実差額_フード売上 計,L1,B,全店舗年次,L2-S,画面内,計算項目,画面内演算,年間実績-年間予算の差額,年間実績_フード売上 計 - 年間予算_フード売上 計,実績 - 予算,年間予実差額,-,-,画面内演算,"年間予実対比（予実対比）.年間実績_フード売上 計, 年間予実対比（予実対比）.年間予算_フード売上 計",-,年間実績 - 年間予算 → 年間予実対比（予実対比）.年間予実差額_フード売上 計,-,予実差額追加,年間予実差額,-,-,分析画面,予実差額,年間実績と年間予算の差額,中,中,中,低,-,監視継続,◎,短期キャッシュ(1-5分),画面表示時,2,0,"年間予実対比（予実対比）.年間実績_フード売上 計, 年間予実対比（予実対比）.年間予算_フード売上 計",-; -,-
345,ラクミーウェブ（会社）,分析画面,年間予実対比（予実対比）,年間予実差額_フード売上ランチ,L1,C,全店舗年次,L2-S,画面内,計算項目,画面内演算,年間実績-年間予算の差額,年間実績_フード売上ランチ - 年間予算_フード売上ランチ,実績 - 予算,年間予実差額,-,-,画面内演算,"年間予実対比（予実対比）.年間実績_フード売上ランチ, 年間予実対比（予実対比）.年間予算_フード売上ランチ",-,年間実績 - 年間予算 → 年間予実対比（予実対比）.年間予実差額_フード売上ランチ,-,予実差額追加,年間予実差額,-,-,分析画面,予実差額,年間実績と年間予算の差額,中,中,中,低,-,監視継続,◎,短期キャッシュ(1-5分),画面表示時,2,0,"年間予実対比（予実対比）.年間実績_フード売上ランチ, 年間予実対比（予実対比）.年間予算_フード売上ランチ",-; -,-
346,ラクミーウェブ（会社）,分析画面,年間予実対比（予実対比）,年間予実差額_フード売上ディナー,L1,C,全店舗年次,L2-S,画面内,計算項目,画面内演算,年間実績-年間予算の差額,年間実績_フード売上ディナー - 年間予算_フード売上ディナー,実績 - 予算,年間予実差額,-,-,画面内演算,"年間予実対比（予実対比）.年間実績_フード売上ディナー, 年間予実対比（予実対比）.年間予算_フード売上ディナー",-,年間実績 - 年間予算 → 年間予実対比（予実対比）.年間予実差額_フード売上ディナー,-,予実差額追加,年間予実差額,-,-,分析画面,予実差額,年間実績と年間予算の差額,中,中,中,低,-,監視継続,◎,短期キャッシュ(1-5分),画面表示時,2,0,"年間予実対比（予実対比）.年間実績_フード売上ディナー, 年間予実対比（予実対比）.年間予算_フード売上ディナー",-; -,-
347,ラクミーウェブ（会社）,分析画面,年間予実対比（予実対比）,年間予実差額_ドリンク売上 計,L1,B,全店舗年次,L2-S,画面内,計算項目,画面内演算,年間実績-年間予算の差額,年間実績_ドリンク売上 計 - 年間予算_ドリンク売上 計,実績 - 予算,年間予実差額,-,-,画面内演算,"年間予実対比（予実対比）.年間実績_ドリンク売上 計, 年間予実対比（予実対比）.年間予算_ドリンク売上 計",-,年間実績 - 年間予算 → 年間予実対比（予実対比）.年間予実差額_ドリンク売上 計,-,予実差額追加,年間予実差額,-,-,分析画面,予実差額,年間実績と年間予算の差額,中,中,中,低,-,監視継続,◎,短期キャッシュ(1-5分),画面表示時,2,0,"年間予実対比（予実対比）.年間実績_ドリンク売上 計, 年間予実対比（予実対比）.年間予算_ドリンク売上 計",-; -,-
348,ラクミーウェブ（会社）,分析画面,年間予実対比（予実対比）,年間予実差額_ドリンク売上ランチ,L1,C,全店舗年次,L2-S,画面内,計算項目,画面内演算,年間実績-年間予算の差額,年間実績_ドリンク売上ランチ - 年間予算_ドリンク売上ランチ,実績 - 予算,年間予実差額,-,-,画面内演算,"年間予実対比（予実対比）.年間実績_ドリンク売上ランチ, 年間予実対比（予実対比）.年間予算_ドリンク売上ランチ",-,年間実績 - 年間予算 → 年間予実対比（予実対比）.年間予実差額_ドリンク売上ランチ,-,予実差額追加,年間予実差額,-,-,分析画面,予実差額,年間実績と年間予算の差額,中,中,中,低,-,監視継続,◎,短期キャッシュ(1-5分),画面表示時,2,0,"年間予実対比（予実対比）.年間実績_ドリンク売上ランチ, 年間予実対比（予実対比）.年間予算_ドリンク売上ランチ",-; -,-
349,ラクミーウェブ（会社）,分析画面,年間予実対比（予実対比）,年間予実差額_ドリンク売上ディナー,L1,C,全店舗年次,L2-S,画面内,計算項目,画面内演算,年間実績-年間予算の差額,年間実績_ドリンク売上ディナー - 年間予算_ドリンク売上ディナー,実績 - 予算,年間予実差額,-,-,画面内演算,"年間予実対比（予実対比）.年間実績_ドリンク売上ディナー, 年間予実対比（予実対比）.年間予算_ドリンク売上ディナー",-,年間実績 - 年間予算 → 年間予実対比（予実対比）.年間予実差額_ドリンク売上ディナー,-,予実差額追加,年間予実差額,-,-,分析画面,予実差額,年間実績と年間予算の差額,中,中,中,低,-,監視継続,◎,短期キャッシュ(1-5分),画面表示時,2,0,"年間予実対比（予実対比）.年間実績_ドリンク売上ディナー, 年間予実対比（予実対比）.年間予算_ドリンク売上ディナー",-; -,-
350,ラクミーウェブ（会社）,分析画面,年間予実対比（予実対比）,年間予実差額_その他売上 計,L1,C,全店舗年次,L2-S,画面内,計算項目,画面内演算,年間実績-年間予算の差額,年間実績_その他売上 計 - 年間予算_その他売上 計,実績 - 予算,年間予実差額,-,-,画面内演算,"年間予実対比（予実対比）.年間実績_その他売上 計, 年間予実対比（予実対比）.年間予算_その他売上 計",-,年間実績 - 年間予算 → 年間予実対比（予実対比）.年間予実差額_その他売上 計,-,予実差額追加,年間予実差額,-,-,分析画面,予実差額,年間実績と年間予算の差額,中,中,中,低,-,監視継続,◎,短期キャッシュ(1-5分),画面表示時,2,0,"年間予実対比（予実対比）.年間実績_その他売上 計, 年間予実対比（予実対比）.年間予算_その他売上 計",-; -,-
351,ラクミーウェブ（会社）,分析画面,年間予実対比（予実対比）,年間予実差額_その他売上ランチ,L1,D,全店舗年次,L2-S,画面内,計算項目,画面内演算,年間実績-年間予算の差額,年間実績_その他売上ランチ - 年間予算_その他売上ランチ,実績 - 予算,年間予実差額,-,-,画面内演算,"年間予実対比（予実対比）.年間実績_その他売上ランチ, 年間予実対比（予実対比）.年間予算_その他売上ランチ",-,年間実績 - 年間予算 → 年間予実対比（予実対比）.年間予実差額_その他売上ランチ,-,予実差額追加,年間予実差額,-,-,分析画面,予実差額,年間実績と年間予算の差額,中,中,中,低,-,監視継続,◎,短期キャッシュ(1-5分),画面表示時,2,0,"年間予実対比（予実対比）.年間実績_その他売上ランチ, 年間予実対比（予実対比）.年間予算_その他売上ランチ",-; -,-
352,ラクミーウェブ（会社）,分析画面,年間予実対比（予実対比）,年間予実差額_その他売上ディナー,L1,D,全店舗年次,L2-S,画面内,計算項目,画面内演算,年間実績-年間予算の差額,年間実績_その他売上ディナー - 年間予算_その他売上ディナー,実績 - 予算,年間予実差額,-,-,画面内演算,"年間予実対比（予実対比）.年間実績_その他売上ディナー, 年間予実対比（予実対比）.年間予算_その他売上ディナー",-,年間実績 - 年間予算 → 年間予実対比（予実対比）.年間予実差額_その他売上ディナー,-,予実差額追加,年間予実差額,-,-,分析画面,予実差額,年間実績と年間予算の差額,中,中,中,低,-,監視継続,◎,短期キャッシュ(1-5分),画面表示時,2,0,"年間予実対比（予実対比）.年間実績_その他売上ディナー, 年間予実対比（予実対比）.年間予算_その他売上ディナー",-; -,-
353,ラクミーウェブ（会社）,分析画面,年間予実対比（予実対比）,年間予実差額_FLコスト 計,L1,A,全店舗年次,L2-S,画面内,計算項目,画面内演算,年間実績-年間予算の差額,年間実績_FLコスト 計 - 年間予算_FLコスト 計,実績 - 予算,年間予実差額,-,-,画面内演算,"年間予実対比（予実対比）.年間実績_FLコスト 計, 年間予実対比（予実対比）.年間予算_FLコスト 計",-,年間実績 - 年間予算 → 年間予実対比（予実対比）.年間予実差額_FLコスト 計,-,予実差額追加,年間予実差額,-,-,分析画面,予実差額,年間実績と年間予算の差額,中,高,高,低,-,監視継続,◎,短期キャッシュ(1-5分),画面表示時,2,0,"年間予実対比（予実対比）.年間実績_FLコスト 計, 年間予実対比（予実対比）.年間予算_FLコスト 計",-; -,-
354,ラクミーウェブ（会社）,分析画面,年間予実対比（予実対比）,年間予実差額_FD仕入 計,L1,A,全店舗年次,L2-S,画面内,計算項目,画面内演算,年間実績-年間予算の差額,年間実績_FD仕入 計 - 年間予算_FD仕入 計,実績 - 予算,年間予実差額,-,-,画面内演算,"年間予実対比（予実対比）.年間実績_FD仕入 計, 年間予実対比（予実対比）.年間予算_FD仕入 計",-,年間実績 - 年間予算 → 年間予実対比（予実対比）.年間予実差額_FD仕入 計,-,予実差額追加,年間予実差額,-,-,分析画面,予実差額,年間実績と年間予算の差額,中,中,中,低,-,監視継続,◎,短期キャッシュ(1-5分),画面表示時,2,0,"年間予実対比（予実対比）.年間実績_FD仕入 計, 年間予実対比（予実対比）.年間予算_FD仕入 計",-; -,-
355,ラクミーウェブ（会社）,分析画面,年間予実対比（予実対比）,年間予実差額_フード仕入,L1,B,全店舗年次,L2-S,画面内,計算項目,画面内演算,年間実績-年間予算の差額,年間実績_フード仕入 - 年間予算_フード仕入,実績 - 予算,年間予実差額,-,-,画面内演算,"年間予実対比（予実対比）.年間実績_フード仕入, 年間予実対比（予実対比）.年間予算_フード仕入",-,年間実績 - 年間予算 → 年間予実対比（予実対比）.年間予実差額_フード仕入,-,予実差額追加,年間予実差額,-,-,分析画面,予実差額,年間実績と年間予算の差額,中,中,中,低,-,監視継続,◎,短期キャッシュ(1-5分),画面表示時,2,0,"年間予実対比（予実対比）.年間実績_フード仕入, 年間予実対比（予実対比）.年間予算_フード仕入",-; -,-
356,ラクミーウェブ（会社）,分析画面,年間予実対比（予実対比）,年間予実差額_ドリンク仕入,L1,B,全店舗年次,L2-S,画面内,計算項目,画面内演算,年間実績-年間予算の差額,年間実績_ドリンク仕入 - 年間予算_ドリンク仕入,実績 - 予算,年間予実差額,-,-,画面内演算,"年間予実対比（予実対比）.年間実績_ドリンク仕入, 年間予実対比（予実対比）.年間予算_ドリンク仕入",-,年間実績 - 年間予算 → 年間予実対比（予実対比）.年間予実差額_ドリンク仕入,-,予実差額追加,年間予実差額,-,-,分析画面,予実差額,年間実績と年間予算の差額,中,中,中,低,-,監視継続,◎,短期キャッシュ(1-5分),画面表示時,2,0,"年間予実対比（予実対比）.年間実績_ドリンク仕入, 年間予実対比（予実対比）.年間予算_ドリンク仕入",-; -,-
357,ラクミーウェブ（会社）,分析画面,年間予実対比（予実対比）,年間予実差額_人件費 計,L1,A,全店舗年次,L2-S,画面内,計算項目,画面内演算,年間実績-年間予算の差額,年間実績_人件費 計 - 年間予算_人件費 計,実績 - 予算,年間予実差額,-,-,画面内演算,"年間予実対比（予実対比）.年間実績_人件費 計, 年間予実対比（予実対比）.年間予算_人件費 計",-,年間実績 - 年間予算 → 年間予実対比（予実対比）.年間予実差額_人件費 計,-,予実差額追加,年間予実差額,-,-,分析画面,予実差額,年間実績と年間予算の差額,中,中,中,低,-,監視継続,◎,短期キャッシュ(1-5分),画面表示時,2,0,"年間予実対比（予実対比）.年間実績_人件費 計, 年間予実対比（予実対比）.年間予算_人件費 計",-; -,-
358,ラクミーウェブ（会社）,分析画面,年間予実対比（予実対比）,年間予実差額_固定人件費,L1,B,全店舗年次,L2-S,画面内,計算項目,画面内演算,年間実績-年間予算の差額,年間実績_固定人件費 - 年間予算_固定人件費,実績 - 予算,年間予実差額,-,-,画面内演算,"年間予実対比（予実対比）.年間実績_固定人件費, 年間予実対比（予実対比）.年間予算_固定人件費",-,年間実績 - 年間予算 → 年間予実対比（予実対比）.年間予実差額_固定人件費,-,予実差額追加,年間予実差額,-,-,分析画面,予実差額,年間実績と年間予算の差額,中,中,中,低,-,監視継続,◎,短期キャッシュ(1-5分),画面表示時,2,0,"年間予実対比（予実対比）.年間実績_固定人件費, 年間予実対比（予実対比）.年間予算_固定人件費",-; -,-
359,ラクミーウェブ（会社）,分析画面,年間予実対比（予実対比）,年間予実差額_PA人件費,L1,B,全店舗年次,L2-S,画面内,計算項目,画面内演算,年間実績-年間予算の差額,年間実績_PA人件費 - 年間予算_PA人件費,実績 - 予算,年間予実差額,-,-,画面内演算,"年間予実対比（予実対比）.年間実績_PA人件費, 年間予実対比（予実対比）.年間予算_PA人件費",-,年間実績 - 年間予算 → 年間予実対比（予実対比）.年間予実差額_PA人件費,-,予実差額追加,年間予実差額,-,-,分析画面,予実差額,年間実績と年間予算の差額,中,中,中,低,-,監視継続,◎,短期キャッシュ(1-5分),画面表示時,2,0,"年間予実対比（予実対比）.年間実績_PA人件費, 年間予実対比（予実対比）.年間予算_PA人件費",-; -,-
360,ラクミーウェブ（会社）,分析画面,年間予実対比（予実対比）,年間予実差額_社員人件費,L1,B,全店舗年次,L2-S,画面内,計算項目,画面内演算,年間実績-年間予算の差額,年間実績_社員人件費 - 年間予算_社員人件費,実績 - 予算,年間予実差額,-,-,画面内演算,"年間予実対比（予実対比）.年間実績_社員人件費, 年間予実対比（予実対比）.年間予算_社員人件費",-,年間実績 - 年間予算 → 年間予実対比（予実対比）.年間予実差額_社員人件費,-,予実差額追加,年間予実差額,-,-,分析画面,予実差額,年間実績と年間予算の差額,中,中,中,低,-,監視継続,◎,短期キャッシュ(1-5分),画面表示時,2,0,"年間予実対比（予実対比）.年間実績_社員人件費, 年間予実対比（予実対比）.年間予算_社員人件費",-; -,-
361,ラクミーウェブ（会社）,分析画面,年間予実対比（予実対比）,年間予実差額_ヘルプ人件費,L1,C,全店舗年次,L2-S,画面内,計算項目,画面内演算,年間実績-年間予算の差額,年間実績_ヘルプ人件費 - 年間予算_ヘルプ人件費,実績 - 予算,年間予実差額,-,-,画面内演算,"年間予実対比（予実対比）.年間実績_ヘルプ人件費, 年間予実対比（予実対比）.年間予算_ヘルプ人件費",-,年間実績 - 年間予算 → 年間予実対比（予実対比）.年間予実差額_ヘルプ人件費,-,予実差額追加,年間予実差額,-,-,分析画面,予実差額,年間実績と年間予算の差額,中,中,中,低,-,監視継続,◎,短期キャッシュ(1-5分),画面表示時,2,0,"年間予実対比（予実対比）.年間実績_ヘルプ人件費, 年間予実対比（予実対比）.年間予算_ヘルプ人件費",-; -,-
362,ラクミーウェブ（会社）,分析画面,年間予実対比（予実対比）,年間予実差額_その他経費 計,L1,B,全店舗年次,L2-S,画面内,計算項目,画面内演算,年間実績-年間予算の差額,年間実績_その他経費 計 - 年間予算_その他経費 計,実績 - 予算,年間予実差額,-,-,画面内演算,"年間予実対比（予実対比）.年間実績_その他経費 計, 年間予実対比（予実対比）.年間予算_その他経費 計",-,年間実績 - 年間予算 → 年間予実対比（予実対比）.年間予実差額_その他経費 計,-,予実差額追加,年間予実差額,-,-,分析画面,予実差額,年間実績と年間予算の差額,中,中,中,低,-,監視継続,◎,短期キャッシュ(1-5分),画面表示時,2,0,"年間予実対比（予実対比）.年間実績_その他経費 計, 年間予実対比（予実対比）.年間予算_その他経費 計",-; -,-
363,ラクミーウェブ（会社）,分析画面,年間予実対比（予実対比）,年間予実差額_地代家賃,L1,B,全店舗年次,L2-S,画面内,計算項目,画面内演算,年間実績-年間予算の差額,年間実績_地代家賃 - 年間予算_地代家賃,実績 - 予算,年間予実差額,-,-,画面内演算,"年間予実対比（予実対比）.年間実績_地代家賃, 年間予実対比（予実対比）.年間予算_地代家賃",-,年間実績 - 年間予算 → 年間予実対比（予実対比）.年間予実差額_地代家賃,-,予実差額追加,年間予実差額,-,-,分析画面,予実差額,年間実績と年間予算の差額,中,中,中,低,-,監視継続,◎,短期キャッシュ(1-5分),画面表示時,2,0,"年間予実対比（予実対比）.年間実績_地代家賃, 年間予実対比（予実対比）.年間予算_地代家賃",-; -,-
364,ラクミーウェブ（会社）,分析画面,年間予実対比（予実対比）,年間予実差額_家賃（変動分）,L1,C,全店舗年次,L2-S,画面内,計算項目,画面内演算,年間実績-年間予算の差額,年間実績_家賃（変動分） - 年間予算_家賃（変動分）,実績 - 予算,年間予実差額,-,-,画面内演算,"年間予実対比（予実対比）.年間実績_家賃（変動分）, 年間予実対比（予実対比）.年間予算_家賃（変動分）",-,年間実績 - 年間予算 → 年間予実対比（予実対比）.年間予実差額_家賃（変動分）,-,予実差額追加,年間予実差額,-,-,分析画面,予実差額,年間実績と年間予算の差額,中,中,中,低,-,監視継続,◎,短期キャッシュ(1-5分),画面表示時,2,0,"年間予実対比（予実対比）.年間実績_家賃（変動分）, 年間予実対比（予実対比）.年間予算_家賃（変動分）",-; -,-
365,ラクミーウェブ（会社）,分析画面,年間予実対比（予実対比）,年間予実差額_水道光熱費,L1,B,全店舗年次,L2-S,画面内,計算項目,画面内演算,年間実績-年間予算の差額,年間実績_水道光熱費 - 年間予算_水道光熱費,実績 - 予算,年間予実差額,-,-,画面内演算,"年間予実対比（予実対比）.年間実績_水道光熱費, 年間予実対比（予実対比）.年間予算_水道光熱費",-,年間実績 - 年間予算 → 年間予実対比（予実対比）.年間予実差額_水道光熱費,-,予実差額追加,年間予実差額,-,-,分析画面,予実差額,年間実績と年間予算の差額,中,中,中,低,-,監視継続,◎,短期キャッシュ(1-5分),画面表示時,2,0,"年間予実対比（予実対比）.年間実績_水道光熱費, 年間予実対比（予実対比）.年間予算_水道光熱費",-; -,-
366,ラクミーウェブ（会社）,分析画面,年間予実対比（予実対比）,年間予実差額_電気代,L1,C,全店舗年次,L2-S,画面内,計算項目,画面内演算,年間実績-年間予算の差額,年間実績_電気代 - 年間予算_電気代,実績 - 予算,年間予実差額,-,-,画面内演算,"年間予実対比（予実対比）.年間実績_電気代, 年間予実対比（予実対比）.年間予算_電気代",-,年間実績 - 年間予算 → 年間予実対比（予実対比）.年間予実差額_電気代,-,予実差額追加,年間予実差額,-,-,分析画面,予実差額,年間実績と年間予算の差額,中,中,中,低,-,監視継続,◎,短期キャッシュ(1-5分),画面表示時,2,0,"年間予実対比（予実対比）.年間実績_電気代, 年間予実対比（予実対比）.年間予算_電気代",-; -,-
367,ラクミーウェブ（会社）,分析画面,年間予実対比（予実対比）,年間予実差額_ガス代,L1,C,全店舗年次,L2-S,画面内,計算項目,画面内演算,年間実績-年間予算の差額,年間実績_ガス代 - 年間予算_ガス代,実績 - 予算,年間予実差額,-,-,画面内演算,"年間予実対比（予実対比）.年間実績_ガス代, 年間予実対比（予実対比）.年間予算_ガス代",-,年間実績 - 年間予算 → 年間予実対比（予実対比）.年間予実差額_ガス代,-,予実差額追加,年間予実差額,-,-,分析画面,予実差額,年間実績と年間予算の差額,中,中,中,低,-,監視継続,◎,短期キャッシュ(1-5分),画面表示時,2,0,"年間予実対比（予実対比）.年間実績_ガス代, 年間予実対比（予実対比）.年間予算_ガス代",-; -,-
368,ラクミーウェブ（会社）,分析画面,年間予実対比（予実対比）,年間予実差額_水道代,L1,C,全店舗年次,L2-S,画面内,計算項目,画面内演算,年間実績-年間予算の差額,年間実績_水道代 - 年間予算_水道代,実績 - 予算,年間予実差額,-,-,画面内演算,"年間予実対比（予実対比）.年間実績_水道代, 年間予実対比（予実対比）.年間予算_水道代",-,年間実績 - 年間予算 → 年間予実対比（予実対比）.年間予実差額_水道代,-,予実差額追加,年間予実差額,-,-,分析画面,予実差額,年間実績と年間予算の差額,中,中,中,低,-,監視継続,◎,短期キャッシュ(1-5分),画面表示時,2,0,"年間予実対比（予実対比）.年間実績_水道代, 年間予実対比（予実対比）.年間予算_水道代",-; -,-
369,ラクミーウェブ（会社）,分析画面,年間予実対比（予実対比）,年間予実差額_減価償却費,L1,B,全店舗年次,L2-S,画面内,計算項目,画面内演算,年間実績-年間予算の差額,年間実績_減価償却費 - 年間予算_減価償却費,実績 - 予算,年間予実差額,-,-,画面内演算,"年間予実対比（予実対比）.年間実績_減価償却費, 年間予実対比（予実対比）.年間予算_減価償却費",-,年間実績 - 年間予算 → 年間予実対比（予実対比）.年間予実差額_減価償却費,-,予実差額追加,年間予実差額,-,-,分析画面,予実差額,年間実績と年間予算の差額,中,中,中,低,-,監視継続,◎,短期キャッシュ(1-5分),画面表示時,2,0,"年間予実対比（予実対比）.年間実績_減価償却費, 年間予実対比（予実対比）.年間予算_減価償却費",-; -,-
370,ラクミーウェブ（会社）,分析画面,年間予実対比（予実対比）,年間予実差額_販促費,L1,C,全店舗年次,L2-S,画面内,計算項目,画面内演算,年間実績-年間予算の差額,年間実績_販促費 - 年間予算_販促費,実績 - 予算,年間予実差額,-,-,画面内演算,"年間予実対比（予実対比）.年間実績_販促費, 年間予実対比（予実対比）.年間予算_販促費",-,年間実績 - 年間予算 → 年間予実対比（予実対比）.年間予実差額_販促費,-,予実差額追加,年間予実差額,-,-,分析画面,予実差額,年間実績と年間予算の差額,中,中,中,低,-,監視継続,◎,短期キャッシュ(1-5分),画面表示時,2,0,"年間予実対比（予実対比）.年間実績_販促費, 年間予実対比（予実対比）.年間予算_販促費",-; -,-
371,ラクミーウェブ（会社）,分析画面,年間予実対比（予実対比）,年間予実差額_資材費,L1,C,全店舗年次,L2-S,画面内,計算項目,画面内演算,年間実績-年間予算の差額,年間実績_資材費 - 年間予算_資材費,実績 - 予算,年間予実差額,-,-,画面内演算,"年間予実対比（予実対比）.年間実績_資材費, 年間予実対比（予実対比）.年間予算_資材費",-,年間実績 - 年間予算 → 年間予実対比（予実対比）.年間予実差額_資材費,-,予実差額追加,年間予実差額,-,-,分析画面,予実差額,年間実績と年間予算の差額,中,中,中,低,-,監視継続,◎,短期キャッシュ(1-5分),画面表示時,2,0,"年間予実対比（予実対比）.年間実績_資材費, 年間予実対比（予実対比）.年間予算_資材費",-; -,-
372,ラクミーウェブ（会社）,分析画面,年間予実対比（予実対比）,年間予実差額_借入金返済,L1,C,全店舗年次,L2-S,画面内,計算項目,画面内演算,年間実績-年間予算の差額,年間実績_借入金返済 - 年間予算_借入金返済,実績 - 予算,年間予実差額,-,-,画面内演算,"年間予実対比（予実対比）.年間実績_借入金返済, 年間予実対比（予実対比）.年間予算_借入金返済",-,年間実績 - 年間予算 → 年間予実対比（予実対比）.年間予実差額_借入金返済,-,予実差額追加,年間予実差額,-,-,分析画面,予実差額,年間実績と年間予算の差額,中,中,中,低,-,監視継続,◎,短期キャッシュ(1-5分),画面表示時,2,0,"年間予実対比（予実対比）.年間実績_借入金返済, 年間予実対比（予実対比）.年間予算_借入金返済",-; -,-
373,ラクミーウェブ（会社）,分析画面,年間予実対比（予実対比）,年間予実差額_IT費用,L1,C,全店舗年次,L2-S,画面内,計算項目,画面内演算,年間実績-年間予算の差額,年間実績_IT費用 - 年間予算_IT費用,実績 - 予算,年間予実差額,-,-,画面内演算,"年間予実対比（予実対比）.年間実績_IT費用, 年間予実対比（予実対比）.年間予算_IT費用",-,年間実績 - 年間予算 → 年間予実対比（予実対比）.年間予実差額_IT費用,-,予実差額追加,年間予実差額,-,-,分析画面,予実差額,年間実績と年間予算の差額,中,中,中,低,-,監視継続,◎,短期キャッシュ(1-5分),画面表示時,2,0,"年間予実対比（予実対比）.年間実績_IT費用, 年間予実対比（予実対比）.年間予算_IT費用",-; -,-
374,ラクミーウェブ（会社）,分析画面,年間予実対比（予実対比）,年間予実差額_ラクミー利用料,L4,C,全店舗年次,L2-S,画面内,計算項目,画面内演算,年間実績-年間予算の差額,年間実績_ラクミー利用料 - 年間予算_ラクミー利用料,実績 - 予算,年間予実差額,-,-,画面内演算,"年間予実対比（予実対比）.年間実績_ラクミー利用料, 年間予実対比（予実対比）.年間予算_ラクミー利用料",-,年間実績 - 年間予算 → 年間予実対比（予実対比）.年間予実差額_ラクミー利用料,-,予実差額追加,年間予実差額,-,-,分析画面,予実差額,年間実績と年間予算の差額,中,中,中,低,-,監視継続,◎,短期キャッシュ(1-5分),画面表示時,2,0,"年間予実対比（予実対比）.年間実績_ラクミー利用料, 年間予実対比（予実対比）.年間予算_ラクミー利用料",-; -,-
375,ラクミーウェブ（会社）,分析画面,年間予実対比（予実対比）,年間予実差額_レジ利用料,L1,C,全店舗年次,L2-S,画面内,計算項目,画面内演算,年間実績-年間予算の差額,年間実績_レジ利用料 - 年間予算_レジ利用料,実績 - 予算,年間予実差額,-,-,画面内演算,"年間予実対比（予実対比）.年間実績_レジ利用料, 年間予実対比（予実対比）.年間予算_レジ利用料",-,年間実績 - 年間予算 → 年間予実対比（予実対比）.年間予実差額_レジ利用料,-,予実差額追加,年間予実差額,-,-,分析画面,予実差額,年間実績と年間予算の差額,中,中,中,低,-,監視継続,◎,短期キャッシュ(1-5分),画面表示時,2,0,"年間予実対比（予実対比）.年間実績_レジ利用料, 年間予実対比（予実対比）.年間予算_レジ利用料",-; -,-
376,ラクミーウェブ（会社）,分析画面,年間予実対比（予実対比）,年間予実差額_クレジットカード手数料,L1,C,全店舗年次,L2-S,画面内,計算項目,画面内演算,年間実績-年間予算の差額,年間実績_クレジットカード手数料 - 年間予算_クレジットカード手数料,実績 - 予算,年間予実差額,-,-,画面内演算,"年間予実対比（予実対比）.年間実績_クレジットカード手数料, 年間予実対比（予実対比）.年間予算_クレジットカード手数料",-,年間実績 - 年間予算 → 年間予実対比（予実対比）.年間予実差額_クレジットカード手数料,-,予実差額追加,年間予実差額,-,-,分析画面,予実差額,年間実績と年間予算の差額,中,中,中,低,-,監視継続,◎,短期キャッシュ(1-5分),画面表示時,2,0,"年間予実対比（予実対比）.年間実績_クレジットカード手数料, 年間予実対比（予実対比）.年間予算_クレジットカード手数料",-; -,-
377,ラクミーウェブ（会社）,分析画面,年間予実対比（予実対比）,年間予実差額_お花代,L1,D,全店舗年次,L2-S,画面内,計算項目,画面内演算,年間実績-年間予算の差額,年間実績_お花代 - 年間予算_お花代,実績 - 予算,年間予実差額,-,-,画面内演算,"年間予実対比（予実対比）.年間実績_お花代, 年間予実対比（予実対比）.年間予算_お花代",-,年間実績 - 年間予算 → 年間予実対比（予実対比）.年間予実差額_お花代,-,予実差額追加,年間予実差額,-,-,分析画面,予実差額,年間実績と年間予算の差額,中,中,中,低,-,監視継続,◎,短期キャッシュ(1-5分),画面表示時,2,0,"年間予実対比（予実対比）.年間実績_お花代, 年間予実対比（予実対比）.年間予算_お花代",-; -,-
378,ラクミーウェブ（会社）,分析画面,年間予実対比（予実対比）,年間予実差額_営業利益,L1,A,全店舗年次,L2-S,画面内,計算項目,画面内演算,年間実績-年間予算の差額,年間実績_営業利益 - 年間予算_営業利益,実績 - 予算,年間予実差額,-,-,画面内演算,"年間予実対比（予実対比）.年間実績_営業利益, 年間予実対比（予実対比）.年間予算_営業利益",-,年間実績 - 年間予算 → 年間予実対比（予実対比）.年間予実差額_営業利益,-,予実差額追加,年間予実差額,-,-,分析画面,予実差額,年間実績と年間予算の差額,中,高,高,低,-,監視継続,◎,短期キャッシュ(1-5分),画面表示時,2,0,"年間予実対比（予実対比）.年間実績_営業利益, 年間予実対比（予実対比）.年間予算_営業利益",-; -,-
379,ラクミーウェブ（会社）,分析画面,年間予実対比（予実対比）,年間予算対比率_総売上 計,L1,A,全店舗年次,L2-S,画面内,計算項目,画面内演算,年間実績÷年間予算×100,年間実績_総売上 計 ÷ 年間予算_総売上 計 × 100,実績 / 予算 × 100,年間予算対比率,-,-,画面内演算,"年間予実対比（予実対比）.年間実績_総売上 計, 年間予実対比（予実対比）.年間予算_総売上 計",-,年間実績 / 年間予算 × 100 → 年間予実対比（予実対比）.年間予算対比率_総売上 計,-,予算対比率追加,年間予算対比率,-,-,分析画面,予算対比率,年間予算に対する実績の達成率（％）,中,中,中,低,-,監視継続,◎,短期キャッシュ(1-5分),画面表示時,2,0,"年間予実対比（予実対比）.年間実績_総売上 計, 年間予実対比（予実対比）.年間予算_総売上 計",-; -,-
380,ラクミーウェブ（会社）,分析画面,年間予実対比（予実対比）,年間予算対比率_フード売上 計,L1,B,全店舗年次,L2-S,画面内,計算項目,画面内演算,年間実績÷年間予算×100,年間実績_フード売上 計 ÷ 年間予算_フード売上 計 × 100,実績 / 予算 × 100,年間予算対比率,-,-,画面内演算,"年間予実対比（予実対比）.年間実績_フード売上 計, 年間予実対比（予実対比）.年間予算_フード売上 計",-,年間実績 / 年間予算 × 100 → 年間予実対比（予実対比）.年間予算対比率_フード売上 計,-,予算対比率追加,年間予算対比率,-,-,分析画面,予算対比率,年間予算に対する実績の達成率（％）,中,中,中,低,-,監視継続,◎,短期キャッシュ(1-5分),画面表示時,2,0,"年間予実対比（予実対比）.年間実績_フード売上 計, 年間予実対比（予実対比）.年間予算_フード売上 計",-; -,-
381,ラクミーウェブ（会社）,分析画面,年間予実対比（予実対比）,年間予算対比率_フード売上ランチ,L1,C,全店舗年次,L2-S,画面内,計算項目,画面内演算,年間実績÷年間予算×100,年間実績_フード売上ランチ ÷ 年間予算_フード売上ランチ × 100,実績 / 予算 × 100,年間予算対比率,-,-,画面内演算,"年間予実対比（予実対比）.年間実績_フード売上ランチ, 年間予実対比（予実対比）.年間予算_フード売上ランチ",-,年間実績 / 年間予算 × 100 → 年間予実対比（予実対比）.年間予算対比率_フード売上ランチ,-,予算対比率追加,年間予算対比率,-,-,分析画面,予算対比率,年間予算に対する実績の達成率（％）,中,中,中,低,-,監視継続,◎,短期キャッシュ(1-5分),画面表示時,2,0,"年間予実対比（予実対比）.年間実績_フード売上ランチ, 年間予実対比（予実対比）.年間予算_フード売上ランチ",-; -,-
382,ラクミーウェブ（会社）,分析画面,年間予実対比（予実対比）,年間予算対比率_フード売上ディナー,L1,C,全店舗年次,L2-S,画面内,計算項目,画面内演算,年間実績÷年間予算×100,年間実績_フード売上ディナー ÷ 年間予算_フード売上ディナー × 100,実績 / 予算 × 100,年間予算対比率,-,-,画面内演算,"年間予実対比（予実対比）.年間実績_フード売上ディナー, 年間予実対比（予実対比）.年間予算_フード売上ディナー",-,年間実績 / 年間予算 × 100 → 年間予実対比（予実対比）.年間予算対比率_フード売上ディナー,-,予算対比率追加,年間予算対比率,-,-,分析画面,予算対比率,年間予算に対する実績の達成率（％）,中,中,中,低,-,監視継続,◎,短期キャッシュ(1-5分),画面表示時,2,0,"年間予実対比（予実対比）.年間実績_フード売上ディナー, 年間予実対比（予実対比）.年間予算_フード売上ディナー",-; -,-
383,ラクミーウェブ（会社）,分析画面,年間予実対比（予実対比）,年間予算対比率_ドリンク売上 計,L1,B,全店舗年次,L2-S,画面内,計算項目,画面内演算,年間実績÷年間予算×100,年間実績_ドリンク売上 計 ÷ 年間予算_ドリンク売上 計 × 100,実績 / 予算 × 100,年間予算対比率,-,-,画面内演算,"年間予実対比（予実対比）.年間実績_ドリンク売上 計, 年間予実対比（予実対比）.年間予算_ドリンク売上 計",-,年間実績 / 年間予算 × 100 → 年間予実対比（予実対比）.年間予算対比率_ドリンク売上 計,-,予算対比率追加,年間予算対比率,-,-,分析画面,予算対比率,年間予算に対する実績の達成率（％）,中,中,中,低,-,監視継続,◎,短期キャッシュ(1-5分),画面表示時,2,0,"年間予実対比（予実対比）.年間実績_ドリンク売上 計, 年間予実対比（予実対比）.年間予算_ドリンク売上 計",-; -,-
384,ラクミーウェブ（会社）,分析画面,年間予実対比（予実対比）,年間予算対比率_ドリンク売上ランチ,L1,C,全店舗年次,L2-S,画面内,計算項目,画面内演算,年間実績÷年間予算×100,年間実績_ドリンク売上ランチ ÷ 年間予算_ドリンク売上ランチ × 100,実績 / 予算 × 100,年間予算対比率,-,-,画面内演算,"年間予実対比（予実対比）.年間実績_ドリンク売上ランチ, 年間予実対比（予実対比）.年間予算_ドリンク売上ランチ",-,年間実績 / 年間予算 × 100 → 年間予実対比（予実対比）.年間予算対比率_ドリンク売上ランチ,-,予算対比率追加,年間予算対比率,-,-,分析画面,予算対比率,年間予算に対する実績の達成率（％）,中,中,中,低,-,監視継続,◎,短期キャッシュ(1-5分),画面表示時,2,0,"年間予実対比（予実対比）.年間実績_ドリンク売上ランチ, 年間予実対比（予実対比）.年間予算_ドリンク売上ランチ",-; -,-
385,ラクミーウェブ（会社）,分析画面,年間予実対比（予実対比）,年間予算対比率_ドリンク売上ディナー,L1,C,全店舗年次,L2-S,画面内,計算項目,画面内演算,年間実績÷年間予算×100,年間実績_ドリンク売上ディナー ÷ 年間予算_ドリンク売上ディナー × 100,実績 / 予算 × 100,年間予算対比率,-,-,画面内演算,"年間予実対比（予実対比）.年間実績_ドリンク売上ディナー, 年間予実対比（予実対比）.年間予算_ドリンク売上ディナー",-,年間実績 / 年間予算 × 100 → 年間予実対比（予実対比）.年間予算対比率_ドリンク売上ディナー,-,予算対比率追加,年間予算対比率,-,-,分析画面,予算対比率,年間予算に対する実績の達成率（％）,中,中,中,低,-,監視継続,◎,短期キャッシュ(1-5分),画面表示時,2,0,"年間予実対比（予実対比）.年間実績_ドリンク売上ディナー, 年間予実対比（予実対比）.年間予算_ドリンク売上ディナー",-; -,-
386,ラクミーウェブ（会社）,分析画面,年間予実対比（予実対比）,年間予算対比率_その他売上 計,L1,C,全店舗年次,L2-S,画面内,計算項目,画面内演算,年間実績÷年間予算×100,年間実績_その他売上 計 ÷ 年間予算_その他売上 計 × 100,実績 / 予算 × 100,年間予算対比率,-,-,画面内演算,"年間予実対比（予実対比）.年間実績_その他売上 計, 年間予実対比（予実対比）.年間予算_その他売上 計",-,年間実績 / 年間予算 × 100 → 年間予実対比（予実対比）.年間予算対比率_その他売上 計,-,予算対比率追加,年間予算対比率,-,-,分析画面,予算対比率,年間予算に対する実績の達成率（％）,中,中,中,低,-,監視継続,◎,短期キャッシュ(1-5分),画面表示時,2,0,"年間予実対比（予実対比）.年間実績_その他売上 計, 年間予実対比（予実対比）.年間予算_その他売上 計",-; -,-
387,ラクミーウェブ（会社）,分析画面,年間予実対比（予実対比）,年間予算対比率_その他売上ランチ,L1,D,全店舗年次,L2-S,画面内,計算項目,画面内演算,年間実績÷年間予算×100,年間実績_その他売上ランチ ÷ 年間予算_その他売上ランチ × 100,実績 / 予算 × 100,年間予算対比率,-,-,画面内演算,"年間予実対比（予実対比）.年間実績_その他売上ランチ, 年間予実対比（予実対比）.年間予算_その他売上ランチ",-,年間実績 / 年間予算 × 100 → 年間予実対比（予実対比）.年間予算対比率_その他売上ランチ,-,予算対比率追加,年間予算対比率,-,-,分析画面,予算対比率,年間予算に対する実績の達成率（％）,中,中,中,低,-,監視継続,◎,短期キャッシュ(1-5分),画面表示時,2,0,"年間予実対比（予実対比）.年間実績_その他売上ランチ, 年間予実対比（予実対比）.年間予算_その他売上ランチ",-; -,-
388,ラクミーウェブ（会社）,分析画面,年間予実対比（予実対比）,年間予算対比率_その他売上ディナー,L1,D,全店舗年次,L2-S,画面内,計算項目,画面内演算,年間実績÷年間予算×100,年間実績_その他売上ディナー ÷ 年間予算_その他売上ディナー × 100,実績 / 予算 × 100,年間予算対比率,-,-,画面内演算,"年間予実対比（予実対比）.年間実績_その他売上ディナー, 年間予実対比（予実対比）.年間予算_その他売上ディナー",-,年間実績 / 年間予算 × 100 → 年間予実対比（予実対比）.年間予算対比率_その他売上ディナー,-,予算対比率追加,年間予算対比率,-,-,分析画面,予算対比率,年間予算に対する実績の達成率（％）,中,中,中,低,-,監視継続,◎,短期キャッシュ(1-5分),画面表示時,2,0,"年間予実対比（予実対比）.年間実績_その他売上ディナー, 年間予実対比（予実対比）.年間予算_その他売上ディナー",-; -,-
389,ラクミーウェブ（会社）,分析画面,年間予実対比（予実対比）,年間予算対比率_FLコスト 計,L1,A,全店舗年次,L2-S,画面内,計算項目,画面内演算,年間実績÷年間予算×100,年間実績_FLコスト 計 ÷ 年間予算_FLコスト 計 × 100,実績 / 予算 × 100,年間予算対比率,-,-,画面内演算,"年間予実対比（予実対比）.年間実績_FLコスト 計, 年間予実対比（予実対比）.年間予算_FLコスト 計",-,年間実績 / 年間予算 × 100 → 年間予実対比（予実対比）.年間予算対比率_FLコスト 計,-,予算対比率追加,年間予算対比率,-,-,分析画面,予算対比率,年間予算に対する実績の達成率（％）,中,高,高,低,-,監視継続,◎,短期キャッシュ(1-5分),画面表示時,2,0,"年間予実対比（予実対比）.年間実績_FLコスト 計, 年間予実対比（予実対比）.年間予算_FLコスト 計",-; -,-
390,ラクミーウェブ（会社）,分析画面,年間予実対比（予実対比）,年間予算対比率_FD仕入 計,L1,A,全店舗年次,L2-S,画面内,計算項目,画面内演算,年間実績÷年間予算×100,年間実績_FD仕入 計 ÷ 年間予算_FD仕入 計 × 100,実績 / 予算 × 100,年間予算対比率,-,-,画面内演算,"年間予実対比（予実対比）.年間実績_FD仕入 計, 年間予実対比（予実対比）.年間予算_FD仕入 計",-,年間実績 / 年間予算 × 100 → 年間予実対比（予実対比）.年間予算対比率_FD仕入 計,-,予算対比率追加,年間予算対比率,-,-,分析画面,予算対比率,年間予算に対する実績の達成率（％）,中,中,中,低,-,監視継続,◎,短期キャッシュ(1-5分),画面表示時,2,0,"年間予実対比（予実対比）.年間実績_FD仕入 計, 年間予実対比（予実対比）.年間予算_FD仕入 計",-; -,-
391,ラクミーウェブ（会社）,分析画面,年間予実対比（予実対比）,年間予算対比率_フード仕入,L1,B,全店舗年次,L2-S,画面内,計算項目,画面内演算,年間実績÷年間予算×100,年間実績_フード仕入 ÷ 年間予算_フード仕入 × 100,実績 / 予算 × 100,年間予算対比率,-,-,画面内演算,"年間予実対比（予実対比）.年間実績_フード仕入, 年間予実対比（予実対比）.年間予算_フード仕入",-,年間実績 / 年間予算 × 100 → 年間予実対比（予実対比）.年間予算対比率_フード仕入,-,予算対比率追加,年間予算対比率,-,-,分析画面,予算対比率,年間予算に対する実績の達成率（％）,中,中,中,低,-,監視継続,◎,短期キャッシュ(1-5分),画面表示時,2,0,"年間予実対比（予実対比）.年間実績_フード仕入, 年間予実対比（予実対比）.年間予算_フード仕入",-; -,-
392,ラクミーウェブ（会社）,分析画面,年間予実対比（予実対比）,年間予算対比率_ドリンク仕入,L1,B,全店舗年次,L2-S,画面内,計算項目,画面内演算,年間実績÷年間予算×100,年間実績_ドリンク仕入 ÷ 年間予算_ドリンク仕入 × 100,実績 / 予算 × 100,年間予算対比率,-,-,画面内演算,"年間予実対比（予実対比）.年間実績_ドリンク仕入, 年間予実対比（予実対比）.年間予算_ドリンク仕入",-,年間実績 / 年間予算 × 100 → 年間予実対比（予実対比）.年間予算対比率_ドリンク仕入,-,予算対比率追加,年間予算対比率,-,-,分析画面,予算対比率,年間予算に対する実績の達成率（％）,中,中,中,低,-,監視継続,◎,短期キャッシュ(1-5分),画面表示時,2,0,"年間予実対比（予実対比）.年間実績_ドリンク仕入, 年間予実対比（予実対比）.年間予算_ドリンク仕入",-; -,-
393,ラクミーウェブ（会社）,分析画面,年間予実対比（予実対比）,年間予算対比率_人件費 計,L1,A,全店舗年次,L2-S,画面内,計算項目,画面内演算,年間実績÷年間予算×100,年間実績_人件費 計 ÷ 年間予算_人件費 計 × 100,実績 / 予算 × 100,年間予算対比率,-,-,画面内演算,"年間予実対比（予実対比）.年間実績_人件費 計, 年間予実対比（予実対比）.年間予算_人件費 計",-,年間実績 / 年間予算 × 100 → 年間予実対比（予実対比）.年間予算対比率_人件費 計,-,予算対比率追加,年間予算対比率,-,-,分析画面,予算対比率,年間予算に対する実績の達成率（％）,中,中,中,低,-,監視継続,◎,短期キャッシュ(1-5分),画面表示時,2,0,"年間予実対比（予実対比）.年間実績_人件費 計, 年間予実対比（予実対比）.年間予算_人件費 計",-; -,-
394,ラクミーウェブ（会社）,分析画面,年間予実対比（予実対比）,年間予算対比率_固定人件費,L1,B,全店舗年次,L2-S,画面内,計算項目,画面内演算,年間実績÷年間予算×100,年間実績_固定人件費 ÷ 年間予算_固定人件費 × 100,実績 / 予算 × 100,年間予算対比率,-,-,画面内演算,"年間予実対比（予実対比）.年間実績_固定人件費, 年間予実対比（予実対比）.年間予算_固定人件費",-,年間実績 / 年間予算 × 100 → 年間予実対比（予実対比）.年間予算対比率_固定人件費,-,予算対比率追加,年間予算対比率,-,-,分析画面,予算対比率,年間予算に対する実績の達成率（％）,中,中,中,低,-,監視継続,◎,短期キャッシュ(1-5分),画面表示時,2,0,"年間予実対比（予実対比）.年間実績_固定人件費, 年間予実対比（予実対比）.年間予算_固定人件費",-; -,-
395,ラクミーウェブ（会社）,分析画面,年間予実対比（予実対比）,年間予算対比率_PA人件費,L1,B,全店舗年次,L2-S,画面内,計算項目,画面内演算,年間実績÷年間予算×100,年間実績_PA人件費 ÷ 年間予算_PA人件費 × 100,実績 / 予算 × 100,年間予算対比率,-,-,画面内演算,"年間予実対比（予実対比）.年間実績_PA人件費, 年間予実対比（予実対比）.年間予算_PA人件費",-,年間実績 / 年間予算 × 100 → 年間予実対比（予実対比）.年間予算対比率_PA人件費,-,予算対比率追加,年間予算対比率,-,-,分析画面,予算対比率,年間予算に対する実績の達成率（％）,中,中,中,低,-,監視継続,◎,短期キャッシュ(1-5分),画面表示時,2,0,"年間予実対比（予実対比）.年間実績_PA人件費, 年間予実対比（予実対比）.年間予算_PA人件費",-; -,-
396,ラクミーウェブ（会社）,分析画面,年間予実対比（予実対比）,年間予算対比率_社員人件費,L1,B,全店舗年次,L2-S,画面内,計算項目,画面内演算,年間実績÷年間予算×100,年間実績_社員人件費 ÷ 年間予算_社員人件費 × 100,実績 / 予算 × 100,年間予算対比率,-,-,画面内演算,"年間予実対比（予実対比）.年間実績_社員人件費, 年間予実対比（予実対比）.年間予算_社員人件費",-,年間実績 / 年間予算 × 100 → 年間予実対比（予実対比）.年間予算対比率_社員人件費,-,予算対比率追加,年間予算対比率,-,-,分析画面,予算対比率,年間予算に対する実績の達成率（％）,中,中,中,低,-,監視継続,◎,短期キャッシュ(1-5分),画面表示時,2,0,"年間予実対比（予実対比）.年間実績_社員人件費, 年間予実対比（予実対比）.年間予算_社員人件費",-; -,-
397,ラクミーウェブ（会社）,分析画面,年間予実対比（予実対比）,年間予算対比率_ヘルプ人件費,L1,C,全店舗年次,L2-S,画面内,計算項目,画面内演算,年間実績÷年間予算×100,年間実績_ヘルプ人件費 ÷ 年間予算_ヘルプ人件費 × 100,実績 / 予算 × 100,年間予算対比率,-,-,画面内演算,"年間予実対比（予実対比）.年間実績_ヘルプ人件費, 年間予実対比（予実対比）.年間予算_ヘルプ人件費",-,年間実績 / 年間予算 × 100 → 年間予実対比（予実対比）.年間予算対比率_ヘルプ人件費,-,予算対比率追加,年間予算対比率,-,-,分析画面,予算対比率,年間予算に対する実績の達成率（％）,中,中,中,低,-,監視継続,◎,短期キャッシュ(1-5分),画面表示時,2,0,"年間予実対比（予実対比）.年間実績_ヘルプ人件費, 年間予実対比（予実対比）.年間予算_ヘルプ人件費",-; -,-
398,ラクミーウェブ（会社）,分析画面,年間予実対比（予実対比）,年間予算対比率_その他経費 計,L1,B,全店舗年次,L2-S,画面内,計算項目,画面内演算,年間実績÷年間予算×100,年間実績_その他経費 計 ÷ 年間予算_その他経費 計 × 100,実績 / 予算 × 100,年間予算対比率,-,-,画面内演算,"年間予実対比（予実対比）.年間実績_その他経費 計, 年間予実対比（予実対比）.年間予算_その他経費 計",-,年間実績 / 年間予算 × 100 → 年間予実対比（予実対比）.年間予算対比率_その他経費 計,-,予算対比率追加,年間予算対比率,-,-,分析画面,予算対比率,年間予算に対する実績の達成率（％）,中,中,中,低,-,監視継続,◎,短期キャッシュ(1-5分),画面表示時,2,0,"年間予実対比（予実対比）.年間実績_その他経費 計, 年間予実対比（予実対比）.年間予算_その他経費 計",-; -,-
399,ラクミーウェブ（会社）,分析画面,年間予実対比（予実対比）,年間予算対比率_地代家賃,L1,B,全店舗年次,L2-S,画面内,計算項目,画面内演算,年間実績÷年間予算×100,年間実績_地代家賃 ÷ 年間予算_地代家賃 × 100,実績 / 予算 × 100,年間予算対比率,-,-,画面内演算,"年間予実対比（予実対比）.年間実績_地代家賃, 年間予実対比（予実対比）.年間予算_地代家賃",-,年間実績 / 年間予算 × 100 → 年間予実対比（予実対比）.年間予算対比率_地代家賃,-,予算対比率追加,年間予算対比率,-,-,分析画面,予算対比率,年間予算に対する実績の達成率（％）,中,中,中,低,-,監視継続,◎,短期キャッシュ(1-5分),画面表示時,2,0,"年間予実対比（予実対比）.年間実績_地代家賃, 年間予実対比（予実対比）.年間予算_地代家賃",-; -,-
400,ラクミーウェブ（会社）,分析画面,年間予実対比（予実対比）,年間予算対比率_家賃（変動分）,L1,C,全店舗年次,L2-S,画面内,計算項目,画面内演算,年間実績÷年間予算×100,年間実績_家賃（変動分） ÷ 年間予算_家賃（変動分） × 100,実績 / 予算 × 100,年間予算対比率,-,-,画面内演算,"年間予実対比（予実対比）.年間実績_家賃（変動分）, 年間予実対比（予実対比）.年間予算_家賃（変動分）",-,年間実績 / 年間予算 × 100 → 年間予実対比（予実対比）.年間予算対比率_家賃（変動分）,-,予算対比率追加,年間予算対比率,-,-,分析画面,予算対比率,年間予算に対する実績の達成率（％）,中,中,中,低,-,監視継続,◎,短期キャッシュ(1-5分),画面表示時,2,0,"年間予実対比（予実対比）.年間実績_家賃（変動分）, 年間予実対比（予実対比）.年間予算_家賃（変動分）",-; -,-
401,ラクミーウェブ（会社）,分析画面,年間予実対比（予実対比）,年間予算対比率_水道光熱費,L1,B,全店舗年次,L2-S,画面内,計算項目,画面内演算,年間実績÷年間予算×100,年間実績_水道光熱費 ÷ 年間予算_水道光熱費 × 100,実績 / 予算 × 100,年間予算対比率,-,-,画面内演算,"年間予実対比（予実対比）.年間実績_水道光熱費, 年間予実対比（予実対比）.年間予算_水道光熱費",-,年間実績 / 年間予算 × 100 → 年間予実対比（予実対比）.年間予算対比率_水道光熱費,-,予算対比率追加,年間予算対比率,-,-,分析画面,予算対比率,年間予算に対する実績の達成率（％）,中,中,中,低,-,監視継続,◎,短期キャッシュ(1-5分),画面表示時,2,0,"年間予実対比（予実対比）.年間実績_水道光熱費, 年間予実対比（予実対比）.年間予算_水道光熱費",-; -,-
402,ラクミーウェブ（会社）,分析画面,年間予実対比（予実対比）,年間予算対比率_電気代,L1,C,全店舗年次,L2-S,画面内,計算項目,画面内演算,年間実績÷年間予算×100,年間実績_電気代 ÷ 年間予算_電気代 × 100,実績 / 予算 × 100,年間予算対比率,-,-,画面内演算,"年間予実対比（予実対比）.年間実績_電気代, 年間予実対比（予実対比）.年間予算_電気代",-,年間実績 / 年間予算 × 100 → 年間予実対比（予実対比）.年間予算対比率_電気代,-,予算対比率追加,年間予算対比率,-,-,分析画面,予算対比率,年間予算に対する実績の達成率（％）,中,中,中,低,-,監視継続,◎,短期キャッシュ(1-5分),画面表示時,2,0,"年間予実対比（予実対比）.年間実績_電気代, 年間予実対比（予実対比）.年間予算_電気代",-; -,-
403,ラクミーウェブ（会社）,分析画面,年間予実対比（予実対比）,年間予算対比率_ガス代,L1,C,全店舗年次,L2-S,画面内,計算項目,画面内演算,年間実績÷年間予算×100,年間実績_ガス代 ÷ 年間予算_ガス代 × 100,実績 / 予算 × 100,年間予算対比率,-,-,画面内演算,"年間予実対比（予実対比）.年間実績_ガス代, 年間予実対比（予実対比）.年間予算_ガス代",-,年間実績 / 年間予算 × 100 → 年間予実対比（予実対比）.年間予算対比率_ガス代,-,予算対比率追加,年間予算対比率,-,-,分析画面,予算対比率,年間予算に対する実績の達成率（％）,中,中,中,低,-,監視継続,◎,短期キャッシュ(1-5分),画面表示時,2,0,"年間予実対比（予実対比）.年間実績_ガス代, 年間予実対比（予実対比）.年間予算_ガス代",-; -,-
404,ラクミーウェブ（会社）,分析画面,年間予実対比（予実対比）,年間予算対比率_水道代,L1,C,全店舗年次,L2-S,画面内,計算項目,画面内演算,年間実績÷年間予算×100,年間実績_水道代 ÷ 年間予算_水道代 × 100,実績 / 予算 × 100,年間予算対比率,-,-,画面内演算,"年間予実対比（予実対比）.年間実績_水道代, 年間予実対比（予実対比）.年間予算_水道代",-,年間実績 / 年間予算 × 100 → 年間予実対比（予実対比）.年間予算対比率_水道代,-,予算対比率追加,年間予算対比率,-,-,分析画面,予算対比率,年間予算に対する実績の達成率（％）,中,中,中,低,-,監視継続,◎,短期キャッシュ(1-5分),画面表示時,2,0,"年間予実対比（予実対比）.年間実績_水道代, 年間予実対比（予実対比）.年間予算_水道代",-; -,-
405,ラクミーウェブ（会社）,分析画面,年間予実対比（予実対比）,年間予算対比率_減価償却費,L1,B,全店舗年次,L2-S,画面内,計算項目,画面内演算,年間実績÷年間予算×100,年間実績_減価償却費 ÷ 年間予算_減価償却費 × 100,実績 / 予算 × 100,年間予算対比率,-,-,画面内演算,"年間予実対比（予実対比）.年間実績_減価償却費, 年間予実対比（予実対比）.年間予算_減価償却費",-,年間実績 / 年間予算 × 100 → 年間予実対比（予実対比）.年間予算対比率_減価償却費,-,予算対比率追加,年間予算対比率,-,-,分析画面,予算対比率,年間予算に対する実績の達成率（％）,中,中,中,低,-,監視継続,◎,短期キャッシュ(1-5分),画面表示時,2,0,"年間予実対比（予実対比）.年間実績_減価償却費, 年間予実対比（予実対比）.年間予算_減価償却費",-; -,-
406,ラクミーウェブ（会社）,分析画面,年間予実対比（予実対比）,年間予算対比率_販促費,L1,C,全店舗年次,L2-S,画面内,計算項目,画面内演算,年間実績÷年間予算×100,年間実績_販促費 ÷ 年間予算_販促費 × 100,実績 / 予算 × 100,年間予算対比率,-,-,画面内演算,"年間予実対比（予実対比）.年間実績_販促費, 年間予実対比（予実対比）.年間予算_販促費",-,年間実績 / 年間予算 × 100 → 年間予実対比（予実対比）.年間予算対比率_販促費,-,予算対比率追加,年間予算対比率,-,-,分析画面,予算対比率,年間予算に対する実績の達成率（％）,中,中,中,低,-,監視継続,◎,短期キャッシュ(1-5分),画面表示時,2,0,"年間予実対比（予実対比）.年間実績_販促費, 年間予実対比（予実対比）.年間予算_販促費",-; -,-
407,ラクミーウェブ（会社）,分析画面,年間予実対比（予実対比）,年間予算対比率_資材費,L1,C,全店舗年次,L2-S,画面内,計算項目,画面内演算,年間実績÷年間予算×100,年間実績_資材費 ÷ 年間予算_資材費 × 100,実績 / 予算 × 100,年間予算対比率,-,-,画面内演算,"年間予実対比（予実対比）.年間実績_資材費, 年間予実対比（予実対比）.年間予算_資材費",-,年間実績 / 年間予算 × 100 → 年間予実対比（予実対比）.年間予算対比率_資材費,-,予算対比率追加,年間予算対比率,-,-,分析画面,予算対比率,年間予算に対する実績の達成率（％）,中,中,中,低,-,監視継続,◎,短期キャッシュ(1-5分),画面表示時,2,0,"年間予実対比（予実対比）.年間実績_資材費, 年間予実対比（予実対比）.年間予算_資材費",-; -,-
408,ラクミーウェブ（会社）,分析画面,年間予実対比（予実対比）,年間予算対比率_借入金返済,L1,C,全店舗年次,L2-S,画面内,計算項目,画面内演算,年間実績÷年間予算×100,年間実績_借入金返済 ÷ 年間予算_借入金返済 × 100,実績 / 予算 × 100,年間予算対比率,-,-,画面内演算,"年間予実対比（予実対比）.年間実績_借入金返済, 年間予実対比（予実対比）.年間予算_借入金返済",-,年間実績 / 年間予算 × 100 → 年間予実対比（予実対比）.年間予算対比率_借入金返済,-,予算対比率追加,年間予算対比率,-,-,分析画面,予算対比率,年間予算に対する実績の達成率（％）,中,中,中,低,-,監視継続,◎,短期キャッシュ(1-5分),画面表示時,2,0,"年間予実対比（予実対比）.年間実績_借入金返済, 年間予実対比（予実対比）.年間予算_借入金返済",-; -,-
409,ラクミーウェブ（会社）,分析画面,年間予実対比（予実対比）,年間予算対比率_IT費用,L1,C,全店舗年次,L2-S,画面内,計算項目,画面内演算,年間実績÷年間予算×100,年間実績_IT費用 ÷ 年間予算_IT費用 × 100,実績 / 予算 × 100,年間予算対比率,-,-,画面内演算,"年間予実対比（予実対比）.年間実績_IT費用, 年間予実対比（予実対比）.年間予算_IT費用",-,年間実績 / 年間予算 × 100 → 年間予実対比（予実対比）.年間予算対比率_IT費用,-,予算対比率追加,年間予算対比率,-,-,分析画面,予算対比率,年間予算に対する実績の達成率（％）,中,中,中,低,-,監視継続,◎,短期キャッシュ(1-5分),画面表示時,2,0,"年間予実対比（予実対比）.年間実績_IT費用, 年間予実対比（予実対比）.年間予算_IT費用",-; -,-
410,ラクミーウェブ（会社）,分析画面,年間予実対比（予実対比）,年間予算対比率_ラクミー利用料,L4,C,全店舗年次,L2-S,画面内,計算項目,画面内演算,年間実績÷年間予算×100,年間実績_ラクミー利用料 ÷ 年間予算_ラクミー利用料 × 100,実績 / 予算 × 100,年間予算対比率,-,-,画面内演算,"年間予実対比（予実対比）.年間実績_ラクミー利用料, 年間予実対比（予実対比）.年間予算_ラクミー利用料",-,年間実績 / 年間予算 × 100 → 年間予実対比（予実対比）.年間予算対比率_ラクミー利用料,-,予算対比率追加,年間予算対比率,-,-,分析画面,予算対比率,年間予算に対する実績の達成率（％）,中,中,中,低,-,監視継続,◎,短期キャッシュ(1-5分),画面表示時,2,0,"年間予実対比（予実対比）.年間実績_ラクミー利用料, 年間予実対比（予実対比）.年間予算_ラクミー利用料",-; -,-
411,ラクミーウェブ（会社）,分析画面,年間予実対比（予実対比）,年間予算対比率_レジ利用料,L1,C,全店舗年次,L2-S,画面内,計算項目,画面内演算,年間実績÷年間予算×100,年間実績_レジ利用料 ÷ 年間予算_レジ利用料 × 100,実績 / 予算 × 100,年間予算対比率,-,-,画面内演算,"年間予実対比（予実対比）.年間実績_レジ利用料, 年間予実対比（予実対比）.年間予算_レジ利用料",-,年間実績 / 年間予算 × 100 → 年間予実対比（予実対比）.年間予算対比率_レジ利用料,-,予算対比率追加,年間予算対比率,-,-,分析画面,予算対比率,年間予算に対する実績の達成率（％）,中,中,中,低,-,監視継続,◎,短期キャッシュ(1-5分),画面表示時,2,0,"年間予実対比（予実対比）.年間実績_レジ利用料, 年間予実対比（予実対比）.年間予算_レジ利用料",-; -,-
412,ラクミーウェブ（会社）,分析画面,年間予実対比（予実対比）,年間予算対比率_クレジットカード手数料,L1,C,全店舗年次,L2-S,画面内,計算項目,画面内演算,年間実績÷年間予算×100,年間実績_クレジットカード手数料 ÷ 年間予算_クレジットカード手数料 × 100,実績 / 予算 × 100,年間予算対比率,-,-,画面内演算,"年間予実対比（予実対比）.年間実績_クレジットカード手数料, 年間予実対比（予実対比）.年間予算_クレジットカード手数料",-,年間実績 / 年間予算 × 100 → 年間予実対比（予実対比）.年間予算対比率_クレジットカード手数料,-,予算対比率追加,年間予算対比率,-,-,分析画面,予算対比率,年間予算に対する実績の達成率（％）,中,中,中,低,-,監視継続,◎,短期キャッシュ(1-5分),画面表示時,2,0,"年間予実対比（予実対比）.年間実績_クレジットカード手数料, 年間予実対比（予実対比）.年間予算_クレジットカード手数料",-; -,-
413,ラクミーウェブ（会社）,分析画面,年間予実対比（予実対比）,年間予算対比率_お花代,L1,D,全店舗年次,L2-S,画面内,計算項目,画面内演算,年間実績÷年間予算×100,年間実績_お花代 ÷ 年間予算_お花代 × 100,実績 / 予算 × 100,年間予算対比率,-,-,画面内演算,"年間予実対比（予実対比）.年間実績_お花代, 年間予実対比（予実対比）.年間予算_お花代",-,年間実績 / 年間予算 × 100 → 年間予実対比（予実対比）.年間予算対比率_お花代,-,予算対比率追加,年間予算対比率,-,-,分析画面,予算対比率,年間予算に対する実績の達成率（％）,中,中,中,低,-,監視継続,◎,短期キャッシュ(1-5分),画面表示時,2,0,"年間予実対比（予実対比）.年間実績_お花代, 年間予実対比（予実対比）.年間予算_お花代",-; -,-
414,ラクミーウェブ（会社）,分析画面,年間予実対比（予実対比）,年間予算対比率_営業利益,L1,A,全店舗年次,L2-S,画面内,計算項目,画面内演算,年間実績÷年間予算×100,年間実績_営業利益 ÷ 年間予算_営業利益 × 100,実績 / 予算 × 100,年間予算対比率,-,-,画面内演算,"年間予実対比（予実対比）.年間実績_営業利益, 年間予実対比（予実対比）.年間予算_営業利益",-,年間実績 / 年間予算 × 100 → 年間予実対比（予実対比）.年間予算対比率_営業利益,-,予算対比率追加,年間予算対比率,-,-,分析画面,予算対比率,年間予算に対する実績の達成率（％）,中,高,高,低,-,監視継続,◎,短期キャッシュ(1-5分),画面表示時,2,0,"年間予実対比（予実対比）.年間実績_営業利益, 年間予実対比（予実対比）.年間予算_営業利益",-; -,-
415,ラクミーウェブ（会社）,分析画面,年間予実対比（予実対比）,年間予算構成比_総売上 計,L1,A,全店舗年次,L2-S,画面内,計算項目,画面内演算,年間予算÷年間予算_総売上×100,年間予算_総売上 計 ÷ 年間予算_総売上 計 × 100,予算 / 予算総売上 × 100,年間予算構成比,-,-,画面内演算,"年間予実対比（予実対比）.年間予算_総売上 計, 年間予実対比（予実対比）.年間予算_総売上 計",-,年間予算 / 年間予算_総売上 × 100 → 年間予実対比（予実対比）.年間予算構成比_総売上 計,-,予算構成比追加,年間予算構成比,-,-,分析画面,予算構成比,年間予算の総売上に対する構成比（％）,中,中,中,低,-,監視継続,◎,短期キャッシュ(1-5分),画面表示時,2,0,"年間予実対比（予実対比）.年間予算_総売上 計, 年間予実対比（予実対比）.年間予算_総売上 計",-; -,-
416,ラクミーウェブ（会社）,分析画面,年間予実対比（予実対比）,年間予算構成比_フード売上 計,L1,B,全店舗年次,L2-S,画面内,計算項目,画面内演算,年間予算÷年間予算_総売上×100,年間予算_フード売上 計 ÷ 年間予算_総売上 計 × 100,予算 / 予算総売上 × 100,年間予算構成比,-,-,画面内演算,"年間予実対比（予実対比）.年間予算_フード売上 計, 年間予実対比（予実対比）.年間予算_総売上 計",-,年間予算 / 年間予算_総売上 × 100 → 年間予実対比（予実対比）.年間予算構成比_フード売上 計,-,予算構成比追加,年間予算構成比,-,-,分析画面,予算構成比,年間予算の総売上に対する構成比（％）,中,中,中,低,-,監視継続,◎,短期キャッシュ(1-5分),画面表示時,2,0,"年間予実対比（予実対比）.年間予算_フード売上 計, 年間予実対比（予実対比）.年間予算_総売上 計",-; -,-
417,ラクミーウェブ（会社）,分析画面,年間予実対比（予実対比）,年間予算構成比_フード売上ランチ,L1,C,全店舗年次,L2-S,画面内,計算項目,画面内演算,年間予算÷年間予算_総売上×100,年間予算_フード売上ランチ ÷ 年間予算_総売上 計 × 100,予算 / 予算総売上 × 100,年間予算構成比,-,-,画面内演算,"年間予実対比（予実対比）.年間予算_フード売上ランチ, 年間予実対比（予実対比）.年間予算_総売上 計",-,年間予算 / 年間予算_総売上 × 100 → 年間予実対比（予実対比）.年間予算構成比_フード売上ランチ,-,予算構成比追加,年間予算構成比,-,-,分析画面,予算構成比,年間予算の総売上に対する構成比（％）,中,中,中,低,-,監視継続,◎,短期キャッシュ(1-5分),画面表示時,2,0,"年間予実対比（予実対比）.年間予算_フード売上ランチ, 年間予実対比（予実対比）.年間予算_総売上 計",-; -,-
418,ラクミーウェブ（会社）,分析画面,年間予実対比（予実対比）,年間予算構成比_フード売上ディナー,L1,C,全店舗年次,L2-S,画面内,計算項目,画面内演算,年間予算÷年間予算_総売上×100,年間予算_フード売上ディナー ÷ 年間予算_総売上 計 × 100,予算 / 予算総売上 × 100,年間予算構成比,-,-,画面内演算,"年間予実対比（予実対比）.年間予算_フード売上ディナー, 年間予実対比（予実対比）.年間予算_総売上 計",-,年間予算 / 年間予算_総売上 × 100 → 年間予実対比（予実対比）.年間予算構成比_フード売上ディナー,-,予算構成比追加,年間予算構成比,-,-,分析画面,予算構成比,年間予算の総売上に対する構成比（％）,中,中,中,低,-,監視継続,◎,短期キャッシュ(1-5分),画面表示時,2,0,"年間予実対比（予実対比）.年間予算_フード売上ディナー, 年間予実対比（予実対比）.年間予算_総売上 計",-; -,-
419,ラクミーウェブ（会社）,分析画面,年間予実対比（予実対比）,年間予算構成比_ドリンク売上 計,L1,B,全店舗年次,L2-S,画面内,計算項目,画面内演算,年間予算÷年間予算_総売上×100,年間予算_ドリンク売上 計 ÷ 年間予算_総売上 計 × 100,予算 / 予算総売上 × 100,年間予算構成比,-,-,画面内演算,"年間予実対比（予実対比）.年間予算_ドリンク売上 計, 年間予実対比（予実対比）.年間予算_総売上 計",-,年間予算 / 年間予算_総売上 × 100 → 年間予実対比（予実対比）.年間予算構成比_ドリンク売上 計,-,予算構成比追加,年間予算構成比,-,-,分析画面,予算構成比,年間予算の総売上に対する構成比（％）,中,中,中,低,-,監視継続,◎,短期キャッシュ(1-5分),画面表示時,2,0,"年間予実対比（予実対比）.年間予算_ドリンク売上 計, 年間予実対比（予実対比）.年間予算_総売上 計",-; -,-
420,ラクミーウェブ（会社）,分析画面,年間予実対比（予実対比）,年間予算構成比_ドリンク売上ランチ,L1,C,全店舗年次,L2-S,画面内,計算項目,画面内演算,年間予算÷年間予算_総売上×100,年間予算_ドリンク売上ランチ ÷ 年間予算_総売上 計 × 100,予算 / 予算総売上 × 100,年間予算構成比,-,-,画面内演算,"年間予実対比（予実対比）.年間予算_ドリンク売上ランチ, 年間予実対比（予実対比）.年間予算_総売上 計",-,年間予算 / 年間予算_総売上 × 100 → 年間予実対比（予実対比）.年間予算構成比_ドリンク売上ランチ,-,予算構成比追加,年間予算構成比,-,-,分析画面,予算構成比,年間予算の総売上に対する構成比（％）,中,中,中,低,-,監視継続,◎,短期キャッシュ(1-5分),画面表示時,2,0,"年間予実対比（予実対比）.年間予算_ドリンク売上ランチ, 年間予実対比（予実対比）.年間予算_総売上 計",-; -,-
421,ラクミーウェブ（会社）,分析画面,年間予実対比（予実対比）,年間予算構成比_ドリンク売上ディナー,L1,C,全店舗年次,L2-S,画面内,計算項目,画面内演算,年間予算÷年間予算_総売上×100,年間予算_ドリンク売上ディナー ÷ 年間予算_総売上 計 × 100,予算 / 予算総売上 × 100,年間予算構成比,-,-,画面内演算,"年間予実対比（予実対比）.年間予算_ドリンク売上ディナー, 年間予実対比（予実対比）.年間予算_総売上 計",-,年間予算 / 年間予算_総売上 × 100 → 年間予実対比（予実対比）.年間予算構成比_ドリンク売上ディナー,-,予算構成比追加,年間予算構成比,-,-,分析画面,予算構成比,年間予算の総売上に対する構成比（％）,中,中,中,低,-,監視継続,◎,短期キャッシュ(1-5分),画面表示時,2,0,"年間予実対比（予実対比）.年間予算_ドリンク売上ディナー, 年間予実対比（予実対比）.年間予算_総売上 計",-; -,-
422,ラクミーウェブ（会社）,分析画面,年間予実対比（予実対比）,年間予算構成比_その他売上 計,L1,C,全店舗年次,L2-S,画面内,計算項目,画面内演算,年間予算÷年間予算_総売上×100,年間予算_その他売上 計 ÷ 年間予算_総売上 計 × 100,予算 / 予算総売上 × 100,年間予算構成比,-,-,画面内演算,"年間予実対比（予実対比）.年間予算_その他売上 計, 年間予実対比（予実対比）.年間予算_総売上 計",-,年間予算 / 年間予算_総売上 × 100 → 年間予実対比（予実対比）.年間予算構成比_その他売上 計,-,予算構成比追加,年間予算構成比,-,-,分析画面,予算構成比,年間予算の総売上に対する構成比（％）,中,中,中,低,-,監視継続,◎,短期キャッシュ(1-5分),画面表示時,2,0,"年間予実対比（予実対比）.年間予算_その他売上 計, 年間予実対比（予実対比）.年間予算_総売上 計",-; -,-
423,ラクミーウェブ（会社）,分析画面,年間予実対比（予実対比）,年間予算構成比_その他売上ランチ,L1,D,全店舗年次,L2-S,画面内,計算項目,画面内演算,年間予算÷年間予算_総売上×100,年間予算_その他売上ランチ ÷ 年間予算_総売上 計 × 100,予算 / 予算総売上 × 100,年間予算構成比,-,-,画面内演算,"年間予実対比（予実対比）.年間予算_その他売上ランチ, 年間予実対比（予実対比）.年間予算_総売上 計",-,年間予算 / 年間予算_総売上 × 100 → 年間予実対比（予実対比）.年間予算構成比_その他売上ランチ,-,予算構成比追加,年間予算構成比,-,-,分析画面,予算構成比,年間予算の総売上に対する構成比（％）,中,中,中,低,-,監視継続,◎,短期キャッシュ(1-5分),画面表示時,2,0,"年間予実対比（予実対比）.年間予算_その他売上ランチ, 年間予実対比（予実対比）.年間予算_総売上 計",-; -,-
424,ラクミーウェブ（会社）,分析画面,年間予実対比（予実対比）,年間予算構成比_その他売上ディナー,L1,D,全店舗年次,L2-S,画面内,計算項目,画面内演算,年間予算÷年間予算_総売上×100,年間予算_その他売上ディナー ÷ 年間予算_総売上 計 × 100,予算 / 予算総売上 × 100,年間予算構成比,-,-,画面内演算,"年間予実対比（予実対比）.年間予算_その他売上ディナー, 年間予実対比（予実対比）.年間予算_総売上 計",-,年間予算 / 年間予算_総売上 × 100 → 年間予実対比（予実対比）.年間予算構成比_その他売上ディナー,-,予算構成比追加,年間予算構成比,-,-,分析画面,予算構成比,年間予算の総売上に対する構成比（％）,中,中,中,低,-,監視継続,◎,短期キャッシュ(1-5分),画面表示時,2,0,"年間予実対比（予実対比）.年間予算_その他売上ディナー, 年間予実対比（予実対比）.年間予算_総売上 計",-; -,-
425,ラクミーウェブ（会社）,分析画面,年間予実対比（予実対比）,年間予算構成比_FLコスト 計,L1,A,全店舗年次,L2-S,画面内,計算項目,画面内演算,年間予算÷年間予算_総売上×100,年間予算_FLコスト 計 ÷ 年間予算_総売上 計 × 100,予算 / 予算総売上 × 100,年間予算構成比,-,-,画面内演算,"年間予実対比（予実対比）.年間予算_FLコスト 計, 年間予実対比（予実対比）.年間予算_総売上 計",-,年間予算 / 年間予算_総売上 × 100 → 年間予実対比（予実対比）.年間予算構成比_FLコスト 計,-,予算構成比追加,年間予算構成比,-,-,分析画面,予算構成比,年間予算の総売上に対する構成比（％）,中,高,高,低,-,監視継続,◎,短期キャッシュ(1-5分),画面表示時,2,0,"年間予実対比（予実対比）.年間予算_FLコスト 計, 年間予実対比（予実対比）.年間予算_総売上 計",-; -,-
426,ラクミーウェブ（会社）,分析画面,年間予実対比（予実対比）,年間予算構成比_FD仕入 計,L1,A,全店舗年次,L2-S,画面内,計算項目,画面内演算,年間予算÷年間予算_総売上×100,年間予算_FD仕入 計 ÷ 年間予算_総売上 計 × 100,予算 / 予算総売上 × 100,年間予算構成比,-,-,画面内演算,"年間予実対比（予実対比）.年間予算_FD仕入 計, 年間予実対比（予実対比）.年間予算_総売上 計",-,年間予算 / 年間予算_総売上 × 100 → 年間予実対比（予実対比）.年間予算構成比_FD仕入 計,-,予算構成比追加,年間予算構成比,-,-,分析画面,予算構成比,年間予算の総売上に対する構成比（％）,中,中,中,低,-,監視継続,◎,短期キャッシュ(1-5分),画面表示時,2,0,"年間予実対比（予実対比）.年間予算_FD仕入 計, 年間予実対比（予実対比）.年間予算_総売上 計",-; -,-
427,ラクミーウェブ（会社）,分析画面,年間予実対比（予実対比）,年間予算構成比_フード仕入,L1,B,全店舗年次,L2-S,画面内,計算項目,画面内演算,年間予算÷年間予算_総売上×100,年間予算_フード仕入 ÷ 年間予算_総売上 計 × 100,予算 / 予算総売上 × 100,年間予算構成比,-,-,画面内演算,"年間予実対比（予実対比）.年間予算_フード仕入, 年間予実対比（予実対比）.年間予算_総売上 計",-,年間予算 / 年間予算_総売上 × 100 → 年間予実対比（予実対比）.年間予算構成比_フード仕入,-,予算構成比追加,年間予算構成比,-,-,分析画面,予算構成比,年間予算の総売上に対する構成比（％）,中,中,中,低,-,監視継続,◎,短期キャッシュ(1-5分),画面表示時,2,0,"年間予実対比（予実対比）.年間予算_フード仕入, 年間予実対比（予実対比）.年間予算_総売上 計",-; -,-
428,ラクミーウェブ（会社）,分析画面,年間予実対比（予実対比）,年間予算構成比_ドリンク仕入,L1,B,全店舗年次,L2-S,画面内,計算項目,画面内演算,年間予算÷年間予算_総売上×100,年間予算_ドリンク仕入 ÷ 年間予算_総売上 計 × 100,予算 / 予算総売上 × 100,年間予算構成比,-,-,画面内演算,"年間予実対比（予実対比）.年間予算_ドリンク仕入, 年間予実対比（予実対比）.年間予算_総売上 計",-,年間予算 / 年間予算_総売上 × 100 → 年間予実対比（予実対比）.年間予算構成比_ドリンク仕入,-,予算構成比追加,年間予算構成比,-,-,分析画面,予算構成比,年間予算の総売上に対する構成比（％）,中,中,中,低,-,監視継続,◎,短期キャッシュ(1-5分),画面表示時,2,0,"年間予実対比（予実対比）.年間予算_ドリンク仕入, 年間予実対比（予実対比）.年間予算_総売上 計",-; -,-
429,ラクミーウェブ（会社）,分析画面,年間予実対比（予実対比）,年間予算構成比_人件費 計,L1,A,全店舗年次,L2-S,画面内,計算項目,画面内演算,年間予算÷年間予算_総売上×100,年間予算_人件費 計 ÷ 年間予算_総売上 計 × 100,予算 / 予算総売上 × 100,年間予算構成比,-,-,画面内演算,"年間予実対比（予実対比）.年間予算_人件費 計, 年間予実対比（予実対比）.年間予算_総売上 計",-,年間予算 / 年間予算_総売上 × 100 → 年間予実対比（予実対比）.年間予算構成比_人件費 計,-,予算構成比追加,年間予算構成比,-,-,分析画面,予算構成比,年間予算の総売上に対する構成比（％）,中,中,中,低,-,監視継続,◎,短期キャッシュ(1-5分),画面表示時,2,0,"年間予実対比（予実対比）.年間予算_人件費 計, 年間予実対比（予実対比）.年間予算_総売上 計",-; -,-
430,ラクミーウェブ（会社）,分析画面,年間予実対比（予実対比）,年間予算構成比_固定人件費,L1,B,全店舗年次,L2-S,画面内,計算項目,画面内演算,年間予算÷年間予算_総売上×100,年間予算_固定人件費 ÷ 年間予算_総売上 計 × 100,予算 / 予算総売上 × 100,年間予算構成比,-,-,画面内演算,"年間予実対比（予実対比）.年間予算_固定人件費, 年間予実対比（予実対比）.年間予算_総売上 計",-,年間予算 / 年間予算_総売上 × 100 → 年間予実対比（予実対比）.年間予算構成比_固定人件費,-,予算構成比追加,年間予算構成比,-,-,分析画面,予算構成比,年間予算の総売上に対する構成比（％）,中,中,中,低,-,監視継続,◎,短期キャッシュ(1-5分),画面表示時,2,0,"年間予実対比（予実対比）.年間予算_固定人件費, 年間予実対比（予実対比）.年間予算_総売上 計",-; -,-
431,ラクミーウェブ（会社）,分析画面,年間予実対比（予実対比）,年間予算構成比_PA人件費,L1,B,全店舗年次,L2-S,画面内,計算項目,画面内演算,年間予算÷年間予算_総売上×100,年間予算_PA人件費 ÷ 年間予算_総売上 計 × 100,予算 / 予算総売上 × 100,年間予算構成比,-,-,画面内演算,"年間予実対比（予実対比）.年間予算_PA人件費, 年間予実対比（予実対比）.年間予算_総売上 計",-,年間予算 / 年間予算_総売上 × 100 → 年間予実対比（予実対比）.年間予算構成比_PA人件費,-,予算構成比追加,年間予算構成比,-,-,分析画面,予算構成比,年間予算の総売上に対する構成比（％）,中,中,中,低,-,監視継続,◎,短期キャッシュ(1-5分),画面表示時,2,0,"年間予実対比（予実対比）.年間予算_PA人件費, 年間予実対比（予実対比）.年間予算_総売上 計",-; -,-
432,ラクミーウェブ（会社）,分析画面,年間予実対比（予実対比）,年間予算構成比_社員人件費,L1,B,全店舗年次,L2-S,画面内,計算項目,画面内演算,年間予算÷年間予算_総売上×100,年間予算_社員人件費 ÷ 年間予算_総売上 計 × 100,予算 / 予算総売上 × 100,年間予算構成比,-,-,画面内演算,"年間予実対比（予実対比）.年間予算_社員人件費, 年間予実対比（予実対比）.年間予算_総売上 計",-,年間予算 / 年間予算_総売上 × 100 → 年間予実対比（予実対比）.年間予算構成比_社員人件費,-,予算構成比追加,年間予算構成比,-,-,分析画面,予算構成比,年間予算の総売上に対する構成比（％）,中,中,中,低,-,監視継続,◎,短期キャッシュ(1-5分),画面表示時,2,0,"年間予実対比（予実対比）.年間予算_社員人件費, 年間予実対比（予実対比）.年間予算_総売上 計",-; -,-
433,ラクミーウェブ（会社）,分析画面,年間予実対比（予実対比）,年間予算構成比_ヘルプ人件費,L1,C,全店舗年次,L2-S,画面内,計算項目,画面内演算,年間予算÷年間予算_総売上×100,年間予算_ヘルプ人件費 ÷ 年間予算_総売上 計 × 100,予算 / 予算総売上 × 100,年間予算構成比,-,-,画面内演算,"年間予実対比（予実対比）.年間予算_ヘルプ人件費, 年間予実対比（予実対比）.年間予算_総売上 計",-,年間予算 / 年間予算_総売上 × 100 → 年間予実対比（予実対比）.年間予算構成比_ヘルプ人件費,-,予算構成比追加,年間予算構成比,-,-,分析画面,予算構成比,年間予算の総売上に対する構成比（％）,中,中,中,低,-,監視継続,◎,短期キャッシュ(1-5分),画面表示時,2,0,"年間予実対比（予実対比）.年間予算_ヘルプ人件費, 年間予実対比（予実対比）.年間予算_総売上 計",-; -,-
434,ラクミーウェブ（会社）,分析画面,年間予実対比（予実対比）,年間予算構成比_その他経費 計,L1,B,全店舗年次,L2-S,画面内,計算項目,画面内演算,年間予算÷年間予算_総売上×100,年間予算_その他経費 計 ÷ 年間予算_総売上 計 × 100,予算 / 予算総売上 × 100,年間予算構成比,-,-,画面内演算,"年間予実対比（予実対比）.年間予算_その他経費 計, 年間予実対比（予実対比）.年間予算_総売上 計",-,年間予算 / 年間予算_総売上 × 100 → 年間予実対比（予実対比）.年間予算構成比_その他経費 計,-,予算構成比追加,年間予算構成比,-,-,分析画面,予算構成比,年間予算の総売上に対する構成比（％）,中,中,中,低,-,監視継続,◎,短期キャッシュ(1-5分),画面表示時,2,0,"年間予実対比（予実対比）.年間予算_その他経費 計, 年間予実対比（予実対比）.年間予算_総売上 計",-; -,-
435,ラクミーウェブ（会社）,分析画面,年間予実対比（予実対比）,年間予算構成比_地代家賃,L1,B,全店舗年次,L2-S,画面内,計算項目,画面内演算,年間予算÷年間予算_総売上×100,年間予算_地代家賃 ÷ 年間予算_総売上 計 × 100,予算 / 予算総売上 × 100,年間予算構成比,-,-,画面内演算,"年間予実対比（予実対比）.年間予算_地代家賃, 年間予実対比（予実対比）.年間予算_総売上 計",-,年間予算 / 年間予算_総売上 × 100 → 年間予実対比（予実対比）.年間予算構成比_地代家賃,-,予算構成比追加,年間予算構成比,-,-,分析画面,予算構成比,年間予算の総売上に対する構成比（％）,中,中,中,低,-,監視継続,◎,短期キャッシュ(1-5分),画面表示時,2,0,"年間予実対比（予実対比）.年間予算_地代家賃, 年間予実対比（予実対比）.年間予算_総売上 計",-; -,-
436,ラクミーウェブ（会社）,分析画面,年間予実対比（予実対比）,年間予算構成比_家賃（変動分）,L1,C,全店舗年次,L2-S,画面内,計算項目,画面内演算,年間予算÷年間予算_総売上×100,年間予算_家賃（変動分） ÷ 年間予算_総売上 計 × 100,予算 / 予算総売上 × 100,年間予算構成比,-,-,画面内演算,"年間予実対比（予実対比）.年間予算_家賃（変動分）, 年間予実対比（予実対比）.年間予算_総売上 計",-,年間予算 / 年間予算_総売上 × 100 → 年間予実対比（予実対比）.年間予算構成比_家賃（変動分）,-,予算構成比追加,年間予算構成比,-,-,分析画面,予算構成比,年間予算の総売上に対する構成比（％）,中,中,中,低,-,監視継続,◎,短期キャッシュ(1-5分),画面表示時,2,0,"年間予実対比（予実対比）.年間予算_家賃（変動分）, 年間予実対比（予実対比）.年間予算_総売上 計",-; -,-
437,ラクミーウェブ（会社）,分析画面,年間予実対比（予実対比）,年間予算構成比_水道光熱費,L1,B,全店舗年次,L2-S,画面内,計算項目,画面内演算,年間予算÷年間予算_総売上×100,年間予算_水道光熱費 ÷ 年間予算_総売上 計 × 100,予算 / 予算総売上 × 100,年間予算構成比,-,-,画面内演算,"年間予実対比（予実対比）.年間予算_水道光熱費, 年間予実対比（予実対比）.年間予算_総売上 計",-,年間予算 / 年間予算_総売上 × 100 → 年間予実対比（予実対比）.年間予算構成比_水道光熱費,-,予算構成比追加,年間予算構成比,-,-,分析画面,予算構成比,年間予算の総売上に対する構成比（％）,中,中,中,低,-,監視継続,◎,短期キャッシュ(1-5分),画面表示時,2,0,"年間予実対比（予実対比）.年間予算_水道光熱費, 年間予実対比（予実対比）.年間予算_総売上 計",-; -,-
438,ラクミーウェブ（会社）,分析画面,年間予実対比（予実対比）,年間予算構成比_電気代,L1,C,全店舗年次,L2-S,画面内,計算項目,画面内演算,年間予算÷年間予算_総売上×100,年間予算_電気代 ÷ 年間予算_総売上 計 × 100,予算 / 予算総売上 × 100,年間予算構成比,-,-,画面内演算,"年間予実対比（予実対比）.年間予算_電気代, 年間予実対比（予実対比）.年間予算_総売上 計",-,年間予算 / 年間予算_総売上 × 100 → 年間予実対比（予実対比）.年間予算構成比_電気代,-,予算構成比追加,年間予算構成比,-,-,分析画面,予算構成比,年間予算の総売上に対する構成比（％）,中,中,中,低,-,監視継続,◎,短期キャッシュ(1-5分),画面表示時,2,0,"年間予実対比（予実対比）.年間予算_電気代, 年間予実対比（予実対比）.年間予算_総売上 計",-; -,-
439,ラクミーウェブ（会社）,分析画面,年間予実対比（予実対比）,年間予算構成比_ガス代,L1,C,全店舗年次,L2-S,画面内,計算項目,画面内演算,年間予算÷年間予算_総売上×100,年間予算_ガス代 ÷ 年間予算_総売上 計 × 100,予算 / 予算総売上 × 100,年間予算構成比,-,-,画面内演算,"年間予実対比（予実対比）.年間予算_ガス代, 年間予実対比（予実対比）.年間予算_総売上 計",-,年間予算 / 年間予算_総売上 × 100 → 年間予実対比（予実対比）.年間予算構成比_ガス代,-,予算構成比追加,年間予算構成比,-,-,分析画面,予算構成比,年間予算の総売上に対する構成比（％）,中,中,中,低,-,監視継続,◎,短期キャッシュ(1-5分),画面表示時,2,0,"年間予実対比（予実対比）.年間予算_ガス代, 年間予実対比（予実対比）.年間予算_総売上 計",-; -,-
440,ラクミーウェブ（会社）,分析画面,年間予実対比（予実対比）,年間予算構成比_水道代,L1,C,全店舗年次,L2-S,画面内,計算項目,画面内演算,年間予算÷年間予算_総売上×100,年間予算_水道代 ÷ 年間予算_総売上 計 × 100,予算 / 予算総売上 × 100,年間予算構成比,-,-,画面内演算,"年間予実対比（予実対比）.年間予算_水道代, 年間予実対比（予実対比）.年間予算_総売上 計",-,年間予算 / 年間予算_総売上 × 100 → 年間予実対比（予実対比）.年間予算構成比_水道代,-,予算構成比追加,年間予算構成比,-,-,分析画面,予算構成比,年間予算の総売上に対する構成比（％）,中,中,中,低,-,監視継続,◎,短期キャッシュ(1-5分),画面表示時,2,0,"年間予実対比（予実対比）.年間予算_水道代, 年間予実対比（予実対比）.年間予算_総売上 計",-; -,-
441,ラクミーウェブ（会社）,分析画面,年間予実対比（予実対比）,年間予算構成比_減価償却費,L1,B,全店舗年次,L2-S,画面内,計算項目,画面内演算,年間予算÷年間予算_総売上×100,年間予算_減価償却費 ÷ 年間予算_総売上 計 × 100,予算 / 予算総売上 × 100,年間予算構成比,-,-,画面内演算,"年間予実対比（予実対比）.年間予算_減価償却費, 年間予実対比（予実対比）.年間予算_総売上 計",-,年間予算 / 年間予算_総売上 × 100 → 年間予実対比（予実対比）.年間予算構成比_減価償却費,-,予算構成比追加,年間予算構成比,-,-,分析画面,予算構成比,年間予算の総売上に対する構成比（％）,中,中,中,低,-,監視継続,◎,短期キャッシュ(1-5分),画面表示時,2,0,"年間予実対比（予実対比）.年間予算_減価償却費, 年間予実対比（予実対比）.年間予算_総売上 計",-; -,-
442,ラクミーウェブ（会社）,分析画面,年間予実対比（予実対比）,年間予算構成比_販促費,L1,C,全店舗年次,L2-S,画面内,計算項目,画面内演算,年間予算÷年間予算_総売上×100,年間予算_販促費 ÷ 年間予算_総売上 計 × 100,予算 / 予算総売上 × 100,年間予算構成比,-,-,画面内演算,"年間予実対比（予実対比）.年間予算_販促費, 年間予実対比（予実対比）.年間予算_総売上 計",-,年間予算 / 年間予算_総売上 × 100 → 年間予実対比（予実対比）.年間予算構成比_販促費,-,予算構成比追加,年間予算構成比,-,-,分析画面,予算構成比,年間予算の総売上に対する構成比（％）,中,中,中,低,-,監視継続,◎,短期キャッシュ(1-5分),画面表示時,2,0,"年間予実対比（予実対比）.年間予算_販促費, 年間予実対比（予実対比）.年間予算_総売上 計",-; -,-
443,ラクミーウェブ（会社）,分析画面,年間予実対比（予実対比）,年間予算構成比_資材費,L1,C,全店舗年次,L2-S,画面内,計算項目,画面内演算,年間予算÷年間予算_総売上×100,年間予算_資材費 ÷ 年間予算_総売上 計 × 100,予算 / 予算総売上 × 100,年間予算構成比,-,-,画面内演算,"年間予実対比（予実対比）.年間予算_資材費, 年間予実対比（予実対比）.年間予算_総売上 計",-,年間予算 / 年間予算_総売上 × 100 → 年間予実対比（予実対比）.年間予算構成比_資材費,-,予算構成比追加,年間予算構成比,-,-,分析画面,予算構成比,年間予算の総売上に対する構成比（％）,中,中,中,低,-,監視継続,◎,短期キャッシュ(1-5分),画面表示時,2,0,"年間予実対比（予実対比）.年間予算_資材費, 年間予実対比（予実対比）.年間予算_総売上 計",-; -,-
444,ラクミーウェブ（会社）,分析画面,年間予実対比（予実対比）,年間予算構成比_借入金返済,L1,C,全店舗年次,L2-S,画面内,計算項目,画面内演算,年間予算÷年間予算_総売上×100,年間予算_借入金返済 ÷ 年間予算_総売上 計 × 100,予算 / 予算総売上 × 100,年間予算構成比,-,-,画面内演算,"年間予実対比（予実対比）.年間予算_借入金返済, 年間予実対比（予実対比）.年間予算_総売上 計",-,年間予算 / 年間予算_総売上 × 100 → 年間予実対比（予実対比）.年間予算構成比_借入金返済,-,予算構成比追加,年間予算構成比,-,-,分析画面,予算構成比,年間予算の総売上に対する構成比（％）,中,中,中,低,-,監視継続,◎,短期キャッシュ(1-5分),画面表示時,2,0,"年間予実対比（予実対比）.年間予算_借入金返済, 年間予実対比（予実対比）.年間予算_総売上 計",-; -,-
445,ラクミーウェブ（会社）,分析画面,年間予実対比（予実対比）,年間予算構成比_IT費用,L1,C,全店舗年次,L2-S,画面内,計算項目,画面内演算,年間予算÷年間予算_総売上×100,年間予算_IT費用 ÷ 年間予算_総売上 計 × 100,予算 / 予算総売上 × 100,年間予算構成比,-,-,画面内演算,"年間予実対比（予実対比）.年間予算_IT費用, 年間予実対比（予実対比）.年間予算_総売上 計",-,年間予算 / 年間予算_総売上 × 100 → 年間予実対比（予実対比）.年間予算構成比_IT費用,-,予算構成比追加,年間予算構成比,-,-,分析画面,予算構成比,年間予算の総売上に対する構成比（％）,中,中,中,低,-,監視継続,◎,短期キャッシュ(1-5分),画面表示時,2,0,"年間予実対比（予実対比）.年間予算_IT費用, 年間予実対比（予実対比）.年間予算_総売上 計",-; -,-
446,ラクミーウェブ（会社）,分析画面,年間予実対比（予実対比）,年間予算構成比_ラクミー利用料,L4,C,全店舗年次,L2-S,画面内,計算項目,画面内演算,年間予算÷年間予算_総売上×100,年間予算_ラクミー利用料 ÷ 年間予算_総売上 計 × 100,予算 / 予算総売上 × 100,年間予算構成比,-,-,画面内演算,"年間予実対比（予実対比）.年間予算_ラクミー利用料, 年間予実対比（予実対比）.年間予算_総売上 計",-,年間予算 / 年間予算_総売上 × 100 → 年間予実対比（予実対比）.年間予算構成比_ラクミー利用料,-,予算構成比追加,年間予算構成比,-,-,分析画面,予算構成比,年間予算の総売上に対する構成比（％）,中,中,中,低,-,監視継続,◎,短期キャッシュ(1-5分),画面表示時,2,0,"年間予実対比（予実対比）.年間予算_ラクミー利用料, 年間予実対比（予実対比）.年間予算_総売上 計",-; -,-
447,ラクミーウェブ（会社）,分析画面,年間予実対比（予実対比）,年間予算構成比_レジ利用料,L1,C,全店舗年次,L2-S,画面内,計算項目,画面内演算,年間予算÷年間予算_総売上×100,年間予算_レジ利用料 ÷ 年間予算_総売上 計 × 100,予算 / 予算総売上 × 100,年間予算構成比,-,-,画面内演算,"年間予実対比（予実対比）.年間予算_レジ利用料, 年間予実対比（予実対比）.年間予算_総売上 計",-,年間予算 / 年間予算_総売上 × 100 → 年間予実対比（予実対比）.年間予算構成比_レジ利用料,-,予算構成比追加,年間予算構成比,-,-,分析画面,予算構成比,年間予算の総売上に対する構成比（％）,中,中,中,低,-,監視継続,◎,短期キャッシュ(1-5分),画面表示時,2,0,"年間予実対比（予実対比）.年間予算_レジ利用料, 年間予実対比（予実対比）.年間予算_総売上 計",-; -,-
448,ラクミーウェブ（会社）,分析画面,年間予実対比（予実対比）,年間予算構成比_クレジットカード手数料,L1,C,全店舗年次,L2-S,画面内,計算項目,画面内演算,年間予算÷年間予算_総売上×100,年間予算_クレジットカード手数料 ÷ 年間予算_総売上 計 × 100,予算 / 予算総売上 × 100,年間予算構成比,-,-,画面内演算,"年間予実対比（予実対比）.年間予算_クレジットカード手数料, 年間予実対比（予実対比）.年間予算_総売上 計",-,年間予算 / 年間予算_総売上 × 100 → 年間予実対比（予実対比）.年間予算構成比_クレジットカード手数料,-,予算構成比追加,年間予算構成比,-,-,分析画面,予算構成比,年間予算の総売上に対する構成比（％）,中,中,中,低,-,監視継続,◎,短期キャッシュ(1-5分),画面表示時,2,0,"年間予実対比（予実対比）.年間予算_クレジットカード手数料, 年間予実対比（予実対比）.年間予算_総売上 計",-; -,-
449,ラクミーウェブ（会社）,分析画面,年間予実対比（予実対比）,年間予算構成比_お花代,L1,D,全店舗年次,L2-S,画面内,計算項目,画面内演算,年間予算÷年間予算_総売上×100,年間予算_お花代 ÷ 年間予算_総売上 計 × 100,予算 / 予算総売上 × 100,年間予算構成比,-,-,画面内演算,"年間予実対比（予実対比）.年間予算_お花代, 年間予実対比（予実対比）.年間予算_総売上 計",-,年間予算 / 年間予算_総売上 × 100 → 年間予実対比（予実対比）.年間予算構成比_お花代,-,予算構成比追加,年間予算構成比,-,-,分析画面,予算構成比,年間予算の総売上に対する構成比（％）,中,中,中,低,-,監視継続,◎,短期キャッシュ(1-5分),画面表示時,2,0,"年間予実対比（予実対比）.年間予算_お花代, 年間予実対比（予実対比）.年間予算_総売上 計",-; -,-
450,ラクミーウェブ（会社）,分析画面,年間予実対比（予実対比）,年間予算構成比_営業利益,L1,A,全店舗年次,L2-S,画面内,計算項目,画面内演算,年間予算÷年間予算_総売上×100,年間予算_営業利益 ÷ 年間予算_総売上 計 × 100,予算 / 予算総売上 × 100,年間予算構成比,-,-,画面内演算,"年間予実対比（予実対比）.年間予算_営業利益, 年間予実対比（予実対比）.年間予算_総売上 計",-,年間予算 / 年間予算_総売上 × 100 → 年間予実対比（予実対比）.年間予算構成比_営業利益,-,予算構成比追加,年間予算構成比,-,-,分析画面,予算構成比,年間予算の総売上に対する構成比（％）,中,高,高,低,-,監視継続,◎,短期キャッシュ(1-5分),画面表示時,2,0,"年間予実対比（予実対比）.年間予算_営業利益, 年間予実対比（予実対比）.年間予算_総売上 計",-; -,-
451,ラクミーウェブ（会社）,分析画面,年間予実対比（予実対比）,年間構成比_総売上 計,L1,A,全店舗年次,L2-S,画面内,計算項目,画面内演算,年間実績÷年間実績_総売上×100,年間実績_総売上 計 ÷ 年間実績_総売上 計 × 100,実績 / 実績総売上 × 100,年間構成比,-,-,画面内演算,"年間予実対比（予実対比）.年間実績_総売上 計, 年間予実対比（予実対比）.年間実績_総売上 計",-,年間実績 / 年間実績_総売上 × 100 → 年間予実対比（予実対比）.年間構成比_総売上 計,-,構成比追加,年間実績構成比,-,-,分析画面,構成比,年間実績の総売上に対する構成比（％）,中,中,中,低,-,監視継続,◎,短期キャッシュ(1-5分),画面表示時,2,0,"年間予実対比（予実対比）.年間実績_総売上 計, 年間予実対比（予実対比）.年間実績_総売上 計",-; -,-
452,ラクミーウェブ（会社）,分析画面,年間予実対比（予実対比）,年間構成比_フード売上 計,L1,B,全店舗年次,L2-S,画面内,計算項目,画面内演算,年間実績÷年間実績_総売上×100,年間実績_フード売上 計 ÷ 年間実績_総売上 計 × 100,実績 / 実績総売上 × 100,年間構成比,-,-,画面内演算,"年間予実対比（予実対比）.年間実績_フード売上 計, 年間予実対比（予実対比）.年間実績_総売上 計",-,年間実績 / 年間実績_総売上 × 100 → 年間予実対比（予実対比）.年間構成比_フード売上 計,-,構成比追加,年間実績構成比,-,-,分析画面,構成比,年間実績の総売上に対する構成比（％）,中,中,中,低,-,監視継続,◎,短期キャッシュ(1-5分),画面表示時,2,0,"年間予実対比（予実対比）.年間実績_フード売上 計, 年間予実対比（予実対比）.年間実績_総売上 計",-; -,-
453,ラクミーウェブ（会社）,分析画面,年間予実対比（予実対比）,年間構成比_フード売上ランチ,L1,C,全店舗年次,L2-S,画面内,計算項目,画面内演算,年間実績÷年間実績_総売上×100,年間実績_フード売上ランチ ÷ 年間実績_総売上 計 × 100,実績 / 実績総売上 × 100,年間構成比,-,-,画面内演算,"年間予実対比（予実対比）.年間実績_フード売上ランチ, 年間予実対比（予実対比）.年間実績_総売上 計",-,年間実績 / 年間実績_総売上 × 100 → 年間予実対比（予実対比）.年間構成比_フード売上ランチ,-,構成比追加,年間実績構成比,-,-,分析画面,構成比,年間実績の総売上に対する構成比（％）,中,中,中,低,-,監視継続,◎,短期キャッシュ(1-5分),画面表示時,2,0,"年間予実対比（予実対比）.年間実績_フード売上ランチ, 年間予実対比（予実対比）.年間実績_総売上 計",-; -,-
454,ラクミーウェブ（会社）,分析画面,年間予実対比（予実対比）,年間構成比_フード売上ディナー,L1,C,全店舗年次,L2-S,画面内,計算項目,画面内演算,年間実績÷年間実績_総売上×100,年間実績_フード売上ディナー ÷ 年間実績_総売上 計 × 100,実績 / 実績総売上 × 100,年間構成比,-,-,画面内演算,"年間予実対比（予実対比）.年間実績_フード売上ディナー, 年間予実対比（予実対比）.年間実績_総売上 計",-,年間実績 / 年間実績_総売上 × 100 → 年間予実対比（予実対比）.年間構成比_フード売上ディナー,-,構成比追加,年間実績構成比,-,-,分析画面,構成比,年間実績の総売上に対する構成比（％）,中,中,中,低,-,監視継続,◎,短期キャッシュ(1-5分),画面表示時,2,0,"年間予実対比（予実対比）.年間実績_フード売上ディナー, 年間予実対比（予実対比）.年間実績_総売上 計",-; -,-
455,ラクミーウェブ（会社）,分析画面,年間予実対比（予実対比）,年間構成比_ドリンク売上 計,L1,B,全店舗年次,L2-S,画面内,計算項目,画面内演算,年間実績÷年間実績_総売上×100,年間実績_ドリンク売上 計 ÷ 年間実績_総売上 計 × 100,実績 / 実績総売上 × 100,年間構成比,-,-,画面内演算,"年間予実対比（予実対比）.年間実績_ドリンク売上 計, 年間予実対比（予実対比）.年間実績_総売上 計",-,年間実績 / 年間実績_総売上 × 100 → 年間予実対比（予実対比）.年間構成比_ドリンク売上 計,-,構成比追加,年間実績構成比,-,-,分析画面,構成比,年間実績の総売上に対する構成比（％）,中,中,中,低,-,監視継続,◎,短期キャッシュ(1-5分),画面表示時,2,0,"年間予実対比（予実対比）.年間実績_ドリンク売上 計, 年間予実対比（予実対比）.年間実績_総売上 計",-; -,-
456,ラクミーウェブ（会社）,分析画面,年間予実対比（予実対比）,年間構成比_ドリンク売上ランチ,L1,C,全店舗年次,L2-S,画面内,計算項目,画面内演算,年間実績÷年間実績_総売上×100,年間実績_ドリンク売上ランチ ÷ 年間実績_総売上 計 × 100,実績 / 実績総売上 × 100,年間構成比,-,-,画面内演算,"年間予実対比（予実対比）.年間実績_ドリンク売上ランチ, 年間予実対比（予実対比）.年間実績_総売上 計",-,年間実績 / 年間実績_総売上 × 100 → 年間予実対比（予実対比）.年間構成比_ドリンク売上ランチ,-,構成比追加,年間実績構成比,-,-,分析画面,構成比,年間実績の総売上に対する構成比（％）,中,中,中,低,-,監視継続,◎,短期キャッシュ(1-5分),画面表示時,2,0,"年間予実対比（予実対比）.年間実績_ドリンク売上ランチ, 年間予実対比（予実対比）.年間実績_総売上 計",-; -,-
457,ラクミーウェブ（会社）,分析画面,年間予実対比（予実対比）,年間構成比_ドリンク売上ディナー,L1,C,全店舗年次,L2-S,画面内,計算項目,画面内演算,年間実績÷年間実績_総売上×100,年間実績_ドリンク売上ディナー ÷ 年間実績_総売上 計 × 100,実績 / 実績総売上 × 100,年間構成比,-,-,画面内演算,"年間予実対比（予実対比）.年間実績_ドリンク売上ディナー, 年間予実対比（予実対比）.年間実績_総売上 計",-,年間実績 / 年間実績_総売上 × 100 → 年間予実対比（予実対比）.年間構成比_ドリンク売上ディナー,-,構成比追加,年間実績構成比,-,-,分析画面,構成比,年間実績の総売上に対する構成比（％）,中,中,中,低,-,監視継続,◎,短期キャッシュ(1-5分),画面表示時,2,0,"年間予実対比（予実対比）.年間実績_ドリンク売上ディナー, 年間予実対比（予実対比）.年間実績_総売上 計",-; -,-
458,ラクミーウェブ（会社）,分析画面,年間予実対比（予実対比）,年間構成比_その他売上 計,L1,C,全店舗年次,L2-S,画面内,計算項目,画面内演算,年間実績÷年間実績_総売上×100,年間実績_その他売上 計 ÷ 年間実績_総売上 計 × 100,実績 / 実績総売上 × 100,年間構成比,-,-,画面内演算,"年間予実対比（予実対比）.年間実績_その他売上 計, 年間予実対比（予実対比）.年間実績_総売上 計",-,年間実績 / 年間実績_総売上 × 100 → 年間予実対比（予実対比）.年間構成比_その他売上 計,-,構成比追加,年間実績構成比,-,-,分析画面,構成比,年間実績の総売上に対する構成比（％）,中,中,中,低,-,監視継続,◎,短期キャッシュ(1-5分),画面表示時,2,0,"年間予実対比（予実対比）.年間実績_その他売上 計, 年間予実対比（予実対比）.年間実績_総売上 計",-; -,-
459,ラクミーウェブ（会社）,分析画面,年間予実対比（予実対比）,年間構成比_その他売上ランチ,L1,D,全店舗年次,L2-S,画面内,計算項目,画面内演算,年間実績÷年間実績_総売上×100,年間実績_その他売上ランチ ÷ 年間実績_総売上 計 × 100,実績 / 実績総売上 × 100,年間構成比,-,-,画面内演算,"年間予実対比（予実対比）.年間実績_その他売上ランチ, 年間予実対比（予実対比）.年間実績_総売上 計",-,年間実績 / 年間実績_総売上 × 100 → 年間予実対比（予実対比）.年間構成比_その他売上ランチ,-,構成比追加,年間実績構成比,-,-,分析画面,構成比,年間実績の総売上に対する構成比（％）,中,中,中,低,-,監視継続,◎,短期キャッシュ(1-5分),画面表示時,2,0,"年間予実対比（予実対比）.年間実績_その他売上ランチ, 年間予実対比（予実対比）.年間実績_総売上 計",-; -,-
460,ラクミーウェブ（会社）,分析画面,年間予実対比（予実対比）,年間構成比_その他売上ディナー,L1,D,全店舗年次,L2-S,画面内,計算項目,画面内演算,年間実績÷年間実績_総売上×100,年間実績_その他売上ディナー ÷ 年間実績_総売上 計 × 100,実績 / 実績総売上 × 100,年間構成比,-,-,画面内演算,"年間予実対比（予実対比）.年間実績_その他売上ディナー, 年間予実対比（予実対比）.年間実績_総売上 計",-,年間実績 / 年間実績_総売上 × 100 → 年間予実対比（予実対比）.年間構成比_その他売上ディナー,-,構成比追加,年間実績構成比,-,-,分析画面,構成比,年間実績の総売上に対する構成比（％）,中,中,中,低,-,監視継続,◎,短期キャッシュ(1-5分),画面表示時,2,0,"年間予実対比（予実対比）.年間実績_その他売上ディナー, 年間予実対比（予実対比）.年間実績_総売上 計",-; -,-
461,ラクミーウェブ（会社）,分析画面,年間予実対比（予実対比）,年間構成比_FLコスト 計,L1,A,全店舗年次,L2-S,画面内,計算項目,画面内演算,年間実績÷年間実績_総売上×100,年間実績_FLコスト 計 ÷ 年間実績_総売上 計 × 100,実績 / 実績総売上 × 100,年間構成比,-,-,画面内演算,"年間予実対比（予実対比）.年間実績_FLコスト 計, 年間予実対比（予実対比）.年間実績_総売上 計",-,年間実績 / 年間実績_総売上 × 100 → 年間予実対比（予実対比）.年間構成比_FLコスト 計,-,構成比追加,年間実績構成比,-,-,分析画面,構成比,年間実績の総売上に対する構成比（％）,中,高,高,低,-,監視継続,◎,短期キャッシュ(1-5分),画面表示時,2,0,"年間予実対比（予実対比）.年間実績_FLコスト 計, 年間予実対比（予実対比）.年間実績_総売上 計",-; -,-
462,ラクミーウェブ（会社）,分析画面,年間予実対比（予実対比）,年間構成比_FD仕入 計,L1,A,全店舗年次,L2-S,画面内,計算項目,画面内演算,年間実績÷年間実績_総売上×100,年間実績_FD仕入 計 ÷ 年間実績_総売上 計 × 100,実績 / 実績総売上 × 100,年間構成比,-,-,画面内演算,"年間予実対比（予実対比）.年間実績_FD仕入 計, 年間予実対比（予実対比）.年間実績_総売上 計",-,年間実績 / 年間実績_総売上 × 100 → 年間予実対比（予実対比）.年間構成比_FD仕入 計,-,構成比追加,年間実績構成比,-,-,分析画面,構成比,年間実績の総売上に対する構成比（％）,中,中,中,低,-,監視継続,◎,短期キャッシュ(1-5分),画面表示時,2,0,"年間予実対比（予実対比）.年間実績_FD仕入 計, 年間予実対比（予実対比）.年間実績_総売上 計",-; -,-
463,ラクミーウェブ（会社）,分析画面,年間予実対比（予実対比）,年間構成比_フード仕入,L1,B,全店舗年次,L2-S,画面内,計算項目,画面内演算,年間実績÷年間実績_総売上×100,年間実績_フード仕入 ÷ 年間実績_総売上 計 × 100,実績 / 実績総売上 × 100,年間構成比,-,-,画面内演算,"年間予実対比（予実対比）.年間実績_フード仕入, 年間予実対比（予実対比）.年間実績_総売上 計",-,年間実績 / 年間実績_総売上 × 100 → 年間予実対比（予実対比）.年間構成比_フード仕入,-,構成比追加,年間実績構成比,-,-,分析画面,構成比,年間実績の総売上に対する構成比（％）,中,中,中,低,-,監視継続,◎,短期キャッシュ(1-5分),画面表示時,2,0,"年間予実対比（予実対比）.年間実績_フード仕入, 年間予実対比（予実対比）.年間実績_総売上 計",-; -,-
464,ラクミーウェブ（会社）,分析画面,年間予実対比（予実対比）,年間構成比_ドリンク仕入,L1,B,全店舗年次,L2-S,画面内,計算項目,画面内演算,年間実績÷年間実績_総売上×100,年間実績_ドリンク仕入 ÷ 年間実績_総売上 計 × 100,実績 / 実績総売上 × 100,年間構成比,-,-,画面内演算,"年間予実対比（予実対比）.年間実績_ドリンク仕入, 年間予実対比（予実対比）.年間実績_総売上 計",-,年間実績 / 年間実績_総売上 × 100 → 年間予実対比（予実対比）.年間構成比_ドリンク仕入,-,構成比追加,年間実績構成比,-,-,分析画面,構成比,年間実績の総売上に対する構成比（％）,中,中,中,低,-,監視継続,◎,短期キャッシュ(1-5分),画面表示時,2,0,"年間予実対比（予実対比）.年間実績_ドリンク仕入, 年間予実対比（予実対比）.年間実績_総売上 計",-; -,-
465,ラクミーウェブ（会社）,分析画面,年間予実対比（予実対比）,年間構成比_人件費 計,L1,A,全店舗年次,L2-S,画面内,計算項目,画面内演算,年間実績÷年間実績_総売上×100,年間実績_人件費 計 ÷ 年間実績_総売上 計 × 100,実績 / 実績総売上 × 100,年間構成比,-,-,画面内演算,"年間予実対比（予実対比）.年間実績_人件費 計, 年間予実対比（予実対比）.年間実績_総売上 計",-,年間実績 / 年間実績_総売上 × 100 → 年間予実対比（予実対比）.年間構成比_人件費 計,-,構成比追加,年間実績構成比,-,-,分析画面,構成比,年間実績の総売上に対する構成比（％）,中,中,中,低,-,監視継続,◎,短期キャッシュ(1-5分),画面表示時,2,0,"年間予実対比（予実対比）.年間実績_人件費 計, 年間予実対比（予実対比）.年間実績_総売上 計",-; -,-
466,ラクミーウェブ（会社）,分析画面,年間予実対比（予実対比）,年間構成比_固定人件費,L1,B,全店舗年次,L2-S,画面内,計算項目,画面内演算,年間実績÷年間実績_総売上×100,年間実績_固定人件費 ÷ 年間実績_総売上 計 × 100,実績 / 実績総売上 × 100,年間構成比,-,-,画面内演算,"年間予実対比（予実対比）.年間実績_固定人件費, 年間予実対比（予実対比）.年間実績_総売上 計",-,年間実績 / 年間実績_総売上 × 100 → 年間予実対比（予実対比）.年間構成比_固定人件費,-,構成比追加,年間実績構成比,-,-,分析画面,構成比,年間実績の総売上に対する構成比（％）,中,中,中,低,-,監視継続,◎,短期キャッシュ(1-5分),画面表示時,2,0,"年間予実対比（予実対比）.年間実績_固定人件費, 年間予実対比（予実対比）.年間実績_総売上 計",-; -,-
467,ラクミーウェブ（会社）,分析画面,年間予実対比（予実対比）,年間構成比_PA人件費,L1,B,全店舗年次,L2-S,画面内,計算項目,画面内演算,年間実績÷年間実績_総売上×100,年間実績_PA人件費 ÷ 年間実績_総売上 計 × 100,実績 / 実績総売上 × 100,年間構成比,-,-,画面内演算,"年間予実対比（予実対比）.年間実績_PA人件費, 年間予実対比（予実対比）.年間実績_総売上 計",-,年間実績 / 年間実績_総売上 × 100 → 年間予実対比（予実対比）.年間構成比_PA人件費,-,構成比追加,年間実績構成比,-,-,分析画面,構成比,年間実績の総売上に対する構成比（％）,中,中,中,低,-,監視継続,◎,短期キャッシュ(1-5分),画面表示時,2,0,"年間予実対比（予実対比）.年間実績_PA人件費, 年間予実対比（予実対比）.年間実績_総売上 計",-; -,-
468,ラクミーウェブ（会社）,分析画面,年間予実対比（予実対比）,年間構成比_社員人件費,L1,B,全店舗年次,L2-S,画面内,計算項目,画面内演算,年間実績÷年間実績_総売上×100,年間実績_社員人件費 ÷ 年間実績_総売上 計 × 100,実績 / 実績総売上 × 100,年間構成比,-,-,画面内演算,"年間予実対比（予実対比）.年間実績_社員人件費, 年間予実対比（予実対比）.年間実績_総売上 計",-,年間実績 / 年間実績_総売上 × 100 → 年間予実対比（予実対比）.年間構成比_社員人件費,-,構成比追加,年間実績構成比,-,-,分析画面,構成比,年間実績の総売上に対する構成比（％）,中,中,中,低,-,監視継続,◎,短期キャッシュ(1-5分),画面表示時,2,0,"年間予実対比（予実対比）.年間実績_社員人件費, 年間予実対比（予実対比）.年間実績_総売上 計",-; -,-
469,ラクミーウェブ（会社）,分析画面,年間予実対比（予実対比）,年間構成比_ヘルプ人件費,L1,C,全店舗年次,L2-S,画面内,計算項目,画面内演算,年間実績÷年間実績_総売上×100,年間実績_ヘルプ人件費 ÷ 年間実績_総売上 計 × 100,実績 / 実績総売上 × 100,年間構成比,-,-,画面内演算,"年間予実対比（予実対比）.年間実績_ヘルプ人件費, 年間予実対比（予実対比）.年間実績_総売上 計",-,年間実績 / 年間実績_総売上 × 100 → 年間予実対比（予実対比）.年間構成比_ヘルプ人件費,-,構成比追加,年間実績構成比,-,-,分析画面,構成比,年間実績の総売上に対する構成比（％）,中,中,中,低,-,監視継続,◎,短期キャッシュ(1-5分),画面表示時,2,0,"年間予実対比（予実対比）.年間実績_ヘルプ人件費, 年間予実対比（予実対比）.年間実績_総売上 計",-; -,-
470,ラクミーウェブ（会社）,分析画面,年間予実対比（予実対比）,年間構成比_その他経費 計,L1,B,全店舗年次,L2-S,画面内,計算項目,画面内演算,年間実績÷年間実績_総売上×100,年間実績_その他経費 計 ÷ 年間実績_総売上 計 × 100,実績 / 実績総売上 × 100,年間構成比,-,-,画面内演算,"年間予実対比（予実対比）.年間実績_その他経費 計, 年間予実対比（予実対比）.年間実績_総売上 計",-,年間実績 / 年間実績_総売上 × 100 → 年間予実対比（予実対比）.年間構成比_その他経費 計,-,構成比追加,年間実績構成比,-,-,分析画面,構成比,年間実績の総売上に対する構成比（％）,中,中,中,低,-,監視継続,◎,短期キャッシュ(1-5分),画面表示時,2,0,"年間予実対比（予実対比）.年間実績_その他経費 計, 年間予実対比（予実対比）.年間実績_総売上 計",-; -,-
471,ラクミーウェブ（会社）,分析画面,年間予実対比（予実対比）,年間構成比_地代家賃,L1,B,全店舗年次,L2-S,画面内,計算項目,画面内演算,年間実績÷年間実績_総売上×100,年間実績_地代家賃 ÷ 年間実績_総売上 計 × 100,実績 / 実績総売上 × 100,年間構成比,-,-,画面内演算,"年間予実対比（予実対比）.年間実績_地代家賃, 年間予実対比（予実対比）.年間実績_総売上 計",-,年間実績 / 年間実績_総売上 × 100 → 年間予実対比（予実対比）.年間構成比_地代家賃,-,構成比追加,年間実績構成比,-,-,分析画面,構成比,年間実績の総売上に対する構成比（％）,中,中,中,低,-,監視継続,◎,短期キャッシュ(1-5分),画面表示時,2,0,"年間予実対比（予実対比）.年間実績_地代家賃, 年間予実対比（予実対比）.年間実績_総売上 計",-; -,-
472,ラクミーウェブ（会社）,分析画面,年間予実対比（予実対比）,年間構成比_家賃（変動分）,L1,C,全店舗年次,L2-S,画面内,計算項目,画面内演算,年間実績÷年間実績_総売上×100,年間実績_家賃（変動分） ÷ 年間実績_総売上 計 × 100,実績 / 実績総売上 × 100,年間構成比,-,-,画面内演算,"年間予実対比（予実対比）.年間実績_家賃（変動分）, 年間予実対比（予実対比）.年間実績_総売上 計",-,年間実績 / 年間実績_総売上 × 100 → 年間予実対比（予実対比）.年間構成比_家賃（変動分）,-,構成比追加,年間実績構成比,-,-,分析画面,構成比,年間実績の総売上に対する構成比（％）,中,中,中,低,-,監視継続,◎,短期キャッシュ(1-5分),画面表示時,2,0,"年間予実対比（予実対比）.年間実績_家賃（変動分）, 年間予実対比（予実対比）.年間実績_総売上 計",-; -,-
473,ラクミーウェブ（会社）,分析画面,年間予実対比（予実対比）,年間構成比_水道光熱費,L1,B,全店舗年次,L2-S,画面内,計算項目,画面内演算,年間実績÷年間実績_総売上×100,年間実績_水道光熱費 ÷ 年間実績_総売上 計 × 100,実績 / 実績総売上 × 100,年間構成比,-,-,画面内演算,"年間予実対比（予実対比）.年間実績_水道光熱費, 年間予実対比（予実対比）.年間実績_総売上 計",-,年間実績 / 年間実績_総売上 × 100 → 年間予実対比（予実対比）.年間構成比_水道光熱費,-,構成比追加,年間実績構成比,-,-,分析画面,構成比,年間実績の総売上に対する構成比（％）,中,中,中,低,-,監視継続,◎,短期キャッシュ(1-5分),画面表示時,2,0,"年間予実対比（予実対比）.年間実績_水道光熱費, 年間予実対比（予実対比）.年間実績_総売上 計",-; -,-
474,ラクミーウェブ（会社）,分析画面,年間予実対比（予実対比）,年間構成比_電気代,L1,C,全店舗年次,L2-S,画面内,計算項目,画面内演算,年間実績÷年間実績_総売上×100,年間実績_電気代 ÷ 年間実績_総売上 計 × 100,実績 / 実績総売上 × 100,年間構成比,-,-,画面内演算,"年間予実対比（予実対比）.年間実績_電気代, 年間予実対比（予実対比）.年間実績_総売上 計",-,年間実績 / 年間実績_総売上 × 100 → 年間予実対比（予実対比）.年間構成比_電気代,-,構成比追加,年間実績構成比,-,-,分析画面,構成比,年間実績の総売上に対する構成比（％）,中,中,中,低,-,監視継続,◎,短期キャッシュ(1-5分),画面表示時,2,0,"年間予実対比（予実対比）.年間実績_電気代, 年間予実対比（予実対比）.年間実績_総売上 計",-; -,-
475,ラクミーウェブ（会社）,分析画面,年間予実対比（予実対比）,年間構成比_ガス代,L1,C,全店舗年次,L2-S,画面内,計算項目,画面内演算,年間実績÷年間実績_総売上×100,年間実績_ガス代 ÷ 年間実績_総売上 計 × 100,実績 / 実績総売上 × 100,年間構成比,-,-,画面内演算,"年間予実対比（予実対比）.年間実績_ガス代, 年間予実対比（予実対比）.年間実績_総売上 計",-,年間実績 / 年間実績_総売上 × 100 → 年間予実対比（予実対比）.年間構成比_ガス代,-,構成比追加,年間実績構成比,-,-,分析画面,構成比,年間実績の総売上に対する構成比（％）,中,中,中,低,-,監視継続,◎,短期キャッシュ(1-5分),画面表示時,2,0,"年間予実対比（予実対比）.年間実績_ガス代, 年間予実対比（予実対比）.年間実績_総売上 計",-; -,-
476,ラクミーウェブ（会社）,分析画面,年間予実対比（予実対比）,年間構成比_水道代,L1,C,全店舗年次,L2-S,画面内,計算項目,画面内演算,年間実績÷年間実績_総売上×100,年間実績_水道代 ÷ 年間実績_総売上 計 × 100,実績 / 実績総売上 × 100,年間構成比,-,-,画面内演算,"年間予実対比（予実対比）.年間実績_水道代, 年間予実対比（予実対比）.年間実績_総売上 計",-,年間実績 / 年間実績_総売上 × 100 → 年間予実対比（予実対比）.年間構成比_水道代,-,構成比追加,年間実績構成比,-,-,分析画面,構成比,年間実績の総売上に対する構成比（％）,中,中,中,低,-,監視継続,◎,短期キャッシュ(1-5分),画面表示時,2,0,"年間予実対比（予実対比）.年間実績_水道代, 年間予実対比（予実対比）.年間実績_総売上 計",-; -,-
477,ラクミーウェブ（会社）,分析画面,年間予実対比（予実対比）,年間構成比_減価償却費,L1,B,全店舗年次,L2-S,画面内,計算項目,画面内演算,年間実績÷年間実績_総売上×100,年間実績_減価償却費 ÷ 年間実績_総売上 計 × 100,実績 / 実績総売上 × 100,年間構成比,-,-,画面内演算,"年間予実対比（予実対比）.年間実績_減価償却費, 年間予実対比（予実対比）.年間実績_総売上 計",-,年間実績 / 年間実績_総売上 × 100 → 年間予実対比（予実対比）.年間構成比_減価償却費,-,構成比追加,年間実績構成比,-,-,分析画面,構成比,年間実績の総売上に対する構成比（％）,中,中,中,低,-,監視継続,◎,短期キャッシュ(1-5分),画面表示時,2,0,"年間予実対比（予実対比）.年間実績_減価償却費, 年間予実対比（予実対比）.年間実績_総売上 計",-; -,-
478,ラクミーウェブ（会社）,分析画面,年間予実対比（予実対比）,年間構成比_販促費,L1,C,全店舗年次,L2-S,画面内,計算項目,画面内演算,年間実績÷年間実績_総売上×100,年間実績_販促費 ÷ 年間実績_総売上 計 × 100,実績 / 実績総売上 × 100,年間構成比,-,-,画面内演算,"年間予実対比（予実対比）.年間実績_販促費, 年間予実対比（予実対比）.年間実績_総売上 計",-,年間実績 / 年間実績_総売上 × 100 → 年間予実対比（予実対比）.年間構成比_販促費,-,構成比追加,年間実績構成比,-,-,分析画面,構成比,年間実績の総売上に対する構成比（％）,中,中,中,低,-,監視継続,◎,短期キャッシュ(1-5分),画面表示時,2,0,"年間予実対比（予実対比）.年間実績_販促費, 年間予実対比（予実対比）.年間実績_総売上 計",-; -,-
479,ラクミーウェブ（会社）,分析画面,年間予実対比（予実対比）,年間構成比_資材費,L1,C,全店舗年次,L2-S,画面内,計算項目,画面内演算,年間実績÷年間実績_総売上×100,年間実績_資材費 ÷ 年間実績_総売上 計 × 100,実績 / 実績総売上 × 100,年間構成比,-,-,画面内演算,"年間予実対比（予実対比）.年間実績_資材費, 年間予実対比（予実対比）.年間実績_総売上 計",-,年間実績 / 年間実績_総売上 × 100 → 年間予実対比（予実対比）.年間構成比_資材費,-,構成比追加,年間実績構成比,-,-,分析画面,構成比,年間実績の総売上に対する構成比（％）,中,中,中,低,-,監視継続,◎,短期キャッシュ(1-5分),画面表示時,2,0,"年間予実対比（予実対比）.年間実績_資材費, 年間予実対比（予実対比）.年間実績_総売上 計",-; -,-
480,ラクミーウェブ（会社）,分析画面,年間予実対比（予実対比）,年間構成比_借入金返済,L1,C,全店舗年次,L2-S,画面内,計算項目,画面内演算,年間実績÷年間実績_総売上×100,年間実績_借入金返済 ÷ 年間実績_総売上 計 × 100,実績 / 実績総売上 × 100,年間構成比,-,-,画面内演算,"年間予実対比（予実対比）.年間実績_借入金返済, 年間予実対比（予実対比）.年間実績_総売上 計",-,年間実績 / 年間実績_総売上 × 100 → 年間予実対比（予実対比）.年間構成比_借入金返済,-,構成比追加,年間実績構成比,-,-,分析画面,構成比,年間実績の総売上に対する構成比（％）,中,中,中,低,-,監視継続,◎,短期キャッシュ(1-5分),画面表示時,2,0,"年間予実対比（予実対比）.年間実績_借入金返済, 年間予実対比（予実対比）.年間実績_総売上 計",-; -,-
481,ラクミーウェブ（会社）,分析画面,年間予実対比（予実対比）,年間構成比_IT費用,L1,C,全店舗年次,L2-S,画面内,計算項目,画面内演算,年間実績÷年間実績_総売上×100,年間実績_IT費用 ÷ 年間実績_総売上 計 × 100,実績 / 実績総売上 × 100,年間構成比,-,-,画面内演算,"年間予実対比（予実対比）.年間実績_IT費用, 年間予実対比（予実対比）.年間実績_総売上 計",-,年間実績 / 年間実績_総売上 × 100 → 年間予実対比（予実対比）.年間構成比_IT費用,-,構成比追加,年間実績構成比,-,-,分析画面,構成比,年間実績の総売上に対する構成比（％）,中,中,中,低,-,監視継続,◎,短期キャッシュ(1-5分),画面表示時,2,0,"年間予実対比（予実対比）.年間実績_IT費用, 年間予実対比（予実対比）.年間実績_総売上 計",-; -,-
482,ラクミーウェブ（会社）,分析画面,年間予実対比（予実対比）,年間構成比_ラクミー利用料,L4,C,全店舗年次,L2-S,画面内,計算項目,画面内演算,年間実績÷年間実績_総売上×100,年間実績_ラクミー利用料 ÷ 年間実績_総売上 計 × 100,実績 / 実績総売上 × 100,年間構成比,-,-,画面内演算,"年間予実対比（予実対比）.年間実績_ラクミー利用料, 年間予実対比（予実対比）.年間実績_総売上 計",-,年間実績 / 年間実績_総売上 × 100 → 年間予実対比（予実対比）.年間構成比_ラクミー利用料,-,構成比追加,年間実績構成比,-,-,分析画面,構成比,年間実績の総売上に対する構成比（％）,中,中,中,低,-,監視継続,◎,短期キャッシュ(1-5分),画面表示時,2,0,"年間予実対比（予実対比）.年間実績_ラクミー利用料, 年間予実対比（予実対比）.年間実績_総売上 計",-; -,-
483,ラクミーウェブ（会社）,分析画面,年間予実対比（予実対比）,年間構成比_レジ利用料,L1,C,全店舗年次,L2-S,画面内,計算項目,画面内演算,年間実績÷年間実績_総売上×100,年間実績_レジ利用料 ÷ 年間実績_総売上 計 × 100,実績 / 実績総売上 × 100,年間構成比,-,-,画面内演算,"年間予実対比（予実対比）.年間実績_レジ利用料, 年間予実対比（予実対比）.年間実績_総売上 計",-,年間実績 / 年間実績_総売上 × 100 → 年間予実対比（予実対比）.年間構成比_レジ利用料,-,構成比追加,年間実績構成比,-,-,分析画面,構成比,年間実績の総売上に対する構成比（％）,中,中,中,低,-,監視継続,◎,短期キャッシュ(1-5分),画面表示時,2,0,"年間予実対比（予実対比）.年間実績_レジ利用料, 年間予実対比（予実対比）.年間実績_総売上 計",-; -,-
484,ラクミーウェブ（会社）,分析画面,年間予実対比（予実対比）,年間構成比_クレジットカード手数料,L1,C,全店舗年次,L2-S,画面内,計算項目,画面内演算,年間実績÷年間実績_総売上×100,年間実績_クレジットカード手数料 ÷ 年間実績_総売上 計 × 100,実績 / 実績総売上 × 100,年間構成比,-,-,画面内演算,"年間予実対比（予実対比）.年間実績_クレジットカード手数料, 年間予実対比（予実対比）.年間実績_総売上 計",-,年間実績 / 年間実績_総売上 × 100 → 年間予実対比（予実対比）.年間構成比_クレジットカード手数料,-,構成比追加,年間実績構成比,-,-,分析画面,構成比,年間実績の総売上に対する構成比（％）,中,中,中,低,-,監視継続,◎,短期キャッシュ(1-5分),画面表示時,2,0,"年間予実対比（予実対比）.年間実績_クレジットカード手数料, 年間予実対比（予実対比）.年間実績_総売上 計",-; -,-
485,ラクミーウェブ（会社）,分析画面,年間予実対比（予実対比）,年間構成比_お花代,L1,D,全店舗年次,L2-S,画面内,計算項目,画面内演算,年間実績÷年間実績_総売上×100,年間実績_お花代 ÷ 年間実績_総売上 計 × 100,実績 / 実績総売上 × 100,年間構成比,-,-,画面内演算,"年間予実対比（予実対比）.年間実績_お花代, 年間予実対比（予実対比）.年間実績_総売上 計",-,年間実績 / 年間実績_総売上 × 100 → 年間予実対比（予実対比）.年間構成比_お花代,-,構成比追加,年間実績構成比,-,-,分析画面,構成比,年間実績の総売上に対する構成比（％）,中,中,中,低,-,監視継続,◎,短期キャッシュ(1-5分),画面表示時,2,0,"年間予実対比（予実対比）.年間実績_お花代, 年間予実対比（予実対比）.年間実績_総売上 計",-; -,-
486,ラクミーウェブ（会社）,分析画面,年間予実対比（予実対比）,年間構成比_営業利益,L1,A,全店舗年次,L2-S,画面内,計算項目,画面内演算,年間実績÷年間実績_総売上×100,年間実績_営業利益 ÷ 年間実績_総売上 計 × 100,実績 / 実績総売上 × 100,年間構成比,-,-,画面内演算,"年間予実対比（予実対比）.年間実績_営業利益, 年間予実対比（予実対比）.年間実績_総売上 計",-,年間実績 / 年間実績_総売上 × 100 → 年間予実対比（予実対比）.年間構成比_営業利益,-,構成比追加,年間実績構成比,-,-,分析画面,構成比,年間実績の総売上に対する構成比（％）,中,高,高,低,-,監視継続,◎,短期キャッシュ(1-5分),画面表示時,2,0,"年間予実対比（予実対比）.年間実績_営業利益, 年間予実対比（予実対比）.年間実績_総売上 計",-; -,-
121,ラクミーウェブ（会社）,分析画面,店舗別人件費,売上（税込）,L0,A,店舗月次,L1,-,POS（売上・客数）,外部連携単独,POSデータから単独取得,SUM支払別,SUM(TTEND.sales) GROUP BY payment_method_id,-,head_office_payment_method_sales_logs.sales,TTEND.sales,POS売上（支払方法別）,[外部]TTEND.sales,"支払種別売上分析.売上比率, 日次レポート",TTEND.sales → head_office_payment_method_sales_logs.sales → 支払種別売上分析.売上税込,店舗別の人件費・売上分析,スキーマ検証済,-,-,-,分析画面,既存指標,実画面に表示されている指標（分析画面）。,中,低,中,高,店舗集計; 外部連携,キャッシュ・非同期処理,◎,中期キャッシュ(30分-1時間),データ更新時,1,1,[外部]TTEND.sales,TTEND.sales; head_office_payment_method_sales_logs.sales,"支払種別売上分析.売上比率, 日次レポート"
122,ラクミーウェブ（会社）,分析画面,店舗別人件費,売上比率,L0,A,店舗月次,L1,画面間,計算項目,外部連携×外部連携,POS売上とPOS客数/商品等の組合せ,支払÷総売上×100,支払種別売上分析.売上税込 ÷ 当月実績.売上（税抜） × 100,-,"head_office_payment_method_sales_logs.sales, head_office_connected_service_sales_logs.sales_excluded","TTEND.sales, ZTOTAL.sales_excluded","POS売上（支払方法別）, POS売上（日別集計）",当月実績.売上（税抜）,-,TTEND.sales / ZTOTAL.sales_excluded → head_office_payment_method_sales_logs.sales / head_office_connected_service_sales_logs.sales_excluded → 支払種別売上分析.売上比率,店舗別の人件費・売上分析,スキーマ検証済,-,税込÷税抜の比率計算は正しいか,税込同士または税抜同士で統一すべき,分析画面,既存指標,実画面に表示されている指標（分析画面）。,中,中,中,最高,画面間参照; 外部連携; 複数ソース,スナップショット化・事前計算,◎,長期キャッシュ(1時間以上),日次バッチ,1,0,当月実績.売上（税抜）,"TTEND.sales, ZTOTAL.sales_excluded; head_office_payment_method_sales_logs.sales, head_office_connected_service_sales_logs.sales_excluded",-
128,ラクミーウェブ（会社）,分析画面,店舗別人件費,売上（税込）,L0,A,店舗月次,L1,-,POS（売上・客数）,外部連携単独,POSデータから単独取得,日別集計,SUM(ZTOTAL.sales) GROUP BY date,-,z_totals.sales,ZTOTAL.sales,POS売上（日別集計）,[外部]ZTOTAL.sales,-,ZTOTAL.sales → z_totals.sales → 日次レポート.売上税込,店舗別の人件費・売上分析,外部連携検証済,ZTOTAL.sales → head_office_connected_service_sales_logs.sales,-,-,実績算出・分析画面,実績算出,外部連携データから実績値を算出（定義元）。ダッシュボード等へ参照される。,低,低,低,高,店舗集計; 外部連携,キャッシュ・非同期処理,◎,中期キャッシュ(30分-1時間),データ更新時,1,0,[外部]ZTOTAL.sales,ZTOTAL.sales; z_totals.sales,-
129,ラクミーウェブ（会社）,分析画面,店舗別人件費,売上（税抜）,L0,A,店舗月次,L1,-,POS（売上・客数）,外部連携単独,POSデータから単独取得,日別集計,SUM(ZTOTAL.sales_excluded) GROUP BY date,-,head_office_connected_service_sales_logs.sales_excluded,ZTOTAL.sales_excluded,POS売上（日別集計）,[外部]ZTOTAL.sales_excluded,"当月実績.売上（税抜）, 店舗別サマリー.売上（税抜）, ABC分析.売上（税抜）, 日次推移.売上（税抜）",ZTOTAL.sales_excluded → head_office_connected_service_sales_logs.sales_excluded → 日次レポート.売上(税抜),店舗別の人件費・売上分析,スキーマ検証済,-,-,-,実績算出・分析画面,実績算出,外部連携データから実績値を算出（定義元）。ダッシュボード等へ参照される。,中,低,中,高,店舗集計; 外部連携,キャッシュ・非同期処理,◎,中期キャッシュ(30分-1時間),データ更新時,1,4,[外部]ZTOTAL.sales_excluded,ZTOTAL.sales_excluded; head_office_connected_service_sales_logs.sales_excluded,"当月実績.売上（税抜）, 店舗別サマリー.売上（税抜）, ABC分析.売上（税抜）, 日次推移.売上（税抜）"
130,ラクミーウェブ（会社）,分析画面,店舗別人件費,仕入（税込）,L0,C,店舗月次,L1,-,インフォマート（仕入）,外部連携単独,インフォマート仕入データから単独取得,日別集計,SUM(trade_total.total) GROUP BY date,-,infomart_orders.trade_total,trade_total.total,-,[外部]trade_total.total,-,trade_total.total → infomart_orders.trade_total → 日次レポート.仕入税込,店舗別の人件費・売上分析,外部連携検証済,trade_total.total → infomart_transactions.total,-,-,実績算出・分析画面,実績算出,外部連携データから実績値を算出（定義元）。ダッシュボード等へ参照される。,低,低,低,高,店舗集計; 外部連携,キャッシュ・非同期処理,◎,中期キャッシュ(30分-1時間),データ更新時,1,0,[外部]trade_total.total,trade_total.total; infomart_orders.trade_total,-
131,ラクミーウェブ（会社）,分析画面,店舗別人件費,仕入（税抜）,L0,C,店舗月次,L1,-,インフォマート（仕入）,外部連携単独,インフォマート仕入データから単独取得,日別集計,SUM(infomart_transactions.total_tax_excluded) GROUP BY date,-,infomart_transactions.total_tax_excluded,infomart_transactions.total_tax_excluded,インフォマート（仕入）,[外部]infomart_transactions.total_tax_excluded,-,infomart_transactions.total_tax_excluded → infomart_transactions.total_tax_excluded → 日次レポート.仕入（税抜）,店舗別の人件費・売上分析,外部連携検証済,infomart_transactions.total_tax_excluded → infomart_transactions.total_tax_excluded,-,-,実績算出・分析画面,実績算出,外部連携データから実績値を算出（定義元）。ダッシュボード等へ参照される。,低,低,低,高,店舗集計; 外部連携,キャッシュ・非同期処理,◎,中期キャッシュ(30分-1時間),データ更新時,1,0,[外部]infomart_transactions.total_tax_excluded,infomart_transactions.total_tax_excluded; infomart_transactions.total_tax_excluded,-
132,ラクミーウェブ（会社）,分析画面,店舗別人件費,PA人件費,L0,C,店舗月次,L1,-,KOT（勤怠・人件費）,外部連携単独,KOT/ジョブカン勤怠データから単独取得,日別集計,SUM(head_office_employee_working_records.daily_cost) GROUP BY date,-,head_office_employee_working_records.daily_cost,head_office_employee_working_records.daily_cost,-,[外部]head_office_employee_working_records.daily_cost,"日次推移.PA人件費, 予実対比.PA人件費",head_office_employee_working_records.daily_cost → head_office_employee_working_records.daily_cost → 日次レポート.PA人件費,店舗別の人件費・売上分析,外部連携検証済,データソース: KOT（勤怠・人件費）,-,-,実績算出・分析画面,実績算出,外部連携データから実績値を算出（定義元）。ダッシュボード等へ参照される。,中,低,中,高,店舗集計; 外部連携,キャッシュ・非同期処理,◎,中期キャッシュ(30分-1時間),データ更新時,1,2,[外部]head_office_employee_working_records.daily_cost,head_office_employee_working_records.daily_cost; head_office_employee_working_records.daily_cost,"日次推移.PA人件費, 予実対比.PA人件費"
133,ラクミーウェブ（会社）,分析画面,店舗別人件費,売上（税抜）,L0,A,店舗月次,L1,-,POS（売上・客数）,外部連携単独,POSデータから単独取得,日別集計,SUM(ZTOTAL.sales_excluded) GROUP BY date,-,head_office_connected_service_sales_logs.sales_excluded,ZTOTAL.sales_excluded,POS売上（日別集計）,[外部]ZTOTAL.sales_excluded,"ABC分析, 店舗別サマリー, 当月実績, 日次レポート, 曜日別売上分析.平均売上（税抜）",ZTOTAL.sales_excluded → head_office_connected_service_sales_logs.sales_excluded → 日次推移.売上(税抜),店舗別の人件費・売上分析,スキーマ検証済,-,-,-,実績算出・分析画面,実績算出,外部連携データから実績値を算出（定義元）。ダッシュボード等へ参照される。,中,低,中,高,店舗集計; 外部連携,キャッシュ・非同期処理,◎,中期キャッシュ(30分-1時間),データ更新時,1,1,[外部]ZTOTAL.sales_excluded,ZTOTAL.sales_excluded; head_office_connected_service_sales_logs.sales_excluded,"ABC分析, 店舗別サマリー, 当月実績, 日次レポート, 曜日別売上分析.平均売上（税抜）"
134,ラクミーウェブ（会社）,分析画面,店舗別人件費,仕入費,L0,C,店舗月次,L1,-,インフォマート（仕入）,外部連携単独,インフォマート仕入データから単独取得,日別集計,SUM(infomart_transactions.total_tax_excluded) GROUP BY date,-,infomart_transactions.total_tax_excluded,infomart_transactions.total_tax_excluded,インフォマート（仕入）,[外部]infomart_transactions.total_tax_excluded,-,infomart_transactions.total_tax_excluded → infomart_transactions.total_tax_excluded → 日次推移.仕入費,店舗別の人件費・売上分析,外部連携検証済,infomart_transactions.total_tax_excluded → infomart_transactions.total_tax_excluded,-,-,実績算出・分析画面,実績算出,外部連携データから実績値を算出（定義元）。ダッシュボード等へ参照される。,低,低,低,高,店舗集計; 外部連携,キャッシュ・非同期処理,◎,中期キャッシュ(30分-1時間),データ更新時,1,0,[外部]infomart_transactions.total_tax_excluded,infomart_transactions.total_tax_excluded; infomart_transactions.total_tax_excluded,-
135,ラクミーウェブ（会社）,分析画面,店舗別人件費,PA人件費,L0,C,店舗月次,L1,-,KOT（勤怠・人件費）,外部連携単独,KOT/ジョブカン勤怠データから単独取得,日別集計,SUM(head_office_connected_service_labor_costs_logs.labor_costs) GROUP BY date,-,head_office_connected_service_labor_costs_logs.labor_costs,head_office_connected_service_labor_costs_logs.labor_costs,勤怠（KOT/ジョブカン）,[外部]head_office_connected_service_labor_costs_logs.labor_costs,"予実対比, 日次レポート",head_office_connected_service_labor_costs_logs.labor_costs → head_office_connected_service_labor_costs_logs.labor_costs → 日次推移.PA人件費,店舗別の人件費・売上分析,スキーマ検証済,-,-,-,実績算出・分析画面,実績算出,外部連携データから実績値を算出（定義元）。ダッシュボード等へ参照される。,中,低,中,高,店舗集計; 外部連携,キャッシュ・非同期処理,◎,中期キャッシュ(30分-1時間),データ更新時,1,0,[外部]head_office_connected_service_labor_costs_logs.labor_costs,head_office_connected_service_labor_costs_logs.labor_costs; head_office_connected_service_labor_costs_logs.labor_costs,"予実対比, 日次レポート"
136,ラクミーウェブ（会社）,分析画面,店舗別人件費,ランチ売上（税抜）,L0,C,店舗月次,L1,-,POS（売上・客数）,外部連携単独,POSデータから単独取得,SUM(時間フィルタ),SUM(TITEM.sales_excluded) WHERE order_time BETWEEN 11:00 AND 15:00,-,head_office_item_sales_logs.sales_excluded,TITEM.sales_excluded,POS売上（商品別）,[外部]TITEM.sales_excluded,年間予実対比.客単価（ランチ）,TITEM.sales_excluded → head_office_item_sales_logs.sales_excluded → 時間帯別売上分析.ランチ売上(税抜),店舗別の人件費・売上分析,スキーマ検証済,-,15:00は含むか含まないか不明,時間境界の仕様を確認必要,分析画面,既存指標,実画面に表示されている指標（分析画面）。,中,低,中,高,店舗集計; 外部連携,キャッシュ・非同期処理,◎,中期キャッシュ(30分-1時間),データ更新時,1,1,[外部]TITEM.sales_excluded,TITEM.sales_excluded; head_office_item_sales_logs.sales_excluded,年間予実対比.客単価（ランチ）
137,ラクミーウェブ（会社）,分析画面,店舗別人件費,ディナー売上（税抜）,L0,C,店舗月次,L1,-,POS（売上・客数）,外部連携単独,POSデータから単独取得,SUM(時間フィルタ),SUM(TITEM.sales_excluded) WHERE order_time BETWEEN 17:00 AND 23:00,-,head_office_item_sales_logs.sales_excluded,TITEM.sales_excluded,POS売上（商品別）,[外部]TITEM.sales_excluded,年間予実対比.客単価（ディナー）,TITEM.sales_excluded → head_office_item_sales_logs.sales_excluded → 時間帯別売上分析.ディナー売上(税抜),店舗別の人件費・売上分析,スキーマ検証済,-,15:01-16:59の売上はどこに計上されるか不明,アイドルタイム売上の扱いを確認必要,分析画面,既存指標,実画面に表示されている指標（分析画面）。,中,低,中,高,店舗集計; 外部連携,キャッシュ・非同期処理,◎,中期キャッシュ(30分-1時間),データ更新時,1,1,[外部]TITEM.sales_excluded,TITEM.sales_excluded; head_office_item_sales_logs.sales_excluded,年間予実対比.客単価（ディナー）
138,ラクミーウェブ（会社）,分析画面,店舗別人件費,客数,L0,A,店舗月次,L1,-,POS（売上・客数）,外部連携単独,POSデータから単独取得,SUM時間帯別,SUM(ZTOTAL.customers) GROUP BY hour,-,head_office_connected_service_sales_logs.customers,ZTOTAL.customers,POS売上（日別集計）,[外部]ZTOTAL.customers,"客数.当月客数, 年間予実対比.客単価（ディナー）, 年間予実対比.客単価（ランチ）, 時間帯別売上分析.客単価（税抜）, 曜日別売上分析.平均客数, 曜日別売上分析.平均客数（税抜）",ZTOTAL.customers → head_office_connected_service_sales_logs.customers → 時間帯別売上分析.客数,店舗別の人件費・売上分析,スキーマ検証済,-,-,-,分析画面,既存指標,実画面に表示されている指標（分析画面）。,中,低,中,高,店舗集計; 外部連携,キャッシュ・非同期処理,◎,中期キャッシュ(30分-1時間),データ更新時,1,6,[外部]ZTOTAL.customers,ZTOTAL.customers; head_office_connected_service_sales_logs.customers,"客数.当月客数, 年間予実対比.客単価（ディナー）, 年間予実対比.客単価（ランチ）, 時間帯別売上分析.客単価（税抜）, 曜日別売上分析.平均客数, 曜日別売上分析.平均客数（税抜）"
139,ラクミーウェブ（会社）,分析画面,店舗別人件費,客単価（税抜）,L0,A,店舗月次,L1,画面間,計算項目,外部連携×外部連携,POS売上とPOS客数/商品等の組合せ,売上÷客数,当月実績.売上（税抜） ÷ 時間帯別売上分析.客数,-,"head_office_connected_service_sales_logs.sales_excluded, head_office_connected_service_sales_logs.customers","ZTOTAL.sales_excluded, ZTOTAL.customers",POS売上（日別集計）,"当月実績.売上（税抜）, 時間帯別売上分析.客数",-,ZTOTAL.sales_excluded / ZTOTAL.customers → head_office_connected_service_sales_logs.sales_excluded / head_office_connected_service_sales_logs.customers → 時間帯別売上分析.客単価(税抜),店舗別の人件費・売上分析,スキーマ検証済,-,-,-,分析画面,既存指標,実画面に表示されている指標（分析画面）。,中,中,中,最高,画面間参照; 外部連携; 複数ソース,スナップショット化・事前計算,◎,長期キャッシュ(1時間以上),日次バッチ,2,0,"当月実績.売上（税抜）, 時間帯別売上分析.客数","ZTOTAL.sales_excluded, ZTOTAL.customers; head_office_connected_service_sales_logs.sales_excluded, head_office_connected_service_sales_logs.customers",-
120,ラクミーウェブ（会社）,分析画面,支払方法別分析,支払方法,L1,D,店舗月次,L1,-,POS（売上・客数）,外部連携単独,POSデータから単独取得,マスタ参照,TTEND.head_office_payment_method_id,-,t_tends.head_office_payment_method_id,TTEND.head_office_payment_method_id,POS売上（支払方法別）,[外部]TTEND.head_office_payment_method_id,-,TTEND.head_office_payment_method_id → t_tends.head_office_payment_method_id → 支払種別売上分析.支払方法,支払方法別の売上分析,外部連携検証済,TTEND.head_office_payment_method_id → head_office_payment_method_sales_logs.head_office_payment_method_id,-,-,分析画面,既存指標,実画面に表示されている指標（分析画面）。,低,低,低,高,店舗集計; 外部連携,キャッシュ・非同期処理,◎,中期キャッシュ(30分-1時間),データ更新時,1,0,[外部]TTEND.head_office_payment_method_id,TTEND.head_office_payment_method_id; t_tends.head_office_payment_method_id,-
123,ラクミーウェブ（会社）,分析画面,支払方法別分析,クレジットカード合計売上,L0,C,店舗月次,L1,-,POS（売上・客数）,外部連携単独,POSデータから単独取得,SUM(支払種別フィルタ),SUM(TTEND.sales) WHERE payment_method = 'クレジットカード',-,head_office_payment_method_sales_logs.sales,TTEND.sales,POS売上（支払方法別）,[外部]TTEND.sales,-,TTEND.sales → head_office_payment_method_sales_logs.sales → 支払種別売上分析.クレジットカード合計売上,支払方法別の売上分析,スキーマ検証済,-,支払種別のIDまたは名称での絞り込み方法が不明,支払種別マスタを確認必要,分析画面,既存指標,実画面に表示されている指標（分析画面）。,低,低,低,高,店舗集計; 外部連携,キャッシュ・非同期処理,◎,中期キャッシュ(30分-1時間),データ更新時,1,0,[外部]TTEND.sales,TTEND.sales; head_office_payment_method_sales_logs.sales,-
124,ラクミーウェブ（会社）,分析画面,支払方法別分析,QR決済合計売上,L0,C,店舗月次,L1,-,POS（売上・客数）,外部連携単独,POSデータから単独取得,SUM(支払種別フィルタ),SUM(TTEND.sales) WHERE payment_method = 'QR決済',-,head_office_payment_method_sales_logs.sales,TTEND.sales,POS売上（支払方法別）,[外部]TTEND.sales,-,TTEND.sales → head_office_payment_method_sales_logs.sales → 支払種別売上分析.QR決済合計売上,支払方法別の売上分析,スキーマ検証済,-,-,-,分析画面,既存指標,実画面に表示されている指標（分析画面）。,低,低,低,高,店舗集計; 外部連携,キャッシュ・非同期処理,◎,中期キャッシュ(30分-1時間),データ更新時,1,0,[外部]TTEND.sales,TTEND.sales; head_office_payment_method_sales_logs.sales,-
125,ラクミーウェブ（会社）,分析画面,支払方法別分析,MUGENファミリーカード合計売上,L0,C,店舗月次,L1,-,POS（売上・客数）,外部連携単独,POSデータから単独取得,SUM(支払種別フィルタ),SUM(TTEND.sales) WHERE payment_method = 'MUGENファミリーカード',-,head_office_payment_method_sales_logs.sales,TTEND.sales,POS売上（支払方法別）,[外部]TTEND.sales,-,TTEND.sales → head_office_payment_method_sales_logs.sales → 支払種別売上分析.MUGENファミリーカード合計売上,支払方法別の売上分析,スキーマ検証済,-,-,-,分析画面,既存指標,実画面に表示されている指標（分析画面）。,低,低,低,高,店舗集計; 外部連携,キャッシュ・非同期処理,◎,中期キャッシュ(30分-1時間),データ更新時,1,0,[外部]TTEND.sales,TTEND.sales; head_office_payment_method_sales_logs.sales,-
126,ラクミーウェブ（会社）,分析画面,支払方法別分析,売掛合計売上,L0,C,店舗月次,L1,-,POS（売上・客数）,外部連携単独,POSデータから単独取得,SUM(支払種別フィルタ),SUM(TTEND.sales) WHERE payment_method = '売掛',-,head_office_payment_method_sales_logs.sales,TTEND.sales,POS売上（支払方法別）,[外部]TTEND.sales,-,TTEND.sales → head_office_payment_method_sales_logs.sales → 支払種別売上分析.売掛合計売上,支払方法別の売上分析,スキーマ検証済,-,-,-,分析画面,既存指標,実画面に表示されている指標（分析画面）。,低,低,低,高,店舗集計; 外部連携,キャッシュ・非同期処理,◎,中期キャッシュ(30分-1時間),データ更新時,1,0,[外部]TTEND.sales,TTEND.sales; head_office_payment_method_sales_logs.sales,-
127,ラクミーウェブ（会社）,分析画面,支払方法別分析,交通系IC合計売上,L0,C,店舗月次,L1,-,POS（売上・客数）,外部連携単独,POSデータから単独取得,SUM(支払種別フィルタ),SUM(TTEND.sales) WHERE payment_method = '交通系IC',-,head_office_payment_method_sales_logs.sales,TTEND.sales,POS売上（支払方法別）,[外部]TTEND.sales,-,TTEND.sales → head_office_payment_method_sales_logs.sales → 支払種別売上分析.交通系IC合計売上,支払方法別の売上分析,スキーマ検証済,-,-,-,分析画面,既存指標,実画面に表示されている指標（分析画面）。,低,低,低,高,店舗集計; 外部連携,キャッシュ・非同期処理,◎,中期キャッシュ(30分-1時間),データ更新時,1,0,[外部]TTEND.sales,TTEND.sales; head_office_payment_method_sales_logs.sales,-
140,ラクミーウェブ（会社）,分析画面,曜日別分析,曜日,L0,C,店舗月次,L1,-,POS（売上・客数）,外部連携単独,POSデータから単独取得,曜日抽出,DAYOFWEEK(ZTOTAL.date),-,z_totals.date,ZTOTAL.date,POS売上（日別集計）,[外部]ZTOTAL.date,-,ZTOTAL.date → z_totals.date → 曜日別売上分析.曜日,曜日別の売上・客数分析,外部連携検証済,ZTOTAL.date → head_office_connected_service_sales_logs.date,曜日の開始(日曜 or 月曜)が不明,曜日番号の定義を確認必要,分析画面,既存指標,実画面に表示されている指標（分析画面）。,低,低,低,高,店舗集計; 外部連携,キャッシュ・非同期処理,◎,中期キャッシュ(30分-1時間),データ更新時,1,0,[外部]ZTOTAL.date,ZTOTAL.date; z_totals.date,-
141,ラクミーウェブ（会社）,分析画面,曜日別分析,平均売上（税抜）,L0,C,店舗月次,L1,画面間,計算項目,演算×外部連携,演算結果とPOS売上の組合せ,AVG曜日別,AVG(日次推移.売上（税抜）) GROUP BY dayofweek,日次推移.売上(税抜),-,-,-,"日次推移.売上（税抜）, 日次推移.売上（税抜）",-,日次推移.売上(税抜) → 曜日別売上分析.平均売上(税抜),曜日別の売上・客数分析,演算検証済,インプット元: 日次推移.売上(税抜),-,-,分析画面,既存指標,実画面に表示されている指標（分析画面）。,中,中,中,最高,画面間参照; 外部連携; 複数ソース,スナップショット化・事前計算,◎,長期キャッシュ(1時間以上),日次バッチ,2,0,"日次推移.売上（税抜）, 日次推移.売上（税抜）",-; -,-
142,ラクミーウェブ（会社）,分析画面,曜日別分析,平均客数,L0,A,店舗月次,L1,画面間,計算項目,演算×外部連携,演算結果とPOS売上の組合せ,AVG曜日別,AVG(時間帯別売上分析.客数) GROUP BY dayofweek,-,head_office_connected_service_sales_logs.customers,ZTOTAL.customers,POS売上（日別集計）,時間帯別売上分析.客数,"時間帯別売上分析.客数, 客数.当月客数",ZTOTAL.customers → head_office_connected_service_sales_logs.customers → 曜日別売上分析.平均客数,曜日別の売上・客数分析,スキーマ検証済,-,-,-,分析画面,既存指標,実画面に表示されている指標（分析画面）。,中,中,中,最高,画面間参照; 外部連携; 複数ソース,スナップショット化・事前計算,◎,長期キャッシュ(1時間以上),日次バッチ,1,2,時間帯別売上分析.客数,ZTOTAL.customers; head_office_connected_service_sales_logs.customers,"時間帯別売上分析.客数, 客数.当月客数"
143,ラクミーウェブ（会社）,分析画面,曜日別分析,平均客数（税抜）,L0,A,店舗月次,L1,画面間,計算項目,演算×外部連携,演算結果とPOS売上の組合せ,AVG曜日別,AVG(時間帯別売上分析.客数) GROUP BY dayofweek,-,head_office_connected_service_sales_logs.customers,ZTOTAL.customers,POS売上（日別集計）,時間帯別売上分析.客数,-,ZTOTAL.customers → head_office_connected_service_sales_logs.customers → 曜日別売上分析.平均客数(税抜),曜日別の売上・客数分析,スキーマ検証済,-,1210版CSVの「平均客数（税抜）」に対応（客数に税抜の概念はないが1210版CSVの表記に合わせる）,-,分析画面,既存指標,実画面に表示されている指標（分析画面）。,低,中,中,最高,画面間参照; 外部連携; 複数ソース,スナップショット化・事前計算,◎,長期キャッシュ(1時間以上),日次バッチ,1,0,時間帯別売上分析.客数,ZTOTAL.customers; head_office_connected_service_sales_logs.customers,-
144,ラクミーウェブ（会社）,分析画面,月次レポート,原価（金額）,L0,C,全店舗,L2-C,画面内,計算項目,複数種類混在,棚卸入力とインフォマート仕入の組合せ,前月在庫+仕入-当月在庫,月次レポート.対象前月在庫(金額) + 月次レポート.仕入総額 - 月次レポート.対象月在庫(金額),-,"shop_inventories.amount（棚卸入力）, infomart_transactions.total_tax_excluded",tax_excluded_total.amount,インフォマート（仕入）,月次レポート.仕入総額,月次レポート.原価率,tax_excluded_total.amount → shop_inventories.amount（棚卸入力） / infomart_transactions.total_tax_excluded → 月次レポート.原価金額,月次の経営レポート,要確認,テーブル'shop_inventories'が存在しない; テーブル'infomart_orders'が存在しない,棚卸データのテーブル構造が不明,棚卸マスタのスキーマを確認必要,実績算出・分析画面,実績算出・分析,予実対比画面で算出・表示。実績算出と分析表示の両方の役割。,中,高,高,中,複合演算,インデックス最適化,○,中期キャッシュ(5-30分),画面表示時,1,1,月次レポート.仕入総額,"tax_excluded_total.amount; shop_inventories.amount（棚卸入力）, infomart_transactions.total_tax_excluded",月次レポート.原価率
145,ラクミーウェブ（会社）,分析画面,月次レポート,原価率,L0,A,店舗月次,L1,画面間,計算項目,演算×外部連携,演算結果とPOS売上の組合せ,原価÷売上×100,月次レポート.原価金額 ÷ 当月実績.売上（税抜） × 100,月次レポート.原価金額,z_totals.sales_excluded,-,-,当月実績.売上（税抜）,-,z_totals.sales_excluded → 月次レポート.原価金額 → 月次レポート.原価率,月次の経営レポート,演算検証済,インプット元: 月次レポート.原価金額,-,-,実績算出・分析画面,実績算出・分析,実績値の算出と予実対比の分析表示。定義元かつ分析表示。,低,中,中,最高,画面間参照; 外部連携; 複数ソース,スナップショット化・事前計算,○,長期キャッシュ(1時間以上),日次バッチ,1,0,当月実績.売上（税抜）,-; z_totals.sales_excluded,-
146,ラクミーウェブ（会社）,分析画面,月次レポート,対象前月在庫（金額）,L0,C,全店舗,L2-C,-,計算項目,棚卸入力参照,棚卸入力で登録した在庫データを参照,マスタ参照,shop_inventories.amount WHERE year_month = target_month - 1,-,shop_inventories.amount（棚卸入力）,-,-,-,月次レポート.原価（金額）,shop_inventories.amount（棚卸入力） → 月次レポート.対象前月在庫(金額),月次の経営レポート,AI推測,棚卸マスタから前月末在庫を取得と推測,shop_inventoriesテーブルの存在が未確認,テーブル構造を確認必要,実績算出・分析画面,実績算出・分析,予実対比画面で算出・表示。実績算出と分析表示の両方の役割。,中,中,中,低,-,監視継続,○,短期キャッシュ(1-5分),画面表示時,0,1,-,-; shop_inventories.amount（棚卸入力）,月次レポート.原価（金額）
147,ラクミーウェブ（会社）,分析画面,月次レポート,仕入総額,L0,C,店舗月次,L1,-,インフォマート（仕入）,外部連携単独,インフォマート仕入データから単独取得,SUM,SUM(tax_excluded_total.amount),-,infomart_transactions.total_tax_excluded,tax_excluded_total.amount,インフォマート（仕入）,[外部]tax_excluded_total.amount,月次レポート.原価（金額）,tax_excluded_total.amount → infomart_transactions.total_tax_excluded → 月次レポート.仕入総額,月次の経営レポート,外部連携検証済,データソース: インフォマート（仕入）,-,-,実績算出・分析画面,実績算出,外部連携データから実績値を算出（定義元）。ダッシュボード等へ参照される。,中,低,中,高,店舗集計; 外部連携,キャッシュ・非同期処理,○,中期キャッシュ(30分-1時間),データ更新時,1,1,[外部]tax_excluded_total.amount,tax_excluded_total.amount; infomart_transactions.total_tax_excluded,月次レポート.原価（金額）
148,ラクミーウェブ（会社）,分析画面,月次レポート,対象月在庫（金額）,L0,C,全店舗,L2-C,-,計算項目,棚卸入力参照,棚卸入力で登録した在庫データを参照,マスタ参照,shop_inventories.amount WHERE year_month = target_month,-,shop_inventories.amount（棚卸入力）,-,-,-,月次レポート.原価（金額）,shop_inventories.amount（棚卸入力） → 月次レポート.対象月在庫(金額),月次の経営レポート,AI推測,棚卸マスタから当月末在庫を取得と推測,-,-,実績算出・分析画面,実績算出・分析,予実対比画面で算出・表示。実績算出と分析表示の両方の役割。,中,中,中,低,-,監視継続,○,短期キャッシュ(1-5分),画面表示時,0,1,-,-; shop_inventories.amount（棚卸入力）,月次レポート.原価（金額）
149,ラクミーウェブ（会社）,分析画面,月次レポート,店舗名,L0,D,単一レコード,L0,-,店舗マスタ（設定）,マスタ参照表示,マスタから取得して表示,マスタ参照,shops.name,-,shops.name,-,-,[マスタ]shops.name,-,shops.name → 月次レポート.店舗名,月次の経営レポート,スキーマ検証済,-,-,-,実績算出・分析画面,実績算出・分析,予実対比画面で算出・表示。実績算出と分析表示の両方の役割。,低,中,中,低,-,監視継続,○,短期キャッシュ(1-5分),ユーザー操作時,1,0,[マスタ]shops.name,-; shops.name,-
150,ラクミーウェブ（会社）,分析画面,月次レポート,売上合計（税抜）,L0,A,店舗月次,L1,-,POS（売上・客数）,外部連携単独,POSデータから単独取得,SUM月間,SUM(ZTOTAL.sales_excluded) GROUP BY year_month,-,head_office_connected_service_sales_logs.sales_excluded,ZTOTAL.sales_excluded,POS売上（日別集計）,[外部]ZTOTAL.sales_excluded,-,ZTOTAL.sales_excluded → head_office_connected_service_sales_logs.sales_excluded → 月次レポート.売上合計(税抜),月次の経営レポート,スキーマ検証済,-,-,-,実績算出・分析画面,実績算出,外部連携データから実績値を算出（定義元）。ダッシュボード等へ参照される。,低,低,低,高,店舗集計; 外部連携,キャッシュ・非同期処理,○,中期キャッシュ(30分-1時間),データ更新時,1,0,[外部]ZTOTAL.sales_excluded,ZTOTAL.sales_excluded; head_office_connected_service_sales_logs.sales_excluded,-
151,ラクミーウェブ（会社）,分析画面,費目別仕入分析,費目,L2,D,単一レコード,L0,-,店舗マスタ（設定）,マスタ参照表示,マスタから取得して表示,費目マスタ,monthly_cost_items.name,-,monthly_cost_items.name,-,-,[マスタ]monthly_cost_items.name,-,monthly_cost_items.name → 費目別仕入分析.費目,費目別の仕入分析,スキーマ検証済,-,-,-,分析画面,既存指標,実画面に表示されている指標（分析画面）。,低,中,中,低,-,監視継続,×,短期キャッシュ(1-5分),ユーザー操作時,1,0,[マスタ]monthly_cost_items.name,-; monthly_cost_items.name,-
152,ラクミーウェブ（会社）,分析画面,費目別仕入分析,金額（税抜）,L3,C,店舗月次,L1,-,計算項目,費用設定参照,費用設定で設定した経費項目を参照,SUM費目別,SUM(monthly_costs.value) GROUP BY cost_item_id,-,monthly_costs.value,-,ユーザー入力（費用設定）,-,費目別仕入分析.比率,monthly_costs.value → 費目別仕入分析.金額税抜,費目別の仕入分析,スキーマ検証済,-,-,-,分析画面,既存指標,実画面に表示されている指標（分析画面）。,中,中,中,低,-,監視継続,×,短期キャッシュ(1-5分),画面表示時,0,1,-,-; monthly_costs.value,費目別仕入分析.比率
153,ラクミーウェブ（会社）,分析画面,費目別仕入分析,比率,L4,C,全店舗,L2-C,画面内,計算項目,設定参照×設定参照,複数の費用設定の組合せ,費目÷総仕入×100,費目別仕入分析.金額税抜 ÷ SUM(費目別仕入分析.金額税抜) × 100,-,monthly_costs.value,-,ユーザー入力（費用設定）,-,"仕入別分析.比率, 商品別仕入分析.比率",monthly_costs.value → 費目別仕入分析.比率,費目別の仕入分析,スキーマ検証済,-,-,-,分析画面,既存指標,実画面に表示されている指標（分析画面）。,中,高,高,中,複数ソース,インデックス最適化,×,中期キャッシュ(5-30分),画面表示時,0,2,-,-; monthly_costs.value,"仕入別分析.比率, 商品別仕入分析.比率"
154,ラクミーウェブ（会社）,分析画面,進捗分析,利益進捗率,L0,B,全店舗,L2-C,画面間,計算項目,複数種類混在,演算結果と予算設定の組合せ,営業利益累計÷目標利益×100,SUM(当月実績.営業利益) ÷ 予算設定.予算金額 × 100,当月実績.営業利益,"monthly_budgets.value（予算設定画面）, monthly_budgets.profit",-,ユーザー入力（予算設定）,当月実績.営業利益,-,monthly_budgets.value（予算設定画面） / monthly_budgets.profit → 当月実績.営業利益 → 進捗分析.利益進捗率,売上・利益の進捗分析,演算検証済,インプット元: 当月実績.営業利益,目標利益が月次か年次か不明,目標期間の定義を確認必要,実績算出・分析画面,実績算出・分析,実績値の算出と予実対比の分析表示。定義元かつ分析表示。,中,高,高,高,画面間参照; 複合演算,キャッシュ・非同期処理,◎,中期キャッシュ(30分-1時間),データ更新時,1,0,当月実績.営業利益,"-; monthly_budgets.value（予算設定画面）, monthly_budgets.profit",-
155,ラクミーウェブ（会社）,分析画面,進捗分析,売上進捗率,L0,A,全店舗,L2-C,画面間,計算項目,複数種類混在,POS売上と予算設定の組合せ,売上累計÷目標×100,SUM(店舗別サマリー.売上（税抜）) ÷ 店舗別サマリー.売上目標 × 100,-,"head_office_connected_service_sales_logs.sales_excluded, monthly_budgets.profit",ZTOTAL.sales_excluded,"POS売上（日別集計）, ユーザー入力（予算設定）","店舗別サマリー.売上（税抜）, 店舗別サマリー.売上目標",店舗別サマリー,ZTOTAL.sales_excluded → head_office_connected_service_sales_logs.sales_excluded / monthly_budgets.profit → 進捗分析.売上進捗率,売上・利益の進捗分析,スキーマ検証済,-,-,-,実績算出・分析画面,実績算出,実績値を算出（定義元）。予実差額や各種比率の算出に使用。,中,高,高,高,画面間参照; 複合演算,キャッシュ・非同期処理,◎,中期キャッシュ(30分-1時間),データ更新時,2,0,"店舗別サマリー.売上（税抜）, 店舗別サマリー.売上目標","ZTOTAL.sales_excluded; head_office_connected_service_sales_logs.sales_excluded, monthly_budgets.profit",店舗別サマリー
156,ラクミーウェブ（会社）,分析画面,進捗分析,達成率,L0,B,全店舗,L2-C,画面間,計算項目,複数種類混在,POS売上と予算設定の組合せ,実績÷目標×100,当月実績.売上（税抜） ÷ 予算設定.予算金額 × 100,-,"head_office_connected_service_sales_logs.sales_excluded, monthly_budgets.profit",ZTOTAL.sales_excluded,"POS売上（日別集計）, ユーザー入力（予算設定）",当月実績.売上（税抜）,-,ZTOTAL.sales_excluded → head_office_connected_service_sales_logs.sales_excluded / monthly_budgets.profit → 進捗分析.達成率,売上・利益の進捗分析,スキーマ検証済,-,-,-,実績算出・分析画面,実績算出・分析,実績値の算出と予実対比の分析表示。定義元かつ分析表示。,中,高,高,高,画面間参照; 複合演算,キャッシュ・非同期処理,◎,中期キャッシュ(30分-1時間),データ更新時,1,0,当月実績.売上（税抜）,"ZTOTAL.sales_excluded; head_office_connected_service_sales_logs.sales_excluded, monthly_budgets.profit",-
157,ラクミーウェブ（会社）,分析画面,進捗分析,進捗率比較（前月）,L0,B,全店舗,L2-C,画面間,計算項目,複数種類混在,POS売上と予算設定の組合せ,前月比計算,当月実績.売上（税抜） ÷ 予算設定.予算金額 × 100 (前月データ),-,"head_office_connected_service_sales_logs.sales_excluded, monthly_budgets.profit",ZTOTAL.sales_excluded,"POS売上（日別集計）, ユーザー入力（予算設定）",当月実績.売上（税抜）,-,ZTOTAL.sales_excluded → head_office_connected_service_sales_logs.sales_excluded / monthly_budgets.profit → 進捗分析.進捗率比較(前月),売上・利益の進捗分析,スキーマ検証済,-,前月データの取得方法(オフセット or 日付指定)が不明,前月データ参照ロジックを確認必要,実績算出・分析画面,実績算出・分析,実績値の算出と予実対比の分析表示。定義元かつ分析表示。,中,高,高,高,画面間参照; 複合演算,キャッシュ・非同期処理,◎,中期キャッシュ(30分-1時間),データ更新時,1,0,当月実績.売上（税抜）,"ZTOTAL.sales_excluded; head_office_connected_service_sales_logs.sales_excluded, monthly_budgets.profit",-
158,ラクミーウェブ（会社）,分析画面,進捗分析,進捗率比較（前々月）,L0,B,全店舗,L2-C,画面間,計算項目,複数種類混在,POS売上と予算設定の組合せ,前々月比計算,当月実績.売上（税抜） ÷ 予算設定.予算金額 × 100 (前々月データ),-,"head_office_connected_service_sales_logs.sales_excluded, monthly_budgets.profit",ZTOTAL.sales_excluded,"POS売上（日別集計）, ユーザー入力（予算設定）",当月実績.売上（税抜）,-,ZTOTAL.sales_excluded → head_office_connected_service_sales_logs.sales_excluded / monthly_budgets.profit → 進捗分析.進捗率比較(前々月),売上・利益の進捗分析,スキーマ検証済,-,前々月データの取得方法が不明,前々月データ参照ロジックを確認必要,実績算出・分析画面,実績算出・分析,実績値の算出と予実対比の分析表示。定義元かつ分析表示。,中,高,高,高,画面間参照; 複合演算,キャッシュ・非同期処理,◎,中期キャッシュ(30分-1時間),データ更新時,1,0,当月実績.売上（税抜）,"ZTOTAL.sales_excluded; head_office_connected_service_sales_logs.sales_excluded, monthly_budgets.profit",-
159,ラクミーウェブ（会社）,一覧表示画面,ラベル一覧,店舗ID,L2,D,単一レコード,L0,-,店舗マスタ（設定）,マスタ参照表示,マスタから取得して表示,マスタ参照,shops.id,-,shops.id,-,マスタ参照,-,-,shops.id → ラベル一覧.店舗ID,ラベルデータの一覧表示,設定/入力検証済,データソース: 店舗マスタ（設定）,-,-,一覧表示画面,一覧表示,ラベルデータの一覧表示,低,中,中,低,-,監視継続,×,短期キャッシュ(1-5分),ユーザー操作時,0,0,-,-; shops.id,-
160,ラクミーウェブ（会社）,一覧表示画面,ラベル一覧,店舗名,L2,D,単一レコード,L0,-,店舗マスタ（設定）,マスタ参照表示,マスタから取得して表示,マスタ参照,shops.name,-,shops.name,-,マスタ参照,-,-,shops.name → ラベル一覧.店舗名,ラベルデータの一覧表示,設定/入力検証済,データソース: 店舗マスタ（設定）,-,-,一覧表示画面,一覧表示,ラベルデータの一覧表示,低,中,中,低,-,監視継続,×,短期キャッシュ(1-5分),ユーザー操作時,0,0,-,-; shops.name,-
161,ラクミーウェブ（会社）,一覧表示画面,ラベル一覧,ラベル名,L2,D,単一レコード,L0,-,ラベルマスタ（設定）,マスタ参照表示,マスタから取得して表示,マスタ参照,shop_labels.label_name,-,shop_labels.label_name,-,マスタ参照,-,-,shop_labels.label_name → ラベル一覧.ラベル名,ラベルデータの一覧表示,設定/入力検証済,データソース: ラベルマスタ（設定）,-,-,一覧表示画面,一覧表示,ラベルデータの一覧表示,低,中,中,低,-,監視継続,×,短期キャッシュ(1-5分),ユーザー操作時,0,0,-,-; shop_labels.label_name,-
162,ラクミーウェブ（会社）,一覧表示画面,商品仕入単価,アイテム,L1,D,全店舗,L2-C,-,インフォマート（仕入）,外部データ参照,POS/インフォマート等の外部データを参照表示,参照表示,detail_list.item_name,-,infomart_order_details.item_name,detail_list.item_name,-,[外部]detail_list.item_name,平均単価推移.仕入商品ラベル,detail_list.item_name → infomart_order_details.item_name → 商品仕入単価.アイテム,商品仕入単価の一覧,外部連携検証済,detail_list.item_name → infomart_transactions.item_name,-,-,分析画面,既存指標,実画面に表示されている指標（分析画面）。,中,低,中,低,-,監視継続,×,短期キャッシュ(1-5分),画面表示時,1,1,[外部]detail_list.item_name,detail_list.item_name; infomart_order_details.item_name,平均単価推移.仕入商品ラベル
163,ラクミーウェブ（会社）,一覧表示画面,商品仕入単価,金額（税抜）,L0,C,全店舗,L2-C,-,インフォマート（仕入）,外部データ参照,POS/インフォマート等の外部データを参照表示,参照表示,SUM(detail_list.price) GROUP BY item_name,-,infomart_order_details.price,detail_list.price,-,[外部]detail_list.price,商品仕入単価.単価,detail_list.price → infomart_order_details.price → 商品仕入単価.金額税抜,商品仕入単価の一覧,外部連携検証済,detail_list.price → infomart_transactions.price,-,-,分析画面,既存指標,実画面に表示されている指標（分析画面）。,中,低,中,低,-,監視継続,×,短期キャッシュ(1-5分),画面表示時,1,1,[外部]detail_list.price,detail_list.price; infomart_order_details.price,商品仕入単価.単価
164,ラクミーウェブ（会社）,一覧表示画面,商品仕入単価,数量,L0,C,全店舗,L2-C,-,インフォマート（仕入）,外部データ参照,POS/インフォマート等の外部データを参照表示,参照表示,SUM(detail_list.num) GROUP BY item_name,-,infomart_order_details.num,detail_list.num,-,[外部]detail_list.num,"商品仕入単価.単価, 平均単価推移.数量",detail_list.num → infomart_order_details.num → 商品仕入単価.数量,商品仕入単価の一覧,外部連携検証済,detail_list.num → infomart_transactions.num,-,-,分析画面,既存指標,実画面に表示されている指標（分析画面）。,中,低,中,低,-,監視継続,×,短期キャッシュ(1-5分),画面表示時,1,2,[外部]detail_list.num,detail_list.num; infomart_order_details.num,"商品仕入単価.単価, 平均単価推移.数量"
165,ラクミーウェブ（会社）,一覧表示画面,商品仕入単価,単価,L0,C,全店舗,L2-C,画面内,計算項目,実績参照,分析画面で算出された値を参照表示,参照表示,商品仕入単価.金額税抜 ÷ 商品仕入単価.数量,-,"infomart_order_details.price, infomart_order_details.num","detail_list.price, detail_list.num",-,商品仕入単価.数量,平均単価推移.平均単価,detail_list.price / detail_list.num → infomart_order_details.price / infomart_order_details.num → 商品仕入単価.単価,商品仕入単価の一覧,外部連携検証済,detail_list.price → infomart_transactions.price,-,-,分析画面,既存指標,実画面に表示されている指標（分析画面）。,低,中,中,低,-,監視継続,×,短期キャッシュ(1-5分),画面表示時,1,1,商品仕入単価.数量,"detail_list.price, detail_list.num; infomart_order_details.price, infomart_order_details.num",平均単価推移.平均単価
166,ラクミーウェブ（会社）,一覧表示画面,棚卸詳細,実施日,L2,D,単一レコード,L0,-,費用・棚卸（入力）,ユーザー入力単独,棚卸画面での直接入力,日付,inventories.date,-,inventories.date,-,ユーザー入力（棚卸）,-,-,inventories.date → 棚卸詳細.実施日,棚卸データの詳細表示,設定/入力検証済,データソース: 費用・棚卸（入力）,-,-,一覧表示画面,一覧表示,棚卸データの一覧表示,低,中,中,低,-,監視継続,×,短期キャッシュ(1-5分),ユーザー操作時,0,0,-,-; inventories.date,-
167,ラクミーウェブ（会社）,一覧表示画面,棚卸詳細,仕入れ先,L3,D,全店舗,L2-C,-,インフォマート（仕入）,外部データ参照,POS/インフォマート等の外部データを参照表示,参照表示,infomart_transactions.client_name,-,infomart_transactions.client_name,-,インフォマート（仕入）,-,-,infomart_transactions.client_name → 棚卸詳細.仕入れ先,棚卸データの詳細表示,外部連携検証済,データソース: インフォマート（仕入）,-,-,一覧表示画面,一覧表示,棚卸データの一覧表示,低,中,中,低,-,監視継続,×,短期キャッシュ(1-5分),画面表示時,0,0,-,-; infomart_transactions.client_name,-
168,ラクミーウェブ（会社）,一覧表示画面,棚卸詳細,カテゴリ,L2,D,単一レコード,L0,-,ラベルマスタ（設定）,マスタ参照表示,マスタから取得して表示,マスタ参照,labels.name,-,labels.name,-,マスタ参照,-,-,labels.name → 棚卸詳細.カテゴリ,棚卸データの詳細表示,設定/入力検証済,データソース: ラベルマスタ（設定）,-,-,一覧表示画面,一覧表示,棚卸データの一覧表示,低,中,中,低,-,監視継続,×,短期キャッシュ(1-5分),ユーザー操作時,0,0,-,-; labels.name,-
169,ラクミーウェブ（会社）,一覧表示画面,棚卸詳細,ラベル,L2,D,単一レコード,L0,-,ラベルマスタ（設定）,マスタ参照表示,マスタから取得して表示,マスタ参照,labels.name,-,labels.name,-,マスタ参照,-,-,labels.name → 棚卸詳細.ラベル,棚卸データの詳細表示,設定/入力検証済,データソース: ラベルマスタ（設定）,-,-,一覧表示画面,一覧表示,棚卸データの一覧表示,低,中,中,低,-,監視継続,×,短期キャッシュ(1-5分),ユーザー操作時,0,0,-,-; labels.name,-
170,ラクミーウェブ（会社）,一覧表示画面,棚卸詳細,在庫数量,L2,C,単一レコード,L0,-,費用・棚卸（入力）,ユーザー入力単独,棚卸画面での直接入力,入力値,inventory_items.num,-,inventory_items.num,-,ユーザー入力（棚卸）,-,-,inventory_items.num → 棚卸詳細.在庫数量,棚卸データの詳細表示,設定/入力検証済,データソース: 費用・棚卸（入力）,-,-,一覧表示画面,一覧表示,棚卸データの一覧表示,低,中,中,低,-,監視継続,×,短期キャッシュ(1-5分),ユーザー操作時,0,0,-,-; inventory_items.num,-
171,ラクミーウェブ（会社）,一覧表示画面,棚卸詳細,商品単価,L2,C,単一レコード,L0,-,費用・棚卸（入力）,ユーザー入力単独,棚卸画面での直接入力,入力値,inventory_items.price,-,inventory_items.price,-,ユーザー入力（棚卸）,-,-,inventory_items.price → 棚卸詳細.商品単価,棚卸データの詳細表示,設定/入力検証済,データソース: 費用・棚卸（入力）,-,-,一覧表示画面,一覧表示,棚卸データの一覧表示,低,中,中,低,-,監視継続,×,短期キャッシュ(1-5分),ユーザー操作時,0,0,-,-; inventory_items.price,-
172,ラクミーウェブ（会社）,一覧表示画面,棚卸詳細,小計,L3,C,全店舗,L2-C,画面内,計算項目,実績参照,分析画面で算出された値を参照表示,参照表示,棚卸詳細.在庫数量 × 棚卸詳細.商品単価,-,"inventory_items.num, inventory_items.price",-,画面内演算,-,-,inventory_items.num × inventory_items.price → 棚卸詳細.小計,棚卸データの詳細表示,演算検証済,在庫数量×商品単価,-,-,一覧表示画面,一覧表示,棚卸データの一覧表示,低,中,中,低,-,監視継続,×,短期キャッシュ(1-5分),画面表示時,0,0,-,"-; inventory_items.num, inventory_items.price",-
173,ラクミーウェブ（会社）,一覧表示画面,納品書管理,納品書ID,L3,D,全店舗,L2-C,-,インフォマート（仕入）,外部データ参照,POS/インフォマート等の外部データを参照表示,参照表示,infomart_transactions.id,-,infomart_transactions.id,-,インフォマート（仕入）,-,-,infomart_transactions.id → 納品書管理.納品書ID,納品書データの管理,外部連携検証済,データソース: インフォマート（仕入）,-,-,一覧表示画面,一覧表示,納品書データの一覧表示,低,中,中,低,-,監視継続,×,短期キャッシュ(1-5分),画面表示時,0,0,-,-; infomart_transactions.id,-
174,ラクミーウェブ（会社）,一覧表示画面,納品書管理,受付日付,L3,D,全店舗,L2-C,-,インフォマート（仕入）,外部データ参照,POS/インフォマート等の外部データを参照表示,参照表示,infomart_transactions.received_at,-,infomart_transactions.received_at,-,インフォマート（仕入）,-,-,infomart_transactions.received_at → 納品書管理.受付日付,納品書データの管理,外部連携検証済,データソース: インフォマート（仕入）,-,-,一覧表示画面,一覧表示,納品書データの一覧表示,低,中,中,低,-,監視継続,×,短期キャッシュ(1-5分),画面表示時,0,0,-,-; infomart_transactions.received_at,-
175,ラクミーウェブ（会社）,一覧表示画面,納品書管理,納品日,L3,D,全店舗,L2-C,-,インフォマート（仕入）,外部データ参照,POS/インフォマート等の外部データを参照表示,参照表示,infomart_transactions.delivery_date,-,infomart_transactions.delivery_date,-,インフォマート（仕入）,-,-,infomart_transactions.delivery_date → 納品書管理.納品日,納品書データの管理,外部連携検証済,データソース: インフォマート（仕入）,-,-,一覧表示画面,一覧表示,納品書データの一覧表示,低,中,中,低,-,監視継続,×,短期キャッシュ(1-5分),画面表示時,0,0,-,-; infomart_transactions.delivery_date,-
176,ラクミーウェブ（会社）,一覧表示画面,納品書管理,店舗名,L2,D,単一レコード,L0,-,店舗マスタ（設定）,マスタ参照表示,マスタから取得して表示,マスタ参照,shops.name,-,shops.name,-,マスタ参照,-,-,shops.name → 納品書管理.店舗名,納品書データの管理,設定/入力検証済,データソース: 店舗マスタ（設定）,-,-,一覧表示画面,一覧表示,納品書データの一覧表示,低,中,中,低,-,監視継続,×,短期キャッシュ(1-5分),ユーザー操作時,0,0,-,-; shops.name,-
177,ラクミーウェブ（会社）,一覧表示画面,納品書管理,処理ステータス,L3,D,全店舗,L2-C,-,インフォマート（仕入）,外部データ参照,POS/インフォマート等の外部データを参照表示,参照表示,infomart_transactions.status,-,infomart_transactions.status,-,インフォマート（仕入）,-,-,infomart_transactions.status → 納品書管理.処理ステータス,納品書データの管理,外部連携検証済,データソース: インフォマート（仕入）,-,-,一覧表示画面,一覧表示,納品書データの一覧表示,低,中,中,低,-,監視継続,×,短期キャッシュ(1-5分),画面表示時,0,0,-,-; infomart_transactions.status,-
178,ラクミーウェブ（会社）,一覧表示画面,納品書管理,発注先,L3,D,全店舗,L2-C,-,インフォマート（仕入）,外部データ参照,POS/インフォマート等の外部データを参照表示,参照表示,infomart_transactions.client_name,-,infomart_transactions.client_name,-,インフォマート（仕入）,-,-,infomart_transactions.client_name → 納品書管理.発注先,納品書データの管理,外部連携検証済,データソース: インフォマート（仕入）,-,-,一覧表示画面,一覧表示,納品書データの一覧表示,低,中,中,低,-,監視継続,×,短期キャッシュ(1-5分),画面表示時,0,0,-,-; infomart_transactions.client_name,-
179,ラクミーウェブ（会社）,一覧表示画面,納品書詳細,納品書ID,L3,D,全店舗,L2-C,-,インフォマート（仕入）,外部データ参照,POS/インフォマート等の外部データを参照表示,参照表示,infomart_transactions.id,-,infomart_transactions.id,-,インフォマート（仕入）,-,-,infomart_transactions.id → 納品書詳細.納品書ID,納品書の詳細表示,外部連携検証済,データソース: インフォマート（仕入）,-,-,一覧表示画面,一覧表示,納品書詳細データの一覧表示,低,中,中,低,-,監視継続,×,短期キャッシュ(1-5分),画面表示時,0,0,-,-; infomart_transactions.id,-
180,ラクミーウェブ（会社）,一覧表示画面,納品書詳細,発注者,L3,D,全店舗,L2-C,-,インフォマート（仕入）,外部データ参照,POS/インフォマート等の外部データを参照表示,参照表示,infomart_transactions.orderer_name,-,infomart_transactions.orderer_name,-,インフォマート（仕入）,-,-,infomart_transactions.orderer_name → 納品書詳細.発注者,納品書の詳細表示,外部連携検証済,データソース: インフォマート（仕入）,-,-,一覧表示画面,一覧表示,納品書詳細データの一覧表示,低,中,中,低,-,監視継続,×,短期キャッシュ(1-5分),画面表示時,0,0,-,-; infomart_transactions.orderer_name,-
181,ラクミーウェブ（会社）,一覧表示画面,納品書詳細,受注者,L3,D,全店舗,L2-C,-,インフォマート（仕入）,外部データ参照,POS/インフォマート等の外部データを参照表示,参照表示,infomart_transactions.client_name,-,infomart_transactions.client_name,-,インフォマート（仕入）,-,-,infomart_transactions.client_name → 納品書詳細.受注者,納品書の詳細表示,外部連携検証済,データソース: インフォマート（仕入）,-,-,一覧表示画面,一覧表示,納品書詳細データの一覧表示,低,中,中,低,-,監視継続,×,短期キャッシュ(1-5分),画面表示時,0,0,-,-; infomart_transactions.client_name,-
182,ラクミーウェブ（会社）,一覧表示画面,納品書詳細,処理ステータス,L3,D,全店舗,L2-C,-,インフォマート（仕入）,外部データ参照,POS/インフォマート等の外部データを参照表示,参照表示,infomart_transactions.status,-,infomart_transactions.status,-,インフォマート（仕入）,-,-,infomart_transactions.status → 納品書詳細.処理ステータス,納品書の詳細表示,外部連携検証済,データソース: インフォマート（仕入）,-,-,一覧表示画面,一覧表示,納品書詳細データの一覧表示,低,中,中,低,-,監視継続,×,短期キャッシュ(1-5分),画面表示時,0,0,-,-; infomart_transactions.status,-
183,ラクミーウェブ（会社）,一覧表示画面,納品書詳細,納品日,L3,D,全店舗,L2-C,-,インフォマート（仕入）,外部データ参照,POS/インフォマート等の外部データを参照表示,参照表示,infomart_transactions.delivery_date,-,infomart_transactions.delivery_date,-,インフォマート（仕入）,-,-,infomart_transactions.delivery_date → 納品書詳細.納品日,納品書の詳細表示,外部連携検証済,データソース: インフォマート（仕入）,-,-,一覧表示画面,一覧表示,納品書詳細データの一覧表示,低,中,中,低,-,監視継続,×,短期キャッシュ(1-5分),画面表示時,0,0,-,-; infomart_transactions.delivery_date,-
184,ラクミーウェブ（会社）,ダッシュボード表示画面,主要KPI指標,坪月商,L0,B,全店舗,L3-C,画面間,計算項目,実績参照,分析画面で算出された値を参照表示,参照表示,当月実績.売上（税抜） ÷ 店舗マスタ.坪数,-,"head_office_connected_service_sales_logs.sales_excluded, shops.total_area_num",ZTOTAL.sales_excluded,POS売上（日別集計）,当月実績.売上（税抜）,-,ZTOTAL.sales_excluded → head_office_connected_service_sales_logs.sales_excluded / shops.total_area_num → 主要KPI指標.坪月商,主要KPIのダッシュボード表示,スキーマ検証済,-,坪数マスタの取得元テーブル未確認,店舗マスタに坪数カラムがあるか確認必要,ダッシュボード表示画面,ダッシュボード表示,"重要指標を先頭画面に表示（算出元: 店舗マスタ, 当月実績）。",中,高,高,中,画面間参照,インデックス最適化,×,中期キャッシュ(5-30分),画面表示時,1,0,当月実績.売上（税抜）,"ZTOTAL.sales_excluded; head_office_connected_service_sales_logs.sales_excluded, shops.total_area_num",-
185,ラクミーウェブ（会社）,ダッシュボード表示画面,主要KPI指標,営業利益率,L1,S,全店舗,L3-C,画面間,計算項目,実績参照,分析画面で算出された値を参照表示,参照表示,(当月実績.売上（税抜） - 予実対比.FD仕入 - 予実対比.人件費 - 予実対比.その他経費) ÷ 当月実績.売上（税抜） × 100,当月実績.営業利益,z_totals.sales_excluded,-,-,"当月実績.営業利益, 当月実績.売上（税抜）, 予実対比.FD仕入, 予実対比.人件費",-,z_totals.sales_excluded → 当月実績.営業利益 → 主要KPI指標.営業利益率,主要KPIのダッシュボード表示,演算検証済,インプット元: 当月実績.営業利益,-,-,ダッシュボード表示画面,ダッシュボード表示,"重要指標を先頭画面に表示（算出元: 予実対比, 当月実績）。",中,高,高,中,画面間参照,インデックス最適化,×,中期キャッシュ(5-30分),画面表示時,4,0,"当月実績.営業利益, 当月実績.売上（税抜）, 予実対比.FD仕入, 予実対比.人件費",-; z_totals.sales_excluded,-
186,ラクミーウェブ（会社）,ダッシュボード表示画面,主要KPI指標,家賃比率,L0,B,全店舗,L3-C,画面間,計算項目,実績参照,分析画面で算出された値を参照表示,参照表示,月次費用入力.金額(家賃) ÷ 当月実績.売上（税抜） × 100,-,"monthly_costs.value, head_office_connected_service_sales_logs.sales_excluded",ZTOTAL.sales_excluded,"POS売上（日別集計）, ユーザー入力（費用設定）",当月実績.売上（税抜）,-,ZTOTAL.sales_excluded → monthly_costs.value / head_office_connected_service_sales_logs.sales_excluded → 主要KPI指標.家賃比率,主要KPIのダッシュボード表示,スキーマ検証済,-,家賃の費目IDが固定かどうか未確認,費目マスタで家賃IDを確認必要,ダッシュボード表示画面,ダッシュボード表示,"重要指標を先頭画面に表示（算出元: 当月実績, 月次費用入力）。",中,高,高,中,画面間参照,インデックス最適化,×,中期キャッシュ(5-30分),画面表示時,1,0,当月実績.売上（税抜）,"ZTOTAL.sales_excluded; monthly_costs.value, head_office_connected_service_sales_logs.sales_excluded",-
187,ラクミーウェブ（会社）,ダッシュボード表示画面,主要KPI指標,ROI,L1,S,全店舗,L3-C,画面間,計算項目,実績参照,分析画面で算出された値を参照表示,参照表示,当月実績.営業利益 ÷ 予算設定.予算金額 × 100,当月実績.営業利益,"monthly_budgets.value（予算設定画面）, monthly_budgets.profit",-,ユーザー入力（予算設定）,当月実績.営業利益,-,monthly_budgets.value（予算設定画面） / monthly_budgets.profit → 当月実績.営業利益 → 主要KPI指標.ROI,主要KPIのダッシュボード表示,演算検証済,インプット元: 当月実績.営業利益,投資額=予算金額の解釈が正しいか未確認,ROIの定義(分母)を仕様書で確認必要,ダッシュボード表示画面,ダッシュボード表示,"重要指標を先頭画面に表示（算出元: 予算設定, 当月実績）。",中,高,高,中,画面間参照,インデックス最適化,×,中期キャッシュ(5-30分),画面表示時,1,0,当月実績.営業利益,"-; monthly_budgets.value（予算設定画面）, monthly_budgets.profit",-
247,ラクミーウェブ（会社）,ダッシュボード表示画面,年間予実対比（サマリー）,客単価（ランチ）,L0,A,全店舗年次,L3-S,画面間,計算項目,実績参照,分析画面で算出された値を参照表示,参照表示,時間帯別売上分析.ランチ売上（税抜） ÷ 時間帯別売上分析.客数,-,"head_office_item_sales_logs.sales_excluded, head_office_connected_service_sales_logs.customers","TITEM.sales_excluded, ZTOTAL.customers","POS売上（商品別）, POS売上（日別集計）","時間帯別売上分析.ランチ売上（税抜）, 時間帯別売上分析.客数",-,TITEM.sales_excluded / ZTOTAL.customers → head_office_item_sales_logs.sales_excluded / head_office_connected_service_sales_logs.customers → 年間予実対比（サマリー）.客単価（ランチ）,-,スキーマ検証済,-,ランチ時間帯の客数取得方法が不明,時間帯別客数の取得ロジックを確認必要,ダッシュボード表示画面,ダッシュボード表示,重要指標を先頭画面に表示（算出元: 時間帯別売上分析）。,中,中,中,中,画面間参照,インデックス最適化,×,中期キャッシュ(5-30分),画面表示時,2,0,"時間帯別売上分析.ランチ売上（税抜）, 時間帯別売上分析.客数","TITEM.sales_excluded, ZTOTAL.customers; head_office_item_sales_logs.sales_excluded, head_office_connected_service_sales_logs.customers",-
248,ラクミーウェブ（会社）,ダッシュボード表示画面,年間予実対比（サマリー）,客単価（ディナー）,L0,A,全店舗年次,L3-S,画面間,計算項目,実績参照,分析画面で算出された値を参照表示,参照表示,時間帯別売上分析.ディナー売上（税抜） ÷ 時間帯別売上分析.客数,-,"head_office_item_sales_logs.sales_excluded, head_office_connected_service_sales_logs.customers","TITEM.sales_excluded, ZTOTAL.customers","POS売上（商品別）, POS売上（日別集計）","時間帯別売上分析.ディナー売上（税抜）, 時間帯別売上分析.客数",-,TITEM.sales_excluded / ZTOTAL.customers → head_office_item_sales_logs.sales_excluded / head_office_connected_service_sales_logs.customers → 年間予実対比（サマリー）.客単価（ディナー）,-,スキーマ検証済,-,-,-,ダッシュボード表示画面,ダッシュボード表示,重要指標を先頭画面に表示（算出元: 時間帯別売上分析）。,中,中,中,中,画面間参照,インデックス最適化,×,中期キャッシュ(5-30分),画面表示時,2,0,"時間帯別売上分析.ディナー売上（税抜）, 時間帯別売上分析.客数","TITEM.sales_excluded, ZTOTAL.customers; head_office_item_sales_logs.sales_excluded, head_office_connected_service_sales_logs.customers",-
249,ラクミーウェブ（会社）,ダッシュボード表示画面,年間予実対比（サマリー）,営業利益,L1,S,全店舗年次,L3-S,画面間,計算項目,実績参照,分析画面で算出された値を参照表示,参照表示,当月実績.売上（税抜） - 予実対比.FD仕入 - 予実対比.人件費 - 予実対比.その他経費,-,monthly_costs.value,-,ユーザー入力（費用設定）,"当月実績.売上（税抜）, 予実対比.FD仕入, 予実対比.人件費",-,monthly_costs.value → 年間予実対比（サマリー）.営業利益,-,スキーマ検証済,-,-,-,ダッシュボード表示画面,ダッシュボード表示,"重要指標を先頭画面に表示（算出元: 予実対比, 当月実績）。",中,高,高,中,画面間参照,インデックス最適化,×,中期キャッシュ(5-30分),画面表示時,3,0,"当月実績.売上（税抜）, 予実対比.FD仕入, 予実対比.人件費",-; monthly_costs.value,-
250,ラクミーウェブ（会社）,ダッシュボード表示画面,年間予実対比（サマリー）,FD仕入額,L0,C,全店舗年次,L1,-,インフォマート（仕入）,外部データ参照,POS/インフォマート等の外部データを参照表示,参照表示,SUM(infomart_transactions.total_tax_excluded) GROUP BY year,-,infomart_transactions.total_tax_excluded,infomart_transactions.total_tax_excluded,インフォマート（仕入）,[外部]infomart_transactions.total_tax_excluded,-,infomart_transactions.total_tax_excluded → infomart_transactions.total_tax_excluded → 年間予実対比（サマリー）.FD仕入額,-,外部連携検証済,infomart_transactions.total_tax_excluded → infomart_transactions.total_tax_excluded,-,-,ダッシュボード表示画面,ダッシュボード表示,重要指標を先頭画面に表示（算出元: [外部]tax_excluded_total）。,低,低,低,低,-,監視継続,×,短期キャッシュ(1-5分),データ連携時,1,0,[外部]infomart_transactions.total_tax_excluded,infomart_transactions.total_tax_excluded; infomart_transactions.total_tax_excluded,-
251,ラクミーウェブ（会社）,ダッシュボード表示画面,年間予実対比（サマリー）,人件費額,L0,C,全店舗年次,L1,-,KOT（勤怠・人件費）,外部データ参照,POS/インフォマート等の外部データを参照表示,参照表示,SUM(head_office_connected_service_labor_costs_logs.labor_costs) GROUP BY year,-,head_office_connected_service_labor_costs_logs.labor_costs,head_office_connected_service_labor_costs_logs.labor_costs,勤怠（KOT/ジョブカン）,[外部]head_office_connected_service_labor_costs_logs.labor_costs,-,head_office_connected_service_labor_costs_logs.labor_costs → head_office_connected_service_labor_costs_logs.labor_costs → 年間予実対比（サマリー）.人件費額,-,スキーマ検証済,-,-,-,ダッシュボード表示画面,ダッシュボード表示,重要指標を先頭画面に表示（算出元: [外部]labor_costs_logs）。,低,低,低,低,-,監視継続,×,短期キャッシュ(1-5分),データ連携時,1,0,[外部]head_office_connected_service_labor_costs_logs.labor_costs,head_office_connected_service_labor_costs_logs.labor_costs; head_office_connected_service_labor_costs_logs.labor_costs,-
252,ラクミーウェブ（会社）,ダッシュボード表示画面,年間予実対比（サマリー）,客単価,L0,A,全店舗年次,L3-S,画面間,計算項目,実績参照,分析画面で算出された値を参照表示,参照表示,当月実績.売上（税抜） ÷ 感度分析.客数,-,"head_office_connected_service_sales_logs.sales_excluded, head_office_connected_service_sales_logs.customers","ZTOTAL.sales_excluded, ZTOTAL.customers",POS売上（日別集計）,"当月実績.売上（税抜）, 感度分析.客数",-,ZTOTAL.sales_excluded / ZTOTAL.customers → head_office_connected_service_sales_logs.sales_excluded / head_office_connected_service_sales_logs.customers → 年間予実対比（サマリー）.客単価,-,スキーマ検証済,-,-,-,ダッシュボード表示画面,ダッシュボード表示,"重要指標を先頭画面に表示（算出元: 当月実績, 感度分析）。",中,中,中,中,画面間参照,インデックス最適化,×,中期キャッシュ(5-30分),画面表示時,2,0,"当月実績.売上（税抜）, 感度分析.客数","ZTOTAL.sales_excluded, ZTOTAL.customers; head_office_connected_service_sales_logs.sales_excluded, head_office_connected_service_sales_logs.customers",-
188,ラクミーウェブ（会社）,ダッシュボード表示画面,店舗ラベル別サマリー,営業利益,L3,S,店舗ラベル別,L3-L,画面間,計算項目,実績参照,分析画面で算出された値を参照表示,参照表示,店舗ラベル別サマリー.売上（税抜） - 予実対比.FD仕入 - 予実対比.人件費 - 予実対比.その他経費,-,"head_office_connected_service_sales_logs.sales_excluded, infomart_transactions.total_tax_excluded, head_office_connected_service_labor_costs_logs.labor_costs, monthly_costs.value","ZTOTAL.sales_excluded, infomart_transactions.total_tax_excluded, head_office_connected_service_labor_costs_logs.labor_costs","POS売上（日別集計）, インフォマート（仕入）, 勤怠（KOT/ジョブカン）, ユーザー入力（費用設定）","店舗ラベル別サマリー.売上（税抜）, 予実対比.FD仕入, 予実対比.人件費",-,ZTOTAL.sales_excluded / tax_excluded_total / head_office_connected_service_labor_costs_logs.labor_costs → head_office_connected_service_sales_logs.sales_excluded / infomart_transactions.total_tax_excluded / head_office_connected_service_labor_costs_logs.labor_costs → 店舗ラベル別サマリー.営業利益,店舗ラベルでグルーピングした主要指標サマリー。売上・コスト等の集計ディメンション,スキーマ検証済,-,-,-,ダッシュボード表示画面,ダッシュボード表示,"重要指標を先頭画面に表示（算出元: 予実対比, 店舗ラベル別サマリー）。",中,高,高,中,画面間参照,インデックス最適化,×,中期キャッシュ(5-30分),画面表示時,3,0,"店舗ラベル別サマリー.売上（税抜）, 予実対比.FD仕入, 予実対比.人件費","ZTOTAL.sales_excluded, infomart_transactions.total_tax_excluded, head_office_connected_service_labor_costs_logs.labor_costs; head_office_connected_service_sales_logs.sales_excluded, infomart_transactions.total_tax_excluded, head_office_connected_service_labor_costs_logs.labor_costs, monthly_costs.value",-
189,ラクミーウェブ（会社）,ダッシュボード表示画面,店舗ラベル別サマリー,売上（税抜）,L3,A,店舗ラベル別,L2-L,-,POS（売上・客数）,外部データ参照,POS/インフォマート等の外部データを参照表示,参照表示,SUM(ZTOTAL.sales_excluded) GROUP BY shop_label,-,head_office_connected_service_sales_logs.sales_excluded,ZTOTAL.sales_excluded,POS売上（日別集計）,[外部]ZTOTAL.sales_excluded,-,ZTOTAL.sales_excluded → head_office_connected_service_sales_logs.sales_excluded → 店舗ラベル別サマリー.売上(税抜),店舗ラベルでグルーピングした主要指標サマリー。売上・コスト等の集計ディメンション,スキーマ検証済,-,-,-,ダッシュボード表示画面,ダッシュボード表示,重要指標を先頭画面に表示（算出元: [外部]ZTOTAL）。,低,低,低,低,-,監視継続,×,短期キャッシュ(1-5分),画面表示時,1,0,[外部]ZTOTAL.sales_excluded,ZTOTAL.sales_excluded; head_office_connected_service_sales_logs.sales_excluded,-
190,ラクミーウェブ（会社）,ダッシュボード表示画面,店舗ラベル別サマリー,売上目標,L2,A,店舗ラベル別,L1,-,予算設定（入力）,予算設定参照,月次予算設定で設定した予算値を参照,マスタ参照,monthly_budgets.value,-,monthly_budgets.profit,-,ユーザー入力（予算設定）,[入力]monthly_budgets.profit,"店舗ラベル別サマリー.売上進捗率, 店舗ラベル別サマリー.売上達成率",monthly_budgets.profit → 店舗ラベル別サマリー.売上目標,店舗ラベルでグルーピングした主要指標サマリー。売上・コスト等の集計ディメンション,スキーマ検証済,-,-,-,ダッシュボード表示画面,ダッシュボード表示,重要指標を先頭画面に表示（算出元: [入力]monthly_budgets）。,中,中,中,低,-,監視継続,×,短期キャッシュ(1-5分),画面表示時,1,2,[入力]monthly_budgets.profit,-; monthly_budgets.profit,"店舗ラベル別サマリー.売上進捗率, 店舗ラベル別サマリー.売上達成率"
191,ラクミーウェブ（会社）,ダッシュボード表示画面,店舗ラベル別サマリー,売上達成率,L3,A,店舗ラベル別,L3-L,画面内,計算項目,実績参照,分析画面で算出された値を参照表示,参照表示,店舗ラベル別サマリー.売上（税抜） ÷ 店舗ラベル別サマリー.売上目標 × 100,-,"head_office_connected_service_sales_logs.sales_excluded, monthly_budgets.profit",ZTOTAL.sales_excluded,"POS売上（日別集計）, ユーザー入力（予算設定）","店舗ラベル別サマリー.売上（税抜）, 店舗ラベル別サマリー.売上目標",-,ZTOTAL.sales_excluded → head_office_connected_service_sales_logs.sales_excluded / monthly_budgets.profit → 店舗ラベル別サマリー.売上達成率,店舗ラベルでグルーピングした主要指標サマリー。売上・コスト等の集計ディメンション,スキーマ検証済,-,-,-,ダッシュボード表示画面,ダッシュボード表示,重要指標を先頭画面に表示（算出元: 店舗ラベル別サマリー）。,中,高,高,低,-,監視継続,×,短期キャッシュ(1-5分),画面表示時,2,0,"店舗ラベル別サマリー.売上（税抜）, 店舗ラベル別サマリー.売上目標","ZTOTAL.sales_excluded; head_office_connected_service_sales_logs.sales_excluded, monthly_budgets.profit",-
192,ラクミーウェブ（会社）,ダッシュボード表示画面,店舗ラベル別サマリー,売上進捗率,L3,A,店舗ラベル別,L3-L,画面内,計算項目,実績参照,分析画面で算出された値を参照表示,参照表示,SUM(店舗ラベル別サマリー.売上（税抜）) ÷ 店舗ラベル別サマリー.売上目標 × 100,-,"head_office_connected_service_sales_logs.sales_excluded, monthly_budgets.profit",ZTOTAL.sales_excluded,"POS売上（日別集計）, ユーザー入力（予算設定）","店舗ラベル別サマリー.売上（税抜）, 店舗ラベル別サマリー.売上目標",-,ZTOTAL.sales_excluded → head_office_connected_service_sales_logs.sales_excluded / monthly_budgets.profit → 店舗ラベル別サマリー.売上進捗率,店舗ラベルでグルーピングした主要指標サマリー。売上・コスト等の集計ディメンション,スキーマ検証済,-,-,-,ダッシュボード表示画面,ダッシュボード表示,重要指標を先頭画面に表示（算出元: 店舗ラベル別サマリー）。,中,高,高,低,-,監視継続,×,短期キャッシュ(1-5分),画面表示時,2,0,"店舗ラベル別サマリー.売上（税抜）, 店舗ラベル別サマリー.売上目標","ZTOTAL.sales_excluded; head_office_connected_service_sales_logs.sales_excluded, monthly_budgets.profit",-
193,ラクミーウェブ（会社）,ダッシュボード表示画面,店舗ラベル別サマリー,FD仕入率,L3,S,店舗ラベル別,L3-L,画面間,計算項目,実績参照,分析画面で算出された値を参照表示,参照表示,予実対比.FD仕入 ÷ 店舗ラベル別サマリー.売上（税抜） × 100,-,"infomart_transactions.total_tax_excluded, head_office_connected_service_sales_logs.sales_excluded","infomart_transactions.total_tax_excluded, ZTOTAL.sales_excluded","インフォマート（仕入）, POS売上（日別集計）","予実対比.FD仕入, 店舗ラベル別サマリー.売上（税抜）",-,tax_excluded_total / ZTOTAL.sales_excluded → infomart_transactions.total_tax_excluded / head_office_connected_service_sales_logs.sales_excluded → 店舗ラベル別サマリー.FD仕入率,店舗ラベルでグルーピングした主要指標サマリー。売上・コスト等の集計ディメンション,スキーマ検証済,-,-,-,ダッシュボード表示画面,ダッシュボード表示,"重要指標を先頭画面に表示（算出元: 予実対比, 店舗ラベル別サマリー）。",中,中,中,中,画面間参照,インデックス最適化,×,中期キャッシュ(5-30分),画面表示時,2,0,"予実対比.FD仕入, 店舗ラベル別サマリー.売上（税抜）","infomart_transactions.total_tax_excluded, ZTOTAL.sales_excluded; infomart_transactions.total_tax_excluded, head_office_connected_service_sales_logs.sales_excluded",-
194,ラクミーウェブ（会社）,ダッシュボード表示画面,店舗ラベル別サマリー,人件費率,L3,S,店舗ラベル別,L3-L,画面間,計算項目,実績参照,分析画面で算出された値を参照表示,参照表示,予実対比.人件費 ÷ 店舗ラベル別サマリー.売上（税抜） × 100,-,"head_office_connected_service_labor_costs_logs.labor_costs, head_office_connected_service_sales_logs.sales_excluded","head_office_connected_service_labor_costs_logs.labor_costs, ZTOTAL.sales_excluded","勤怠（KOT/ジョブカン）, POS売上（日別集計）","予実対比.人件費, 店舗ラベル別サマリー.売上（税抜）",-,head_office_connected_service_labor_costs_logs.labor_costs / ZTOTAL.sales_excluded → head_office_connected_service_labor_costs_logs.labor_costs / head_office_connected_service_sales_logs.sales_excluded → 店舗ラベル別サマリー.人件費率,店舗ラベルでグルーピングした主要指標サマリー。売上・コスト等の集計ディメンション,スキーマ検証済,-,-,-,ダッシュボード表示画面,ダッシュボード表示,"重要指標を先頭画面に表示（算出元: 予実対比, 店舗ラベル別サマリー）。",中,中,中,中,画面間参照,インデックス最適化,×,中期キャッシュ(5-30分),画面表示時,2,0,"予実対比.人件費, 店舗ラベル別サマリー.売上（税抜）","head_office_connected_service_labor_costs_logs.labor_costs, ZTOTAL.sales_excluded; head_office_connected_service_labor_costs_logs.labor_costs, head_office_connected_service_sales_logs.sales_excluded",-
195,ラクミーウェブ（会社）,ダッシュボード表示画面,店舗別サマリー,営業利益,L1,S,全店舗,L3-C,画面間,計算項目,実績参照,分析画面で算出された値を参照表示,参照表示,店舗別サマリー.売上（税抜） - 予実対比.FD仕入 - 予実対比.人件費 - 予実対比.その他経費,-,"head_office_connected_service_sales_logs.sales_excluded, infomart_transactions.total_tax_excluded, head_office_connected_service_labor_costs_logs.labor_costs, monthly_costs.value","ZTOTAL.sales_excluded, infomart_transactions.total_tax_excluded, head_office_connected_service_labor_costs_logs.labor_costs","POS売上（日別集計）, インフォマート（仕入）, 勤怠（KOT/ジョブカン）, ユーザー入力（費用設定）","店舗別サマリー.売上（税抜）, 予実対比.FD仕入, 予実対比.人件費","当月実績.営業利益, 年間予実対比.営業利益",ZTOTAL.sales_excluded / tax_excluded_total / head_office_connected_service_labor_costs_logs.labor_costs → head_office_connected_service_sales_logs.sales_excluded / infomart_transactions.total_tax_excluded / head_office_connected_service_labor_costs_logs.labor_costs → 店舗別サマリー.営業利益,店舗ごとの主要指標サマリー,スキーマ検証済,-,店舗別の経費按分ロジックが不明,店舗別経費の按分方法を確認必要,ダッシュボード表示画面,ダッシュボード表示,"重要指標を先頭画面に表示（算出元: 予実対比, 店舗別サマリー）。",中,高,高,中,画面間参照,インデックス最適化,×,中期キャッシュ(5-30分),画面表示時,3,2,"店舗別サマリー.売上（税抜）, 予実対比.FD仕入, 予実対比.人件費","ZTOTAL.sales_excluded, infomart_transactions.total_tax_excluded, head_office_connected_service_labor_costs_logs.labor_costs; head_office_connected_service_sales_logs.sales_excluded, infomart_transactions.total_tax_excluded, head_office_connected_service_labor_costs_logs.labor_costs, monthly_costs.value","当月実績.営業利益, 年間予実対比.営業利益"
196,ラクミーウェブ（会社）,ダッシュボード表示画面,店舗別サマリー,売上（税抜）,L0,A,全店舗,L2-C,-,POS（売上・客数）,外部データ参照,POS/インフォマート等の外部データを参照表示,参照表示,SUM(ZTOTAL.sales_excluded) GROUP BY shop_id,-,head_office_connected_service_sales_logs.sales_excluded,ZTOTAL.sales_excluded,POS売上（日別集計）,[外部]ZTOTAL.sales_excluded,"ABC分析.売上（税抜）, 店舗別サマリー.FD仕入率, 店舗別サマリー.人件費率, 店舗別サマリー.営業利益, 店舗別サマリー.売上進捗率, 店舗別サマリー.売上達成率, 当月実績.売上（税抜）, 日次レポート.売上（税抜）, 日次推移.売上（税抜）, 進捗分析.売上進捗率",ZTOTAL.sales_excluded → head_office_connected_service_sales_logs.sales_excluded → 店舗別サマリー.売上(税抜),店舗ごとの主要指標サマリー,スキーマ検証済,-,-,-,ダッシュボード表示画面,ダッシュボード表示,重要指標を先頭画面に表示（算出元: [外部]ZTOTAL）。,中,低,中,低,-,監視継続,×,短期キャッシュ(1-5分),画面表示時,1,10,[外部]ZTOTAL.sales_excluded,ZTOTAL.sales_excluded; head_office_connected_service_sales_logs.sales_excluded,"ABC分析.売上（税抜）, 店舗別サマリー.FD仕入率, 店舗別サマリー.人件費率, 店舗別サマリー.営業利益, 店舗別サマリー.売上進捗率, 店舗別サマリー.売上達成率, 当月実績.売上（税抜）, 日次レポート.売上（税抜）, 日次推移.売上（税抜）, 進捗分析.売上進捗率"
197,ラクミーウェブ（会社）,ダッシュボード表示画面,店舗別サマリー,売上目標,L0,A,店舗月次,L1,-,予算設定（入力）,予算設定参照,月次予算設定で設定した予算値を参照,マスタ参照,monthly_budgets.value,-,monthly_budgets.profit,-,ユーザー入力（予算設定）,[入力]monthly_budgets.profit,"店舗別サマリー.売上進捗率, 店舗別サマリー.売上達成率, 進捗分析.売上進捗率",monthly_budgets.profit → 店舗別サマリー.売上目標,店舗ごとの主要指標サマリー,スキーマ検証済,-,-,-,ダッシュボード表示画面,ダッシュボード表示,重要指標を先頭画面に表示（算出元: [入力]monthly_budgets）。,中,中,中,低,-,監視継続,×,短期キャッシュ(1-5分),画面表示時,1,3,[入力]monthly_budgets.profit,-; monthly_budgets.profit,"店舗別サマリー.売上進捗率, 店舗別サマリー.売上達成率, 進捗分析.売上進捗率"
198,ラクミーウェブ（会社）,ダッシュボード表示画面,店舗別サマリー,売上達成率,L0,A,全店舗,L3-C,画面内,計算項目,実績参照,分析画面で算出された値を参照表示,参照表示,店舗別サマリー.売上（税抜） ÷ 店舗別サマリー.売上目標 × 100,-,"head_office_connected_service_sales_logs.sales_excluded, monthly_budgets.profit",ZTOTAL.sales_excluded,"POS売上（日別集計）, ユーザー入力（予算設定）","店舗別サマリー.売上（税抜）, 店舗別サマリー.売上目標",-,ZTOTAL.sales_excluded → head_office_connected_service_sales_logs.sales_excluded / monthly_budgets.profit → 店舗別サマリー.売上達成率,店舗ごとの主要指標サマリー,スキーマ検証済,-,-,-,ダッシュボード表示画面,ダッシュボード表示,重要指標を先頭画面に表示（算出元: 店舗別サマリー）。,中,高,高,低,-,監視継続,×,短期キャッシュ(1-5分),画面表示時,2,0,"店舗別サマリー.売上（税抜）, 店舗別サマリー.売上目標","ZTOTAL.sales_excluded; head_office_connected_service_sales_logs.sales_excluded, monthly_budgets.profit",-
199,ラクミーウェブ（会社）,ダッシュボード表示画面,店舗別サマリー,売上進捗率,L0,A,全店舗,L3-C,画面内,計算項目,実績参照,分析画面で算出された値を参照表示,参照表示,SUM(店舗別サマリー.売上（税抜）) ÷ 店舗別サマリー.売上目標 × 100,-,"head_office_connected_service_sales_logs.sales_excluded, monthly_budgets.profit",ZTOTAL.sales_excluded,"POS売上（日別集計）, ユーザー入力（予算設定）","店舗別サマリー.売上（税抜）, 店舗別サマリー.売上目標",進捗分析.売上進捗率,ZTOTAL.sales_excluded → head_office_connected_service_sales_logs.sales_excluded / monthly_budgets.profit → 店舗別サマリー.売上進捗率,店舗ごとの主要指標サマリー,スキーマ検証済,-,累計期間(月初〜当日 or 年初〜当月)が不明,累計期間の定義を確認必要,ダッシュボード表示画面,ダッシュボード表示,重要指標を先頭画面に表示（算出元: 店舗別サマリー）。,中,高,高,低,-,監視継続,×,短期キャッシュ(1-5分),画面表示時,2,1,"店舗別サマリー.売上（税抜）, 店舗別サマリー.売上目標","ZTOTAL.sales_excluded; head_office_connected_service_sales_logs.sales_excluded, monthly_budgets.profit",進捗分析.売上進捗率
200,ラクミーウェブ（会社）,ダッシュボード表示画面,店舗別サマリー,FD仕入率,L3,S,全店舗,L3-C,画面間,計算項目,実績参照,分析画面で算出された値を参照表示,参照表示,予実対比.FD仕入 ÷ 店舗別サマリー.売上（税抜） × 100,-,"infomart_transactions.total_tax_excluded, head_office_connected_service_sales_logs.sales_excluded","infomart_transactions.total_tax_excluded, ZTOTAL.sales_excluded","インフォマート（仕入）, POS売上（日別集計）","予実対比.FD仕入, 店舗別サマリー.売上（税抜）",当月実績.FD仕入率,tax_excluded_total / ZTOTAL.sales_excluded → infomart_transactions.total_tax_excluded / head_office_connected_service_sales_logs.sales_excluded → 店舗別サマリー.FD仕入率,店舗ごとの主要指標サマリー,スキーマ検証済,-,-,-,ダッシュボード表示画面,ダッシュボード表示,"重要指標を先頭画面に表示（算出元: 予実対比, 店舗別サマリー）。",中,中,中,中,画面間参照,インデックス最適化,×,中期キャッシュ(5-30分),画面表示時,2,1,"予実対比.FD仕入, 店舗別サマリー.売上（税抜）","infomart_transactions.total_tax_excluded, ZTOTAL.sales_excluded; infomart_transactions.total_tax_excluded, head_office_connected_service_sales_logs.sales_excluded",当月実績.FD仕入率
201,ラクミーウェブ（会社）,ダッシュボード表示画面,店舗別サマリー,人件費率,L0,S,全店舗,L3-C,画面間,計算項目,実績参照,分析画面で算出された値を参照表示,参照表示,予実対比.人件費 ÷ 店舗別サマリー.売上（税抜） × 100,-,"head_office_connected_service_labor_costs_logs.labor_costs, head_office_connected_service_sales_logs.sales_excluded","head_office_connected_service_labor_costs_logs.labor_costs, ZTOTAL.sales_excluded","勤怠（KOT/ジョブカン）, POS売上（日別集計）","予実対比.人件費, 店舗別サマリー.売上（税抜）",当月実績.人件費率,head_office_connected_service_labor_costs_logs.labor_costs / ZTOTAL.sales_excluded → head_office_connected_service_labor_costs_logs.labor_costs / head_office_connected_service_sales_logs.sales_excluded → 店舗別サマリー.人件費率,店舗ごとの主要指標サマリー,スキーマ検証済,-,-,-,ダッシュボード表示画面,ダッシュボード表示,"重要指標を先頭画面に表示（算出元: 予実対比, 店舗別サマリー）。",中,中,中,中,画面間参照,インデックス最適化,×,中期キャッシュ(5-30分),画面表示時,2,1,"予実対比.人件費, 店舗別サマリー.売上（税抜）","head_office_connected_service_labor_costs_logs.labor_costs, ZTOTAL.sales_excluded; head_office_connected_service_labor_costs_logs.labor_costs, head_office_connected_service_sales_logs.sales_excluded",当月実績.人件費率
202,ラクミーウェブ（会社）,ダッシュボード表示画面,当月実績,営業利益,L1,S,全店舗,L3-C,画面間,計算項目,実績参照,分析画面で算出された値を参照表示,参照表示,当月実績.売上（税抜） - 予実対比.FD仕入 - 予実対比.人件費 - 予実対比.その他経費,-,"head_office_connected_service_sales_logs.sales_excluded, infomart_transactions.total_tax_excluded, head_office_connected_service_labor_costs_logs.labor_costs, monthly_costs.value","ZTOTAL.sales_excluded, infomart_transactions.total_tax_excluded, head_office_connected_service_labor_costs_logs.labor_costs","POS売上（日別集計）, インフォマート（仕入）, 勤怠（KOT/ジョブカン）, ユーザー入力（費用設定）","当月実績.売上（税抜）, 予実対比.FD仕入, 予実対比.人件費","主要KPI指標.ROI, 年間予実対比.営業利益, 店舗別サマリー.営業利益, 進捗分析.利益進捗率",ZTOTAL.sales_excluded / tax_excluded_total / head_office_connected_service_labor_costs_logs.labor_costs → head_office_connected_service_sales_logs.sales_excluded / infomart_transactions.total_tax_excluded / head_office_connected_service_labor_costs_logs.labor_costs → 当月実績.営業利益,当月の実績サマリー,スキーマ検証済,-,その他経費に含まれる費目の範囲が不明,経費の費目一覧を明確化必要,ダッシュボード表示画面,ダッシュボード表示,"重要指標を先頭画面に表示（算出元: 予実対比, 当月実績）。",中,高,高,中,画面間参照,インデックス最適化,◎,中期キャッシュ(5-30分),画面表示時,3,4,"当月実績.売上（税抜）, 予実対比.FD仕入, 予実対比.人件費","ZTOTAL.sales_excluded, infomart_transactions.total_tax_excluded, head_office_connected_service_labor_costs_logs.labor_costs; head_office_connected_service_sales_logs.sales_excluded, infomart_transactions.total_tax_excluded, head_office_connected_service_labor_costs_logs.labor_costs, monthly_costs.value","主要KPI指標.ROI, 年間予実対比.営業利益, 店舗別サマリー.営業利益, 進捗分析.利益進捗率"
203,ラクミーウェブ（会社）,ダッシュボード表示画面,当月実績,売上（税抜）,L0,A,全店舗,L2-C,-,POS（売上・客数）,外部データ参照,POS/インフォマート等の外部データを参照表示,参照表示,SUM(ZTOTAL.sales_excluded),-,head_office_connected_service_sales_logs.sales_excluded,ZTOTAL.sales_excluded,POS売上（日別集計）,[外部]ZTOTAL.sales_excluded,"ABC分析, ABC分析.売上構成比率, 主要KPI指標.営業利益率, 主要KPI指標.坪月商, 主要KPI指標.家賃比率, 年間予実対比.営業利益, 年間予実対比.客単価, 店舗別サマリー, 当月実績.FD仕入率, 当月実績.FL率, 当月実績.人件費率, 当月実績.営業利益, 支払種別売上分析.売上比率, 日次レポート, 日次推移, 時間帯別売上分析.客単価（税抜）, 月次レポート.原価率, 進捗分析.進捗率比較（前々月）, 進捗分析.進捗率比較（前月）, 進捗分析.達成率",ZTOTAL.sales_excluded → head_office_connected_service_sales_logs.sales_excluded → 当月実績.売上(税抜),当月の実績サマリー,スキーマ検証済,-,-,-,ダッシュボード表示画面,ダッシュボード表示,重要指標を先頭画面に表示（算出元: [外部]ZTOTAL）。,中,低,中,低,-,監視継続,◎,短期キャッシュ(1-5分),画面表示時,1,16,[外部]ZTOTAL.sales_excluded,ZTOTAL.sales_excluded; head_office_connected_service_sales_logs.sales_excluded,"ABC分析, ABC分析.売上構成比率, 主要KPI指標.営業利益率, 主要KPI指標.坪月商, 主要KPI指標.家賃比率, 年間予実対比.営業利益, 年間予実対比.客単価, 店舗別サマリー, 当月実績.FD仕入率, 当月実績.FL率, 当月実績.人件費率, 当月実績.営業利益, 支払種別売上分析.売上比率, 日次レポート, 日次推移, 時間帯別売上分析.客単価（税抜）, 月次レポート.原価率, 進捗分析.進捗率比較（前々月）, 進捗分析.進捗率比較（前月）, 進捗分析.達成率"
204,ラクミーウェブ（会社）,ダッシュボード表示画面,当月実績,FD仕入率,L3,S,全店舗,L3-C,画面間,計算項目,実績参照,分析画面で算出された値を参照表示,参照表示,予実対比.FD仕入 ÷ 当月実績.売上（税抜） × 100,-,"infomart_transactions.total_tax_excluded, head_office_connected_service_sales_logs.sales_excluded","infomart_transactions.total_tax_excluded, ZTOTAL.sales_excluded","インフォマート（仕入）, POS売上（日別集計）","予実対比.FD仕入, 当月実績.売上（税抜）",店舗別サマリー.FD仕入率,tax_excluded_total / ZTOTAL.sales_excluded → infomart_transactions.total_tax_excluded / head_office_connected_service_sales_logs.sales_excluded → 当月実績.FD仕入率,当月の実績サマリー,スキーマ検証済,-,-,-,ダッシュボード表示画面,ダッシュボード表示,"重要指標を先頭画面に表示（算出元: 予実対比, 当月実績）。",中,中,中,中,画面間参照,インデックス最適化,◎,中期キャッシュ(5-30分),画面表示時,2,1,"予実対比.FD仕入, 当月実績.売上（税抜）","infomart_transactions.total_tax_excluded, ZTOTAL.sales_excluded; infomart_transactions.total_tax_excluded, head_office_connected_service_sales_logs.sales_excluded",店舗別サマリー.FD仕入率
205,ラクミーウェブ（会社）,ダッシュボード表示画面,当月実績,人件費率,L0,S,全店舗,L3-C,画面間,計算項目,実績参照,分析画面で算出された値を参照表示,参照表示,予実対比.人件費 ÷ 当月実績.売上（税抜） × 100,-,"head_office_connected_service_labor_costs_logs.labor_costs, head_office_connected_service_sales_logs.sales_excluded","head_office_connected_service_labor_costs_logs.labor_costs, ZTOTAL.sales_excluded","勤怠（KOT/ジョブカン）, POS売上（日別集計）","予実対比.人件費, 当月実績.売上（税抜）",店舗別サマリー.人件費率,head_office_connected_service_labor_costs_logs.labor_costs / ZTOTAL.sales_excluded → head_office_connected_service_labor_costs_logs.labor_costs / head_office_connected_service_sales_logs.sales_excluded → 当月実績.人件費率,当月の実績サマリー,スキーマ検証済,-,-,-,ダッシュボード表示画面,ダッシュボード表示,"重要指標を先頭画面に表示（算出元: 予実対比, 当月実績）。",中,中,中,中,画面間参照,インデックス最適化,◎,中期キャッシュ(5-30分),画面表示時,2,1,"予実対比.人件費, 当月実績.売上（税抜）","head_office_connected_service_labor_costs_logs.labor_costs, ZTOTAL.sales_excluded; head_office_connected_service_labor_costs_logs.labor_costs, head_office_connected_service_sales_logs.sales_excluded",店舗別サマリー.人件費率
206,ラクミーウェブ（会社）,ダッシュボード表示画面,当月実績,FL率,L1,S,全店舗,L3-C,画面間,計算項目,実績参照,分析画面で算出された値を参照表示,参照表示,(予実対比.FD仕入 + 予実対比.人件費) ÷ 当月実績.売上（税抜） × 100,-,"infomart_transactions.total_tax_excluded, head_office_connected_service_labor_costs_logs.labor_costs, head_office_connected_service_sales_logs.sales_excluded","infomart_transactions.total_tax_excluded, head_office_connected_service_labor_costs_logs.labor_costs, ZTOTAL.sales_excluded","インフォマート（仕入）, 勤怠（KOT/ジョブカン）, POS売上（日別集計）","予実対比.FD仕入, 予実対比.人件費, 当月実績.売上（税抜）",-,tax_excluded_total / head_office_connected_service_labor_costs_logs.labor_costs / ZTOTAL.sales_excluded → infomart_transactions.total_tax_excluded / head_office_connected_service_labor_costs_logs.labor_costs / head_office_connected_service_sales_logs.sales_excluded → 当月実績.FL率,当月の実績サマリー,スキーマ検証済,-,-,-,ダッシュボード表示画面,ダッシュボード表示,"重要指標を先頭画面に表示（算出元: 予実対比, 当月実績）。",中,中,中,中,画面間参照,インデックス最適化,◎,中期キャッシュ(5-30分),画面表示時,3,0,"予実対比.FD仕入, 予実対比.人件費, 当月実績.売上（税抜）","infomart_transactions.total_tax_excluded, head_office_connected_service_labor_costs_logs.labor_costs, ZTOTAL.sales_excluded; infomart_transactions.total_tax_excluded, head_office_connected_service_labor_costs_logs.labor_costs, head_office_connected_service_sales_logs.sales_excluded",-
207,ラクミーウェブ（会社）,ダッシュボード表示画面,当月実績,営業利益予算,L0,S,店舗月次,L1,画面間,予算設定（入力）,予算設定参照,月次予算設定の目標利益を参照表示,参照表示,monthly_budgets.profit,-,monthly_budgets.profit,-,ユーザー入力（予算設定）,SUM(紐づく店舗.月次予算設定.営業利益予算),当月実績.営業利益達成率,monthly_budgets.profit → 当月実績.営業利益予算,当月の実績サマリー,スキーマ検証済,-,-,-,ダッシュボード表示画面,ダッシュボード表示,重要指標を先頭画面に表示（算出元: [入力]monthly_budgets）。,中,中,中,最高,画面間参照; 集計処理,スナップショット化・事前計算,◎,長期キャッシュ(1時間以上),日次バッチ,2,1,SUM(紐づく店舗.月次予算設定.営業利益予算),-; monthly_budgets.profit,当月実績.営業利益達成率
208,ラクミーウェブ（会社）,ダッシュボード表示画面,当月実績,営業利益達成率,L0,S,全店舗,L3-C,画面間,計算項目,実績参照,営業利益の予算に対する達成率,参照表示,当月実績.営業利益 ÷ 当月実績.営業利益予算 × 100,-,"head_office_connected_service_sales_logs.sales_excluded, monthly_budgets.profit","ZTOTAL.sales_excluded, monthly_budgets.profit","POS売上（日別集計）, ユーザー入力（予算設定）","当月実績.営業利益, 当月実績.営業利益予算",-,当月実績.営業利益 / monthly_budgets.profit → 当月実績.営業利益達成率,当月の実績サマリー,演算検証済,インプット元: 当月実績.営業利益,-,-,ダッシュボード表示画面,ダッシュボード表示,"重要指標を先頭画面に表示（算出元: 当月実績, 予算設定）。",中,高,高,中,画面間参照,インデックス最適化,◎,中期キャッシュ(5-30分),画面表示時,2,0,"当月実績.営業利益, 当月実績.営業利益予算","ZTOTAL.sales_excluded, monthly_budgets.profit; head_office_connected_service_sales_logs.sales_excluded, monthly_budgets.profit",-
209,ラクミーウェブ（会社）,ダッシュボード表示画面,当月実績,売上予算,L0,S,店舗月次,L1,画面間,予算設定（入力）,予算設定参照,月次予算設定の目標売上を参照表示,参照表示,monthly_budgets.sales,-,monthly_budgets.sales,-,ユーザー入力（予算設定）,SUM(紐づく店舗.月次予算設定.売上予算),当月実績.売上達成率,monthly_budgets.sales → 当月実績.売上予算,当月の実績サマリー,スキーマ検証済,-,-,-,ダッシュボード表示画面,ダッシュボード表示,重要指標を先頭画面に表示（算出元: [入力]monthly_budgets）。,中,中,中,最高,画面間参照; 集計処理,スナップショット化・事前計算,◎,長期キャッシュ(1時間以上),日次バッチ,2,1,SUM(紐づく店舗.月次予算設定.売上予算),-; monthly_budgets.sales,当月実績.売上達成率
210,ラクミーウェブ（会社）,ダッシュボード表示画面,当月実績,売上達成率,L0,S,全店舗,L3-C,画面間,計算項目,実績参照,売上の予算に対する達成率,参照表示,当月実績.売上（税抜） ÷ 当月実績.売上予算 × 100,-,"head_office_connected_service_sales_logs.sales_excluded, monthly_budgets.sales","ZTOTAL.sales_excluded, monthly_budgets.sales","POS売上（日別集計）, ユーザー入力（予算設定）","当月実績.売上（税抜）, 当月実績.売上予算",-,当月実績.売上（税抜） / monthly_budgets.sales → 当月実績.売上達成率,当月の実績サマリー,演算検証済,インプット元: 当月実績.売上（税抜）,-,-,ダッシュボード表示画面,ダッシュボード表示,"重要指標を先頭画面に表示（算出元: 当月実績, 予算設定）。",中,高,高,中,画面間参照,インデックス最適化,◎,中期キャッシュ(5-30分),画面表示時,2,0,"当月実績.売上（税抜）, 当月実績.売上予算","ZTOTAL.sales_excluded, monthly_budgets.sales; head_office_connected_service_sales_logs.sales_excluded, monthly_budgets.sales",-
