作成日: 2025年12月16日,,,,,,最高：TITEM参照+時間帯フィルタ / 高負荷指標が多数,L0：データ取得層,,,,,,,,,,◎ 必須,
,,,,,,高：外部連携×外部連携 / 複合演算,L1：単純演算層,,,,,,,,,,○ 推奨,
,,,,,,中：外部連携単独 / 単純集計,L２-S:画面内演算層（単一店舗）同一画面内の複数指標を使った四則演算・比率計算,,,,,,,,,,△ 検討,
,,,,,,低：マスタ参照 / 内部入力,L３-S:画面間演算層（単一店舗）異なる画面の指標を参照して演算,,,,,,,,,,× 不要,
,,,,,,,,,,,,,,,,,,
,,,,,,,,,,,input,,calculate,output,output指標を利用する先、画面,システム設計,,
No,画面タイトル,画面タイプ,独自画面度,経営重要度,データスコープ,データ負荷,計算レイヤー,演算範囲,Step1_外部テーブル,Step2_内部テーブル,Step3_インプット元,Step4_演算ロジック,Step5_演算式,Step6_画面表示,Step7_アウトプット先,キャッシュ戦略,スナップショット対象,更新トリガー
1,ABC分析,分析画面,低,S,店舗月次,最高,L3-S,外部連携単独,TITEM.item_name,head_office_item_sales_logs.item_name,[外部]TITEM.item_name,商品マスタ,商品: TITEM.item_name,ABC分析.商品,商品別仕入分析.商品,長期キャッシュ(1時間以上),◎,日次バッチ
,,,,,,,,,TITEM.sales_excluded,head_office_item_sales_logs.sales_excluded,[外部]TITEM.sales_excluded,SUM商品別,売上（税抜）: SUM(TITEM.sales_excluded) GROUP BY item_name,ABC分析.売上（税抜）,"ABC分析.価格, ABC分析.売上構成比率, 当月実績.売上（税抜）, 感度分析.売上（税抜）, 日次レポート.売上（税抜）",,,
,,,,,,,,,TITEM.quantity,head_office_item_sales_logs.quantity,[外部]TITEM.quantity,SUM商品別,販売点数: SUM(TITEM.quantity) GROUP BY item_name,ABC分析.販売点数,"ABC分析.価格, ABC分析.販売点数構成比率",,,
,,,,,,,,外部連携×外部連携,"TITEM.sales_excluded, ZTOTAL.sales_excluded","head_office_item_sales_logs.sales_excluded, head_office_connected_service_sales_logs.sales_excluded","ABC分析.売上（税抜）, 当月実績.売上（税抜）",商品÷総売上×100,売上構成比率: ABC分析.売上（税抜） ÷ 当月実績.売上（税抜） × 100,ABC分析.売上構成比率,,,,
,,,,,,,,,TITEM.quantity,head_office_item_sales_logs.quantity,ABC分析.販売点数,商品数÷総数×100,販売点数構成比率: ABC分析.販売点数 ÷ SUM(ABC分析.販売点数) × 100,ABC分析.販売点数構成比率,,,,
,,,,,,,,,"TITEM.sales_excluded, TITEM.quantity","head_office_item_sales_logs.sales_excluded, head_office_item_sales_logs.quantity","ABC分析.売上（税抜）, ABC分析.販売点数",売上÷数量,価格: ABC分析.売上（税抜） ÷ ABC分析.販売点数,ABC分析.価格,,,,
2,FD仕入率トレンド,分析画面,高,S,店舗月次,最高,L3-S,外部連携×外部連携,"infomart_transactions.total_tax_excluded, ZTOTAL.sales_excluded","infomart_transactions.total_tax_excluded, head_office_connected_service_sales_logs.sales_excluded","予実対比.FD仕入, 当月実績.売上（税抜）",仕入÷売上×100推移,FD仕入率トレンド: 予実対比.FD仕入 ÷ 当月実績.売上（税抜） × 100 期間推移,FD仕入率トレンド.FD仕入率トレンド,"FD仕入率トレンド.直近12ヶ月, FD仕入率トレンド.直近6ヶ月",長期キャッシュ(1時間以上),◎,日次バッチ
,,,,,,,,,"infomart_transactions.total_tax_excluded, TITEM.sales_excluded","infomart_transactions.total_tax_excluded, head_office_item_sales_logs.sales_excluded","予実対比.フード仕入, 予実対比.フード売上",フード仕入÷フード売上×100,フード仕入比率: 予実対比.フード仕入 ÷ 予実対比.フード売上 × 100,FD仕入率トレンド.フード仕入比率,,,,
,,,,,,,,,,,"予実対比.ドリンク仕入, 予実対比.ドリンク売上",ドリンク仕入÷ドリンク売上×100,ドリンク仕入比率: 予実対比.ドリンク仕入 ÷ 予実対比.ドリンク売上 × 100,FD仕入率トレンド.ドリンク仕入比率,,,,
,,,,,,,,画面間演算,,,FD仕入率トレンド.FD仕入率トレンド,6ヶ月推移,直近6ヶ月: FD仕入率 直近6ヶ月トレンド,FD仕入率トレンド.直近6ヶ月,,,,
,,,,,,,,,,,,12ヶ月推移,直近12ヶ月: FD仕入率 直近12ヶ月トレンド,FD仕入率トレンド.直近12ヶ月,,,,
3,FD分析（仕入率/原価率）,分析画面,中,S,店舗月次,最高,L3-S,外部連携単独,infomart_transactions.total_tax_excluded,infomart_transactions.total_tax_excluded,[外部]infomart_transactions.total_tax_excluded,SUMフード,フード当月仕入: SUM(infomart_transactions.total_tax_excluded) WHERE category = 'フード',FD分析（仕入率/原価率）.フード当月仕入,,長期キャッシュ(1時間以上),◎,日次バッチ
,,,,,,,,,ZTOTAL.sales_excluded,head_office_connected_service_sales_logs.sales_excluded,[外部]ZTOTAL.sales_excluded,SUMドリンク,ドリンク当月仕入: SUM(infomart_transactions.total_tax_excluded) WHERE category = 'ドリンク',FD分析（仕入率/原価率）.ドリンク当月仕入,,,,
,,,,,,,,,TITEM.sales_excluded,head_office_item_sales_logs.sales_excluded,[外部]TITEM.sales_excluded,SUM月間,FD当月仕入: SUM(infomart_transactions.total_tax_excluded),FD分析（仕入率/原価率）.FD当月仕入,,,,
,,,,,,,,,,,,SUM,売上: SUM(ZTOTAL.sales_excluded),FD分析（仕入率/原価率）.売上,,,,
,,,,,,,,,,,,SUMフード,フード売上: SUM(TITEM.sales_excluded) WHERE category = 'フード',FD分析（仕入率/原価率）.フード売上,,,,
,,,,,,,,,,,,SUMドリンク,ドリンク売上: SUM(TITEM.sales_excluded) WHERE category = 'ドリンク',FD分析（仕入率/原価率）.ドリンク売上,,,,
,,,,,,,,外部連携×外部連携,"infomart_transactions.total_tax_excluded, TITEM.sales_excluded","infomart_transactions.total_tax_excluded, head_office_item_sales_logs.sales_excluded","予実対比.フード仕入, 予実対比.フード売上",フード仕入÷フード売上×100,フード仕入率: 予実対比.フード仕入 ÷ 予実対比.フード売上 × 100,FD分析（仕入率/原価率）.フード仕入率,,,,
,,,,,,,,,"infomart_transactions.total_tax_excluded, ZTOTAL.sales_excluded","infomart_transactions.total_tax_excluded, head_office_connected_service_sales_logs.sales_excluded","予実対比.ドリンク仕入, 予実対比.ドリンク売上",ドリンク仕入÷ドリンク売上×100,ドリンク仕入率: 予実対比.ドリンク仕入 ÷ 予実対比.ドリンク売上 × 100,FD分析（仕入率/原価率）.ドリンク仕入率,,,,
,,,,,,,,,,,"予実対比.FD仕入, 当月実績.売上（税抜）",仕入÷売上×100,FD仕入率: 予実対比.FD仕入 ÷ 当月実績.売上（税抜） × 100,FD分析（仕入率/原価率）.FD仕入率,,,,
,,,,,,,,設定値参照,,shop_inventories.amount（棚卸入力）,,マスタ参照,フード前月在庫高: shop_inventories.amount WHERE category = 'フード' AND year_month = target_month - 1,FD分析（仕入率/原価率）.フード前月在庫高,,,,
,,,,,,,,,,,,前月末在庫,フード当月在庫高: shop_inventories.amount WHERE category = 'フード' AND year_month = target_month,FD分析（仕入率/原価率）.フード当月在庫高,,,,
,,,,,,,,,,,,当月末在庫,ドリンク前月在庫高: shop_inventories.amount WHERE category = 'ドリンク' AND year_month = target_month - 1,FD分析（仕入率/原価率）.ドリンク前月在庫高,,,,
,,,,,,,,,,,,当月末在庫,ドリンク当月在庫高: shop_inventories.amount WHERE category = 'ドリンク' AND year_month = target_month,FD分析（仕入率/原価率）.ドリンク当月在庫高,,,,
,,,,,,,,,,,,前月末在庫,FD前月在庫高: shop_inventories.amount WHERE year_month = target_month - 1,FD分析（仕入率/原価率）.FD前月在庫高,,,,
,,,,,,,,,,,,当月末在庫,FD当月在庫高: shop_inventories.amount WHERE year_month = target_month,FD分析（仕入率/原価率）.FD当月在庫高,,,,
,,,,,,,,画面間演算,,t_items.sales_excluded,予実対比.フード売上,フード原価÷フード売上×100,フード原価率: 月次レポート.原価金額 ÷ 予実対比.フード売上 × 100,FD分析（仕入率/原価率）.フード原価率,,,,
,,,,,,,,,,z_totals.sales_excluded,予実対比.ドリンク売上,ドリンク原価÷ドリンク売上×100,ドリンク原価率: 月次レポート.原価金額 ÷ 予実対比.ドリンク売上 × 100,FD分析（仕入率/原価率）.ドリンク原価率,,,,
,,,,,,,,,,,当月実績.売上（税抜）,原価÷売上×100,FD原価率: 月次レポート.原価金額 ÷ 当月実績.売上（税抜） × 100,FD分析（仕入率/原価率）.FD原価率,,,,
4,FD分析（売上構成比）,分析画面,低,C,店舗月次,最高,L3-S,外部連携単独,TITEM.sales_excluded,head_office_item_sales_logs.sales_excluded,[外部]TITEM.sales_excluded,SUMフード,フード売上合計: SUM(TITEM.sales_excluded) WHERE category = 'フード',FD分析（売上構成比）.フード売上合計,,中期キャッシュ(30分-1時間),○,データ更新時
,,,,,,,,,,,,SUMドリンク,ドリンク売上合計: SUM(TITEM.sales_excluded) WHERE category = 'ドリンク',FD分析（売上構成比）.ドリンク売上合計,,,,
,,,,,,,,外部連携×外部連携,"TITEM.sales_excluded, ZTOTAL.sales_excluded","head_office_item_sales_logs.sales_excluded, head_office_connected_service_sales_logs.sales_excluded","予実対比.フード売上, 予実対比.ドリンク売上, 予実対比.総売上",FD÷総売上×100,FD売上構成比: (予実対比.フード売上 + 予実対比.ドリンク売上) ÷ 予実対比.総売上 × 100,FD分析（売上構成比）.FD売上構成比,,,,
5,売上進捗分析,分析画面,低,A,店舗月次,最高,L3-S,画面間×設定値,ZTOTAL.sales_excluded,"head_office_connected_service_sales_logs.sales_excluded, monthly_budgets.profit",月次予算設定.売上（税抜）,売上累計÷目標×100,売上進捗率: SUM(当月実績.売上（税抜）) ÷ 予算設定.予算金額 × 100,売上進捗分析.売上進捗率,,長期キャッシュ(1時間以上),◎,日次バッチ
,,,,,,,,,,,"売上進捗分析.売上進捗率（当月）, 売上進捗分析.売上進捗率（前月/前々月）",売上÷目標(前月比),売上進捗率比較（前月）: 当月実績.売上（税抜） ÷ 予算設定.予算金額 (前月データ),売上進捗分析.売上進捗率比較（前月）,,,,
,,,,,,,,,,,,売上÷目標(前々月比),売上進捗率比較（前々月）: 当月実績.売上（税抜） ÷ 予算設定.予算金額 (前々月データ),売上進捗分析.売上進捗率比較（前々月）,,,,
,,,,,,,,,,,,売上÷目標×100,売上達成率: 当月実績.売上（税抜） ÷ 予算設定.予算金額 × 100,売上進捗分析.売上達成率,,,,
6,年間予実対比（予実対比）,分析画面,高,S,店舗年次,最高,L3-S,外部連携単独,ZTOTAL.sales_excluded,head_office_connected_service_sales_logs.sales_excluded,[外部]ZTOTAL.sales_excluded,SUM,年間実績_総売上 計: SUM(ZTOTAL.sales_excluded) GROUP BY year,年間予実対比（予実対比）.年間実績_総売上 計,年間予実対比（予実対比）.営業利益,長期キャッシュ(1時間以上),◎,日次バッチ
,,,,,,,,,TITEM.sales_excluded,head_office_item_sales_logs.sales_excluded,[外部]TITEM.sales_excluded,SUMフード,年間実績_フード売上 計: SUM(TITEM.sales_excluded) WHERE category = 'フード' GROUP BY year,年間予実対比（予実対比）.年間実績_フード売上 計,,,,
,,,,,,,,,ZTOTAL.service_charge_1,z_totals.service_charge_1,[外部]ZTOTAL.service_charge_1,SUMドリンク,年間実績_ドリンク売上 計: SUM(TITEM.sales_excluded) WHERE category = 'ドリンク' GROUP BY year,年間予実対比（予実対比）.年間実績_ドリンク売上 計,,,,
,,,,,,,,,infomart_transactions.total_tax_excluded,infomart_transactions.total_tax_excluded,[外部]infomart_transactions.total_tax_excluded,SUM(その他かつ時間フィルタ),年間実績_その他売上 計: SUM(ZTOTAL.service_charge_1) GROUP BY year,年間予実対比（予実対比）.年間実績_その他売上 計,,,,
,,,,,,,,,head_office_connected_service_labor_costs_logs.labor_costs,head_office_connected_service_labor_costs_logs.labor_costs,[外部]head_office_connected_service_labor_costs_logs.labor_costs,SUMFD,年間実績_その他売上ランチ: SUM(TITEM.sales_excluded) WHERE category = 'その他' AND order_time BETWEEN 11:00 AND 15:00 GROUP BY year,年間予実対比（予実対比）.年間実績_その他売上ランチ,,,,
,,,,,,,,,head_office_employee_working_records.daily_cost,head_office_employee_working_records.daily_cost,[外部]head_office_employee_working_records.daily_cost,SUM月給者,年間実績_その他売上ディナー: SUM(TITEM.sales_excluded) WHERE category = 'その他' AND order_time BETWEEN 17:00 AND 23:00 GROUP BY year,年間予実対比（予実対比）.年間実績_その他売上ディナー,,,,
,,,,,,,,,,,,SUM(フードかつ時間フィルタ),年間実績_FD仕入 計: SUM(infomart_transactions.total_tax_excluded) WHERE category IN ('フード' 'ドリンク') GROUP BY year,年間予実対比（予実対比）.年間実績_FD仕入 計,,,,
,,,,,,,,,,,,SUM(ドリンクかつ時間フィルタ),年間実績_人件費 計: SUM(head_office_connected_service_labor_costs_logs.labor_costs) GROUP BY year,年間予実対比（予実対比）.年間実績_人件費 計,,,,
,,,,,,,,,,,,SUM,年間実績_社員人件費: SUM(head_office_connected_service_labor_costs_logs.labor_costs) WHERE employee_type = '月給者',年間予実対比（予実対比）.年間実績_社員人件費,,,,
,,,,,,,,,,,,SUMフード,年間実績_フード売上ランチ: SUM(TITEM.sales_excluded) WHERE category = 'フード' AND order_time BETWEEN 11:00 AND 15:00 GROUP BY year,年間予実対比（予実対比）.年間実績_フード売上ランチ,,,,
,,,,,,,,,,,,SUMフード,年間実績_フード売上ディナー: SUM(TITEM.sales_excluded) WHERE category = 'フード' AND order_time BETWEEN 17:00 AND 23:00 GROUP BY year,年間予実対比（予実対比）.年間実績_フード売上ディナー,,,,
,,,,,,,,,,,,SUMドリンク,年間実績_ドリンク売上ランチ: SUM(TITEM.sales_excluded) WHERE category = 'ドリンク' AND order_time BETWEEN 11:00 AND 15:00 GROUP BY year,年間予実対比（予実対比）.年間実績_ドリンク売上ランチ,,,,
,,,,,,,,,,,,SUMドリンク,年間実績_ドリンク売上ディナー: SUM(TITEM.sales_excluded) WHERE category = 'ドリンク' AND order_time BETWEEN 17:00 AND 23:00 GROUP BY year,年間予実対比（予実対比）.年間実績_ドリンク売上ディナー,,,,
,,,,,,,,,,,,SUMフード,年間実績_フード仕入: SUM(infomart_transactions.total_tax_excluded) WHERE category = 'フード' GROUP BY year,年間予実対比（予実対比）.年間実績_フード仕入,,,,
,,,,,,,,,,,,SUMドリンク,年間実績_ドリンク仕入: SUM(infomart_transactions.total_tax_excluded) WHERE category = 'ドリンク' GROUP BY year,年間予実対比（予実対比）.年間実績_ドリンク仕入,,,,
,,,,,,,,,,,,SUM商品別,年間実績_固定人件費: SUM(head_office_connected_service_labor_costs_logs.labor_costs) WHERE employee_type = '月給者' GROUP BY year,年間予実対比（予実対比）.年間実績_固定人件費,,,,
,,,,,,,,,,,,SUM商品別,年間実績_PA人件費: SUM(head_office_employee_working_records.daily_cost) GROUP BY year,年間予実対比（予実対比）.年間実績_PA人件費,,,,
,,,,,,,,外部連携×外部連携,"infomart_transactions.total_tax_excluded, head_office_connected_service_labor_costs_logs.labor_costs","infomart_transactions.total_tax_excluded, head_office_connected_service_labor_costs_logs.labor_costs",[外部]勤怠連携（KOT/ジョブカン）.ヘルプ人件費,SUM,年間実績_FLコスト 計: SUM(infomart_transactions.total_tax_excluded) + SUM(head_office_connected_service_labor_costs_logs.labor_costs) GROUP BY year,年間予実対比（予実対比）.年間実績_FLコスト 計,年間予実対比（予実対比）.営業利益,,,
,,,,,,,,,"help_costs, help_costs_minus","head_office_connected_service_labor_costs_logs.help_costs, head_office_connected_service_labor_costs_logs.help_costs_minus",,help_costs-help_costs_minus,年間実績_ヘルプ人件費: 店舗別人件費.ヘルプ人件費 - 店舗別人件費.ヘルプ人件費マイナス,年間予実対比（予実対比）.年間実績_ヘルプ人件費,,,,
,,,,,,,,設定値参照,,monthly_costs.value,月次予算設定.年間総売上,SUM,年間実績_その他経費 計: SUM(monthly_costs.value) WHERE cost_type = '経費' GROUP BY year,年間予実対比（予実対比）.年間実績_その他経費 計,年間予実対比（予実対比）.営業利益,,,
,,,,,,,,,,monthly_budgets.target_sales,,費目フィルタ,年間実績_ラクミー利用料: monthly_costs.value WHERE cost_item = 'ラクミー利用料',年間予実対比（予実対比）.年間実績_ラクミー利用料,,,,
,,,,,,,,,,,,費目=家賃,年間実績_IT費用: monthly_costs.value WHERE cost_item = 'IT費用',年間予実対比（予実対比）.年間実績_IT費用,,,,
,,,,,,,,,,,,費目=資材費,年間実績_お花代: monthly_costs.value WHERE cost_item = 'お花代',年間予実対比（予実対比）.年間実績_お花代,,,,
,,,,,,,,,,,,費目=水道光熱費,年間実績_ガス代: monthly_costs.value WHERE cost_item = 'ガス代',年間予実対比（予実対比）.年間実績_ガス代,,,,
,,,,,,,,,,,,費目=減価償却費,年間実績_クレジットカード手数料: monthly_costs.value WHERE cost_item = 'クレジットカード手数料',年間予実対比（予実対比）.年間実績_クレジットカード手数料,,,,
,,,,,,,,,,,,費目=販促費,年間実績_レジ利用料: monthly_costs.value WHERE cost_item = 'レジ利用料',年間予実対比（予実対比）.年間実績_レジ利用料,,,,
,,,,,,,,,,,,SUM月次予算,年間実績_借入金返済: monthly_costs.value WHERE cost_item = '借入金返済',年間予実対比（予実対比）.年間実績_借入金返済,,,,
,,,,,,,,,,,,データ取得,年間実績_家賃（変動分）: monthly_costs.value WHERE cost_item = '家賃(変動分)',年間予実対比（予実対比）.年間実績_家賃（変動分）,,,,
,,,,,,,,,,,,データ取得,年間実績_水道代: monthly_costs.value WHERE cost_item = '水道代',年間予実対比（予実対比）.年間実績_水道代,,,,
,,,,,,,,,,,,データ取得,年間実績_電気代: monthly_costs.value WHERE cost_item = '電気代',年間予実対比（予実対比）.年間実績_電気代,,,,
,,,,,,,,,,,,データ取得,年間実績_地代家賃: monthly_costs.value WHERE cost_item = '家賃' GROUP BY year,年間予実対比（予実対比）.年間実績_地代家賃,,,,
,,,,,,,,,,,,データ取得,年間実績_資材費: monthly_costs.value WHERE cost_item = '資材費' GROUP BY year,年間予実対比（予実対比）.年間実績_資材費,,,,
,,,,,,,,,,,,データ取得,年間実績_水道光熱費: monthly_costs.value WHERE cost_item = '水道光熱費' GROUP BY year,年間予実対比（予実対比）.年間実績_水道光熱費,,,,
,,,,,,,,,,,,データ取得,年間実績_減価償却費: monthly_costs.value WHERE cost_item = '減価償却費' GROUP BY year,年間予実対比（予実対比）.年間実績_減価償却費,,,,
,,,,,,,,,,,,データ取得,年間実績_販促費: monthly_costs.value WHERE cost_item = '販促費' GROUP BY year,年間予実対比（予実対比）.年間実績_販促費,,,,
,,,,,,,,,,,,SUM商品別,年間予算_総売上 計: SUM(monthly_budgets.target_sales) GROUP BY year,年間予実対比（予実対比）.年間予算_総売上 計,,,,
,,,,,,,,設定値集計,,monthly_cost_items.value(固定人件費),月次予算設定.年間固定人件費,SUM(費用設定.固定人件費予算) GROUP BY year,年間予算_固定人件費: 固定人件費予算,年間予実対比（予実対比）.年間予算_固定人件費,,,,
,,,,,,,,,,monthly_cost_items.value(社員人件費),月次予算設定.年間社員人件費,SUM(費用設定.社員人件費予算) GROUP BY year,年間予算_社員人件費: 社員人件費予算,年間予実対比（予実対比）.年間予算_社員人件費,,,,
,,,,,,,,,,monthly_cost_items.value(ヘルプ人件費),月次予算設定.年間ヘルプ人件費,SUM(費用設定.ヘルプ人件費予算) GROUP BY year,年間予算_ヘルプ人件費: ヘルプ人件費予算,年間予実対比（予実対比）.年間予算_ヘルプ人件費,,,,
,,,,,,,,,,monthly_cost_items.value(その他経費),月次予算設定.年間その他経費,SUM(費用設定.その他経費予算) GROUP BY year,年間予算_その他経費 計: その他経費予算合計,年間予実対比（予実対比）.年間予算_その他経費 計,,,,
,,,,,,,,,,monthly_cost_items.value(地代家賃),月次予算設定.年間地代家賃,SUM(費用設定.地代家賃予算) GROUP BY year,年間予算_地代家賃: 地代家賃予算,年間予実対比（予実対比）.年間予算_地代家賃,,,,
,,,,,,,,,,monthly_cost_items.value(家賃変動分),月次予算設定.年間家賃（変動分）,SUM(費用設定.家賃（変動分）予算) GROUP BY year,年間予算_家賃（変動分）: 家賃（変動分）予算,年間予実対比（予実対比）.年間予算_家賃（変動分）,,,,
,,,,,,,,,,monthly_cost_items.value(水道光熱費),月次予算設定.年間水道光熱費,SUM(費用設定.水道光熱費予算) GROUP BY year,年間予算_水道光熱費: 水道光熱費予算,年間予実対比（予実対比）.年間予算_水道光熱費,,,,
,,,,,,,,,,monthly_cost_items.value(電気代),月次予算設定.年間電気代,SUM(費用設定.電気代予算) GROUP BY year,年間予算_電気代: 電気代予算,年間予実対比（予実対比）.年間予算_電気代,,,,
,,,,,,,,,,monthly_cost_items.value(ガス代),月次予算設定.年間ガス代,SUM(費用設定.ガス代予算) GROUP BY year,年間予算_ガス代: ガス代予算,年間予実対比（予実対比）.年間予算_ガス代,,,,
,,,,,,,,,,monthly_cost_items.value(水道代),月次予算設定.年間水道代,SUM(費用設定.水道代予算) GROUP BY year,年間予算_水道代: 水道代予算,年間予実対比（予実対比）.年間予算_水道代,,,,
,,,,,,,,,,monthly_cost_items.value(減価償却費),月次予算設定.年間減価償却費,SUM(費用設定.減価償却費予算) GROUP BY year,年間予算_減価償却費: 減価償却費予算,年間予実対比（予実対比）.年間予算_減価償却費,,,,
,,,,,,,,,,monthly_cost_items.value(販促費),月次予算設定.年間販促費,SUM(費用設定.販促費予算) GROUP BY year,年間予算_販促費: 販促費予算,年間予実対比（予実対比）.年間予算_販促費,,,,
,,,,,,,,,,monthly_cost_items.value(資材費),月次予算設定.年間資材費,SUM(費用設定.資材費予算) GROUP BY year,年間予算_資材費: 資材費予算,年間予実対比（予実対比）.年間予算_資材費,,,,
,,,,,,,,,,monthly_cost_items.value(借入金返済),月次予算設定.年間借入金返済,SUM(費用設定.借入金返済予算) GROUP BY year,年間予算_借入金返済: 借入金返済予算,年間予実対比（予実対比）.年間予算_借入金返済,,,,
,,,,,,,,,,monthly_cost_items.value(IT費用),月次予算設定.年間IT費用,SUM(費用設定.IT費用予算) GROUP BY year,年間予算_IT費用: IT費用予算,年間予実対比（予実対比）.年間予算_IT費用,,,,
,,,,,,,,,,monthly_cost_items.value(ラクミー利用料),月次予算設定.年間ラクミー利用料,SUM(費用設定.ラクミー利用料予算) GROUP BY year,年間予算_ラクミー利用料: ラクミー利用料予算,年間予実対比（予実対比）.年間予算_ラクミー利用料,,,,
,,,,,,,,,,monthly_cost_items.value(レジ利用料),月次予算設定.年間レジ利用料,SUM(費用設定.レジ利用料予算) GROUP BY year,年間予算_レジ利用料: レジ利用料予算,年間予実対比（予実対比）.年間予算_レジ利用料,,,,
,,,,,,,,,,monthly_cost_items.value(クレジットカード手数料),月次予算設定.年間クレジットカード手数料,SUM(費用設定.クレジットカード手数料予算) GROUP BY year,年間予算_クレジットカード手数料: クレジットカード手数料予算,年間予実対比（予実対比）.年間予算_クレジットカード手数料,,,,
,,,,,,,,,,monthly_cost_items.value(お花代),月次予算設定.年間お花代,SUM(費用設定.お花代予算) GROUP BY year,年間予算_お花代: お花代予算,年間予実対比（予実対比）.年間予算_お花代,,,,
,,,,,,,,画面内演算,,,"年間予実対比（予実対比）.年間予算_FD仕入 計, 年間予実対比（予実対比）.年間予算_人件費 計",年間予算_FD仕入 計 + 年間予算_人件費 計,年間予算_FLコスト 計: FD仕入予算 + 人件費予算,年間予実対比（予実対比）.年間予算_FLコスト 計,,,,
,,,,,,,,,,,"年間予実対比（予実対比）.年間予算_総売上 計, 年間予実対比（予実対比）.年間予算_FLコスト 計, 年間予実対比（予実対比）.年間予算_その他経費 計",年間予算_総売上 計 - 年間予算_FLコスト 計 - 年間予算_その他経費 計,年間予算_営業利益: 予算_総売上 - 予算_FLコスト - 予算_その他経費,年間予実対比（予実対比）.年間予算_営業利益,,,,
,,,,,,,,,,,"年間予実対比（予実対比）.年間実績_総売上 計, 年間予実対比（予実対比）.年間予算_総売上 計",年間実績_総売上 計 - 年間予算_総売上 計,年間予実差額_総売上 計: 実績 - 予算,年間予実対比（予実対比）.年間予実差額_総売上 計,,,,
,,,,,,,,,,,"年間予実対比（予実対比）.年間実績_フード売上 計, 年間予実対比（予実対比）.年間予算_フード売上 計",年間実績_フード売上 計 - 年間予算_フード売上 計,年間予実差額_フード売上 計: 実績 - 予算,年間予実対比（予実対比）.年間予実差額_フード売上 計,,,,
,,,,,,,,,,,"年間予実対比（予実対比）.年間実績_フード売上ランチ, 年間予実対比（予実対比）.年間予算_フード売上ランチ",年間実績_フード売上ランチ - 年間予算_フード売上ランチ,年間予実差額_フード売上ランチ: 実績 - 予算,年間予実対比（予実対比）.年間予実差額_フード売上ランチ,,,,
,,,,,,,,,,,"年間予実対比（予実対比）.年間実績_フード売上ディナー, 年間予実対比（予実対比）.年間予算_フード売上ディナー",年間実績_フード売上ディナー - 年間予算_フード売上ディナー,年間予実差額_フード売上ディナー: 実績 - 予算,年間予実対比（予実対比）.年間予実差額_フード売上ディナー,,,,
,,,,,,,,,,,"年間予実対比（予実対比）.年間実績_ドリンク売上 計, 年間予実対比（予実対比）.年間予算_ドリンク売上 計",年間実績_ドリンク売上 計 - 年間予算_ドリンク売上 計,年間予実差額_ドリンク売上 計: 実績 - 予算,年間予実対比（予実対比）.年間予実差額_ドリンク売上 計,,,,
,,,,,,,,,,,"年間予実対比（予実対比）.年間実績_ドリンク売上ランチ, 年間予実対比（予実対比）.年間予算_ドリンク売上ランチ",年間実績_ドリンク売上ランチ - 年間予算_ドリンク売上ランチ,年間予実差額_ドリンク売上ランチ: 実績 - 予算,年間予実対比（予実対比）.年間予実差額_ドリンク売上ランチ,,,,
,,,,,,,,,,,"年間予実対比（予実対比）.年間実績_ドリンク売上ディナー, 年間予実対比（予実対比）.年間予算_ドリンク売上ディナー",年間実績_ドリンク売上ディナー - 年間予算_ドリンク売上ディナー,年間予実差額_ドリンク売上ディナー: 実績 - 予算,年間予実対比（予実対比）.年間予実差額_ドリンク売上ディナー,,,,
,,,,,,,,,,,"年間予実対比（予実対比）.年間実績_その他売上 計, 年間予実対比（予実対比）.年間予算_その他売上 計",年間実績_その他売上 計 - 年間予算_その他売上 計,年間予実差額_その他売上 計: 実績 - 予算,年間予実対比（予実対比）.年間予実差額_その他売上 計,,,,
,,,,,,,,,,,"年間予実対比（予実対比）.年間実績_その他売上ランチ, 年間予実対比（予実対比）.年間予算_その他売上ランチ",年間実績_その他売上ランチ - 年間予算_その他売上ランチ,年間予実差額_その他売上ランチ: 実績 - 予算,年間予実対比（予実対比）.年間予実差額_その他売上ランチ,,,,
,,,,,,,,,,,"年間予実対比（予実対比）.年間実績_その他売上ディナー, 年間予実対比（予実対比）.年間予算_その他売上ディナー",年間実績_その他売上ディナー - 年間予算_その他売上ディナー,年間予実差額_その他売上ディナー: 実績 - 予算,年間予実対比（予実対比）.年間予実差額_その他売上ディナー,,,,
,,,,,,,,,,,"年間予実対比（予実対比）.年間実績_FLコスト 計, 年間予実対比（予実対比）.年間予算_FLコスト 計",年間実績_FLコスト 計 - 年間予算_FLコスト 計,年間予実差額_FLコスト 計: 実績 - 予算,年間予実対比（予実対比）.年間予実差額_FLコスト 計,,,,
,,,,,,,,,,,"年間予実対比（予実対比）.年間実績_FD仕入 計, 年間予実対比（予実対比）.年間予算_FD仕入 計",年間実績_FD仕入 計 - 年間予算_FD仕入 計,年間予実差額_FD仕入 計: 実績 - 予算,年間予実対比（予実対比）.年間予実差額_FD仕入 計,,,,
,,,,,,,,,,,"年間予実対比（予実対比）.年間実績_フード仕入, 年間予実対比（予実対比）.年間予算_フード仕入",年間実績_フード仕入 - 年間予算_フード仕入,年間予実差額_フード仕入: 実績 - 予算,年間予実対比（予実対比）.年間予実差額_フード仕入,,,,
,,,,,,,,,,,"年間予実対比（予実対比）.年間実績_ドリンク仕入, 年間予実対比（予実対比）.年間予算_ドリンク仕入",年間実績_ドリンク仕入 - 年間予算_ドリンク仕入,年間予実差額_ドリンク仕入: 実績 - 予算,年間予実対比（予実対比）.年間予実差額_ドリンク仕入,,,,
,,,,,,,,,,,"年間予実対比（予実対比）.年間実績_人件費 計, 年間予実対比（予実対比）.年間予算_人件費 計",年間実績_人件費 計 - 年間予算_人件費 計,年間予実差額_人件費 計: 実績 - 予算,年間予実対比（予実対比）.年間予実差額_人件費 計,,,,
,,,,,,,,,,,"年間予実対比（予実対比）.年間実績_固定人件費, 年間予実対比（予実対比）.年間予算_固定人件費",年間実績_固定人件費 - 年間予算_固定人件費,年間予実差額_固定人件費: 実績 - 予算,年間予実対比（予実対比）.年間予実差額_固定人件費,,,,
,,,,,,,,,,,"年間予実対比（予実対比）.年間実績_PA人件費, 年間予実対比（予実対比）.年間予算_PA人件費",年間実績_PA人件費 - 年間予算_PA人件費,年間予実差額_PA人件費: 実績 - 予算,年間予実対比（予実対比）.年間予実差額_PA人件費,,,,
,,,,,,,,,,,"年間予実対比（予実対比）.年間実績_社員人件費, 年間予実対比（予実対比）.年間予算_社員人件費",年間実績_社員人件費 - 年間予算_社員人件費,年間予実差額_社員人件費: 実績 - 予算,年間予実対比（予実対比）.年間予実差額_社員人件費,,,,
,,,,,,,,,,,"年間予実対比（予実対比）.年間実績_ヘルプ人件費, 年間予実対比（予実対比）.年間予算_ヘルプ人件費",年間実績_ヘルプ人件費 - 年間予算_ヘルプ人件費,年間予実差額_ヘルプ人件費: 実績 - 予算,年間予実対比（予実対比）.年間予実差額_ヘルプ人件費,,,,
,,,,,,,,,,,"年間予実対比（予実対比）.年間実績_その他経費 計, 年間予実対比（予実対比）.年間予算_その他経費 計",年間実績_その他経費 計 - 年間予算_その他経費 計,年間予実差額_その他経費 計: 実績 - 予算,年間予実対比（予実対比）.年間予実差額_その他経費 計,,,,
,,,,,,,,,,,"年間予実対比（予実対比）.年間実績_地代家賃, 年間予実対比（予実対比）.年間予算_地代家賃",年間実績_地代家賃 - 年間予算_地代家賃,年間予実差額_地代家賃: 実績 - 予算,年間予実対比（予実対比）.年間予実差額_地代家賃,,,,
,,,,,,,,,,,"年間予実対比（予実対比）.年間実績_家賃（変動分）, 年間予実対比（予実対比）.年間予算_家賃（変動分）",年間実績_家賃（変動分） - 年間予算_家賃（変動分）,年間予実差額_家賃（変動分）: 実績 - 予算,年間予実対比（予実対比）.年間予実差額_家賃（変動分）,,,,
,,,,,,,,,,,"年間予実対比（予実対比）.年間実績_水道光熱費, 年間予実対比（予実対比）.年間予算_水道光熱費",年間実績_水道光熱費 - 年間予算_水道光熱費,年間予実差額_水道光熱費: 実績 - 予算,年間予実対比（予実対比）.年間予実差額_水道光熱費,,,,
,,,,,,,,,,,"年間予実対比（予実対比）.年間実績_電気代, 年間予実対比（予実対比）.年間予算_電気代",年間実績_電気代 - 年間予算_電気代,年間予実差額_電気代: 実績 - 予算,年間予実対比（予実対比）.年間予実差額_電気代,,,,
,,,,,,,,,,,"年間予実対比（予実対比）.年間実績_ガス代, 年間予実対比（予実対比）.年間予算_ガス代",年間実績_ガス代 - 年間予算_ガス代,年間予実差額_ガス代: 実績 - 予算,年間予実対比（予実対比）.年間予実差額_ガス代,,,,
,,,,,,,,,,,"年間予実対比（予実対比）.年間実績_水道代, 年間予実対比（予実対比）.年間予算_水道代",年間実績_水道代 - 年間予算_水道代,年間予実差額_水道代: 実績 - 予算,年間予実対比（予実対比）.年間予実差額_水道代,,,,
,,,,,,,,,,,"年間予実対比（予実対比）.年間実績_減価償却費, 年間予実対比（予実対比）.年間予算_減価償却費",年間実績_減価償却費 - 年間予算_減価償却費,年間予実差額_減価償却費: 実績 - 予算,年間予実対比（予実対比）.年間予実差額_減価償却費,,,,
,,,,,,,,,,,"年間予実対比（予実対比）.年間実績_販促費, 年間予実対比（予実対比）.年間予算_販促費",年間実績_販促費 - 年間予算_販促費,年間予実差額_販促費: 実績 - 予算,年間予実対比（予実対比）.年間予実差額_販促費,,,,
,,,,,,,,,,,"年間予実対比（予実対比）.年間実績_資材費, 年間予実対比（予実対比）.年間予算_資材費",年間実績_資材費 - 年間予算_資材費,年間予実差額_資材費: 実績 - 予算,年間予実対比（予実対比）.年間予実差額_資材費,,,,
,,,,,,,,,,,"年間予実対比（予実対比）.年間実績_借入金返済, 年間予実対比（予実対比）.年間予算_借入金返済",年間実績_借入金返済 - 年間予算_借入金返済,年間予実差額_借入金返済: 実績 - 予算,年間予実対比（予実対比）.年間予実差額_借入金返済,,,,
,,,,,,,,,,,"年間予実対比（予実対比）.年間実績_IT費用, 年間予実対比（予実対比）.年間予算_IT費用",年間実績_IT費用 - 年間予算_IT費用,年間予実差額_IT費用: 実績 - 予算,年間予実対比（予実対比）.年間予実差額_IT費用,,,,
,,,,,,,,,,,"年間予実対比（予実対比）.年間実績_ラクミー利用料, 年間予実対比（予実対比）.年間予算_ラクミー利用料",年間実績_ラクミー利用料 - 年間予算_ラクミー利用料,年間予実差額_ラクミー利用料: 実績 - 予算,年間予実対比（予実対比）.年間予実差額_ラクミー利用料,,,,
,,,,,,,,,,,"年間予実対比（予実対比）.年間実績_レジ利用料, 年間予実対比（予実対比）.年間予算_レジ利用料",年間実績_レジ利用料 - 年間予算_レジ利用料,年間予実差額_レジ利用料: 実績 - 予算,年間予実対比（予実対比）.年間予実差額_レジ利用料,,,,
,,,,,,,,,,,"年間予実対比（予実対比）.年間実績_クレジットカード手数料, 年間予実対比（予実対比）.年間予算_クレジットカード手数料",年間実績_クレジットカード手数料 - 年間予算_クレジットカード手数料,年間予実差額_クレジットカード手数料: 実績 - 予算,年間予実対比（予実対比）.年間予実差額_クレジットカード手数料,,,,
,,,,,,,,,,,"年間予実対比（予実対比）.年間実績_お花代, 年間予実対比（予実対比）.年間予算_お花代",年間実績_お花代 - 年間予算_お花代,年間予実差額_お花代: 実績 - 予算,年間予実対比（予実対比）.年間予実差額_お花代,,,,
,,,,,,,,,,,"年間予実対比（予実対比）.年間実績_営業利益, 年間予実対比（予実対比）.年間予算_営業利益",年間実績_営業利益 - 年間予算_営業利益,年間予実差額_営業利益: 実績 - 予算,年間予実対比（予実対比）.年間予実差額_営業利益,,,,
,,,,,,,,,,,"年間予実対比（予実対比）.年間予算_総売上 計, 年間予実対比（予実対比）.年間予算_総売上 計",年間実績_総売上 計 ÷ 年間予算_総売上 計 × 100,年間予算対比率_総売上 計: 実績 / 予算 × 100,年間予実対比（予実対比）.年間予算対比率_総売上 計,,,,
,,,,,,,,,,,"年間予実対比（予実対比）.年間予算_フード売上 計, 年間予実対比（予実対比）.年間予算_総売上 計",年間実績_フード売上 計 ÷ 年間予算_フード売上 計 × 100,年間予算対比率_フード売上 計: 実績 / 予算 × 100,年間予実対比（予実対比）.年間予算対比率_フード売上 計,,,,
,,,,,,,,,,,"年間予実対比（予実対比）.年間予算_フード売上ランチ, 年間予実対比（予実対比）.年間予算_総売上 計",年間実績_フード売上ランチ ÷ 年間予算_フード売上ランチ × 100,年間予算対比率_フード売上ランチ: 実績 / 予算 × 100,年間予実対比（予実対比）.年間予算対比率_フード売上ランチ,,,,
,,,,,,,,,,,"年間予実対比（予実対比）.年間予算_フード売上ディナー, 年間予実対比（予実対比）.年間予算_総売上 計",年間実績_フード売上ディナー ÷ 年間予算_フード売上ディナー × 100,年間予算対比率_フード売上ディナー: 実績 / 予算 × 100,年間予実対比（予実対比）.年間予算対比率_フード売上ディナー,,,,
,,,,,,,,,,,"年間予実対比（予実対比）.年間予算_ドリンク売上 計, 年間予実対比（予実対比）.年間予算_総売上 計",年間実績_ドリンク売上 計 ÷ 年間予算_ドリンク売上 計 × 100,年間予算対比率_ドリンク売上 計: 実績 / 予算 × 100,年間予実対比（予実対比）.年間予算対比率_ドリンク売上 計,,,,
,,,,,,,,,,,"年間予実対比（予実対比）.年間予算_ドリンク売上ランチ, 年間予実対比（予実対比）.年間予算_総売上 計",年間実績_ドリンク売上ランチ ÷ 年間予算_ドリンク売上ランチ × 100,年間予算対比率_ドリンク売上ランチ: 実績 / 予算 × 100,年間予実対比（予実対比）.年間予算対比率_ドリンク売上ランチ,,,,
,,,,,,,,,,,"年間予実対比（予実対比）.年間予算_ドリンク売上ディナー, 年間予実対比（予実対比）.年間予算_総売上 計",年間実績_ドリンク売上ディナー ÷ 年間予算_ドリンク売上ディナー × 100,年間予算対比率_ドリンク売上ディナー: 実績 / 予算 × 100,年間予実対比（予実対比）.年間予算対比率_ドリンク売上ディナー,,,,
,,,,,,,,,,,"年間予実対比（予実対比）.年間予算_その他売上 計, 年間予実対比（予実対比）.年間予算_総売上 計",年間実績_その他売上 計 ÷ 年間予算_その他売上 計 × 100,年間予算対比率_その他売上 計: 実績 / 予算 × 100,年間予実対比（予実対比）.年間予算対比率_その他売上 計,,,,
,,,,,,,,,,,"年間予実対比（予実対比）.年間予算_その他売上ランチ, 年間予実対比（予実対比）.年間予算_総売上 計",年間実績_その他売上ランチ ÷ 年間予算_その他売上ランチ × 100,年間予算対比率_その他売上ランチ: 実績 / 予算 × 100,年間予実対比（予実対比）.年間予算対比率_その他売上ランチ,,,,
,,,,,,,,,,,"年間予実対比（予実対比）.年間予算_その他売上ディナー, 年間予実対比（予実対比）.年間予算_総売上 計",年間実績_その他売上ディナー ÷ 年間予算_その他売上ディナー × 100,年間予算対比率_その他売上ディナー: 実績 / 予算 × 100,年間予実対比（予実対比）.年間予算対比率_その他売上ディナー,,,,
,,,,,,,,,,,"年間予実対比（予実対比）.年間予算_FLコスト 計, 年間予実対比（予実対比）.年間予算_総売上 計",年間実績_FLコスト 計 ÷ 年間予算_FLコスト 計 × 100,年間予算対比率_FLコスト 計: 実績 / 予算 × 100,年間予実対比（予実対比）.年間予算対比率_FLコスト 計,,,,
,,,,,,,,,,,"年間予実対比（予実対比）.年間予算_FD仕入 計, 年間予実対比（予実対比）.年間予算_総売上 計",年間実績_FD仕入 計 ÷ 年間予算_FD仕入 計 × 100,年間予算対比率_FD仕入 計: 実績 / 予算 × 100,年間予実対比（予実対比）.年間予算対比率_FD仕入 計,,,,
,,,,,,,,,,,"年間予実対比（予実対比）.年間予算_フード仕入, 年間予実対比（予実対比）.年間予算_総売上 計",年間実績_フード仕入 ÷ 年間予算_フード仕入 × 100,年間予算対比率_フード仕入: 実績 / 予算 × 100,年間予実対比（予実対比）.年間予算対比率_フード仕入,,,,
,,,,,,,,,,,"年間予実対比（予実対比）.年間予算_ドリンク仕入, 年間予実対比（予実対比）.年間予算_総売上 計",年間実績_ドリンク仕入 ÷ 年間予算_ドリンク仕入 × 100,年間予算対比率_ドリンク仕入: 実績 / 予算 × 100,年間予実対比（予実対比）.年間予算対比率_ドリンク仕入,,,,
,,,,,,,,,,,"年間予実対比（予実対比）.年間予算_人件費 計, 年間予実対比（予実対比）.年間予算_総売上 計",年間実績_人件費 計 ÷ 年間予算_人件費 計 × 100,年間予算対比率_人件費 計: 実績 / 予算 × 100,年間予実対比（予実対比）.年間予算対比率_人件費 計,,,,
,,,,,,,,,,,"年間予実対比（予実対比）.年間予算_固定人件費, 年間予実対比（予実対比）.年間予算_総売上 計",年間実績_固定人件費 ÷ 年間予算_固定人件費 × 100,年間予算対比率_固定人件費: 実績 / 予算 × 100,年間予実対比（予実対比）.年間予算対比率_固定人件費,,,,
,,,,,,,,,,,"年間予実対比（予実対比）.年間予算_PA人件費, 年間予実対比（予実対比）.年間予算_総売上 計",年間実績_PA人件費 ÷ 年間予算_PA人件費 × 100,年間予算対比率_PA人件費: 実績 / 予算 × 100,年間予実対比（予実対比）.年間予算対比率_PA人件費,,,,
,,,,,,,,,,,"年間予実対比（予実対比）.年間予算_社員人件費, 年間予実対比（予実対比）.年間予算_総売上 計",年間実績_社員人件費 ÷ 年間予算_社員人件費 × 100,年間予算対比率_社員人件費: 実績 / 予算 × 100,年間予実対比（予実対比）.年間予算対比率_社員人件費,,,,
,,,,,,,,,,,"年間予実対比（予実対比）.年間予算_ヘルプ人件費, 年間予実対比（予実対比）.年間予算_総売上 計",年間実績_ヘルプ人件費 ÷ 年間予算_ヘルプ人件費 × 100,年間予算対比率_ヘルプ人件費: 実績 / 予算 × 100,年間予実対比（予実対比）.年間予算対比率_ヘルプ人件費,,,,
,,,,,,,,,,,"年間予実対比（予実対比）.年間予算_その他経費 計, 年間予実対比（予実対比）.年間予算_総売上 計",年間実績_その他経費 計 ÷ 年間予算_その他経費 計 × 100,年間予算対比率_その他経費 計: 実績 / 予算 × 100,年間予実対比（予実対比）.年間予算対比率_その他経費 計,,,,
,,,,,,,,,,,"年間予実対比（予実対比）.年間予算_地代家賃, 年間予実対比（予実対比）.年間予算_総売上 計",年間実績_地代家賃 ÷ 年間予算_地代家賃 × 100,年間予算対比率_地代家賃: 実績 / 予算 × 100,年間予実対比（予実対比）.年間予算対比率_地代家賃,,,,
,,,,,,,,,,,"年間予実対比（予実対比）.年間予算_家賃（変動分）, 年間予実対比（予実対比）.年間予算_総売上 計",年間実績_家賃（変動分） ÷ 年間予算_家賃（変動分） × 100,年間予算対比率_家賃（変動分）: 実績 / 予算 × 100,年間予実対比（予実対比）.年間予算対比率_家賃（変動分）,,,,
,,,,,,,,,,,"年間予実対比（予実対比）.年間予算_水道光熱費, 年間予実対比（予実対比）.年間予算_総売上 計",年間実績_水道光熱費 ÷ 年間予算_水道光熱費 × 100,年間予算対比率_水道光熱費: 実績 / 予算 × 100,年間予実対比（予実対比）.年間予算対比率_水道光熱費,,,,
,,,,,,,,,,,"年間予実対比（予実対比）.年間予算_電気代, 年間予実対比（予実対比）.年間予算_総売上 計",年間実績_電気代 ÷ 年間予算_電気代 × 100,年間予算対比率_電気代: 実績 / 予算 × 100,年間予実対比（予実対比）.年間予算対比率_電気代,,,,
,,,,,,,,,,,"年間予実対比（予実対比）.年間予算_ガス代, 年間予実対比（予実対比）.年間予算_総売上 計",年間実績_ガス代 ÷ 年間予算_ガス代 × 100,年間予算対比率_ガス代: 実績 / 予算 × 100,年間予実対比（予実対比）.年間予算対比率_ガス代,,,,
,,,,,,,,,,,"年間予実対比（予実対比）.年間予算_水道代, 年間予実対比（予実対比）.年間予算_総売上 計",年間実績_水道代 ÷ 年間予算_水道代 × 100,年間予算対比率_水道代: 実績 / 予算 × 100,年間予実対比（予実対比）.年間予算対比率_水道代,,,,
,,,,,,,,,,,"年間予実対比（予実対比）.年間予算_減価償却費, 年間予実対比（予実対比）.年間予算_総売上 計",年間実績_減価償却費 ÷ 年間予算_減価償却費 × 100,年間予算対比率_減価償却費: 実績 / 予算 × 100,年間予実対比（予実対比）.年間予算対比率_減価償却費,,,,
,,,,,,,,,,,"年間予実対比（予実対比）.年間予算_販促費, 年間予実対比（予実対比）.年間予算_総売上 計",年間実績_販促費 ÷ 年間予算_販促費 × 100,年間予算対比率_販促費: 実績 / 予算 × 100,年間予実対比（予実対比）.年間予算対比率_販促費,,,,
,,,,,,,,,,,"年間予実対比（予実対比）.年間予算_資材費, 年間予実対比（予実対比）.年間予算_総売上 計",年間実績_資材費 ÷ 年間予算_資材費 × 100,年間予算対比率_資材費: 実績 / 予算 × 100,年間予実対比（予実対比）.年間予算対比率_資材費,,,,
,,,,,,,,,,,"年間予実対比（予実対比）.年間予算_借入金返済, 年間予実対比（予実対比）.年間予算_総売上 計",年間実績_借入金返済 ÷ 年間予算_借入金返済 × 100,年間予算対比率_借入金返済: 実績 / 予算 × 100,年間予実対比（予実対比）.年間予算対比率_借入金返済,,,,
,,,,,,,,,,,"年間予実対比（予実対比）.年間予算_IT費用, 年間予実対比（予実対比）.年間予算_総売上 計",年間実績_IT費用 ÷ 年間予算_IT費用 × 100,年間予算対比率_IT費用: 実績 / 予算 × 100,年間予実対比（予実対比）.年間予算対比率_IT費用,,,,
,,,,,,,,,,,"年間予実対比（予実対比）.年間予算_ラクミー利用料, 年間予実対比（予実対比）.年間予算_総売上 計",年間実績_ラクミー利用料 ÷ 年間予算_ラクミー利用料 × 100,年間予算対比率_ラクミー利用料: 実績 / 予算 × 100,年間予実対比（予実対比）.年間予算対比率_ラクミー利用料,,,,
,,,,,,,,,,,"年間予実対比（予実対比）.年間予算_レジ利用料, 年間予実対比（予実対比）.年間予算_総売上 計",年間実績_レジ利用料 ÷ 年間予算_レジ利用料 × 100,年間予算対比率_レジ利用料: 実績 / 予算 × 100,年間予実対比（予実対比）.年間予算対比率_レジ利用料,,,,
,,,,,,,,,,,"年間予実対比（予実対比）.年間予算_クレジットカード手数料, 年間予実対比（予実対比）.年間予算_総売上 計",年間実績_クレジットカード手数料 ÷ 年間予算_クレジットカード手数料 × 100,年間予算対比率_クレジットカード手数料: 実績 / 予算 × 100,年間予実対比（予実対比）.年間予算対比率_クレジットカード手数料,,,,
,,,,,,,,,,,"年間予実対比（予実対比）.年間予算_お花代, 年間予実対比（予実対比）.年間予算_総売上 計",年間実績_お花代 ÷ 年間予算_お花代 × 100,年間予算対比率_お花代: 実績 / 予算 × 100,年間予実対比（予実対比）.年間予算対比率_お花代,,,,
,,,,,,,,,,,"年間予実対比（予実対比）.年間予算_営業利益, 年間予実対比（予実対比）.年間予算_総売上 計",年間実績_営業利益 ÷ 年間予算_営業利益 × 100,年間予算対比率_営業利益: 実績 / 予算 × 100,年間予実対比（予実対比）.年間予算対比率_営業利益,,,,
,,,,,,,,,,,"年間予実対比（予実対比）.年間実績_総売上 計, 年間予実対比（予実対比）.年間実績_総売上 計",年間予算_総売上 計 ÷ 年間予算_総売上 計 × 100,年間予算構成比_総売上 計: 予算 / 予算総売上 × 100,年間予実対比（予実対比）.年間予算構成比_総売上 計,,,,
,,,,,,,,,,,"年間予実対比（予実対比）.年間実績_フード売上 計, 年間予実対比（予実対比）.年間実績_総売上 計",年間予算_フード売上 計 ÷ 年間予算_総売上 計 × 100,年間予算構成比_フード売上 計: 予算 / 予算総売上 × 100,年間予実対比（予実対比）.年間予算構成比_フード売上 計,,,,
,,,,,,,,,,,"年間予実対比（予実対比）.年間実績_フード売上ランチ, 年間予実対比（予実対比）.年間実績_総売上 計",年間予算_フード売上ランチ ÷ 年間予算_総売上 計 × 100,年間予算構成比_フード売上ランチ: 予算 / 予算総売上 × 100,年間予実対比（予実対比）.年間予算構成比_フード売上ランチ,,,,
,,,,,,,,,,,"年間予実対比（予実対比）.年間実績_フード売上ディナー, 年間予実対比（予実対比）.年間実績_総売上 計",年間予算_フード売上ディナー ÷ 年間予算_総売上 計 × 100,年間予算構成比_フード売上ディナー: 予算 / 予算総売上 × 100,年間予実対比（予実対比）.年間予算構成比_フード売上ディナー,,,,
,,,,,,,,,,,"年間予実対比（予実対比）.年間実績_ドリンク売上 計, 年間予実対比（予実対比）.年間実績_総売上 計",年間予算_ドリンク売上 計 ÷ 年間予算_総売上 計 × 100,年間予算構成比_ドリンク売上 計: 予算 / 予算総売上 × 100,年間予実対比（予実対比）.年間予算構成比_ドリンク売上 計,,,,
,,,,,,,,,,,"年間予実対比（予実対比）.年間実績_ドリンク売上ランチ, 年間予実対比（予実対比）.年間実績_総売上 計",年間予算_ドリンク売上ランチ ÷ 年間予算_総売上 計 × 100,年間予算構成比_ドリンク売上ランチ: 予算 / 予算総売上 × 100,年間予実対比（予実対比）.年間予算構成比_ドリンク売上ランチ,,,,
,,,,,,,,,,,"年間予実対比（予実対比）.年間実績_ドリンク売上ディナー, 年間予実対比（予実対比）.年間実績_総売上 計",年間予算_ドリンク売上ディナー ÷ 年間予算_総売上 計 × 100,年間予算構成比_ドリンク売上ディナー: 予算 / 予算総売上 × 100,年間予実対比（予実対比）.年間予算構成比_ドリンク売上ディナー,,,,
,,,,,,,,,,,"年間予実対比（予実対比）.年間実績_その他売上 計, 年間予実対比（予実対比）.年間実績_総売上 計",年間予算_その他売上 計 ÷ 年間予算_総売上 計 × 100,年間予算構成比_その他売上 計: 予算 / 予算総売上 × 100,年間予実対比（予実対比）.年間予算構成比_その他売上 計,,,,
,,,,,,,,,,,"年間予実対比（予実対比）.年間実績_その他売上ランチ, 年間予実対比（予実対比）.年間実績_総売上 計",年間予算_その他売上ランチ ÷ 年間予算_総売上 計 × 100,年間予算構成比_その他売上ランチ: 予算 / 予算総売上 × 100,年間予実対比（予実対比）.年間予算構成比_その他売上ランチ,,,,
,,,,,,,,,,,"年間予実対比（予実対比）.年間実績_その他売上ディナー, 年間予実対比（予実対比）.年間実績_総売上 計",年間予算_その他売上ディナー ÷ 年間予算_総売上 計 × 100,年間予算構成比_その他売上ディナー: 予算 / 予算総売上 × 100,年間予実対比（予実対比）.年間予算構成比_その他売上ディナー,,,,
,,,,,,,,,,,"年間予実対比（予実対比）.年間実績_FLコスト 計, 年間予実対比（予実対比）.年間実績_総売上 計",年間予算_FLコスト 計 ÷ 年間予算_総売上 計 × 100,年間予算構成比_FLコスト 計: 予算 / 予算総売上 × 100,年間予実対比（予実対比）.年間予算構成比_FLコスト 計,,,,
,,,,,,,,,,,"年間予実対比（予実対比）.年間実績_FD仕入 計, 年間予実対比（予実対比）.年間実績_総売上 計",年間予算_FD仕入 計 ÷ 年間予算_総売上 計 × 100,年間予算構成比_FD仕入 計: 予算 / 予算総売上 × 100,年間予実対比（予実対比）.年間予算構成比_FD仕入 計,,,,
,,,,,,,,,,,"年間予実対比（予実対比）.年間実績_フード仕入, 年間予実対比（予実対比）.年間実績_総売上 計",年間予算_フード仕入 ÷ 年間予算_総売上 計 × 100,年間予算構成比_フード仕入: 予算 / 予算総売上 × 100,年間予実対比（予実対比）.年間予算構成比_フード仕入,,,,
,,,,,,,,,,,"年間予実対比（予実対比）.年間実績_ドリンク仕入, 年間予実対比（予実対比）.年間実績_総売上 計",年間予算_ドリンク仕入 ÷ 年間予算_総売上 計 × 100,年間予算構成比_ドリンク仕入: 予算 / 予算総売上 × 100,年間予実対比（予実対比）.年間予算構成比_ドリンク仕入,,,,
,,,,,,,,,,,"年間予実対比（予実対比）.年間実績_人件費 計, 年間予実対比（予実対比）.年間実績_総売上 計",年間予算_人件費 計 ÷ 年間予算_総売上 計 × 100,年間予算構成比_人件費 計: 予算 / 予算総売上 × 100,年間予実対比（予実対比）.年間予算構成比_人件費 計,,,,
,,,,,,,,,,,"年間予実対比（予実対比）.年間実績_固定人件費, 年間予実対比（予実対比）.年間実績_総売上 計",年間予算_固定人件費 ÷ 年間予算_総売上 計 × 100,年間予算構成比_固定人件費: 予算 / 予算総売上 × 100,年間予実対比（予実対比）.年間予算構成比_固定人件費,,,,
,,,,,,,,,,,"年間予実対比（予実対比）.年間実績_PA人件費, 年間予実対比（予実対比）.年間実績_総売上 計",年間予算_PA人件費 ÷ 年間予算_総売上 計 × 100,年間予算構成比_PA人件費: 予算 / 予算総売上 × 100,年間予実対比（予実対比）.年間予算構成比_PA人件費,,,,
,,,,,,,,,,,"年間予実対比（予実対比）.年間実績_社員人件費, 年間予実対比（予実対比）.年間実績_総売上 計",年間予算_社員人件費 ÷ 年間予算_総売上 計 × 100,年間予算構成比_社員人件費: 予算 / 予算総売上 × 100,年間予実対比（予実対比）.年間予算構成比_社員人件費,,,,
,,,,,,,,,,,"年間予実対比（予実対比）.年間実績_ヘルプ人件費, 年間予実対比（予実対比）.年間実績_総売上 計",年間予算_ヘルプ人件費 ÷ 年間予算_総売上 計 × 100,年間予算構成比_ヘルプ人件費: 予算 / 予算総売上 × 100,年間予実対比（予実対比）.年間予算構成比_ヘルプ人件費,,,,
,,,,,,,,,,,"年間予実対比（予実対比）.年間実績_その他経費 計, 年間予実対比（予実対比）.年間実績_総売上 計",年間予算_その他経費 計 ÷ 年間予算_総売上 計 × 100,年間予算構成比_その他経費 計: 予算 / 予算総売上 × 100,年間予実対比（予実対比）.年間予算構成比_その他経費 計,,,,
,,,,,,,,,,,"年間予実対比（予実対比）.年間実績_地代家賃, 年間予実対比（予実対比）.年間実績_総売上 計",年間予算_地代家賃 ÷ 年間予算_総売上 計 × 100,年間予算構成比_地代家賃: 予算 / 予算総売上 × 100,年間予実対比（予実対比）.年間予算構成比_地代家賃,,,,
,,,,,,,,,,,"年間予実対比（予実対比）.年間実績_家賃（変動分）, 年間予実対比（予実対比）.年間実績_総売上 計",年間予算_家賃（変動分） ÷ 年間予算_総売上 計 × 100,年間予算構成比_家賃（変動分）: 予算 / 予算総売上 × 100,年間予実対比（予実対比）.年間予算構成比_家賃（変動分）,,,,
,,,,,,,,,,,"年間予実対比（予実対比）.年間実績_水道光熱費, 年間予実対比（予実対比）.年間実績_総売上 計",年間予算_水道光熱費 ÷ 年間予算_総売上 計 × 100,年間予算構成比_水道光熱費: 予算 / 予算総売上 × 100,年間予実対比（予実対比）.年間予算構成比_水道光熱費,,,,
,,,,,,,,,,,"年間予実対比（予実対比）.年間実績_電気代, 年間予実対比（予実対比）.年間実績_総売上 計",年間予算_電気代 ÷ 年間予算_総売上 計 × 100,年間予算構成比_電気代: 予算 / 予算総売上 × 100,年間予実対比（予実対比）.年間予算構成比_電気代,,,,
,,,,,,,,,,,"年間予実対比（予実対比）.年間実績_ガス代, 年間予実対比（予実対比）.年間実績_総売上 計",年間予算_ガス代 ÷ 年間予算_総売上 計 × 100,年間予算構成比_ガス代: 予算 / 予算総売上 × 100,年間予実対比（予実対比）.年間予算構成比_ガス代,,,,
,,,,,,,,,,,"年間予実対比（予実対比）.年間実績_水道代, 年間予実対比（予実対比）.年間実績_総売上 計",年間予算_水道代 ÷ 年間予算_総売上 計 × 100,年間予算構成比_水道代: 予算 / 予算総売上 × 100,年間予実対比（予実対比）.年間予算構成比_水道代,,,,
,,,,,,,,,,,"年間予実対比（予実対比）.年間実績_減価償却費, 年間予実対比（予実対比）.年間実績_総売上 計",年間予算_減価償却費 ÷ 年間予算_総売上 計 × 100,年間予算構成比_減価償却費: 予算 / 予算総売上 × 100,年間予実対比（予実対比）.年間予算構成比_減価償却費,,,,
,,,,,,,,,,,"年間予実対比（予実対比）.年間実績_販促費, 年間予実対比（予実対比）.年間実績_総売上 計",年間予算_販促費 ÷ 年間予算_総売上 計 × 100,年間予算構成比_販促費: 予算 / 予算総売上 × 100,年間予実対比（予実対比）.年間予算構成比_販促費,,,,
,,,,,,,,,,,"年間予実対比（予実対比）.年間実績_資材費, 年間予実対比（予実対比）.年間実績_総売上 計",年間予算_資材費 ÷ 年間予算_総売上 計 × 100,年間予算構成比_資材費: 予算 / 予算総売上 × 100,年間予実対比（予実対比）.年間予算構成比_資材費,,,,
,,,,,,,,,,,"年間予実対比（予実対比）.年間実績_借入金返済, 年間予実対比（予実対比）.年間実績_総売上 計",年間予算_借入金返済 ÷ 年間予算_総売上 計 × 100,年間予算構成比_借入金返済: 予算 / 予算総売上 × 100,年間予実対比（予実対比）.年間予算構成比_借入金返済,,,,
,,,,,,,,,,,"年間予実対比（予実対比）.年間実績_IT費用, 年間予実対比（予実対比）.年間実績_総売上 計",年間予算_IT費用 ÷ 年間予算_総売上 計 × 100,年間予算構成比_IT費用: 予算 / 予算総売上 × 100,年間予実対比（予実対比）.年間予算構成比_IT費用,,,,
,,,,,,,,,,,"年間予実対比（予実対比）.年間実績_ラクミー利用料, 年間予実対比（予実対比）.年間実績_総売上 計",年間予算_ラクミー利用料 ÷ 年間予算_総売上 計 × 100,年間予算構成比_ラクミー利用料: 予算 / 予算総売上 × 100,年間予実対比（予実対比）.年間予算構成比_ラクミー利用料,,,,
,,,,,,,,,,,"年間予実対比（予実対比）.年間実績_レジ利用料, 年間予実対比（予実対比）.年間実績_総売上 計",年間予算_レジ利用料 ÷ 年間予算_総売上 計 × 100,年間予算構成比_レジ利用料: 予算 / 予算総売上 × 100,年間予実対比（予実対比）.年間予算構成比_レジ利用料,,,,
,,,,,,,,,,,"年間予実対比（予実対比）.年間実績_クレジットカード手数料, 年間予実対比（予実対比）.年間実績_総売上 計",年間予算_クレジットカード手数料 ÷ 年間予算_総売上 計 × 100,年間予算構成比_クレジットカード手数料: 予算 / 予算総売上 × 100,年間予実対比（予実対比）.年間予算構成比_クレジットカード手数料,,,,
,,,,,,,,,,,"年間予実対比（予実対比）.年間実績_お花代, 年間予実対比（予実対比）.年間実績_総売上 計",年間予算_お花代 ÷ 年間予算_総売上 計 × 100,年間予算構成比_お花代: 予算 / 予算総売上 × 100,年間予実対比（予実対比）.年間予算構成比_お花代,,,,
,,,,,,,,,,,"年間予実対比（予実対比）.年間実績_営業利益, 年間予実対比（予実対比）.年間実績_総売上 計",年間予算_営業利益 ÷ 年間予算_総売上 計 × 100,年間予算構成比_営業利益: 予算 / 予算総売上 × 100,年間予実対比（予実対比）.年間予算構成比_営業利益,,,,
,,,,,,,,,,,,年間実績_総売上 計 ÷ 年間実績_総売上 計 × 100,年間構成比_総売上 計: 実績 / 実績総売上 × 100,年間予実対比（予実対比）.年間構成比_総売上 計,,,,
,,,,,,,,,,,,年間実績_フード売上 計 ÷ 年間実績_総売上 計 × 100,年間構成比_フード売上 計: 実績 / 実績総売上 × 100,年間予実対比（予実対比）.年間構成比_フード売上 計,,,,
,,,,,,,,,,,,年間実績_フード売上ランチ ÷ 年間実績_総売上 計 × 100,年間構成比_フード売上ランチ: 実績 / 実績総売上 × 100,年間予実対比（予実対比）.年間構成比_フード売上ランチ,,,,
,,,,,,,,,,,,年間実績_フード売上ディナー ÷ 年間実績_総売上 計 × 100,年間構成比_フード売上ディナー: 実績 / 実績総売上 × 100,年間予実対比（予実対比）.年間構成比_フード売上ディナー,,,,
,,,,,,,,,,,,年間実績_ドリンク売上 計 ÷ 年間実績_総売上 計 × 100,年間構成比_ドリンク売上 計: 実績 / 実績総売上 × 100,年間予実対比（予実対比）.年間構成比_ドリンク売上 計,,,,
,,,,,,,,,,,,年間実績_ドリンク売上ランチ ÷ 年間実績_総売上 計 × 100,年間構成比_ドリンク売上ランチ: 実績 / 実績総売上 × 100,年間予実対比（予実対比）.年間構成比_ドリンク売上ランチ,,,,
,,,,,,,,,,,,年間実績_ドリンク売上ディナー ÷ 年間実績_総売上 計 × 100,年間構成比_ドリンク売上ディナー: 実績 / 実績総売上 × 100,年間予実対比（予実対比）.年間構成比_ドリンク売上ディナー,,,,
,,,,,,,,,,,,年間実績_その他売上 計 ÷ 年間実績_総売上 計 × 100,年間構成比_その他売上 計: 実績 / 実績総売上 × 100,年間予実対比（予実対比）.年間構成比_その他売上 計,,,,
,,,,,,,,,,,,年間実績_その他売上ランチ ÷ 年間実績_総売上 計 × 100,年間構成比_その他売上ランチ: 実績 / 実績総売上 × 100,年間予実対比（予実対比）.年間構成比_その他売上ランチ,,,,
,,,,,,,,,,,,年間実績_その他売上ディナー ÷ 年間実績_総売上 計 × 100,年間構成比_その他売上ディナー: 実績 / 実績総売上 × 100,年間予実対比（予実対比）.年間構成比_その他売上ディナー,,,,
,,,,,,,,,,,,年間実績_FLコスト 計 ÷ 年間実績_総売上 計 × 100,年間構成比_FLコスト 計: 実績 / 実績総売上 × 100,年間予実対比（予実対比）.年間構成比_FLコスト 計,,,,
,,,,,,,,,,,,年間実績_FD仕入 計 ÷ 年間実績_総売上 計 × 100,年間構成比_FD仕入 計: 実績 / 実績総売上 × 100,年間予実対比（予実対比）.年間構成比_FD仕入 計,,,,
,,,,,,,,,,,,年間実績_フード仕入 ÷ 年間実績_総売上 計 × 100,年間構成比_フード仕入: 実績 / 実績総売上 × 100,年間予実対比（予実対比）.年間構成比_フード仕入,,,,
,,,,,,,,,,,,年間実績_ドリンク仕入 ÷ 年間実績_総売上 計 × 100,年間構成比_ドリンク仕入: 実績 / 実績総売上 × 100,年間予実対比（予実対比）.年間構成比_ドリンク仕入,,,,
,,,,,,,,,,,,年間実績_人件費 計 ÷ 年間実績_総売上 計 × 100,年間構成比_人件費 計: 実績 / 実績総売上 × 100,年間予実対比（予実対比）.年間構成比_人件費 計,,,,
,,,,,,,,,,,,年間実績_固定人件費 ÷ 年間実績_総売上 計 × 100,年間構成比_固定人件費: 実績 / 実績総売上 × 100,年間予実対比（予実対比）.年間構成比_固定人件費,,,,
,,,,,,,,,,,,年間実績_PA人件費 ÷ 年間実績_総売上 計 × 100,年間構成比_PA人件費: 実績 / 実績総売上 × 100,年間予実対比（予実対比）.年間構成比_PA人件費,,,,
,,,,,,,,,,,,年間実績_社員人件費 ÷ 年間実績_総売上 計 × 100,年間構成比_社員人件費: 実績 / 実績総売上 × 100,年間予実対比（予実対比）.年間構成比_社員人件費,,,,
,,,,,,,,,,,,年間実績_ヘルプ人件費 ÷ 年間実績_総売上 計 × 100,年間構成比_ヘルプ人件費: 実績 / 実績総売上 × 100,年間予実対比（予実対比）.年間構成比_ヘルプ人件費,,,,
,,,,,,,,,,,,年間実績_その他経費 計 ÷ 年間実績_総売上 計 × 100,年間構成比_その他経費 計: 実績 / 実績総売上 × 100,年間予実対比（予実対比）.年間構成比_その他経費 計,,,,
,,,,,,,,,,,,年間実績_地代家賃 ÷ 年間実績_総売上 計 × 100,年間構成比_地代家賃: 実績 / 実績総売上 × 100,年間予実対比（予実対比）.年間構成比_地代家賃,,,,
,,,,,,,,,,,,年間実績_家賃（変動分） ÷ 年間実績_総売上 計 × 100,年間構成比_家賃（変動分）: 実績 / 実績総売上 × 100,年間予実対比（予実対比）.年間構成比_家賃（変動分）,,,,
,,,,,,,,,,,,年間実績_水道光熱費 ÷ 年間実績_総売上 計 × 100,年間構成比_水道光熱費: 実績 / 実績総売上 × 100,年間予実対比（予実対比）.年間構成比_水道光熱費,,,,
,,,,,,,,,,,,年間実績_電気代 ÷ 年間実績_総売上 計 × 100,年間構成比_電気代: 実績 / 実績総売上 × 100,年間予実対比（予実対比）.年間構成比_電気代,,,,
,,,,,,,,,,,,年間実績_ガス代 ÷ 年間実績_総売上 計 × 100,年間構成比_ガス代: 実績 / 実績総売上 × 100,年間予実対比（予実対比）.年間構成比_ガス代,,,,
,,,,,,,,,,,,年間実績_水道代 ÷ 年間実績_総売上 計 × 100,年間構成比_水道代: 実績 / 実績総売上 × 100,年間予実対比（予実対比）.年間構成比_水道代,,,,
,,,,,,,,,,,,年間実績_減価償却費 ÷ 年間実績_総売上 計 × 100,年間構成比_減価償却費: 実績 / 実績総売上 × 100,年間予実対比（予実対比）.年間構成比_減価償却費,,,,
,,,,,,,,,,,,年間実績_販促費 ÷ 年間実績_総売上 計 × 100,年間構成比_販促費: 実績 / 実績総売上 × 100,年間予実対比（予実対比）.年間構成比_販促費,,,,
,,,,,,,,,,,,年間実績_資材費 ÷ 年間実績_総売上 計 × 100,年間構成比_資材費: 実績 / 実績総売上 × 100,年間予実対比（予実対比）.年間構成比_資材費,,,,
,,,,,,,,,,,,年間実績_借入金返済 ÷ 年間実績_総売上 計 × 100,年間構成比_借入金返済: 実績 / 実績総売上 × 100,年間予実対比（予実対比）.年間構成比_借入金返済,,,,
,,,,,,,,,,,,年間実績_IT費用 ÷ 年間実績_総売上 計 × 100,年間構成比_IT費用: 実績 / 実績総売上 × 100,年間予実対比（予実対比）.年間構成比_IT費用,,,,
,,,,,,,,,,,,年間実績_ラクミー利用料 ÷ 年間実績_総売上 計 × 100,年間構成比_ラクミー利用料: 実績 / 実績総売上 × 100,年間予実対比（予実対比）.年間構成比_ラクミー利用料,,,,
,,,,,,,,,,,,年間実績_レジ利用料 ÷ 年間実績_総売上 計 × 100,年間構成比_レジ利用料: 実績 / 実績総売上 × 100,年間予実対比（予実対比）.年間構成比_レジ利用料,,,,
,,,,,,,,,,,,年間実績_クレジットカード手数料 ÷ 年間実績_総売上 計 × 100,年間構成比_クレジットカード手数料: 実績 / 実績総売上 × 100,年間予実対比（予実対比）.年間構成比_クレジットカード手数料,,,,
,,,,,,,,,,,,年間実績_お花代 ÷ 年間実績_総売上 計 × 100,年間構成比_お花代: 実績 / 実績総売上 × 100,年間予実対比（予実対比）.年間構成比_お花代,,,,
,,,,,,,,,,,,年間実績_営業利益 ÷ 年間実績_総売上 計 × 100,年間構成比_営業利益: 実績 / 実績総売上 × 100,年間予実対比（予実対比）.年間構成比_営業利益,,,,
,,,,,,,,画面間演算,,monthly_costs.value,,売上-FLコスト-経費,年間実績_営業利益: 年間予実対比(予実対比).総売上 計 - 年間予実対比(予実対比).FLコスト 計 - 年間予実対比(予実対比).その他経費 計,年間予実対比（予実対比）.年間実績_営業利益,,,,
,,,,,,,,画面間×設定値,,"monthly_budgets.target_sales, budget_sales_compositions.food_ratio",月次予算設定.年間フード売上,年間予算_総売上 計 × 売上構成比設定.フード構成比,年間予算_フード売上 計: 年間予算 × food_ratio,年間予実対比（予実対比）.年間予算_フード売上 計,,,,
,,,,,,,,,,"monthly_budgets.target_sales, budget_sales_compositions.lunch_ratio",月次予算設定.年間フード売上ランチ,年間予算_フード売上 計 × 売上構成比設定.ランチ比率,年間予算_フード売上ランチ: 年間予算 × lunch_ratio,年間予実対比（予実対比）.年間予算_フード売上ランチ,,,,
,,,,,,,,,,"monthly_budgets.target_sales, budget_sales_compositions.dinner_ratio",月次予算設定.年間フード売上ディナー,年間予算_フード売上 計 × 売上構成比設定.ディナー比率,年間予算_フード売上ディナー: 年間予算 × dinner_ratio,年間予実対比（予実対比）.年間予算_フード売上ディナー,,,,
,,,,,,,,,,"monthly_budgets.target_sales, budget_sales_compositions.drink_ratio",月次予算設定.年間ドリンク売上,年間予算_総売上 計 × 売上構成比設定.ドリンク構成比,年間予算_ドリンク売上 計: 年間予算 × drink_ratio,年間予実対比（予実対比）.年間予算_ドリンク売上 計,,,,
,,,,,,,,,,"monthly_budgets.target_sales, budget_sales_compositions.other_ratio",月次予算設定.年間ドリンク売上ランチ,年間予算_ドリンク売上 計 × 売上構成比設定.ランチ比率,年間予算_ドリンク売上ランチ: 年間予算 × lunch_ratio,年間予実対比（予実対比）.年間予算_ドリンク売上ランチ,,,,
,,,,,,,,,,"monthly_budgets.target_sales, monthly_budgets.food_cost_rate",月次予算設定.年間ドリンク売上ディナー,年間予算_ドリンク売上 計 × 売上構成比設定.ディナー比率,年間予算_ドリンク売上ディナー: 年間予算 × dinner_ratio,年間予実対比（予実対比）.年間予算_ドリンク売上ディナー,,,,
,,,,,,,,,,"monthly_budgets.food_cost_rate, fd_compositions.food_ratio",月次予算設定.年間その他売上（サービス料等）,年間予算_総売上 計 × 売上構成比設定.その他構成比,年間予算_その他売上 計（サービス料等）: 年間予算 × other_ratio,年間予実対比（予実対比）.年間予算_その他売上 計（サービス料等）,,,,
,,,,,,,,,,"monthly_budgets.food_cost_rate, fd_compositions.drink_ratio",月次予算設定.年間その他売上ランチ,年間予算_その他売上 計 × 売上構成比設定.ランチ比率,年間予算_その他売上ランチ: 年間予算 × lunch_ratio,年間予実対比（予実対比）.年間予算_その他売上ランチ,,,,
,,,,,,,,,,"monthly_budgets.target_sales, monthly_budgets.labor_cost_rate, 固定人件費予算",月次予算設定.年間その他売上ディナー,年間予算_その他売上 計 × 売上構成比設定.ディナー比率,年間予算_その他売上ディナー: 年間予算 × dinner_ratio,年間予実対比（予実対比）.年間予算_その他売上ディナー,,,,
,,,,,,,,,,"monthly_budgets.target_sales, monthly_budgets.labor_cost_rate",月次予算設定.年間FD仕入,SUM(monthly_budgets.target_sales × monthly_budgets.food_cost_rate) GROUP BY year,年間予算_FD仕入 計: target_sales × food_cost_rate,年間予実対比（予実対比）.年間予算_FD仕入 計,,,,
,,,,,,,,,,,月次予算設定.年間フード仕入,年間予算_FD仕入 計 × FD構成比設定.フード比率,年間予算_フード仕入: FD仕入予算 × food_ratio,年間予実対比（予実対比）.年間予算_フード仕入,,,,
,,,,,,,,,,,月次予算設定.年間ドリンク仕入,年間予算_FD仕入 計 × FD構成比設定.ドリンク比率,年間予算_ドリンク仕入: FD仕入予算 × drink_ratio,年間予実対比（予実対比）.年間予算_ドリンク仕入,,,,
,,,,,,,,,,,月次予算設定.年間人件費,SUM(monthly_budgets.target_sales × monthly_budgets.labor_cost_rate + 固定人件費) GROUP BY year,年間予算_人件費 計: (target_sales × labor_cost_rate + 固定人件費),年間予実対比（予実対比）.年間予算_人件費 計,,,,
,,,,,,,,,,,月次予算設定.年間PA人件費,SUM(monthly_budgets.target_sales × monthly_budgets.labor_cost_rate) GROUP BY year,年間予算_PA人件費: target_sales × labor_cost_rate,年間予実対比（予実対比）.年間予算_PA人件費,,,,
7,感度分析,分析画面,高,S,店舗月次,最高,L3-S,外部連携単独,ZTOTAL.customers,head_office_connected_service_sales_logs.customers,[外部]ZTOTAL.customers,SUM,客数: SUM(ZTOTAL.customers),感度分析.客数,"予算設定.客数, 感度分析.変動費単価, 感度分析.客単価（税抜）, 感度分析.粗利単価, 時間帯別売上分析.客数, 月次集計.客数, 流入分析.客数",長期キャッシュ(1時間以上),◎,日次バッチ
,,,,,,,,,ZTOTAL.sales_excluded,head_office_connected_service_sales_logs.sales_excluded,[外部]ZTOTAL.sales_excluded,SUM,売上（税抜）: SUM(ZTOTAL.sales_excluded),感度分析.売上（税抜）,"当月実績.売上（税抜）, ABC分析.売上（税抜）, 日次レポート.売上（税抜）",,,
,,,,,,,,外部連携×外部連携,"ZTOTAL.sales_excluded, ZTOTAL.customers","head_office_connected_service_sales_logs.sales_excluded, head_office_connected_service_sales_logs.customers","当月実績.売上（税抜）, 感度分析.客数",売上÷客数,客単価（税抜）: 当月実績.売上（税抜） ÷ 感度分析.客数,感度分析.客単価（税抜）,"時間帯別売上分析.客単価（税抜）, 月次集計.客単価（税抜）",,,
,,,,,,,,設定値参照,,monthly_costs.value,,SUM,固定費: SUM(monthly_costs.value) WHERE cost_type = '固定費',感度分析.固定費,,,,
,,,,,,,,画面間演算,ZTOTAL.sales_excluded,z_totals.customers,"感度分析.変動費, 感度分析.客数",変動費÷客数,変動費単価: 感度分析.変動費 ÷ 感度分析.客数,感度分析.変動費単価,月次集計.変動費単価,,,
,,,,,,,,,,z_totals.sales_excluded,"感度分析.変動費, 当月実績.売上（税抜）",変動費÷売上×100,変動費率: 感度分析.変動費 ÷ 当月実績.売上（税抜） × 100,感度分析.変動費率,月次集計.変動費率,,,
,,,,,,,,,,head_office_connected_service_sales_logs.sales_excluded,"当月実績.売上（税抜）, 感度分析.客数",(売上-原価)÷客数,粗利単価: (当月実績.売上（税抜） - 月次レポート.原価金額) ÷ 感度分析.客数,感度分析.粗利単価,月次集計.粗利単価,,,
,,,,,,,,,,,当月実績.売上（税抜）,(売上-原価)÷売上×100,粗利率: (当月実績.売上（税抜） - 月次レポート.原価金額) ÷ 当月実績.売上（税抜） × 100,感度分析.粗利率,月次集計.粗利率,,,
,,,,,,,,,,,"感度分析.粗利, 当月実績.売上（税抜）",売上-粗利,変動費: 当月実績.売上（税抜） - 感度分析.粗利,感度分析.変動費,"予算設定.変動費, 感度分析.変動費単価, 感度分析.変動費率, 月次集計.変動費",,,
,,,,,,,,,,,,売上-変動費,粗利: 当月実績.売上（税抜） - 感度分析.変動費,感度分析.粗利,"予算設定.粗利, 感度分析.粗利単価, 感度分析.粗利率, 月次集計.粗利",,,
8,支払種別売上分析,分析画面,低,C,店舗月次,最高,L3-S,外部連携単独,TTEND.head_office_payment_method_id,t_tends.head_office_payment_method_id,[外部]TTEND.head_office_payment_method_id,マスタ参照,支払方法: TTEND.head_office_payment_method_id,支払種別売上分析.支払方法,支払種別売上分析.売上比率,中期キャッシュ(30分-1時間),○,データ更新時
,,,,,,,,,TTEND.sales,head_office_payment_method_sales_logs.sales,[外部]TTEND.sales,SUM支払別,売上（税込）: SUM(TTEND.sales) GROUP BY payment_method_id,支払種別売上分析.売上（税込）,,,,
,,,,,,,,,,,,SUM(支払種別フィルタ),クレジットカード合計売上: SUM(TTEND.sales) WHERE payment_method = 'クレジットカード',支払種別売上分析.クレジットカード合計売上,,,,
,,,,,,,,,,,,SUM,QR決済合計売上: SUM(TTEND.sales) WHERE payment_method = 'QR決済',支払種別売上分析.QR決済合計売上,,,,
,,,,,,,,,,,,SUM,MUGENファミリーカード合計売上: SUM(TTEND.sales) WHERE payment_method = 'MUGENファミリーカード',支払種別売上分析.MUGENファミリーカード合計売上,,,,
,,,,,,,,,,,,SUM,売掛合計売上: SUM(TTEND.sales) WHERE payment_method = '売掛',支払種別売上分析.売掛合計売上,,,,
,,,,,,,,,,,,SUM,交通系IC合計売上: SUM(TTEND.sales) WHERE payment_method = '交通系IC',支払種別売上分析.交通系IC合計売上,,,,
,,,,,,,,外部連携×外部連携,"TTEND.sales, ZTOTAL.sales_excluded","head_office_payment_method_sales_logs.sales, head_office_connected_service_sales_logs.sales_excluded",当月実績.売上（税抜）,支払÷総売上×100,売上比率: 支払種別売上分析.売上（税込） ÷ 当月実績.売上（税抜） × 100,支払種別売上分析.売上比率,,,,
9,時間帯別売上分析,分析画面,低,A,店舗月次,最高,L3-S,外部連携単独,TITEM.sales_excluded,head_office_item_sales_logs.sales_excluded,[外部]TITEM.sales_excluded,SUM(時間フィルタ),ランチ売上（税抜）: SUM(TITEM.sales_excluded) WHERE order_time BETWEEN 11:00 AND 15:00,時間帯別売上分析.ランチ売上（税抜）,年間予実対比（サマリー）.客単価（ランチ）,長期キャッシュ(1時間以上),◎,日次バッチ
,,,,,,,,,ZTOTAL.customers,head_office_connected_service_sales_logs.customers,[外部]ZTOTAL.customers,SUM時間帯別,ディナー売上（税抜）: SUM(TITEM.sales_excluded) WHERE order_time BETWEEN 17:00 AND 23:00,時間帯別売上分析.ディナー売上（税抜）,年間予実対比（サマリー）.客単価（ディナー）,,,
,,,,,,,,,,,,SUM商品別,客数: SUM(ZTOTAL.customers) GROUP BY hour,時間帯別売上分析.客数,"感度分析.客数, 時間帯別売上分析.客単価（税抜）, 曜日別売上分析.平均客数, 流入分析.テーブル回転数",,,
,,,,,,,,外部連携×外部連携,"ZTOTAL.sales_excluded, ZTOTAL.customers","head_office_connected_service_sales_logs.sales_excluded, head_office_connected_service_sales_logs.customers","当月実績.売上（税抜）, 時間帯別売上分析.客数",売上÷客数,客単価（税抜）: 当月実績.売上（税抜） ÷ 時間帯別売上分析.客数,時間帯別売上分析.客単価（税抜）,"感度分析.客単価（税抜）, 月次集計.客単価（税抜）",,,
10,曜日別売上分析,分析画面,低,A,店舗月次,最高,L3-S,外部連携単独,ZTOTAL.date,z_totals.date,[外部]ZTOTAL.date,曜日抽出,曜日: DAYOFWEEK(ZTOTAL.date),曜日別売上分析.曜日,,長期キャッシュ(1時間以上),◎,日次バッチ
,,,,,,,,画面間演算,ZTOTAL.customers,head_office_connected_service_sales_logs.customers,"日次レポート.売上（税抜）, 日次レポート.売上（税抜）",AVG曜日別,平均売上（税抜）: AVG(日次レポート.売上（税抜）) GROUP BY dayofweek,曜日別売上分析.平均売上（税抜）,,,,
,,,,,,,,,,,時間帯別売上分析.客数,データ取得,平均客数: AVG(時間帯別売上分析.客数) GROUP BY dayofweek,曜日別売上分析.平均客数,,,,
,,,,,,,,,,,,データ取得,平均客数（税抜）: AVG(時間帯別売上分析.客数) GROUP BY dayofweek,曜日別売上分析.平均客数（税抜）,,,,
11,月次レポート,分析画面,低,S,店舗月次,最高,L3-S,外部連携単独,ZTOTAL.sales_excluded,head_office_connected_service_sales_logs.sales_excluded,[外部]ZTOTAL.sales_excluded,SUM月間,売上（税抜）: SUM(ZTOTAL.sales_excluded) GROUP BY year_month,月次レポート.売上（税抜）,月次レポート.原価（金額）,長期キャッシュ(1時間以上),◎,日次バッチ
,,,,,,,,,infomart_transactions.total_tax_excluded,infomart_transactions.total_tax_excluded,[外部]infomart_transactions.total_tax_excluded,SUM,仕入総額: SUM(infomart_transactions.total_tax_excluded),月次レポート.仕入総額,,,,
,,,,,,,,,ZTOTAL.sales,z_totals.sales,[外部]ZTOTAL.sales,SUM商品別,売上（税込）: SUM(ZTOTAL.sales) GROUP BY year_month,月次レポート.売上（税込）,,,,
,,,,,,,,,trade_total.total,infomart_orders.total,[外部]trade_total.total,SUM商品別,仕入（税抜）: SUM(infomart_transactions.total_tax_excluded) GROUP BY year_month,月次レポート.仕入（税抜）,,,,
,,,,,,,,,head_office_employee_working_records.daily_cost,head_office_employee_working_records.daily_cost,[外部]head_office_employee_working_records.daily_cost,SUM商品別,仕入（税込）: SUM(trade_total.total) GROUP BY year_month,月次レポート.仕入（税込）,,,,
,,,,,,,,,,,,SUM商品別,PA人件費: SUM(head_office_employee_working_records.daily_cost) GROUP BY year_month,月次レポート.PA人件費,,,,
,,,,,,,,設定値参照,,shop_inventories.amount（棚卸入力）,,マスタ参照,対象前月在庫: shop_inventories.amount WHERE year_month = target_month - 1,月次レポート.対象前月在庫,月次レポート.原価（金額）,,,
,,,,,,,,,,"monthly_cost_entries.year_month, monthly_costs.value",,年月参照,対象月在庫: shop_inventories.amount WHERE year_month = target_month,月次レポート.対象月在庫,,,,
,,,,,,,,,,,,データ取得,年月: monthly_cost_entries.year_month,月次レポート.年月,,,,
,,,,,,,,画面間演算,infomart_transactions.total_tax_excluded,"shop_inventories.amount（棚卸入力）, infomart_transactions.total_tax_excluded","月次レポート.対象前月在庫, 月次レポート.仕入総額, 月次レポート.対象月在庫",前月在庫+仕入-当月在庫,原価（金額）: 月次レポート.対象前月在庫 + 月次レポート.仕入総額 - 月次レポート.対象月在庫,月次レポート.原価（金額）,,,,
,,,,,,,,,,z_totals.sales_excluded,当月実績.売上（税抜）,原価÷売上×100,原価率: 月次レポート.原価金額 ÷ 当月実績.売上（税抜） × 100,月次レポート.原価率,,,,
12,月次集計,分析画面,中,S,店舗月次,最高,L3-S,外部連携単独,ZTOTAL.sales_excluded,head_office_connected_service_sales_logs.sales_excluded,[外部]ZTOTAL.sales_excluded,SUM,売上（税抜）: SUM(ZTOTAL.sales_excluded),月次集計.売上（税抜）,,長期キャッシュ(1時間以上),◎,日次バッチ
,,,,,,,,,ZTOTAL.customers,head_office_connected_service_sales_logs.customers,[外部]ZTOTAL.customers,SUM,客数: SUM(ZTOTAL.customers),月次集計.客数,,,,
,,,,,,,,外部連携×外部連携,"ZTOTAL.sales_excluded, ZTOTAL.customers","head_office_connected_service_sales_logs.sales_excluded, head_office_connected_service_sales_logs.customers","当月実績.売上（税抜）, 感度分析.客数",売上÷客数,客単価（税抜）: 当月実績.売上（税抜） ÷ 感度分析.客数,月次集計.客単価（税抜）,"時間帯別売上分析.客単価（税抜）, 感度分析.客単価（税抜）",,,
,,,,,,,,,"infomart_transactions.total_tax_excluded, ZTOTAL.sales_excluded","infomart_transactions.total_tax_excluded, head_office_connected_service_sales_logs.sales_excluded","予実対比.FD仕入, 当月実績.売上（税抜）",仕入÷売上×100,仕入費率: 予実対比.FD仕入 ÷ 当月実績.売上（税抜） × 100,月次集計.仕入費率,,,,
,,,,,,,,,"head_office_employee_working_records.daily_cost, ZTOTAL.sales_excluded","head_office_employee_working_records.daily_cost, head_office_connected_service_sales_logs.sales_excluded","予実対比.PA人件費, 当月実績.売上（税抜）",PA人件費÷売上×100,PA人件費率: 予実対比.PA人件費 ÷ 当月実績.売上（税抜） × 100,月次集計.PA人件費率,,,,
,,,,,,,,設定値参照,,monthly_costs.value,,SUM,固定費: SUM(monthly_costs.value) WHERE cost_type = '固定費',月次集計.固定費,,,,
,,,,,,,,画面間演算,ZTOTAL.sales_excluded,z_totals.customers,"感度分析.変動費, 感度分析.客数",変動費÷客数,変動費単価: 感度分析.変動費 ÷ 感度分析.客数,月次集計.変動費単価,感度分析.変動費単価,,,
,,,,,,,,,,z_totals.sales_excluded,"感度分析.変動費, 当月実績.売上（税抜）",変動費÷売上×100,変動費率: 感度分析.変動費 ÷ 当月実績.売上（税抜） × 100,月次集計.変動費率,感度分析.変動費率,,,
,,,,,,,,,,"head_office_connected_service_sales_logs.sales_excluded, z_totals.customers","当月実績.売上（税抜）, 感度分析.客数",(売上-原価)÷客数,粗利単価: (当月実績.売上（税抜） - 月次レポート.原価金額) ÷ 感度分析.客数,月次集計.粗利単価,感度分析.粗利単価,,,
,,,,,,,,,,head_office_connected_service_sales_logs.sales_excluded,当月実績.売上（税抜）,(売上-原価)÷売上×100,粗利率: (当月実績.売上（税抜） - 月次レポート.原価金額) ÷ 当月実績.売上（税抜） × 100,月次集計.粗利率,感度分析.粗利率,,,
,,,,,,,,,,"monthly_costs.value, head_office_connected_service_sales_logs.sales_excluded","月次集計.粗利, 当月実績.売上（税抜）",その他変動費÷売上×100,その他変動費率: 予実対比.その他経費 ÷ 当月実績.売上（税抜） × 100,月次集計.その他変動費率,月次集計.粗利,,,
,,,,,,,,,,,"月次集計.変動費, 当月実績.売上（税抜）",売上-粗利,変動費: 当月実績.売上（税抜） - 月次集計.粗利,月次集計.変動費,月次集計.変動費,,,
,,,,,,,,,,,,売上-変動費,粗利: 当月実績.売上（税抜） - 月次集計.変動費,月次集計.粗利,,,,
13,流入分析,分析画面,高,A,店舗月次,最高,L3-S,外部連携単独,ZTOTAL.customers,reservations.customers,[外部]ZTOTAL.customers,SUM予約,予約客数: SUM(予約連携.customers),流入分析.予約客数,"流入分析.ウォークイン客数, 流入分析.テーブル稼働率, 流入分析.予約売上, 流入分析.予約客単価, 流入分析.予約客数トレンド",長期キャッシュ(1時間以上),◎,日次バッチ
,,,,,,,,,TTOTAL.receipt_no,head_office_connected_service_sales_logs.customers,[外部]TTOTAL.receipt_no,SUM,総席数: SUM(ZTOTAL.customers),流入分析.総席数,流入分析.回転数,,,
,,,,,,,,,,t_totals.receipt_no,,COUNT伝票,総組数: COUNT(TTOTAL.receipt_no),流入分析.総組数,,,,
,,,,,,,,,,,,SUM,客数: SUM(ZTOTAL.customers),流入分析.客数,,,,
,,,,,,,,外部連携×外部連携,"ZTOTAL.customers, 予約連携.customers","head_office_connected_service_sales_logs.customers, reservations.customers","感度分析.客数, 流入分析.予約客数",総客数-予約客数,ウォークイン客数: 感度分析.客数 - 流入分析.予約客数,流入分析.ウォークイン客数,"流入分析.ウォークイン客単価, 流入分析.ウォークイン客数トレンド",,,
,,,,,,,,,予約連携.customers,reservations.customers,流入分析.予約客数,期間集計トレンド計算,予約客数トレンド: 流入分析.予約客数 期間集計トレンド,流入分析.予約客数トレンド,,,,
,,,,,,,,ラクミー内部マスター参照,,shops.total_tables,[マスタ]shops.total_tables,マスタ参照,総卓数: 店舗マスタ.total_tables,流入分析.総卓数,流入分析.回転数,,,
,,,,,,,,画面間演算,ZTOTAL.sales_excluded,head_office_connected_service_sales_logs.sales_excluded,"当月実績.売上（税抜）, 流入分析.予約客数, 感度分析.客数",予約客売上,予約売上: 当月実績.売上（税抜） × (流入分析.予約客数 ÷ 感度分析.客数),流入分析.予約売上,"流入分析.ウォークイン売上, 流入分析.予約客単価",,,
,,,,,,,,,,,"流入分析.予約売上, 流入分析.予約客数",予約売上÷予約客数,予約客単価: 流入分析.予約売上 ÷ 流入分析.予約客数,流入分析.予約客単価,流入分析.ウォークイン客単価,,,
,,,,,,,,,,,"流入分析.予約売上, 予実対比.総売上",総売上-予約売上,ウォークイン売上: 予実対比.総売上 - 流入分析.予約売上,流入分析.ウォークイン売上,流入分析.ウォークイン売上合計,,,
,,,,,,,,,,,"流入分析.ウォークイン売上, 流入分析.ウォークイン客数, 流入分析.ウォークイン売上, 流入分析.ウォークイン客数",WI売上÷WI客数,ウォークイン客単価: 流入分析.ウォークイン売上 ÷ 流入分析.ウォークイン客数,流入分析.ウォークイン客単価,,,,
,,,,,,,,,,,当月実績.売上（税抜）,SUM予約,予約売上合計: SUM(当月実績.売上（税抜）) WHERE 予約 = true,流入分析.予約売上合計,,,,
,,,,,,,,,,,"流入分析.予約売上合計, 予実対比.総売上",期間集計トレンド計算,ウォークイン売上合計: 予実対比.総売上 - 流入分析.予約売上合計,流入分析.ウォークイン売上合計,,,,
,,,,,,,,,,,流入分析.ウォークイン客数,AVG回転数,ウォークイン客数トレンド: 流入分析.ウォークイン客数 期間集計トレンド,流入分析.ウォークイン客数トレンド,,,,
,,,,,,,,,,,流入分析.回転数,AVGテーブル回転数,平均回転数: AVG(流入分析.回転数),流入分析.平均回転数,,,,
,,,,,,,,,,,流入分析.テーブル回転数,データ取得,平均テーブル回転数: AVG(流入分析.テーブル回転数),流入分析.平均テーブル回転数,,,,
,,,,,,,,画面間×設定値,ZTOTAL.customers,"head_office_connected_service_sales_logs.customers, shops.total_tables",時間帯別売上分析.客数,組数÷総卓数,テーブル回転数: 時間帯別売上分析.客数 ÷ 店舗マスタ.総卓数,流入分析.テーブル回転数,流入分析.平均テーブル回転数,,,
,,,,,,,,,TTOTAL.receipt_no,shops.total_tables,流入分析.予約客数,予約卓÷総卓×100,テーブル稼働率: 流入分析.予約客数 ÷ 店舗マスタ.総卓数 × 100,流入分析.テーブル稼働率,流入分析.平均回転数,,,
,,,,,,,,,,"t_totals.receipt_no, shops.total_tables","流入分析.総組数, 流入分析.総卓数",組数÷卓数,回転数: 流入分析.総組数 ÷ 流入分析.総卓数,流入分析.回転数,,,,
14,利益進捗分析,分析画面,低,A,店舗月次,最高,L3-S,画面間×設定値,,"monthly_budgets.value（予算設定画面）, monthly_budgets.profit",月次予算設定.目標月次利益,営業利益累計÷目標利益×100,利益進捗率: SUM(当月実績.営業利益) ÷ 予算設定.予算金額 × 100,利益進捗分析.利益進捗率,当月実績.営業利益,長期キャッシュ(1時間以上),◎,日次バッチ
,,,,,,,,,,,"利益進捗分析.利益進捗率（当月）, 利益進捗分析.利益進捗率（前月/前々月）",営業利益÷目標利益×100(前月比),利益進捗率比較（前月）: 当月実績.営業利益 ÷ 予算設定.予算金額 × 100 (前月データ),利益進捗分析.利益進捗率比較（前月）,"当月実績.営業利益, -",,,
,,,,,,,,,,,,営業利益÷目標利益×100(前々月比),利益進捗率比較（前々月）: 当月実績.営業利益 ÷ 予算設定.予算金額 × 100 (前々月データ),利益進捗分析.利益進捗率比較（前々月）,,,,
,,,,,,,,,,,,営業利益÷目標利益×100,利益達成率: 当月実績.営業利益 ÷ 予算設定.予算金額 × 100,利益進捗分析.利益達成率,,,,
15,予実対比,分析画面,高,A,店舗月次,最高,L2-S,外部連携単独,ZTOTAL.sales_excluded,head_office_connected_service_sales_logs.sales_excluded,[外部]ZTOTAL.sales_excluded,SUM,実績_総売上 計: SUM(ZTOTAL.sales_excluded),予実対比.実績_総売上 計,[外部]infomart_transactions.total_tax_excluded,長期キャッシュ(1時間以上),◎,日次バッチ
,,,,,,,,,TITEM.sales_excluded,head_office_item_sales_logs.sales_excluded,[外部]TITEM.sales_excluded,SUMフード,実績_フード売上 計: SUM(TITEM.sales_excluded) WHERE category = 'フード',予実対比.実績_フード売上 計,,,,
,,,,,,,,,ZTOTAL.service_charge_1,z_totals.service_charge_1,[外部]ZTOTAL.service_charge_1,SUM(フード×ランチ),実績_フード売上ランチ: SUM(TITEM.sales_excluded) WHERE category = 'フード' AND time_zone = 'ランチ',予実対比.実績_フード売上ランチ,,,,
,,,,,,,,,infomart_transactions.total_tax_excluded,infomart_transactions.total_tax_excluded,インフォマート（仕入）,SUM(フード×ディナー),実績_フード売上ディナー: SUM(TITEM.sales_excluded) WHERE category = 'フード' AND time_zone = 'ディナー',予実対比.実績_フード売上ディナー,,,,
,,,,,,,,,head_office_employee_working_records.daily_cost,head_office_employee_working_records.daily_cost,[外部]infomart_transactions.total_tax_excluded,SUMドリンク,実績_ドリンク売上 計: SUM(TITEM.sales_excluded) WHERE category = 'ドリンク',予実対比.実績_ドリンク売上 計,,,,
,,,,,,,,,,,[外部]head_office_employee_working_records.daily_cost,SUM(ドリンク×ランチ),実績_ドリンク売上ランチ: SUM(TITEM.sales_excluded) WHERE category = 'ドリンク' AND time_zone = 'ランチ',予実対比.実績_ドリンク売上ランチ,,,,
,,,,,,,,,,,,SUM(ドリンク×ディナー),実績_ドリンク売上ディナー: SUM(TITEM.sales_excluded) WHERE category = 'ドリンク' AND time_zone = 'ディナー',予実対比.実績_ドリンク売上ディナー,,,,
,,,,,,,,,,,,SUMその他,実績_その他売上 計（サービス料等）: SUM(ZTOTAL.service_charge_1),予実対比.実績_その他売上 計（サービス料等）,,,,
,,,,,,,,,,,,SUM(その他×ランチ),実績_その他売上ランチ: SUM(TITEM.sales_excluded) WHERE category = 'その他' AND time_zone = 'ランチ',予実対比.実績_その他売上ランチ,,,,
,,,,,,,,,,,,SUM(その他×ディナー),実績_その他売上ディナー: SUM(TITEM.sales_excluded) WHERE category = 'その他' AND time_zone = 'ディナー',予実対比.実績_その他売上ディナー,,,,
,,,,,,,,,,,,SUMFD,実績_FD仕入 計: SUM(infomart_transactions.total_tax_excluded) WHERE category IN ('フード',予実対比.実績_FD仕入 計,,,,
,,,,,,,,,,,,SUM月給者,実績_フード仕入: SUM(infomart_transactions.total_tax_excluded) WHERE category = 'フード',予実対比.実績_フード仕入,,,,
,,,,,,,,,,,,SUM時給者,実績_ドリンク仕入: SUM(infomart_transactions.total_tax_excluded) WHERE category = 'ドリンク',予実対比.実績_ドリンク仕入,,,,
,,,,,,,,,,,,SUMヘルプ,実績_人件費 計: SUM(head_office_employee_working_records.daily_cost),予実対比.実績_人件費 計,,,,
,,,,,,,,,,,,SUM,実績_固定人件費: SUM(head_office_employee_working_records.daily_cost) WHERE employee_type = '月給者',予実対比.実績_固定人件費,,,,
,,,,,,,,,,,,SUM,実績_PA人件費: SUM(head_office_employee_working_records.daily_cost) WHERE employee_type = '時給者',予実対比.実績_PA人件費,,,,
,,,,,,,,,,,,SUM,実績_ヘルプ人件費: SUM(head_office_employee_working_records.daily_cost) WHERE employee_type = 'ヘルプ',予実対比.実績_ヘルプ人件費,,,,
,,,,,,,,設定値参照,monthly_costs.value,monthly_costs.value,[入力]monthly_costs.value,SUM経費,実績_その他経費 計: SUM(monthly_costs.value) WHERE cost_type = '経費',予実対比.実績_その他経費 計,,,,
,,,,,,,,,,,,費目別,実績_地代家賃: monthly_costs.value WHERE cost_item = '地代家賃',予実対比.実績_地代家賃,,,,
,,,,,,,,,,,,データ取得,実績_資材費: monthly_costs.value WHERE cost_item = '資材費',予実対比.実績_資材費,,,,
,,,,,,,,,,,,データ取得,実績_ラクミー利用料: monthly_costs.value WHERE cost_item = 'ラクミー利用料',予実対比.実績_ラクミー利用料,,,,
,,,,,,,,,,,,データ取得,実績_IT費用: monthly_costs.value WHERE cost_item = 'IT費用',予実対比.実績_IT費用,,,,
,,,,,,,,,,,,データ取得,実績_お花代: monthly_costs.value WHERE cost_item = 'お花代',予実対比.実績_お花代,,,,
,,,,,,,,,,,,データ取得,実績_ガス代: monthly_costs.value WHERE cost_item = 'ガス代',予実対比.実績_ガス代,,,,
,,,,,,,,,,,,データ取得,実績_クレジットカード手数料: monthly_costs.value WHERE cost_item = 'クレジットカード手数料',予実対比.実績_クレジットカード手数料,,,,
,,,,,,,,,,,,データ取得,実績_レジ利用料: monthly_costs.value WHERE cost_item = 'レジ利用料',予実対比.実績_レジ利用料,,,,
,,,,,,,,,,,,データ取得,実績_借入金返済: monthly_costs.value WHERE cost_item = '借入金返済',予実対比.実績_借入金返済,,,,
,,,,,,,,,,,,データ取得,実績_家賃（変動分）: monthly_costs.value WHERE cost_item = '家賃(変動分)',予実対比.実績_家賃（変動分）,,,,
,,,,,,,,,,,,データ取得,実績_水道代: monthly_costs.value WHERE cost_item = '水道代',予実対比.実績_水道代,,,,
,,,,,,,,,,,,データ取得,実績_水道光熱費: monthly_costs.value WHERE cost_item = '水道光熱費',予実対比.実績_水道光熱費,,,,
,,,,,,,,,,,,データ取得,実績_減価償却費: monthly_costs.value WHERE cost_item = '減価償却費',予実対比.実績_減価償却費,,,,
,,,,,,,,,,,,データ取得,実績_社員人件費: monthly_costs.value WHERE cost_item = '社員人件費',予実対比.実績_社員人件費,,,,
,,,,,,,,,,,,データ取得,実績_販促費: monthly_costs.value WHERE cost_item = '販促費',予実対比.実績_販促費,,,,
,,,,,,,,,,,,データ取得,実績_電気代: monthly_costs.value WHERE cost_item = '電気代',予実対比.実績_電気代,,,,
,,,,,,,,画面内演算,,,"予実対比.実績_FD仕入 計, 予実対比.実績_人件費 計",実績_FD仕入 計 + 実績_人件費 計,実績_FLコスト 計: FD仕入 + 人件費,予実対比.実績_FLコスト 計,,,,
,,,,,,,,,,,"予実対比.実績_総売上 計, 予実対比.実績_FLコスト 計, 予実対比.実績_その他経費 計",実績_総売上 計 - 実績_FLコスト 計 - 実績_その他経費 計,実績_営業利益: 総売上 - FLコスト - その他経費,予実対比.実績_営業利益,,,,
,,,,,,,,,,,"予実対比.予算_総売上 計, 予実対比.予算_FLコスト 計, 予実対比.予算_その他経費 計",予算_総売上 計 - 予算_FLコスト 計 - 予算_その他経費 計,予算_営業利益: 予算_総売上 - 予算_FLコスト - 予算_その他経費,予実対比.予算_営業利益,,,,
,,,,,,,,,,,予実対比.予算_総売上 計,予算_総売上 計 ÷ 予算_総売上 計 × 100,予算構成比_総売上 計: 100%（基準値）,予実対比.予算構成比_総売上 計,,,,
,,,,,,,,,,,"予実対比.予算_フード売上 計, 予実対比.予算_総売上 計",予算_フード売上 計 ÷ 予算_総売上 計 × 100,予算構成比_フード売上 計: 予算_フード売上 / 予算_総売上 × 100,予実対比.予算構成比_フード売上 計,,,,
,,,,,,,,,,,"予実対比.予算_ドリンク売上 計, 予実対比.予算_総売上 計",予算_ドリンク売上 計 ÷ 予算_総売上 計 × 100,予算構成比_ドリンク売上 計: 予算_ドリンク売上 / 予算_総売上 × 100,予実対比.予算構成比_ドリンク売上 計,,,,
,,,,,,,,,,,"予実対比.予算_その他売上 計, 予実対比.予算_総売上 計",予算_その他売上 計 ÷ 予算_総売上 計 × 100,予算構成比_その他売上 計: 予算_その他売上 / 予算_総売上 × 100,予実対比.予算構成比_その他売上 計,,,,
,,,,,,,,,,,"予実対比.予算_FLコスト 計, 予実対比.予算_総売上 計",予算_FLコスト 計 ÷ 予算_総売上 計 × 100,予算構成比_FLコスト 計: 予算_FLコスト / 予算_総売上 × 100,予実対比.予算構成比_FLコスト 計,,,,
,,,,,,,,,,,"予実対比.予算_FD仕入 計, 予実対比.予算_総売上 計",予算_FD仕入 計 ÷ 予算_総売上 計 × 100,予算構成比_FD仕入 計: 予算_FD仕入 / 予算_総売上 × 100,予実対比.予算構成比_FD仕入 計,,,,
,,,,,,,,,,,"予実対比.予算_人件費 計, 予実対比.予算_総売上 計",予算_人件費 計 ÷ 予算_総売上 計 × 100,予算構成比_人件費 計: 予算_人件費 / 予算_総売上 × 100,予実対比.予算構成比_人件費 計,,,,
,,,,,,,,,,,"予実対比.予算_その他経費 計, 予実対比.予算_総売上 計",予算_その他経費 計 ÷ 予算_総売上 計 × 100,予算構成比_その他経費 計: 予算_その他経費 / 予算_総売上 × 100,予実対比.予算構成比_その他経費 計,,,,
,,,,,,,,,,,"予実対比.予算_営業利益, 予実対比.予算_総売上 計",予算_営業利益 ÷ 予算_総売上 計 × 100,予算構成比_営業利益: 予算_営業利益 / 予算_総売上 × 100,予実対比.予算構成比_営業利益,,,,
,,,,,,,,,,,"予実対比.実績_総売上 計, 予実対比.予算_総売上 計",実績_総売上 計 - 予算_総売上 計,予実差額_総売上 計: 実績 - 予算,予実対比.予実差額_総売上 計,,,,
,,,,,,,,,,,"予実対比.実績_フード売上 計, 予実対比.予算_フード売上 計",実績_フード売上 計 - 予算_フード売上 計,予実差額_フード売上 計: 実績 - 予算,予実対比.予実差額_フード売上 計,,,,
,,,,,,,,,,,"予実対比.実績_ドリンク売上 計, 予実対比.予算_ドリンク売上 計",実績_ドリンク売上 計 - 予算_ドリンク売上 計,予実差額_ドリンク売上 計: 実績 - 予算,予実対比.予実差額_ドリンク売上 計,,,,
,,,,,,,,,,,"予実対比.実績_その他売上 計, 予実対比.予算_その他売上 計",実績_その他売上 計 - 予算_その他売上 計,予実差額_その他売上 計: 実績 - 予算,予実対比.予実差額_その他売上 計,,,,
,,,,,,,,,,,"予実対比.実績_FLコスト 計, 予実対比.予算_FLコスト 計",実績_FLコスト 計 - 予算_FLコスト 計,予実差額_FLコスト 計: 実績 - 予算,予実対比.予実差額_FLコスト 計,,,,
,,,,,,,,,,,"予実対比.実績_FD仕入 計, 予実対比.予算_FD仕入 計",実績_FD仕入 計 - 予算_FD仕入 計,予実差額_FD仕入 計: 実績 - 予算,予実対比.予実差額_FD仕入 計,,,,
,,,,,,,,,,,"予実対比.実績_人件費 計, 予実対比.予算_人件費 計",実績_人件費 計 - 予算_人件費 計,予実差額_人件費 計: 実績 - 予算,予実対比.予実差額_人件費 計,,,,
,,,,,,,,,,,"予実対比.実績_その他経費 計, 予実対比.予算_その他経費 計",実績_その他経費 計 - 予算_その他経費 計,予実差額_その他経費 計: 実績 - 予算,予実対比.予実差額_その他経費 計,,,,
,,,,,,,,,,,"予実対比.実績_営業利益, 予実対比.予算_営業利益",実績_営業利益 - 予算_営業利益,予実差額_営業利益: 実績 - 予算,予実対比.予実差額_営業利益,,,,
,,,,,,,,,,,予実対比.実績_総売上 計,実績_総売上 計 ÷ 予算_総売上 計 × 100,予算対比率_総売上 計: 実績 / 予算 × 100,予実対比.予算対比率_総売上 計,,,,
,,,,,,,,,,,"予実対比.実績_フード売上 計, 予実対比.実績_総売上 計",実績_フード売上 計 ÷ 予算_フード売上 計 × 100,予算対比率_フード売上 計: 実績 / 予算 × 100,予実対比.予算対比率_フード売上 計,,,,
,,,,,,,,,,,"予実対比.実績_ドリンク売上 計, 予実対比.実績_総売上 計",実績_ドリンク売上 計 ÷ 予算_ドリンク売上 計 × 100,予算対比率_ドリンク売上 計: 実績 / 予算 × 100,予実対比.予算対比率_ドリンク売上 計,,,,
,,,,,,,,,,,"予実対比.実績_その他売上 計, 予実対比.実績_総売上 計",実績_その他売上 計 ÷ 予算_その他売上 計 × 100,予算対比率_その他売上 計: 実績 / 予算 × 100,予実対比.予算対比率_その他売上 計,,,,
,,,,,,,,,,,"予実対比.実績_FLコスト 計, 予実対比.実績_総売上 計",実績_FLコスト 計 ÷ 予算_FLコスト 計 × 100,予算対比率_FLコスト 計: 実績 / 予算 × 100,予実対比.予算対比率_FLコスト 計,,,,
,,,,,,,,,,,"予実対比.実績_FD仕入 計, 予実対比.実績_総売上 計",実績_FD仕入 計 ÷ 予算_FD仕入 計 × 100,予算対比率_FD仕入 計: 実績 / 予算 × 100,予実対比.予算対比率_FD仕入 計,,,,
,,,,,,,,,,,"予実対比.実績_人件費 計, 予実対比.実績_総売上 計",実績_人件費 計 ÷ 予算_人件費 計 × 100,予算対比率_人件費 計: 実績 / 予算 × 100,予実対比.予算対比率_人件費 計,,,,
,,,,,,,,,,,"予実対比.実績_その他経費 計, 予実対比.実績_総売上 計",実績_その他経費 計 ÷ 予算_その他経費 計 × 100,予算対比率_その他経費 計: 実績 / 予算 × 100,予実対比.予算対比率_その他経費 計,,,,
,,,,,,,,,,,"予実対比.実績_営業利益, 予実対比.実績_総売上 計",実績_営業利益 ÷ 予算_営業利益 × 100,予算対比率_営業利益: 実績 / 予算 × 100,予実対比.予算対比率_営業利益,,,,
,,,,,,,,,,,,実績_総売上 計 ÷ 実績_総売上 計 × 100,構成比_総売上 計: 100%（基準値）,予実対比.構成比_総売上 計,,,,
,,,,,,,,,,,,実績_フード売上 計 ÷ 実績_総売上 計 × 100,構成比_フード売上 計: 実績_フード売上 / 実績_総売上 × 100,予実対比.構成比_フード売上 計,,,,
,,,,,,,,,,,,実績_ドリンク売上 計 ÷ 実績_総売上 計 × 100,構成比_ドリンク売上 計: 実績_ドリンク売上 / 実績_総売上 × 100,予実対比.構成比_ドリンク売上 計,,,,
,,,,,,,,,,,,実績_その他売上 計 ÷ 実績_総売上 計 × 100,構成比_その他売上 計: 実績_その他売上 / 実績_総売上 × 100,予実対比.構成比_その他売上 計,,,,
,,,,,,,,,,,,実績_FLコスト 計 ÷ 実績_総売上 計 × 100,構成比_FLコスト 計: 実績_FLコスト / 実績_総売上 × 100,予実対比.構成比_FLコスト 計,,,,
,,,,,,,,,,,,実績_FD仕入 計 ÷ 実績_総売上 計 × 100,構成比_FD仕入 計: 実績_FD仕入 / 実績_総売上 × 100,予実対比.構成比_FD仕入 計,,,,
,,,,,,,,,,,,実績_人件費 計 ÷ 実績_総売上 計 × 100,構成比_人件費 計: 実績_人件費 / 実績_総売上 × 100,予実対比.構成比_人件費 計,,,,
,,,,,,,,,,,,実績_その他経費 計 ÷ 実績_総売上 計 × 100,構成比_その他経費 計: 実績_その他経費 / 実績_総売上 × 100,予実対比.構成比_その他経費 計,,,,
,,,,,,,,,,,,実績_営業利益 ÷ 実績_総売上 計 × 100,構成比_営業利益: 実績_営業利益 / 実績_総売上 × 100,予実対比.構成比_営業利益,,,,
,,,,,,,,画面間×設定値,,monthly_budgets.target_sales,月次予算設定.総売上,月次予算設定.売上（税抜） ÷ 営業日数 × 経過日数,予算_総売上 計: monthly_budgets.target_sales / 営業日数 × 経過日数,予実対比.予算_総売上 計,,,,
,,,,,,,,,,"monthly_budgets.target_sales, budget_sales_compositions.food_ratio",月次予算設定.フード売上,予算_総売上 計 × 売上構成比設定.フード構成比,予算_フード売上 計: 予算_総売上 × food_ratio,予実対比.予算_フード売上 計,,,,
,,,,,,,,,,"monthly_budgets.target_sales, budget_sales_compositions.lunch_ratio",月次予算設定.フード売上ランチ,予算_フード売上 計 × 売上構成比設定.ランチ比率,予算_フード売上ランチ: 予算_フード売上 × lunch_ratio,予実対比.予算_フード売上ランチ,,,,
,,,,,,,,,,"monthly_budgets.target_sales, budget_sales_compositions.dinner_ratio",月次予算設定.フード売上ディナー,予算_フード売上 計 × 売上構成比設定.ディナー比率,予算_フード売上ディナー: 予算_フード売上 × dinner_ratio,予実対比.予算_フード売上ディナー,,,,
,,,,,,,,,,"monthly_budgets.target_sales, budget_sales_compositions.drink_ratio",月次予算設定.ドリンク売上,予算_総売上 計 × 売上構成比設定.ドリンク構成比,予算_ドリンク売上 計: 予算_総売上 × drink_ratio,予実対比.予算_ドリンク売上 計,,,,
,,,,,,,,,,"monthly_budgets.target_sales, budget_sales_compositions.other_ratio",月次予算設定.ドリンク売上ランチ,予算_ドリンク売上 計 × 売上構成比設定.ランチ比率,予算_ドリンク売上ランチ: 予算_ドリンク売上 × lunch_ratio,予実対比.予算_ドリンク売上ランチ,,,,
,,,,,,,,,,"monthly_budgets.target_sales, monthly_budgets.food_cost_rate",月次予算設定.ドリンク売上ディナー,予算_ドリンク売上 計 × 売上構成比設定.ディナー比率,予算_ドリンク売上ディナー: 予算_ドリンク売上 × dinner_ratio,予実対比.予算_ドリンク売上ディナー,,,,
,,,,,,,,,,"monthly_budgets.target_sales, monthly_budgets.food_cost_rate, budget_sales_compositions.food_ratio",月次予算設定.その他売上（サービス料等）,予算_総売上 計 × 売上構成比設定.その他構成比,予算_その他売上 計（サービス料等）: 予算_総売上 × other_ratio,予実対比.予算_その他売上 計（サービス料等）,,,,
,,,,,,,,,,"monthly_budgets.target_sales, monthly_budgets.food_cost_rate, budget_sales_compositions.drink_ratio",月次予算設定.その他売上ランチ,予算_その他売上 計 × 売上構成比設定.ランチ比率,予算_その他売上ランチ: 予算_その他売上 × lunch_ratio,予実対比.予算_その他売上ランチ,,,,
,,,,,,,,,,"monthly_budgets.target_sales, monthly_budgets.labor_cost_rate, 固定人件費予算",月次予算設定.その他売上ディナー,予算_その他売上 計 × 売上構成比設定.ディナー比率,予算_その他売上ディナー: 予算_その他売上 × dinner_ratio,予実対比.予算_その他売上ディナー,,,,
,,,,,,,,,,monthly_costs.固定人件費,"予実対比.予算_FD仕入 計, 予実対比.予算_人件費 計",予算_FD仕入 計 + 予算_人件費 計,予算_FLコスト 計: FD仕入予算 + 人件費予算,予実対比.予算_FLコスト 計,,,,
,,,,,,,,,,"monthly_budgets.target_sales, monthly_budgets.labor_cost_rate",月次予算設定.FD仕入,月次予算設定.売上（税抜） × 月次予算設定.FD仕入比率 ÷ 営業日数 × 経過日数,予算_FD仕入 計: target_sales × food_cost_rate / 営業日数 × 経過日数,予実対比.予算_FD仕入 計,,,,
,,,,,,,,,,monthly_costs.ヘルプ人件費,月次予算設定.フード仕入,予算_FD仕入 計 × フード按分比,予算_フード仕入: 予算_FD仕入 × フード按分比,予実対比.予算_フード仕入,,,,
,,,,,,,,,,monthly_costs.その他経費合計,月次予算設定.ドリンク仕入,予算_FD仕入 計 × ドリンク按分比,予算_ドリンク仕入: 予算_FD仕入 × ドリンク按分比,予実対比.予算_ドリンク仕入,,,,
,,,,,,,,,,monthly_costs.地代家賃,月次予算設定.人件費,(月次予算設定.売上 × PA人件費率 + 固定人件費予算) ÷ 営業日数 × 経過日数,予算_人件費 計: (target_sales × labor_cost_rate + 固定人件費) / 営業日数 × 経過日数,予実対比.予算_人件費 計,,,,
,,,,,,,,,,monthly_costs.資材費,月次予算設定.固定人件費,費用設定.固定人件費予算 ÷ 営業日数 × 経過日数,予算_固定人件費: 固定人件費予算 / 営業日数 × 経過日数,予実対比.予算_固定人件費,,,,
,,,,,,,,,,monthly_costs.ラクミー利用料,月次予算設定.PA人件費,月次予算設定.売上（税抜） × 月次予算設定.PA人件費率 ÷ 営業日数 × 経過日数,予算_PA人件費: target_sales × labor_cost_rate / 営業日数 × 経過日数,予実対比.予算_PA人件費,,,,
,,,,,,,,,,monthly_costs.IT費用,月次予算設定.ヘルプ人件費,費用設定.ヘルプ人件費予算 ÷ 営業日数 × 経過日数,予算_ヘルプ人件費: ヘルプ人件費予算 / 営業日数 × 経過日数,予実対比.予算_ヘルプ人件費,,,,
,,,,,,,,,,monthly_costs.お花代,月次予算設定.その他経費,費用設定.その他経費予算合計 ÷ 営業日数 × 経過日数,予算_その他経費 計: その他経費予算 / 営業日数 × 経過日数,予実対比.予算_その他経費 計,,,,
,,,,,,,,,,monthly_costs.ガス代,月次予算設定.地代家賃,費用設定.地代家賃 ÷ 営業日数 × 経過日数,予算_地代家賃: 地代家賃 / 営業日数 × 経過日数,予実対比.予算_地代家賃,,,,
,,,,,,,,,,monthly_costs.クレジットカード手数料,月次予算設定.資材費,費用設定.資材費 ÷ 営業日数 × 経過日数,予算_資材費: 資材費 / 営業日数 × 経過日数,予実対比.予算_資材費,,,,
,,,,,,,,,,monthly_costs.レジ利用料,月次予算設定.ラクミー利用料,費用設定.ラクミー利用料 ÷ 営業日数 × 経過日数,予算_ラクミー利用料: ラクミー利用料 / 営業日数 × 経過日数,予実対比.予算_ラクミー利用料,,,,
,,,,,,,,,,monthly_costs.借入金返済,月次予算設定.IT費用,費用設定.IT費用 ÷ 営業日数 × 経過日数,予算_IT費用: IT費用 / 営業日数 × 経過日数,予実対比.予算_IT費用,,,,
,,,,,,,,,,monthly_costs.家賃（変動分）,月次予算設定.お花代,費用設定.お花代 ÷ 営業日数 × 経過日数,予算_お花代: お花代 / 営業日数 × 経過日数,予実対比.予算_お花代,,,,
,,,,,,,,,,monthly_costs.水道代,月次予算設定.ガス代,費用設定.ガス代 ÷ 営業日数 × 経過日数,予算_ガス代: ガス代 / 営業日数 × 経過日数,予実対比.予算_ガス代,,,,
,,,,,,,,,,monthly_costs.水道光熱費,月次予算設定.クレジットカード手数料,費用設定.クレジットカード手数料 ÷ 営業日数 × 経過日数,予算_クレジットカード手数料: クレジットカード手数料 / 営業日数 × 経過日数,予実対比.予算_クレジットカード手数料,,,,
,,,,,,,,,,monthly_costs.減価償却費,月次予算設定.レジ利用料,費用設定.レジ利用料 ÷ 営業日数 × 経過日数,予算_レジ利用料: レジ利用料 / 営業日数 × 経過日数,予実対比.予算_レジ利用料,,,,
,,,,,,,,,,monthly_costs.社員人件費,月次予算設定.借入金返済,費用設定.借入金返済 ÷ 営業日数 × 経過日数,予算_借入金返済: 借入金返済 / 営業日数 × 経過日数,予実対比.予算_借入金返済,,,,
,,,,,,,,,,monthly_costs.販促費,月次予算設定.家賃（変動分）,費用設定.家賃（変動分） ÷ 営業日数 × 経過日数,予算_家賃（変動分）: 家賃（変動分） / 営業日数 × 経過日数,予実対比.予算_家賃（変動分）,,,,
,,,,,,,,,,monthly_costs.電気代,月次予算設定.水道代,費用設定.水道代 ÷ 営業日数 × 経過日数,予算_水道代: 水道代 / 営業日数 × 経過日数,予実対比.予算_水道代,,,,
,,,,,,,,,,,月次予算設定.水道光熱費,費用設定.水道光熱費 ÷ 営業日数 × 経過日数,予算_水道光熱費: 水道光熱費 / 営業日数 × 経過日数,予実対比.予算_水道光熱費,,,,
,,,,,,,,,,,月次予算設定.減価償却費,費用設定.減価償却費 ÷ 営業日数 × 経過日数,予算_減価償却費: 減価償却費 / 営業日数 × 経過日数,予実対比.予算_減価償却費,,,,
,,,,,,,,,,,月次予算設定.社員人件費,費用設定.社員人件費 ÷ 営業日数 × 経過日数,予算_社員人件費: 社員人件費 / 営業日数 × 経過日数,予実対比.予算_社員人件費,,,,
,,,,,,,,,,,月次予算設定.販促費,費用設定.販促費 ÷ 営業日数 × 経過日数,予算_販促費: 販促費 / 営業日数 × 経過日数,予実対比.予算_販促費,,,,
,,,,,,,,,,,月次予算設定.電気代,費用設定.電気代 ÷ 営業日数 × 経過日数,予算_電気代: 電気代 / 営業日数 × 経過日数,予実対比.予算_電気代,,,,
16,年間予実対比,分析画面,中,A,店舗年次,最高,L2-S,外部連携単独,ZTOTAL.sales_excluded,head_office_connected_service_sales_logs.sales_excluded,[外部]ZTOTAL.sales_excluded,SUM月次,月次実績_総売上 計: SUM(ZTOTAL.sales_excluded) GROUP BY year_month,年間予実対比.月次実績_総売上 計,[外部]infomart_transactions.total_tax_excluded,長期キャッシュ(1時間以上),◎,日次バッチ
,,,,,,,,,TITEM.sales_excluded,head_office_item_sales_logs.sales_excluded,[外部]TITEM.sales_excluded,SUMフード月次,月次実績_フード売上 計: SUM(TITEM.sales_excluded) WHERE category = 'フード' GROUP BY year_month,年間予実対比.月次実績_フード売上 計,,,,
,,,,,,,,,ZTOTAL.service_charge_1,z_totals.service_charge_1,[外部]ZTOTAL.service_charge_1,SUMドリンク月次,月次実績_ドリンク売上 計: SUM(TITEM.sales_excluded) WHERE category = 'ドリンク' GROUP BY year_month,年間予実対比.月次実績_ドリンク売上 計,,,,
,,,,,,,,,infomart_transactions.total_tax_excluded,head_office_employee_working_records.daily_cost,インフォマート（仕入）,SUMその他月次,月次実績_その他売上 計: SUM(ZTOTAL.service_charge_1) GROUP BY year_month,年間予実対比.月次実績_その他売上 計,,,,
,,,,,,,,,head_office_employee_working_records.daily_cost,,[外部]head_office_employee_working_records.daily_cost,SUMFD月次,月次実績_FD仕入 計: SUM(infomart_transactions.total_tax_excluded) WHERE category IN ('フード',年間予実対比.月次実績_FD仕入 計,,,,
,,,,,,,,,,,,SUM商品別,月次実績_人件費 計: SUM(head_office_employee_working_records.daily_cost) GROUP BY year_month,年間予実対比.月次実績_人件費 計,,,,
,,,,,,,,設定値参照,monthly_costs.value,monthly_costs.value,[入力]monthly_costs.value,SUM経費月次,月次実績_その他経費 計: SUM(monthly_costs.value) WHERE cost_type = '経費' GROUP BY year_month,年間予実対比.月次実績_その他経費 計,,,,
,,,,,,,,,monthly_budgets.target_sales,月次予算値,月次予算設定.売上（税抜）,月次予算,月次予算_総売上 計: monthly_budgets.target_sales GROUP BY year_month,年間予実対比.月次予算_総売上 計,,,,
,,,,,,,,,,monthly_costs.その他経費合計,月次予算設定.月次その他経費,費用設定.その他経費予算合計,月次予算_その他経費 計: その他経費予算,年間予実対比.月次予算_その他経費 計,,,,
,,,,,,,,画面内演算,,,"年間予実対比.月次実績_FD仕入 計, 年間予実対比.月次実績_人件費 計",月次実績_FD仕入 計 + 月次実績_人件費 計,月次実績_FLコスト 計: FD仕入 + 人件費,年間予実対比.月次実績_FLコスト 計,,,,
,,,,,,,,,,,"年間予実対比.月次実績_総売上 計, 年間予実対比.月次実績_FLコスト 計, 年間予実対比.月次実績_その他経費 計",月次実績_総売上 計 - 月次実績_FLコスト 計 - 月次実績_その他経費 計,月次実績_営業利益: 総売上 - FLコスト - その他経費,年間予実対比.月次実績_営業利益,,,,
,,,,,,,,,,,"年間予実対比.月次予算_FD仕入 計, 年間予実対比.月次予算_人件費 計",月次予算_FD仕入 計 + 月次予算_人件費 計,月次予算_FLコスト 計: FD仕入予算 + 人件費予算,年間予実対比.月次予算_FLコスト 計,,,,
,,,,,,,,,,,"年間予実対比.月次予算_総売上 計, 年間予実対比.月次予算_FLコスト 計, 年間予実対比.月次予算_その他経費 計",月次予算_総売上 計 - 月次予算_FLコスト 計 - 月次予算_その他経費 計,月次予算_営業利益: 予算_総売上 - 予算_FLコスト - 予算_その他経費,年間予実対比.月次予算_営業利益,,,,
,,,,,,,,,,,年間予実対比.月次予算_総売上 計,月次予算_総売上 計 ÷ 月次予算_総売上 計 × 100,予算構成比_総売上 計: 100%（基準値）,年間予実対比.予算構成比_総売上 計,,,,
,,,,,,,,,,,"年間予実対比.月次予算_フード売上 計, 年間予実対比.月次予算_総売上 計",月次予算_フード売上 計 ÷ 月次予算_総売上 計 × 100,予算構成比_フード売上 計: 月次予算_フード売上 / 月次予算_総売上 × 100 GROUP BY year_month,年間予実対比.予算構成比_フード売上 計,,,,
,,,,,,,,,,,"年間予実対比.月次予算_ドリンク売上 計, 年間予実対比.月次予算_総売上 計",月次予算_ドリンク売上 計 ÷ 月次予算_総売上 計 × 100,予算構成比_ドリンク売上 計: 月次予算_ドリンク売上 / 月次予算_総売上 × 100 GROUP BY year_month,年間予実対比.予算構成比_ドリンク売上 計,,,,
,,,,,,,,,,,"年間予実対比.月次予算_その他売上 計, 年間予実対比.月次予算_総売上 計",月次予算_その他売上 計 ÷ 月次予算_総売上 計 × 100,予算構成比_その他売上 計: 月次予算_その他売上 / 月次予算_総売上 × 100 GROUP BY year_month,年間予実対比.予算構成比_その他売上 計,,,,
,,,,,,,,,,,"年間予実対比.月次予算_FLコスト 計, 年間予実対比.月次予算_総売上 計",月次予算_FLコスト 計 ÷ 月次予算_総売上 計 × 100,予算構成比_FLコスト 計: 月次予算_FLコスト / 月次予算_総売上 × 100 GROUP BY year_month,年間予実対比.予算構成比_FLコスト 計,,,,
,,,,,,,,,,,"年間予実対比.月次予算_FD仕入 計, 年間予実対比.月次予算_総売上 計",月次予算_FD仕入 計 ÷ 月次予算_総売上 計 × 100,予算構成比_FD仕入 計: 月次予算_FD仕入 / 月次予算_総売上 × 100 GROUP BY year_month,年間予実対比.予算構成比_FD仕入 計,,,,
,,,,,,,,,,,"年間予実対比.月次予算_人件費 計, 年間予実対比.月次予算_総売上 計",月次予算_人件費 計 ÷ 月次予算_総売上 計 × 100,予算構成比_人件費 計: 月次予算_人件費 / 月次予算_総売上 × 100 GROUP BY year_month,年間予実対比.予算構成比_人件費 計,,,,
,,,,,,,,,,,"年間予実対比.月次予算_その他経費 計, 年間予実対比.月次予算_総売上 計",月次予算_その他経費 計 ÷ 月次予算_総売上 計 × 100,予算構成比_その他経費 計: 月次予算_その他経費 / 月次予算_総売上 × 100 GROUP BY year_month,年間予実対比.予算構成比_その他経費 計,,,,
,,,,,,,,,,,"年間予実対比.月次予算_営業利益, 年間予実対比.月次予算_総売上 計",月次予算_営業利益 ÷ 月次予算_総売上 計 × 100,予算構成比_営業利益: 月次予算_営業利益 / 月次予算_総売上 × 100 GROUP BY year_month,年間予実対比.予算構成比_営業利益,,,,
,,,,,,,,,,,"年間予実対比.月次実績_総売上 計, 年間予実対比.月次予算_総売上 計",月次実績_総売上 計 - 月次予算_総売上 計,予実差額_総売上 計: 実績 - 予算,年間予実対比.予実差額_総売上 計,,,,
,,,,,,,,,,,"年間予実対比.月次実績_フード売上 計, 年間予実対比.月次予算_フード売上 計",月次実績_フード売上 計 - 月次予算_フード売上 計,予実差額_フード売上 計: 実績 - 予算,年間予実対比.予実差額_フード売上 計,,,,
,,,,,,,,,,,"年間予実対比.月次実績_ドリンク売上 計, 年間予実対比.月次予算_ドリンク売上 計",月次実績_ドリンク売上 計 - 月次予算_ドリンク売上 計,予実差額_ドリンク売上 計: 実績 - 予算,年間予実対比.予実差額_ドリンク売上 計,,,,
,,,,,,,,,,,"年間予実対比.月次実績_その他売上 計, 年間予実対比.月次予算_その他売上 計",月次実績_その他売上 計 - 月次予算_その他売上 計,予実差額_その他売上 計: 実績 - 予算,年間予実対比.予実差額_その他売上 計,,,,
,,,,,,,,,,,"年間予実対比.月次実績_FLコスト 計, 年間予実対比.月次予算_FLコスト 計",月次実績_FLコスト 計 - 月次予算_FLコスト 計,予実差額_FLコスト 計: 実績 - 予算,年間予実対比.予実差額_FLコスト 計,,,,
,,,,,,,,,,,"年間予実対比.月次実績_FD仕入 計, 年間予実対比.月次予算_FD仕入 計",月次実績_FD仕入 計 - 月次予算_FD仕入 計,予実差額_FD仕入 計: 実績 - 予算,年間予実対比.予実差額_FD仕入 計,,,,
,,,,,,,,,,,"年間予実対比.月次実績_人件費 計, 年間予実対比.月次予算_人件費 計",月次実績_人件費 計 - 月次予算_人件費 計,予実差額_人件費 計: 実績 - 予算,年間予実対比.予実差額_人件費 計,,,,
,,,,,,,,,,,"年間予実対比.月次実績_その他経費 計, 年間予実対比.月次予算_その他経費 計",月次実績_その他経費 計 - 月次予算_その他経費 計,予実差額_その他経費 計: 実績 - 予算,年間予実対比.予実差額_その他経費 計,,,,
,,,,,,,,,,,"年間予実対比.月次実績_営業利益, 年間予実対比.月次予算_営業利益",月次実績_営業利益 - 月次予算_営業利益,予実差額_営業利益: 実績 - 予算,年間予実対比.予実差額_営業利益,,,,
,,,,,,,,,,,年間予実対比.月次実績_総売上 計,月次実績_総売上 計 ÷ 月次予算_総売上 計 × 100,予算対比率_総売上 計: 実績 / 予算 × 100,年間予実対比.予算対比率_総売上 計,,,,
,,,,,,,,,,,"年間予実対比.月次実績_フード売上 計, 年間予実対比.月次実績_総売上 計",月次実績_フード売上 計 ÷ 月次予算_フード売上 計 × 100,予算対比率_フード売上 計: 実績 / 予算 × 100,年間予実対比.予算対比率_フード売上 計,,,,
,,,,,,,,,,,"年間予実対比.月次実績_ドリンク売上 計, 年間予実対比.月次実績_総売上 計",月次実績_ドリンク売上 計 ÷ 月次予算_ドリンク売上 計 × 100,予算対比率_ドリンク売上 計: 実績 / 予算 × 100,年間予実対比.予算対比率_ドリンク売上 計,,,,
,,,,,,,,,,,"年間予実対比.月次実績_その他売上 計, 年間予実対比.月次実績_総売上 計",月次実績_その他売上 計 ÷ 月次予算_その他売上 計 × 100,予算対比率_その他売上 計: 実績 / 予算 × 100,年間予実対比.予算対比率_その他売上 計,,,,
,,,,,,,,,,,"年間予実対比.月次実績_FLコスト 計, 年間予実対比.月次実績_総売上 計",月次実績_FLコスト 計 ÷ 月次予算_FLコスト 計 × 100,予算対比率_FLコスト 計: 実績 / 予算 × 100,年間予実対比.予算対比率_FLコスト 計,,,,
,,,,,,,,,,,"年間予実対比.月次実績_FD仕入 計, 年間予実対比.月次実績_総売上 計",月次実績_FD仕入 計 ÷ 月次予算_FD仕入 計 × 100,予算対比率_FD仕入 計: 実績 / 予算 × 100,年間予実対比.予算対比率_FD仕入 計,,,,
,,,,,,,,,,,"年間予実対比.月次実績_人件費 計, 年間予実対比.月次実績_総売上 計",月次実績_人件費 計 ÷ 月次予算_人件費 計 × 100,予算対比率_人件費 計: 実績 / 予算 × 100,年間予実対比.予算対比率_人件費 計,,,,
,,,,,,,,,,,"年間予実対比.月次実績_その他経費 計, 年間予実対比.月次実績_総売上 計",月次実績_その他経費 計 ÷ 月次予算_その他経費 計 × 100,予算対比率_その他経費 計: 実績 / 予算 × 100,年間予実対比.予算対比率_その他経費 計,,,,
,,,,,,,,,,,"年間予実対比.月次実績_営業利益, 年間予実対比.月次実績_総売上 計",月次実績_営業利益 ÷ 月次予算_営業利益 × 100,予算対比率_営業利益: 実績 / 予算 × 100,年間予実対比.予算対比率_営業利益,,,,
,,,,,,,,,,,,月次実績_総売上 計 ÷ 月次実績_総売上 計 × 100,構成比_総売上 計: 100%（基準値）,年間予実対比.構成比_総売上 計,,,,
,,,,,,,,,,,,月次実績_フード売上 計 ÷ 月次実績_総売上 計 × 100,構成比_フード売上 計: 月次実績_フード売上 / 月次実績_総売上 × 100,年間予実対比.構成比_フード売上 計,,,,
,,,,,,,,,,,,月次実績_ドリンク売上 計 ÷ 月次実績_総売上 計 × 100,構成比_ドリンク売上 計: 月次実績_ドリンク売上 / 月次実績_総売上 × 100,年間予実対比.構成比_ドリンク売上 計,,,,
,,,,,,,,,,,,月次実績_その他売上 計 ÷ 月次実績_総売上 計 × 100,構成比_その他売上 計: 月次実績_その他売上 / 月次実績_総売上 × 100,年間予実対比.構成比_その他売上 計,,,,
,,,,,,,,,,,,月次実績_FLコスト 計 ÷ 月次実績_総売上 計 × 100,構成比_FLコスト 計: 月次実績_FLコスト / 月次実績_総売上 × 100,年間予実対比.構成比_FLコスト 計,,,,
,,,,,,,,,,,,月次実績_FD仕入 計 ÷ 月次実績_総売上 計 × 100,構成比_FD仕入 計: 月次実績_FD仕入 / 月次実績_総売上 × 100,年間予実対比.構成比_FD仕入 計,,,,
,,,,,,,,,,,,月次実績_人件費 計 ÷ 月次実績_総売上 計 × 100,構成比_人件費 計: 月次実績_人件費 / 月次実績_総売上 × 100,年間予実対比.構成比_人件費 計,,,,
,,,,,,,,,,,,月次実績_その他経費 計 ÷ 月次実績_総売上 計 × 100,構成比_その他経費 計: 月次実績_その他経費 / 月次実績_総売上 × 100,年間予実対比.構成比_その他経費 計,,,,
,,,,,,,,,,,,月次実績_営業利益 ÷ 月次実績_総売上 計 × 100,構成比_営業利益: 月次実績_営業利益 / 月次実績_総売上 × 100,年間予実対比.構成比_営業利益,,,,
,,,,,,,,画面間×設定値,,"monthly_budgets.target_sales, budget_sales_compositions.food_ratio",月次予算設定.月次フード売上,月次予算_総売上 計 × 売上構成比設定.フード構成比,月次予算_フード売上 計: 月次予算 × フード構成比 GROUP BY year_month,年間予実対比.月次予算_フード売上 計,,,,
,,,,,,,,,,"monthly_budgets.target_sales, budget_sales_compositions.drink_ratio",月次予算設定.月次ドリンク売上,月次予算_総売上 計 × 売上構成比設定.ドリンク構成比,月次予算_ドリンク売上 計: 月次予算 × ドリンク構成比 GROUP BY year_month,年間予実対比.月次予算_ドリンク売上 計,,,,
,,,,,,,,,,"monthly_budgets.target_sales, budget_sales_compositions.other_ratio",月次予算設定.月次その他売上,月次予算_総売上 計 × 売上構成比設定.その他構成比,月次予算_その他売上 計: 月次予算 × その他構成比 GROUP BY year_month,年間予実対比.月次予算_その他売上 計,,,,
,,,,,,,,,,"monthly_budgets.target_sales, monthly_budgets.food_cost_rate",月次予算設定.月次FD仕入,月次予算設定.売上（税抜） × 月次予算設定.FD仕入比率,月次予算_FD仕入 計: target_sales × food_cost_rate GROUP BY year_month,年間予実対比.月次予算_FD仕入 計,,,,
,,,,,,,,,,"monthly_budgets.target_sales, monthly_budgets.labor_cost_rate, 固定人件費予算",月次予算設定.月次人件費,月次予算設定.売上 × PA人件費率 + 固定人件費予算,月次予算_人件費 計: (target_sales × labor_cost_rate + 固定人件費) GROUP BY year_month,年間予実対比.月次予算_人件費 計,,,,
17,主要KPI指標,ダッシュボード表示画面,低,S,店舗月次,高,L3-S,画面間演算,ZTOTAL.sales_excluded,"head_office_connected_service_sales_logs.sales_excluded, shops.total_area_num",当月実績.売上（税抜）,参照表示,坪月商: 当月実績.売上（税抜） ÷ 店舗マスタ.坪数,主要KPI指標.坪月商,,中期キャッシュ(30分-1時間),○,データ更新時
,,,,,,,,,,z_totals.sales_excluded,"当月実績.営業利益, 当月実績.売上（税抜）, 予実対比.FD仕入, 予実対比.人件費",仕入÷売上×100,営業利益率: (当月実績.売上（税抜） - 予実対比.FD仕入 - 予実対比.人件費 - 予実対比.その他経費) ÷ 当月実績.売上（税抜） × 100,主要KPI指標.営業利益率,,,,
,,,,,,,,,,"monthly_costs.value, head_office_connected_service_sales_logs.sales_excluded",当月実績.営業利益,比率計算,家賃比率: 月次費用入力.金額(家賃) ÷ 当月実績.売上（税抜） × 100,主要KPI指標.家賃比率,,,,
,,,,,,,,,,"monthly_budgets.value（予算設定画面）, monthly_budgets.profit",,比率計算,ROI: 当月実績.営業利益 ÷ 予算設定.予算金額 × 100,主要KPI指標.ROI,,,,
18,年間予実対比（サマリー）,ダッシュボード表示画面,低,S,店舗年次,高,L3-S,外部連携参照,infomart_transactions.total_tax_excluded,infomart_transactions.total_tax_excluded,[外部]infomart_transactions.total_tax_excluded,参照表示,FD仕入額: SUM(infomart_transactions.total_tax_excluded) GROUP BY year,年間予実対比（サマリー）.FD仕入額,,中期キャッシュ(30分-1時間),○,データ更新時
,,,,,,,,,head_office_connected_service_labor_costs_logs.labor_costs,head_office_connected_service_labor_costs_logs.labor_costs,[外部]head_office_connected_service_labor_costs_logs.labor_costs,SUM商品別,人件費額: SUM(head_office_connected_service_labor_costs_logs.labor_costs) GROUP BY year,年間予実対比（サマリー）.人件費額,,,,
,,,,,,,,画面間演算,"TITEM.sales_excluded, ZTOTAL.customers","head_office_item_sales_logs.sales_excluded, head_office_connected_service_sales_logs.customers","時間帯別売上分析.ランチ売上（税抜）, 時間帯別売上分析.客数",参照表示,客単価（ランチ）: 時間帯別売上分析.ランチ売上（税抜） ÷ 時間帯別売上分析.客数,年間予実対比（サマリー）.客単価（ランチ）,,,,
,,,,,,,,,"ZTOTAL.sales_excluded, ZTOTAL.customers",monthly_costs.value,"時間帯別売上分析.ディナー売上（税抜）, 時間帯別売上分析.客数",売上÷客数,客単価（ディナー）: 時間帯別売上分析.ディナー売上（税抜） ÷ 時間帯別売上分析.客数,年間予実対比（サマリー）.客単価（ディナー）,,,,
,,,,,,,,,,"head_office_connected_service_sales_logs.sales_excluded, head_office_connected_service_sales_logs.customers","当月実績.売上（税抜）, 予実対比.FD仕入, 予実対比.人件費",データ取得,営業利益: 当月実績.売上（税抜） - 予実対比.FD仕入 - 予実対比.人件費 - 予実対比.その他経費,年間予実対比（サマリー）.営業利益,,,,
,,,,,,,,,,,"当月実績.売上（税抜）, 感度分析.客数",売上÷客数,客単価: 当月実績.売上（税抜） ÷ 感度分析.客数,年間予実対比（サマリー）.客単価,,,,
19,店舗別サマリー,ダッシュボード表示画面,低,S,店舗月次,高,L3-S,外部連携参照,ZTOTAL.sales_excluded,head_office_connected_service_sales_logs.sales_excluded,[外部]ZTOTAL.sales_excluded,参照表示,売上（税抜）: SUM(ZTOTAL.sales_excluded) GROUP BY shop_id,店舗別サマリー.売上（税抜）,,中期キャッシュ(30分-1時間),○,データ更新時
,,,,,,,,設定値参照,,monthly_budgets.profit,月次予算設定.売上（税抜）,マスタ参照,売上目標: monthly_budgets.value,店舗別サマリー.売上目標,"店舗別サマリー.売上進捗率, 店舗別サマリー.売上達成率",,,
,,,,,,,,画面間演算,ZTOTAL.sales_excluded,"head_office_connected_service_sales_logs.sales_excluded, monthly_budgets.profit",店舗別サマリー.売上（税抜）,参照表示,売上達成率: 店舗別サマリー.売上（税抜） ÷ 予算設定.予算金額 × 100,店舗別サマリー.売上達成率,,,,
,,,,,,,,,"ZTOTAL.sales_excluded, infomart_transactions.total_tax_excluded, head_office_connected_service_labor_costs_logs.labor_costs","head_office_connected_service_sales_logs.sales_excluded, infomart_transactions.total_tax_excluded, head_office_connected_service_labor_costs_logs.labor_costs, monthly_costs.value","店舗別サマリー.売上（税抜）, 予実対比.FD仕入, 予実対比.人件費",データ取得,営業利益: 店舗別サマリー.売上（税抜） - 予実対比.FD仕入 - 予実対比.人件費 - 予実対比.その他経費,店舗別サマリー.営業利益,,,,
,,,,,,,,,"infomart_transactions.total_tax_excluded, ZTOTAL.sales_excluded","infomart_transactions.total_tax_excluded, head_office_connected_service_sales_logs.sales_excluded","店舗別サマリー.売上（税抜）, 店舗別サマリー.売上目標",SUM,売上進捗率: SUM(店舗別サマリー.売上（税抜）) ÷ 店舗別サマリー.売上目標 × 100,店舗別サマリー.売上進捗率,,,,
,,,,,,,,,"head_office_connected_service_labor_costs_logs.labor_costs, ZTOTAL.sales_excluded","head_office_connected_service_labor_costs_logs.labor_costs, head_office_connected_service_sales_logs.sales_excluded","予実対比.FD仕入, 店舗別サマリー.売上（税抜）",仕入÷売上×100,FD仕入率: 予実対比.FD仕入 ÷ 店舗別サマリー.売上（税抜） × 100,店舗別サマリー.FD仕入率,,,,
,,,,,,,,,,,"予実対比.人件費, 店舗別サマリー.売上（税抜）",比率計算,人件費率: 予実対比.人件費 ÷ 店舗別サマリー.売上（税抜） × 100,店舗別サマリー.人件費率,,,,
20,当月実績,ダッシュボード表示画面,低,S,店舗月次,高,L3-S,外部連携参照,ZTOTAL.sales_excluded,head_office_connected_service_sales_logs.sales_excluded,[外部]ZTOTAL.sales_excluded,参照表示,売上（税抜）: SUM(ZTOTAL.sales_excluded),当月実績.売上（税抜）,"ABC分析.売上（税抜）, 予算設定.売上（税抜）, 当月実績.FD仕入率, 当月実績.FL率, 当月実績.人件費率, 当月実績.営業利益, 支払種別売上分析.売上比率, 日次レポート.売上（税抜）",中期キャッシュ(30分-1時間),○,データ更新時
,,,,,,,,設定値参照,,monthly_budgets.profit,月次予算設定.目標月次利益,参照表示,営業利益予算: monthly_budgets.profit,当月実績.営業利益予算,当月実績.営業利益達成率,,,
,,,,,,,,,,monthly_budgets.sales,月次予算設定.売上予算,データ取得,売上予算: monthly_budgets.sales,当月実績.売上予算,当月実績.売上達成率,,,
,,,,,,,,画面間演算,"ZTOTAL.sales_excluded, infomart_transactions.total_tax_excluded, head_office_connected_service_labor_costs_logs.labor_costs","head_office_connected_service_sales_logs.sales_excluded, infomart_transactions.total_tax_excluded, head_office_connected_service_labor_costs_logs.labor_costs, monthly_costs.value","当月実績.売上（税抜）, 予実対比.FD仕入, 予実対比.人件費",参照表示,営業利益: 当月実績.売上（税抜） - 予実対比.FD仕入 - 予実対比.人件費 - 予実対比.その他経費,当月実績.営業利益,"主要KPI指標.ROI, 利益進捗分析.利益進捗率, 利益進捗分析.利益進捗率比較（前々月）, 利益進捗分析.利益進捗率比較（前月）, 利益進捗分析.利益達成率",,,
,,,,,,,,,"infomart_transactions.total_tax_excluded, ZTOTAL.sales_excluded","infomart_transactions.total_tax_excluded, head_office_connected_service_sales_logs.sales_excluded","予実対比.FD仕入, 当月実績.売上（税抜）",仕入÷売上×100,FD仕入率: 予実対比.FD仕入 ÷ 当月実績.売上（税抜） × 100,当月実績.FD仕入率,,,,
,,,,,,,,,"head_office_connected_service_labor_costs_logs.labor_costs, ZTOTAL.sales_excluded","head_office_connected_service_labor_costs_logs.labor_costs, head_office_connected_service_sales_logs.sales_excluded","予実対比.人件費, 当月実績.売上（税抜）",比率計算,人件費率: 予実対比.人件費 ÷ 当月実績.売上（税抜） × 100,当月実績.人件費率,,,,
,,,,,,,,,"infomart_transactions.total_tax_excluded, head_office_connected_service_labor_costs_logs.labor_costs, ZTOTAL.sales_excluded","infomart_transactions.total_tax_excluded, head_office_connected_service_labor_costs_logs.labor_costs, head_office_connected_service_sales_logs.sales_excluded","予実対比.FD仕入, 予実対比.人件費, 当月実績.売上（税抜）",仕入÷売上×100,FL率: (予実対比.FD仕入 + 予実対比.人件費) ÷ 当月実績.売上（税抜） × 100,当月実績.FL率,,,,
,,,,,,,,,"ZTOTAL.sales_excluded, monthly_budgets.profit","head_office_connected_service_sales_logs.sales_excluded, monthly_budgets.profit","当月実績.営業利益, 当月実績.営業利益予算",比率計算,営業利益達成率: 当月実績.営業利益 ÷ 当月実績.営業利益予算 × 100,当月実績.営業利益達成率,,,,
,,,,,,,,,"ZTOTAL.sales_excluded, monthly_budgets.sales","head_office_connected_service_sales_logs.sales_excluded, monthly_budgets.sales","当月実績.売上（税抜）, 当月実績.売上予算",比率計算,売上達成率: 当月実績.売上（税抜） ÷ 当月実績.売上予算 × 100,当月実績.売上達成率,,,,
21,仕入先分析,分析画面,低,C,店舗月次,高,L2-S,外部連携単独,member_name_partner.client_name,infomart_orders.client_name,[外部]member_name_partner.client_name,マスタ参照,仕入れ先: member_name_partner.client_name,仕入先分析.仕入れ先,商品別仕入分析.仕入先,中期キャッシュ(5-30分),△,データ連携時
,,,,,,,,,infomart_transactions.total_tax_excluded,infomart_transactions.total_tax_excluded,[外部]infomart_transactions.total_tax_excluded + ラクミーアプリ.納品書撮影.小計（税抜）,SUM仕入先別,金額（税抜）: SUM(infomart_transactions.total_tax_excluded) GROUP BY client_name,仕入先分析.金額（税抜）,"仕入先分析.比率, 商品仕入単価, 商品別仕入分析, 費目別仕入分析",,,
,,,,,,,,外部連携×外部連携,infomart_transactions.total_tax_excluded,infomart_transactions.total_tax_excluded,,仕入先÷総仕入×100,比率: 仕入先分析.金額税抜 ÷ SUM(仕入先分析.金額税抜) × 100,仕入先分析.比率,"商品別仕入分析.比率, 費目別仕入分析.比率",,,
22,商品別仕入分析,分析画面,低,C,店舗月次,高,L2-S,外部連携単独,detail_list.item_name,infomart_order_details.item_name,[外部]detail_list.item_name,マスタ参照,商品: detail_list.item_name,商品別仕入分析.商品,商品別仕入分析.比率,中期キャッシュ(5-30分),△,データ連携時
,,,,,,,,,member_name_partner.client_name,infomart_orders.client_name,[外部]member_name_partner.client_name,SUM商品別,仕入先: member_name_partner.client_name,商品別仕入分析.仕入先,,,,
,,,,,,,,,detail_list.price,infomart_order_details.price,[外部]detail_list.price,SUM商品別,金額（税抜）: SUM(detail_list.price) GROUP BY item_name,商品別仕入分析.金額（税抜）,,,,
,,,,,,,,外部連携×外部連携,detail_list.price,infomart_order_details.price,,商品÷総仕入×100,比率: 商品別仕入分析.金額税抜 ÷ SUM(商品別仕入分析.金額税抜) × 100,商品別仕入分析.比率,"仕入先分析.比率, 費目別仕入分析.比率",,,
23,商品別売上分析,分析画面,低,C,店舗月次,高,L2-S,外部連携単独,TITEM.quantity,head_office_item_sales_logs.quantity,[外部]TITEM.quantity,SUM商品別,販売数量: SUM(TITEM.quantity) GROUP BY item_name,商品別売上分析.販売数量,"ABC分析.販売点数, 商品別売上分析.商品単価（税抜）",中期キャッシュ(5-30分),△,データ連携時
,,,,,,,,外部連携×外部連携,"TITEM.sales_excluded, TITEM.quantity","head_office_item_sales_logs.sales_excluded, head_office_item_sales_logs.quantity",商品別売上分析.販売数量,売上÷数量,商品単価（税抜）: 商品別売上分析.売上合計税抜 ÷ 商品別売上分析.販売数量,商品別売上分析.商品単価（税抜）,,,,
,,,,,,,,,"TITEM.sales, TITEM.quantity","t_items.sales, head_office_item_sales_logs.quantity",,除算,商品単価（税込）: 商品別売上分析.売上合計税込 ÷ 商品別売上分析.販売数量,商品別売上分析.商品単価（税込）,,,,
24,平均単価推移,分析画面,低,C,店舗月次,高,L2-S,外部連携単独,detail_list.item_name,infomart_order_details.item_name,[外部]detail_list.item_name,ラベルマスタ,仕入商品ラベル: detail_list.item_name,平均単価推移.仕入商品ラベル,"商品別仕入分析.商品, 商品仕入単価.アイテム",中期キャッシュ(5-30分),△,データ連携時
,,,,,,,,,detail_list.price,infomart_order_details.price,[外部]detail_list.price,SUM月別,仕入金額（税抜）: SUM(detail_list.price) GROUP BY year_month,平均単価推移.仕入金額（税抜）,"平均単価推移.平均単価, 店舗間商品移動",,,
,,,,,,,,,detail_list.num,infomart_order_details.num,[外部]detail_list.num,SUM商品別,数量: SUM(detail_list.num) GROUP BY year_month,平均単価推移.数量,"商品仕入単価.数量, 平均単価推移.平均単価",,,
,,,,,,,,外部連携×外部連携,"detail_list.price, detail_list.num","infomart_order_details.price, infomart_order_details.num",平均単価推移.数量,金額÷数量,平均単価: 平均単価推移.仕入金額税抜 ÷ 平均単価推移.数量,平均単価推移.平均単価,"商品仕入単価.単価, 平均単価推移.平均単価推移",,,
,,,,,,,,画面間演算,,,平均単価推移.平均単価,期間集計トレンド計算,平均単価推移: 平均単価推移.平均単価 期間集計トレンド,平均単価推移.平均単価推移,,,,
25,納品書管理,一覧表示画面,高,D,店舗月次,高,L2-S,外部連携単独,,infomart_transactions.id,ラクミーアプリ.納品書撮影（登録）,参照表示,納品書ID: infomart_transactions.id,納品書管理.納品書ID,,中期キャッシュ(5-30分),△,データ連携時
,,,,,,,,,,infomart_transactions.received_at,,データ取得,受付日時: infomart_transactions.received_at,納品書管理.受付日時,,,,
,,,,,,,,,,infomart_transactions.delivery_date,,データ取得,納品日: infomart_transactions.delivery_date,納品書管理.納品日,,,,
,,,,,,,,,,infomart_transactions.status,,データ取得,処理ステータス: infomart_transactions.status,納品書管理.処理ステータス,,,,
,,,,,,,,,,infomart_transactions.client_name,,データ取得,発注先: infomart_transactions.client_name,納品書管理.発注先,,,,
,,,,,,,,ラクミー内部マスター参照,,shops.name,,マスタ参照,店舗名: shops.name,納品書管理.店舗名,,,,
26,納品書詳細,一覧表示画面,高,D,店舗月次,高,L2-S,外部連携単独,,infomart_transactions.id,ラクミーアプリ.納品書撮影（登録）,参照表示,納品書ID: infomart_transactions.id,納品書詳細.納品書ID,,中期キャッシュ(5-30分),△,データ連携時
,,,,,,,,,,infomart_transactions.orderer_name,,データ取得,発注者: infomart_transactions.orderer_name,納品書詳細.発注者,,,,
,,,,,,,,,,infomart_transactions.client_name,,データ取得,受注者: infomart_transactions.client_name,納品書詳細.受注者,,,,
,,,,,,,,,,infomart_transactions.status,,データ取得,処理ステータス: infomart_transactions.status,納品書詳細.処理ステータス,,,,
,,,,,,,,,,infomart_transactions.delivery_date,,データ取得,納品日: infomart_transactions.delivery_date,納品書詳細.納品日,,,,
27,日次レポート,分析画面,低,S,店舗内,高,L1,外部連携単独,ZTOTAL.sales,z_totals.sales,[外部]ZTOTAL.sales,日別集計,売上（税込）: SUM(ZTOTAL.sales) GROUP BY date,日次レポート.売上（税込）,"ABC分析.売上（税抜）, 当月実績.売上（税抜）, 感度分析.売上（税抜）",中期キャッシュ(30分-1時間),○,データ更新時
,,,,,,,,,ZTOTAL.sales_excluded,head_office_connected_service_sales_logs.sales_excluded,[外部]ZTOTAL.sales_excluded,SUM商品別,売上（税抜）: SUM(ZTOTAL.sales_excluded) GROUP BY date,日次レポート.売上（税抜）,予実対比.PA人件費,,,
,,,,,,,,,trade_total.total,infomart_orders.total,[外部]trade_total.total,SUM商品別,仕入（税込）: SUM(trade_total.total) GROUP BY date,日次レポート.仕入（税込）,,,,
,,,,,,,,,infomart_transactions.total_tax_excluded,infomart_transactions.total_tax_excluded,[外部]infomart_transactions.total_tax_excluded,SUM商品別,仕入（税抜）: SUM(infomart_transactions.total_tax_excluded) GROUP BY date,日次レポート.仕入（税抜）,,,,
,,,,,,,,,head_office_employee_working_records.daily_cost,head_office_employee_working_records.daily_cost,[外部]head_office_employee_working_records.daily_cost,SUM商品別,PA人件費: SUM(head_office_employee_working_records.daily_cost) GROUP BY date,日次レポート.PA人件費,,,,
28,予実対比（一覧）,一覧表示画面,低,S,店舗月次,中,L3-S,外部連携参照,ZTOTAL.service_charge_1,z_totals.service_charge_1,[外部]ZTOTAL.service_charge_1,参照表示,その他売上（サービス料等）: SUM(ZTOTAL.service_charge_1),予実対比（一覧）.その他売上（サービス料等）,予実対比（一覧）.営業利益,中期キャッシュ(5-30分),△,データ連携時
,,,,,,,,,TITEM.sales_excluded,head_office_item_sales_logs.sales_excluded,[外部]TITEM.sales_excluded,SUM,その他売上ランチ: SUM(TITEM.sales_excluded) WHERE category = 'その他' AND order_time BETWEEN 11:00 AND 15:00,予実対比（一覧）.その他売上ランチ,,,,
,,,,,,,,,ZTOTAL.discount,z_totals.discount,[外部]ZTOTAL.discount,SUM,その他売上ディナー: SUM(TITEM.sales_excluded) WHERE category = 'その他' AND order_time BETWEEN 17:00 AND 23:00,予実対比（一覧）.その他売上ディナー,,,,
,,,,,,,,,ZTOTAL.sales_excluded,head_office_connected_service_sales_logs.sales_excluded,[外部]ZTOTAL.sales_excluded,SUM,割引･値引等: SUM(ZTOTAL.discount),予実対比（一覧）.割引･値引等,,,,
,,,,,,,,,infomart_transactions.total_tax_excluded,infomart_transactions.total_tax_excluded,[外部]infomart_transactions.total_tax_excluded,SUM,総売上: SUM(ZTOTAL.sales_excluded),予実対比（一覧）.総売上,,,,
,,,,,,,,,head_office_connected_service_labor_costs_logs.labor_costs,head_office_connected_service_labor_costs_logs.labor_costs,[外部]head_office_connected_service_labor_costs_logs.labor_costs,SUMフード,フード売上: SUM(TITEM.sales_excluded) WHERE category = 'フード',予実対比（一覧）.フード売上,,,,
,,,,,,,,,head_office_employee_working_records.daily_cost,head_office_employee_working_records.daily_cost,[外部]head_office_employee_working_records.daily_cost,SUMフード,フード売上ランチ: SUM(TITEM.sales_excluded) WHERE category = 'フード' AND order_time BETWEEN 11:00 AND 15:00,予実対比（一覧）.フード売上ランチ,,,,
,,,,,,,,,,,,SUMフード,フード売上ディナー: SUM(TITEM.sales_excluded) WHERE category = 'フード' AND order_time BETWEEN 17:00 AND 23:00,予実対比（一覧）.フード売上ディナー,,,,
,,,,,,,,,,,,SUMドリンク,ドリンク売上: SUM(TITEM.sales_excluded) WHERE category = 'ドリンク',予実対比（一覧）.ドリンク売上,,,,
,,,,,,,,,,,,SUMドリンク,ドリンク売上ランチ: SUM(TITEM.sales_excluded) WHERE category = 'ドリンク' AND order_time BETWEEN 11:00 AND 15:00,予実対比（一覧）.ドリンク売上ランチ,,,,
,,,,,,,,,,,,SUMドリンク,ドリンク売上ディナー: SUM(TITEM.sales_excluded) WHERE category = 'ドリンク' AND order_time BETWEEN 17:00 AND 23:00,予実対比（一覧）.ドリンク売上ディナー,,,,
,,,,,,,,,,,,SUMフード,FD仕入: SUM(infomart_transactions.total_tax_excluded) WHERE category IN ('フード' 'ドリンク'),予実対比（一覧）.FD仕入,,,,
,,,,,,,,,,,,SUMフード,フード仕入: SUM(infomart_transactions.total_tax_excluded) WHERE category = 'フード',予実対比（一覧）.フード仕入,,,,
,,,,,,,,,,,,SUMドリンク,ドリンク仕入: SUM(infomart_transactions.total_tax_excluded) WHERE category = 'ドリンク',予実対比（一覧）.ドリンク仕入,,,,
,,,,,,,,,,,,SUM,人件費: SUM(head_office_connected_service_labor_costs_logs.labor_costs),予実対比（一覧）.人件費,,,,
,,,,,,,,,,,,SUM,固定人件費: SUM(head_office_connected_service_labor_costs_logs.labor_costs) WHERE employee_type = '月給者',予実対比（一覧）.固定人件費,,,,
,,,,,,,,,,,,SUM,PA人件費: SUM(head_office_employee_working_records.daily_cost),予実対比（一覧）.PA人件費,,,,
,,,,,,,,設定値参照,,monthly_costs.value,,SUM経費,その他経費: SUM(monthly_costs.value) WHERE cost_type = '経費',予実対比（一覧）.その他経費,予実対比（一覧）.営業利益,,,
,,,,,,,,,,,,費目=家賃,地代家賃: monthly_costs.value WHERE cost_item = '家賃',予実対比（一覧）.地代家賃,,,,
,,,,,,,,,,,,費目=資材費,資材費: monthly_costs.value WHERE cost_item = '資材費',予実対比（一覧）.資材費,,,,
,,,,,,,,画面間演算,"help_costs, help_costs_minus","head_office_connected_service_labor_costs_logs.help_costs, head_office_connected_service_labor_costs_logs.help_costs_minus",[外部]勤怠連携（KOT/ジョブカン）.ヘルプ人件費,参照表示,ヘルプ人件費: 店舗別人件費.ヘルプ人件費 - 店舗別人件費.ヘルプ人件費マイナス,予実対比（一覧）.ヘルプ人件費,,,,
,,,,,,,,,,monthly_costs.value,,データ取得,営業利益: 予実対比（一覧）.総売上 - 予実対比（一覧）.FD仕入 - 予実対比（一覧）.人件費 - 予実対比（一覧）.その他経費,予実対比（一覧）.営業利益,,,,
29,予算一覧（予算構成）,一覧表示画面,低,S,店舗月次,中,L3-S,外部連携参照,ZTOTAL.sales_excluded,head_office_connected_service_sales_logs.sales_excluded,[外部]ZTOTAL.sales_excluded,参照表示,売上 計: SUM(ZTOTAL.sales_excluded),予算一覧（予算構成）.売上 計,予算一覧（予算構成）.営業利益,中期キャッシュ(5-30分),△,データ連携時
,,,,,,,,,TITEM.sales_excluded,head_office_item_sales_logs.sales_excluded,[外部]TITEM.sales_excluded,SUMフード,フード売上 計: SUM(TITEM.sales_excluded) WHERE category = 'フード',予算一覧（予算構成）.フード売上 計,,,,
,,,,,,,,,ZTOTAL.service_charge_1,z_totals.service_charge_1,[外部]ZTOTAL.service_charge_1,SUMドリンク,ドリンク売上 計: SUM(TITEM.sales_excluded) WHERE category = 'ドリンク',予算一覧（予算構成）.ドリンク売上 計,,,,
,,,,,,,,,infomart_transactions.total_tax_excluded,infomart_transactions.total_tax_excluded,[外部]infomart_transactions.total_tax_excluded,SUM,その他売上 計（サービス料等）: SUM(ZTOTAL.service_charge_1),予算一覧（予算構成）.その他売上 計（サービス料等）,,,,
,,,,,,,,,head_office_connected_service_labor_costs_logs.labor_costs,head_office_connected_service_labor_costs_logs.labor_costs,[外部]head_office_connected_service_labor_costs_logs.labor_costs,SUMフード,FD仕入 計: SUM(infomart_transactions.total_tax_excluded) WHERE category IN ('フード' 'ドリンク'),予算一覧（予算構成）.FD仕入 計,,,,
,,,,,,,,,head_office_employee_working_records.daily_cost,head_office_employee_working_records.daily_cost,[外部]head_office_employee_working_records.daily_cost,SUM,人件費 計: SUM(head_office_connected_service_labor_costs_logs.labor_costs),予算一覧（予算構成）.人件費 計,,,,
,,,,,,,,,,,,SUMフード,フード売上ランチ: SUM(TITEM.sales_excluded) WHERE category = 'フード' AND order_time BETWEEN 11:00 AND 15:00,予算一覧（予算構成）.フード売上ランチ,,,,
,,,,,,,,,,,,SUMフード,フード売上ディナー: SUM(TITEM.sales_excluded) WHERE category = 'フード' AND order_time BETWEEN 17:00 AND 23:00,予算一覧（予算構成）.フード売上ディナー,,,,
,,,,,,,,,,,,SUMドリンク,ドリンク売上ランチ: SUM(TITEM.sales_excluded) WHERE category = 'ドリンク' AND order_time BETWEEN 11:00 AND 15:00,予算一覧（予算構成）.ドリンク売上ランチ,,,,
,,,,,,,,,,,,SUMドリンク,ドリンク売上ディナー: SUM(TITEM.sales_excluded) WHERE category = 'ドリンク' AND order_time BETWEEN 17:00 AND 23:00,予算一覧（予算構成）.ドリンク売上ディナー,,,,
,,,,,,,,,,,,SUMフード,フード仕入: SUM(infomart_transactions.total_tax_excluded) WHERE category = 'フード',予算一覧（予算構成）.フード仕入,,,,
,,,,,,,,,,,,SUMドリンク,ドリンク仕入: SUM(infomart_transactions.total_tax_excluded) WHERE category = 'ドリンク',予算一覧（予算構成）.ドリンク仕入,,,,
,,,,,,,,,,,,SUM,固定人件費: SUM(head_office_connected_service_labor_costs_logs.labor_costs) WHERE employee_type = '月給者',予算一覧（予算構成）.固定人件費,,,,
,,,,,,,,,,,,SUM,PA人件費: SUM(head_office_employee_working_records.daily_cost),予算一覧（予算構成）.PA人件費,,,,
,,,,,,,,設定値参照,,monthly_costs.value,,SUM,その他経費 計: SUM(monthly_costs.value) WHERE cost_type = '経費',予算一覧（予算構成）.その他経費 計,予算一覧（予算構成）.営業利益,,,
,,,,,,,,,,,,費目フィルタ,IT費: monthly_costs.value WHERE cost_item = 'IT費',予算一覧（予算構成）.IT費,,,,
,,,,,,,,,,,,費目=家賃,ガス代: monthly_costs.value WHERE cost_item = 'ガス代',予算一覧（予算構成）.ガス代,,,,
,,,,,,,,,,,,費目=資材費,サービス費: monthly_costs.value WHERE cost_item = 'サービス費',予算一覧（予算構成）.サービス費,,,,
,,,,,,,,,,,,費目=減価償却費,保守修繕費: monthly_costs.value WHERE cost_item = '保守修繕費',予算一覧（予算構成）.保守修繕費,,,,
,,,,,,,,,,,,データ取得,外注費: monthly_costs.value WHERE cost_item = '外注費',予算一覧（予算構成）.外注費,,,,
,,,,,,,,,,,,データ取得,支払手数料: monthly_costs.value WHERE cost_item = '支払手数料',予算一覧（予算構成）.支払手数料,,,,
,,,,,,,,,,,,データ取得,水道代: monthly_costs.value WHERE cost_item = '水道代',予算一覧（予算構成）.水道代,,,,
,,,,,,,,,,,,データ取得,消耗品費: monthly_costs.value WHERE cost_item = '消耗品費',予算一覧（予算構成）.消耗品費,,,,
,,,,,,,,,,,,データ取得,衛生費: monthly_costs.value WHERE cost_item = '衛生費',予算一覧（予算構成）.衛生費,,,,
,,,,,,,,,,,,データ取得,調査費: monthly_costs.value WHERE cost_item = '調査費',予算一覧（予算構成）.調査費,,,,
,,,,,,,,,,,,データ取得,諸会費: monthly_costs.value WHERE cost_item = '諸会費',予算一覧（予算構成）.諸会費,,,,
,,,,,,,,,,,,データ取得,警備料: monthly_costs.value WHERE cost_item = '警備料',予算一覧（予算構成）.警備料,,,,
,,,,,,,,,,,,データ取得,販売促進費: monthly_costs.value WHERE cost_item = '販売促進費',予算一覧（予算構成）.販売促進費,,,,
,,,,,,,,,,,,データ取得,販売管理費: monthly_costs.value WHERE cost_item = '販売管理費',予算一覧（予算構成）.販売管理費,,,,
,,,,,,,,,,,,データ取得,通信費: monthly_costs.value WHERE cost_item = '通信費',予算一覧（予算構成）.通信費,,,,
,,,,,,,,,,,,データ取得,雑費: monthly_costs.value WHERE cost_item = '雑費',予算一覧（予算構成）.雑費,,,,
,,,,,,,,,,,,データ取得,電気代: monthly_costs.value WHERE cost_item = '電気代',予算一覧（予算構成）.電気代,,,,
,,,,,,,,,,,,データ取得,地代家賃: monthly_costs.value WHERE cost_item = '家賃',予算一覧（予算構成）.地代家賃,,,,
,,,,,,,,,,,,データ取得,資材費: monthly_costs.value WHERE cost_item = '資材費',予算一覧（予算構成）.資材費,,,,
,,,,,,,,,,,,データ取得,減価償却費: monthly_costs.value WHERE cost_item = '減価償却費',予算一覧（予算構成）.減価償却費,,,,
,,,,,,,,,,,,データ取得,ｸﾚｼﾞｯﾄ手数料: monthly_costs.value WHERE cost_item = 'クレジット手数料',予算一覧（予算構成）.ｸﾚｼﾞｯﾄ手数料,,,,
,,,,,,,,画面間演算,"infomart_transactions.total_tax_excluded, head_office_connected_service_labor_costs_logs.labor_costs","infomart_transactions.total_tax_excluded, head_office_connected_service_labor_costs_logs.labor_costs",月次予算設定.ヘルプ人件費予算,参照表示,FLコスト 計: SUM(infomart_transactions.total_tax_excluded) + SUM(head_office_connected_service_labor_costs_logs.labor_costs),予算一覧（予算構成）.FLコスト 計,予算一覧（予算構成）.営業利益,,,
,,,,,,,,,"help_costs, help_costs_minus",monthly_costs.value,,データ取得,営業利益: 予算一覧（予算構成）.売上 計 - 予算一覧（予算構成）.FLコスト 計 - 予算一覧（予算構成）.その他経費 計,予算一覧（予算構成）.営業利益,,,,
,,,,,,,,,,"head_office_connected_service_labor_costs_logs.help_costs, head_office_connected_service_labor_costs_logs.help_costs_minus",,データ取得,ヘルプ人件費: 店舗別人件費.ヘルプ人件費 - 店舗別人件費.ヘルプ人件費マイナス,予算一覧（予算構成）.ヘルプ人件費,,,,
30,月次予算設定,設定入力画面,中,A,店舗月次,中,L3-S,ラクミー内部単独,,monthly_budgets.profit,,入力値（金額）,目標月次利益: monthly_budgets.profit,月次予算設定.目標月次利益,,中期キャッシュ(5-30分),△,データ連携時
,,,,,,,,,,monthly_budgets.food_cost_rate,,入力値（％）,FD仕入比率: monthly_budgets.food_cost_rate,月次予算設定.FD仕入比率,,,,
,,,,,,,,,,monthly_budgets.labor_cost_rate,,データ取得,PA人件費率: monthly_budgets.labor_cost_rate,月次予算設定.PA人件費率,,,,
,,,,,,,,,,monthly_budgets.sales_per_customer,,データ取得,目標客単価（税抜）: monthly_budgets.sales_per_customer,月次予算設定.目標客単価（税抜）,,,,
,,,,,,,,設定値集計,,monthly_costs.value,月次予算設定.固定費用予算,SUM(設定タイプ=変動費用予算),変動費用予算: 費用設定.変動費用予算,月次予算設定.変動費用予算,月次予算設定.変動費率,,,
,,,,,,,,,,,,SUM(設定タイプ=固定費用予算),固定費用予算: 費用設定.固定費用予算,月次予算設定.固定費用予算,月次予算設定.営業利益,,,
,,,,,,,,画面内演算,,monthly_budgets.target_customers,"月次予算設定.FD仕入比率, 月次予算設定.PA人件費率, 月次予算設定.変動費用予算",売上（税抜） ÷ 目標客単価,目標客数: 売上（税抜） / sales_per_customer,月次予算設定.目標客数,"月次予算設定.目標客数, -",,,
,,,,,,,,,,head_office_connected_service_sales_logs.sales_excluded,"画面内計算, 画面内計算",FD仕入比率 + PA人件費率 + 変動費用予算率,変動費率: monthly_budgets.food_cost_rate + monthly_budgets.labor_cost_rate + 変動費用予算率,月次予算設定.変動費率,,,,
,,,,,,,,,,,"月次予算設定.売上（税抜）, 画面内計算",目標客単価 × 変動費率,変動費単価: sales_per_customer × 変動費率,月次予算設定.変動費単価,,,,
,,,,,,,,,,,月次予算設定.変動費率,目標客単価 - 変動費単価,粗利単価: sales_per_customer - 変動費単価,月次予算設定.粗利単価,,,,
,,,,,,,,,,,"月次予算設定.売上（税抜）, 月次予算設定.変動費",月次予算設定.目標客単価 × 月次予算設定.目標客数,売上（税抜）: SUM(ZTOTAL.sales_excluded),月次予算設定.売上（税抜）,,,,
,,,,,,,,,,,"月次予算設定.粗利, 月次予算設定.固定費用予算",売上（税抜） × 変動費率,変動費: 売上（税抜） × 変動費率,月次予算設定.変動費,,,,
,,,,,,,,,,,,100 - 変動費率,粗利率: 100 - (food_cost_rate + labor_cost_rate + 変動費用予算率),月次予算設定.粗利率,,,,
,,,,,,,,,,,,売上（税抜） - 変動費,粗利: 月次予算設定.売上（税抜） - 月次予算設定.変動費,月次予算設定.粗利,,,,
,,,,,,,,,,,,粗利 - 固定費用予算,営業利益: 月次予算設定.粗利 - 月次予算設定.固定費用予算,月次予算設定.営業利益,,,,
31,費目別仕入分析,分析画面,中,C,店舗月次,中,L2-S,ラクミー内部マスター参照,,monthly_cost_items.name,[マスタ]monthly_cost_items.name,費目マスタ,費目: monthly_cost_items.name,費目別仕入分析.費目,,中期キャッシュ(5-30分),△,データ連携時
,,,,,,,,設定値参照,,monthly_costs.value,,SUM費目別,金額（税抜）: SUM(monthly_costs.value) GROUP BY cost_item_id,費目別仕入分析.金額（税抜）,費目別仕入分析.比率,,,
,,,,,,,,画面間×設定値,,monthly_costs.value,,費目÷総仕入×100,比率: 費目別仕入分析.金額税抜 ÷ SUM(費目別仕入分析.金額税抜) × 100,費目別仕入分析.比率,,,,
32,ラベル設定（仕入商品リスト）,設定入力画面,高,D,店舗月次,低,L2-S,ラクミー内部マスター参照,,infomart_transactions.client_name,[マスタ]infomart_clients.name,マスタ参照,発注先: infomart_transactions.client_name,ラベル設定（仕入商品リスト）.発注先,,短期キャッシュ(1-5分),×,画面表示時
,,,,,,,,ラクミー内部単独,,infomart_items.id,納品書詳細.仕入商品,入力値,商品ID: infomart_items.id,ラベル設定（仕入商品リスト）.商品ID,ラクミーアプリ.棚卸（ラベル選択）; 仕入先分析（ラベル別集計）,,,
,,,,,,,,,,infomart_items.name,,AI生成,商品名: infomart_items.name,ラベル設定（仕入商品リスト）.商品名,,,,
,,,,,,,,,,monthly_cost_items.name,,マスタ参照,費目: monthly_cost_items.name,ラベル設定（仕入商品リスト）.費目,,,,
,,,,,,,,,,labels.name,,データ取得,ラベル名1: item_labels.label_id,ラベル設定（仕入商品リスト）.AIによる費目生成,,,,
,,,,,,,,,,,,データ取得,ラベル名2: item_labels.label_id,ラベル設定（仕入商品リスト）.ラベル名1,,,,
,,,,,,,,,,,,データ取得,ラベル名3: item_labels.label_id,ラベル設定（仕入商品リスト）.ラベル名2,,,,
,,,,,,,,,,,,データ取得,ラベル名4: item_labels.label_id,ラベル設定（仕入商品リスト）.ラベル名3,,,,
,,,,,,,,,,,,データ取得,ラベル名5: item_labels.label_id,ラベル設定（仕入商品リスト）.ラベル名4,,,,
,,,,,,,,,,,,データ取得,ラベル名6: item_labels.label_id,ラベル設定（仕入商品リスト）.ラベル名5,,,,
,,,,,,,,,,,,データ取得,ラベル名7: item_labels.label_id,ラベル設定（仕入商品リスト）.ラベル名6,,,,
,,,,,,,,,,,,データ取得,ラベル名8: item_labels.label_id,ラベル設定（仕入商品リスト）.ラベル名7,,,,
,,,,,,,,,,,,データ取得,ラベル名9: item_labels.label_id,ラベル設定（仕入商品リスト）.ラベル名8,,,,
,,,,,,,,,,,,データ取得,ラベル名10: item_labels.label_id,ラベル設定（仕入商品リスト）.ラベル名9,,,,
,,,,,,,,,,,,,,ラベル設定（仕入商品リスト）.ラベル名10,,,,
33,ラベル設定（売上商品リスト）,設定入力画面,高,D,店舗月次,低,L2-S,ラクミー内部マスター参照,,head_office_item_sales_logs.item_id,[マスタ]head_office_item_sales_logs.item_id,マスタ参照,商品ID: head_office_item_sales_logs.item_id,ラベル設定（売上商品リスト）.商品ID,,短期キャッシュ(1-5分),×,画面表示時
,,,,,,,,,,head_office_item_sales_logs.item_name,[マスタ]head_office_item_sales_logs.item_name,データ取得,商品名: head_office_item_sales_logs.item_name,ラベル設定（売上商品リスト）.商品名,,,,
,,,,,,,,,,head_office_item_sales_logs.external_item_id,[マスタ]head_office_item_sales_logs.external_item_id,データ取得,商品ID（連携サービス）: head_office_item_sales_logs.external_item_id,ラベル設定（売上商品リスト）.商品ID（連携サービス）,,,,
,,,,,,,,,,head_office_item_sales_logs.external_item_code,[マスタ]head_office_item_sales_logs.external_item_code,データ取得,商品コード（連携サービス）: head_office_item_sales_logs.external_item_code,ラベル設定（売上商品リスト）.商品コード（連携サービス）,,,,
,,,,,,,,ラクミー内部単独,,sales_item_labels.label_name,,入力値,ラベル名: sales_item_labels.label_name,ラベル設定（売上商品リスト）.ラベル名,,,,
,,,,,,,,,,sales_item_labels.status,,AI生成,ステータスフラグ: sales_item_labels.status,ラベル設定（売上商品リスト）.ステータスフラグ,,,,
,,,,,,,,,,,,,,ラベル設定（売上商品リスト）.AIによるラベル生成,,,,
34,単月費用設定,設定入力画面,低,B,店舗月次,低,L2-S,ラクミー内部マスター参照,,monthly_cost_items.name,[マスタ]monthly_cost_items.name,マスタ参照,費目: monthly_cost_items.name,単月費用設定.費目,,短期キャッシュ(1-5分),×,画面表示時
,,,,,,,,ラクミー内部単独,,monthly_cost_item_defaults.variable_cost_ratio,ユーザー入力（単月費用設定）,入力値（％）,対売上比（変動費用デフォルト値）: monthly_cost_item_defaults.variable_cost_ratio,単月費用設定.対売上比（変動費用デフォルト値）,予算設定.変動費用予算,,,
,,,,,,,,,,monthly_cost_item_defaults.fixed_cost_amount,,入力値（金額）,金額（固定費用デフォルト値）: monthly_cost_item_defaults.fixed_cost_amount,単月費用設定.金額（固定費用デフォルト値）,予算設定.固定費用予算,,,
35,商品仕入単価,一覧表示画面,低,C,店舗月次,低,L2-S,外部連携参照,detail_list.item_name,infomart_order_details.item_name,[外部]detail_list.item_name,参照表示,アイテム: detail_list.item_name,商品仕入単価.アイテム,平均単価推移.仕入商品ラベル,短期キャッシュ(1-5分),×,画面表示時
,,,,,,,,,detail_list.price,infomart_order_details.price,[外部]detail_list.price,SUM商品別,金額（税抜）: SUM(detail_list.price) GROUP BY item_name,商品仕入単価.金額（税抜）,商品仕入単価.単価,,,
,,,,,,,,,detail_list.num,infomart_order_details.num,[外部]detail_list.num,SUM商品別,数量: SUM(detail_list.num) GROUP BY item_name,商品仕入単価.数量,"商品仕入単価.単価, 平均単価推移.数量",,,
,,,,,,,,画面間演算,"detail_list.price, detail_list.num","infomart_order_details.price, infomart_order_details.num",商品仕入単価.数量,参照表示,単価: 商品仕入単価.金額税抜 ÷ 商品仕入単価.数量,商品仕入単価.単価,平均単価推移.平均単価,,,
36,売上経費入力（売上）,実績入力画面,低,A,店舗月次,低,L2-S,ラクミー内部単独,,head_office_connected_service_sales_logs.sales_excluded (edited=1),ユーザー入力,,,売上経費入力（売上）.店内売上（標準税率）税抜,"集計（売上）, ラクミーウェブ.予実対比.総売上",短期キャッシュ(1-5分),×,画面表示時
,,,,,,,,,,head_office_connected_service_sales_logs.sales_tax_reduced (edited=1),,,,売上経費入力（売上）.店外売上（軽減税率）税抜,"集計（売上）, ラクミーウェブ.流入分析.客数",,,
,,,,,,,,,,head_office_connected_service_sales_logs.customers (edited=1),,,,売上経費入力（売上）.客数,,,,
,,,,,,,,画面内演算,,head_office_connected_service_sales_logs.sales (edited=1),店内売上税抜,,,売上経費入力（売上）.店内売上（標準税率）税込,集計（売上）税込,,,
,,,,,,,,,,head_office_connected_service_sales_logs.sales_tax_reduced (edited=1),店外売上税抜,,,売上経費入力（売上）.店外売上（軽減税率）税込,,,,
37,小口現金管理,実績入力画面,高,C,店舗月次,低,L2-S,ラクミー内部単独,,petty_cashes.payment_destination（小口現金入力）,[マスタ]monthly_cost_items.name,入力値,支払先: petty_cashes.payment_destination,小口現金管理.支払先,小口現金管理.残高,短期キャッシュ(1-5分),×,画面表示時
,,,,,,,,,,petty_cashes.description（小口現金入力）,,データ,経費項目: petty_cashes.description,小口現金管理.経費項目,,,,
,,,,,,,,,,petty_cashes.withdraw_tax_excluded_amount（小口現金入力）,,費目参照,出勤額: petty_cashes.withdraw_tax_excluded_amount,小口現金管理.出勤額,,,,
,,,,,,,,,,petty_cashes.deposit_amount（小口現金入力）,,費目マスタ参照,入金額: petty_cashes.deposit_amount,小口現金管理.入金額,,,,
,,,,,,,,,,monthly_costs.cost_item_id（月次費用入力）,,データ取得,内容: petty_cashes.description,小口現金管理.内容,,,,
,,,,,,,,,,petty_cashes.chart_of_account_id（小口現金入力）,,データ取得,経費コード: monthly_costs.cost_item_id,小口現金管理.経費コード,,,,
,,,,,,,,,,monthly_cost_items.name,,データ取得,税区分: petty_cashes.chart_of_account_id,小口現金管理.税区分,,,,
,,,,,,,,,,,,マスタ参照,費目: monthly_cost_items.name,小口現金管理.費目,,,,
,,,,,,,,画面内演算,,,"小口現金管理.入金額, 小口現金管理.出勤額",前残高+入金-出金,残高: 前回残高 + 小口現金管理.入金額 - 小口現金管理.出勤額,小口現金管理.残高,,,,
38,棚卸,実績入力画面,中,C,店舗月次,低,L2-S,ラクミー内部単独,,inventory_items.name,,入力値,棚卸商品: inventory_items.name,棚卸.棚卸商品,,短期キャッシュ(1-5分),×,画面表示時
,,,,,,,,,,inventory_items.num,,データ取得,在庫数量: inventory_items.num,棚卸.在庫数量,,,,
,,,,,,,,,,inventory_items.price,,データ取得,商品単価: inventory_items.price,棚卸.商品単価,,,,
,,,,,,,,画面内演算,,"inventory_items.num, inventory_items.price",,在庫数量×商品単価,小計: 棚卸.在庫数量 × 棚卸.商品単価,棚卸.小計,,,,
39,棚卸詳細,一覧表示画面,高,C,店舗月次,低,L2-S,外部連携単独,,inventories.date,,日付,実施日: inventories.date,棚卸詳細.実施日,ラクミーアプリ.棚卸 → 棚卸詳細.実施日,短期キャッシュ(1-5分),×,画面表示時
,,,,,,,,,,inventory_items.num,,入力値,在庫数量: inventory_items.num,棚卸詳細.在庫数量,ラクミーアプリ.棚卸 → 棚卸詳細.在庫数量,,,
,,,,,,,,,,inventory_items.price,,データ取得,商品単価: inventory_items.price,棚卸詳細.商品単価,ラクミーアプリ.棚卸 → 棚卸詳細.商品単価,,,
,,,,,,,,ラクミー内部マスター参照,,labels.name,,マスタ参照,カテゴリ: labels.name,棚卸詳細.カテゴリ,,,,
,,,,,,,,画面間演算,,"inventory_items.num, inventory_items.price",,参照表示,小計: 棚卸詳細.在庫数量 × 棚卸詳細.商品単価,棚卸詳細.小計,,,,
40,棚卸（ラベル、タブ選択）,実績入力画面,中,C,店舗月次,低,L2-S,ラクミー内部マスター参照,,labels.name,[マスタ]ラベル設定.ラベル名,,,棚卸（ラベル、タブ選択）.ラベル名１,棚卸（数量・単価の編集）,短期キャッシュ(1-5分),×,画面表示時
,,,,,,,,,,,,,,棚卸（ラベル、タブ選択）.ラベル名２,,,,
,,,,,,,,,,,,,,棚卸（ラベル、タブ選択）.ラベル名３〜１０,,,,
,,,,,,,,ラクミー内部単独,,,AI生成,,,棚卸（ラベル、タブ選択）.AIによる費目生成,,,,
41,棚卸（数量・単価の編集）,実績入力画面,高,B,店舗月次,低,L2-S,ラクミー内部マスター参照,,infomart_items.name,[マスタ]ラベル設定（仕入商品）.商品名,,,棚卸（数量・単価の編集）.商品名,ラクミーウェブ.棚卸詳細,短期キャッシュ(1-5分),×,画面表示時
,,,,,,,,,,infomart_clients.name,[マスタ]ラベル設定（仕入商品）.発注先,,,棚卸（数量・単価の編集）.仕入れ先,,,,
,,,,,,,,ラクミー内部単独,,inventories.quantity,ユーザー入力（棚卸）,,,棚卸（数量・単価の編集）.在庫数量,"ラクミーウェブ.棚卸詳細, FD分析.当月在庫高",,,
,,,,,,,,,,inventories.unit_price,,,,棚卸（数量・単価の編集）.単価（税抜）,ラクミーウェブ.棚卸詳細.商品単価,,,
,,,,,,,,画面内演算,,,納品書撮影.納品単価,,,棚卸（数量・単価の編集）.推奨単価（税抜）,,,,
42,発注書一覧,一覧表示画面,高,B,店舗月次,低,L2-S,外部連携単独,,orders.image_url,ユーザー撮影,,,発注書一覧.発注書画像,,短期キャッシュ(1-5分),×,画面表示時
,,,,,,,,外部連携参照,,orders.id,発注書作成.発注ID,,,発注書一覧.発注ID,,,,
,,,,,,,,,,orders.created_at,発注書作成.作成日時,,,発注書一覧.発注日時,,,,
,,,,,,,,,,orders.status,発注書作成.ステータス,,,発注書一覧.ステータス,,,,
,,,,,,,,,,orders.client_name,発注書作成.発注先名,,,発注書一覧.発注先,,,,
,,,,,,,,,,orders.delivery_date,発注書作成.納品希望日,,,発注書一覧.納品希望日,,,,
43,納品書一覧,一覧表示画面,中,B,店舗月次,低,L2-S,外部連携単独,,delivery_note_photos.photo,納品書撮影.納品書画像,,,納品書一覧.納品書画像,,短期キャッシュ(1-5分),×,画面表示時
,,,,,,,,外部連携参照,,delivery_note_photos.id,納品書撮影.納品書ID,,,納品書一覧.納品書ID,,,,
,,,,,,,,,,delivery_note_photos.closed_date,納品書撮影.納品日,,,納品書一覧.納品日,,,,
,,,,,,,,,,delivery_note_photos.status,納品書撮影.ステータス,,,納品書一覧.登録状況,,,,
44,納品書撮影（登録）,実績入力画面,高,B,店舗月次,低,L2-S,外部連携単独,,delivery_note_photos.id,AI読込（納品書画像）,,,納品書撮影（登録）.納品書ID,"納品書一覧, ラクミーウェブ.納品書管理",短期キャッシュ(1-5分),×,画面表示時
,,,,,,,,,,arrivals.shop_vendor_id,ユーザー撮影,,,納品書撮影（登録）.発注者,ラクミーウェブ.納品書詳細,,,
,,,,,,,,,,delivery_note_photos.closed_date,,,,納品書撮影（登録）.納品日,"納品書一覧, ラクミーウェブ.納品書詳細",,,
,,,,,,,,,,arrival_items.num,,,,納品書撮影（登録）.注文数,"ラクミーウェブ.納品書詳細, 仕入先分析",,,
,,,,,,,,,,arrival_items.arrival_num,,,,納品書撮影（登録）.納品数,,,,
,,,,,,,,,,arrival_items.price,,,,納品書撮影（登録）.納品単価,,,,
,,,,,,,,,,delivery_note_photos.photo,,,,納品書撮影（登録）.納品書画像,,,,
,,,,,,,,画面内演算,,arrival_items.subtotal_tax_excluded,"納品数, 納品単価",,,納品書撮影（登録）.小計（税抜）,ラクミーウェブ.仕入先分析.金額（税抜）,,,
,,,,,,,,,,arrival_items.subtotal,小計（税抜）,,,納品書撮影（登録）.小計（税込）,,,,
45,集計（仕入）税抜,分析画面,低,A,店舗月次,低,L2-S,画面内演算,,,"仕入額, 売上総額",,,集計（仕入）税抜.仕入率（％）,,短期キャッシュ(1-5分),×,画面表示時
46,集計（仕入）税込,分析画面,低,B,店舗月次,低,L2-S,画面内演算,,,"仕入額税込, 売上総額税込",,,集計（仕入）税込.仕入率（％）,,短期キャッシュ(1-5分),×,画面表示時
47,集計（売上）税抜,分析画面,低,A,店舗月次,低,L2-S,外部連携参照,,head_office_connected_service_sales_logs.sales_excluded (edited=1),売上経費入力.店内売上税抜,,,集計（売上）税抜.標準税率（額）,,短期キャッシュ(1-5分),×,画面表示時
,,,,,,,,,,head_office_connected_service_sales_logs.sales_tax_reduced (edited=1),売上経費入力.店外売上税抜,,,集計（売上）税抜.軽減税率（額）,,,,
,,,,,,,,,,head_office_connected_service_sales_logs.customers (edited=1),売上経費入力.客数,,,集計（売上）税抜.客数,,,,
,,,,,,,,画面内演算,,,売上経費入力.店内売上+店外売上,,,集計（売上）税抜.売上総額,ラクミーウェブ.予実対比.総売上,,,
48,集計（売上）税込,分析画面,低,B,店舗月次,低,L2-S,外部連携参照,,head_office_connected_service_sales_logs.sales (edited=1),店内売上税込,,,集計（売上）税込.標準税率（額）,,短期キャッシュ(1-5分),×,画面表示時
,,,,,,,,,,head_office_connected_service_sales_logs.sales_tax_reduced (edited=1),店外売上税込,,,集計（売上）税込.軽減税率（額）,,,,
,,,,,,,,,,head_office_connected_service_sales_logs.customers (edited=1),売上経費入力.客数,,,集計（売上）税込.客数,,,,
,,,,,,,,画面内演算,,,店内売上税込+店外売上税込,,,集計（売上）税込.売上総額,,,,
49,集計（費用）税抜,分析画面,低,A,店舗月次,低,L2-S,外部連携参照,,arrival_items.subtotal_tax_excluded,納品書撮影.小計（税抜）,,,集計（費用）税抜.仕入額,ラクミーウェブ.予実対比.PA人件費,短期キャッシュ(1-5分),×,画面表示時
,,,,,,,,,,daily_costs.value (type=PA人件費),売上経費入力.人件費,,,集計（費用）税抜.人件費,,,,
,,,,,,,,画面内演算,,,"仕入額, 人件費",,,集計（費用）税抜.費用総額,,,,
50,集計（費用）税込,分析画面,低,B,店舗月次,低,L2-S,外部連携参照,,arrival_items.subtotal,小計（税込）,,,集計（費用）税込.仕入額,,短期キャッシュ(1-5分),×,画面表示時
,,,,,,,,,,daily_costs.value (type=PA人件費),売上経費入力.人件費,,,集計（費用）税込.人件費,,,,
,,,,,,,,画面内演算,,,"仕入額税込, 人件費",,,集計（費用）税込.費用総額,,,,
51,ラベル一覧（仕入商品リスト）,一覧表示画面,高,D,店舗内,低,L1,外部連携参照,,infomart_transactions.client_name,,参照表示,発注先名: infomart_transactions.client_name,ラベル一覧（仕入商品リスト）.発注先名,,短期キャッシュ(1-5分),×,画面表示時
,,,,,,,,ラクミー内部マスター参照,,infomart_items.id,,マスタ参照,商品ID: infomart_items.id,ラベル一覧（仕入商品リスト）.商品ID,,,,
,,,,,,,,,,infomart_items.name,,マスタ参照,商品名: infomart_items.name,ラベル一覧（仕入商品リスト）.商品名,,,,
,,,,,,,,,,monthly_cost_items.name,,マスタ参照,費目名: monthly_cost_items.name,ラベル一覧（仕入商品リスト）.費目名,,,,
,,,,,,,,,,item_labels.label_name,,データ取得,ラベル名: item_labels.label_name,ラベル一覧（仕入商品リスト）.ラベル名,,,,
52,予算一覧（予算設定値）,一覧表示画面,低,S,店舗内,低,L1,設定値参照,,monthly_budgets.profit,月次予算設定.目標月次利益,マスタ参照,月次目標利益: monthly_budgets.value,予算一覧（予算設定値）.月次目標利益,,短期キャッシュ(1-5分),×,画面表示時
,,,,,,,,,,"monthly_budgets.food_cost_rate（またはlabor_cost_rate）, monthly_budgets.profit",[入力]monthly_budgets.food_cost_rate（またはlabor_cost_rate）,データ取得,目標FD仕入費率: monthly_budgets.ratio,予算一覧（予算設定値）.目標FD仕入費率,,,,
,,,,,,,,,,,月次予算設定.目標客単価（税抜）,データ取得,目標PA人件費率: monthly_budgets.ratio,予算一覧（予算設定値）.目標PA人件費率,,,,
,,,,,,,,,,,,データ取得,目標客単価: monthly_budgets.value,予算一覧（予算設定値）.目標客単価,,,,
53,ラベル一覧（売上商品リスト）,一覧表示画面,中,D,単一レコード,低,L0,ラクミー内部マスター参照,,infomart_clients.id,,マスタ参照,発注先ID: infomart_clients.id,ラベル一覧（売上商品リスト）.発注先ID,,短期キャッシュ(1-5分),×,画面表示時
,,,,,,,,,,infomart_clients.name,,マスタ参照,発注先名: infomart_clients.name,ラベル一覧（売上商品リスト）.発注先名,,,,
,,,,,,,,,,sales_item_labels.label_name,,データ取得,ラベル名: sales_item_labels.label_name,ラベル一覧（売上商品リスト）.ラベル名,,,,
54,ラベル一覧（発注先リスト）,一覧表示画面,中,D,単一レコード,低,L0,ラクミー内部マスター参照,,infomart_items.id,,マスタ参照,商品ID: infomart_items.id,ラベル一覧（発注先リスト）.商品ID,,短期キャッシュ(1-5分),×,画面表示時
,,,,,,,,,,infomart_items.name,,マスタ参照,商品名: infomart_items.name,ラベル一覧（発注先リスト）.商品名,,,,
,,,,,,,,,,client_labels.label_name,,データ取得,ラベル名: client_labels.label_name,ラベル一覧（発注先リスト）.ラベル名,,,,
55,ラベル設定（ラベル）,設定入力画面,中,D,単一レコード,低,L0,ラクミー内部単独,,labels.id,,入力値,ラベルID: labels.id,ラベル設定（ラベル）.ラベルID,,短期キャッシュ(1-5分),×,画面表示時
,,,,,,,,,,labels.name,,マスタ参照,ラベル名: labels.name,ラベル設定（ラベル）.ラベル名,,,,
,,,,,,,,,,labels.is_inventory,,データ取得,棚卸: labels.is_inventory,ラベル設定（ラベル）.棚卸,,,,
,,,,,,,,,,labels.status,,データ取得,ステータスフラグ: labels.status,ラベル設定（ラベル）.ステータスフラグ,,,,
56,ラベル設定（発注先リスト）,設定入力画面,中,D,単一レコード,低,L0,ラクミー内部単独,,infomart_clients.id,,入力値,発注先ID: infomart_clients.id,ラベル設定（発注先リスト）.発注先ID,,短期キャッシュ(1-5分),×,画面表示時
,,,,,,,,,,infomart_clients.name,,マスタ参照,発注先名: infomart_clients.name,ラベル設定（発注先リスト）.発注先名,,,,
,,,,,,,,,,client_labels.label_name,,データ取得,ラベル名: client_labels.label_name,ラベル設定（発注先リスト）.ラベル名,,,,
,,,,,,,,,,infomart_clients.status,,データ取得,ステータスフラグ: infomart_clients.status,ラベル設定（発注先リスト）.ステータスフラグ,,,,
57,休業日設定,設定入力画面,低,B,単一レコード,低,L0,ラクミー内部単独,,shop_holidays.day_of_week,ユーザー入力（休業日設定）,選択入力（曜日）,定休日（曜日）: shop_holidays.day_of_week,休業日設定.定休日（曜日）,,短期キャッシュ(1-5分),×,画面表示時
,,,,,,,,,,shop_holidays.holiday_date,,入力値（日付）,日付指定: shop_holidays.holiday_date,休業日設定.日付指定,,,,
58,売上構成比設定,設定入力画面,低,B,単一レコード,低,L0,ラクミー内部単独,,budget_sales_compositions.lunch_ratio,ユーザー入力（売上構成比設定）,入力値（％）,ランチ比率: budget_sales_compositions.lunch_ratio,売上構成比設定.ランチ比率,予算設定.ランチ売上比,短期キャッシュ(1-5分),×,画面表示時
,,,,,,,,,,budget_sales_compositions.dinner_ratio,,データ取得,ディナー比率: budget_sales_compositions.dinner_ratio,売上構成比設定.ディナー比率,予算設定.フード売上比,,,
,,,,,,,,,,budget_sales_compositions.food_ratio,,データ取得,フード構成比: budget_sales_compositions.food_ratio,売上構成比設定.フード構成比,予算設定.ドリンク売上比,,,
,,,,,,,,,,budget_sales_compositions.drink_ratio,,データ取得,ドリンク構成比: budget_sales_compositions.drink_ratio,売上構成比設定.ドリンク構成比,予算設定.その他売上比,,,
,,,,,,,,,,budget_sales_compositions.other_ratio,,データ取得,その他構成比: budget_sales_compositions.other_ratio,売上構成比設定.その他構成比,,,,
59,売上経費入力（経費）,実績入力画面,低,A,単一レコード,低,L0,ラクミー内部単独,,daily_costs.value (type=PA人件費),ユーザー入力,,,売上経費入力（経費）.人件費（概算人件費集計）,"集計（費用）, ラクミーウェブ.予実対比.PA人件費",短期キャッシュ(1-5分),×,画面表示時
60,店舗管理,設定入力画面,低,B,単一レコード,低,L0,ラクミー内部単独,,shops.name,,入力値,店舗名: shops.name,店舗管理.店舗名,流入分析.総卓数,短期キャッシュ(1-5分),×,画面表示時
,,,,,,,,,,shops.phone_number,,データ取得,電話番号: shops.phone_number,店舗管理.電話番号,流入分析.総席数,,,
,,,,,,,,,,shops.postal_code,,データ取得,郵便番号: shops.postal_code,店舗管理.郵便番号,主要KPI指標.坪月商,,,
,,,,,,,,,,shops.prefecture,,データ取得,都道府県: shops.prefecture,店舗管理.都道府県,主要KPI指標.ROI,,,
,,,,,,,,,,shops.address,,データ取得,住所: shops.address,店舗管理.住所,,,,
,,,,,,,,,,shops.building,,データ取得,建物: shops.building,店舗管理.建物,,,,
,,,,,,,,,,shops.industry_type,,データ取得,業種: shops.industry_type,店舗管理.業種,,,,
,,,,,,,,,,shops.business_type,,データ取得,業態: shops.business_type,店舗管理.業態,,,,
,,,,,,,,,,shops.total_table_num,,データ取得,総卓数: shops.total_table_num,店舗管理.総卓数,,,,
,,,,,,,,,,shops.total_seat_num,,データ取得,総席数: shops.total_seat_num,店舗管理.総席数,,,,
,,,,,,,,,,shops.total_area_num,,データ取得,坪数: shops.total_area_num,店舗管理.坪数,,,,
,,,,,,,,,,shops.initial_investment,,データ取得,初期投資額: shops.initial_investment,店舗管理.初期投資額,,,,
61,店舗間商品移動,実績入力画面,低,C,単一レコード,低,L0,ラクミー内部単独,,stocking_transfers.counter_party_shop_id（店舗間移動入力）,,店舗マスタ,相手店舗: stocking_transfers.counter_party_shop_id,店舗間商品移動.相手店舗,平均単価推移.仕入金額（税抜）,短期キャッシュ(1-5分),×,画面表示時
,,,,,,,,,,stocking_transfers.price_excluded_tax（店舗間移動入力）,,入力値,仕入金額（税抜）: stocking_transfers.price_excluded_tax,店舗間商品移動.仕入金額（税抜）,,,,
,,,,,,,,,,stocking_transfers.transfer_type（店舗間移動入力）,,データ,提供金額（税抜）: stocking_transfers.price_excluded_tax,店舗間商品移動.提供金額（税抜）,,,,
,,,,,,,,,,,,データ取得,商品タイプ: stocking_transfers.transfer_type,店舗間商品移動.商品タイプ,,,,
62,棚卸（カテゴリ、タブ選択）,実績入力画面,高,C,単一レコード,低,L0,ラクミー内部マスター参照,,inventory_categories.id=1,[マスタ]カテゴリマスタ,,,棚卸（カテゴリ、タブ選択）.肉類（カテゴリ１）,棚卸（数量・単価の編集）,短期キャッシュ(1-5分),×,画面表示時
,,,,,,,,,,inventory_categories.id=2,,,,棚卸（カテゴリ、タブ選択）.魚介類（カテゴリ２）,,,,
,,,,,,,,,,inventory_categories.id=3,,,,棚卸（カテゴリ、タブ選択）.野菜・果物（カテゴリ３）,,,,
,,,,,,,,,,inventory_categories.id=4,,,,棚卸（カテゴリ、タブ選択）.加工品（カテゴリ４）,,,,
,,,,,,,,,,inventory_categories.id=5,,,,棚卸（カテゴリ、タブ選択）.米・穀物（カテゴリ５）,,,,
,,,,,,,,,,inventory_categories.id=6,,,,棚卸（カテゴリ、タブ選択）.麺・パン（カテゴリ６）,,,,
,,,,,,,,,,inventory_categories.id=7,,,,棚卸（カテゴリ、タブ選択）.乾物・缶詰（カテゴリ７）,,,,
,,,,,,,,,,inventory_categories.id=8,,,,棚卸（カテゴリ、タブ選択）.調味料（カテゴリ８）,,,,
,,,,,,,,,,inventory_categories.id=9,,,,棚卸（カテゴリ、タブ選択）.酒・ドリンク（カテゴリ９）,,,,
,,,,,,,,,,inventory_categories.id=10,,,,棚卸（カテゴリ、タブ選択）.資材（カテゴリ１０）,,,,
,,,,,,,,,,inventory_categories.id=11,,,,棚卸（カテゴリ、タブ選択）.その他（カテゴリ１１）,,,,
63,発注先商品管理,設定入力画面,高,D,単一レコード,低,L0,ラクミー内部単独,,infomart_items.name,,入力値,商品名: infomart_items.name,発注先商品管理.商品名,,短期キャッシュ(1-5分),×,画面表示時
,,,,,,,,,,infomart_items.code,,マスタ参照,商品コード: infomart_items.code,発注先商品管理.商品コード,,,,
,,,,,,,,,,infomart_items.status,,データ取得,ステータス: infomart_items.status,発注先商品管理.ステータス,,,,
,,,,,,,,,,infomart_items.unit,,データ取得,単位: infomart_items.unit,発注先商品管理.単位,,,,
,,,,,,,,,,infomart_items.tax_type,,データ取得,税区分: infomart_items.tax_type,発注先商品管理.税区分,,,,
64,発注先情報編集,設定入力画面,中,D,単一レコード,低,L0,ラクミー内部単独,,infomart_clients.name,,入力値,発注先: infomart_clients.name,発注先情報編集.発注先,,短期キャッシュ(1-5分),×,画面表示時
,,,,,,,,,,infomart_clients.display_name,,データ取得,表示名: infomart_clients.display_name,発注先情報編集.表示名,,,,
,,,,,,,,,,shops.code,,マスタ参照,店舗コード: shops.code,発注先情報編集.店舗コード,,,,
65,発注先管理,設定入力画面,中,D,単一レコード,低,L0,ラクミー内部単独,,infomart_clients.name,,入力値,発注先名: infomart_clients.name,発注先管理.発注先名,,短期キャッシュ(1-5分),×,画面表示時
,,,,,,,,,,labels.name,,マスタ参照,カテゴリ: labels.name,発注先管理.カテゴリ,,,,
66,発注書作成,設定登録画面,高,C,単一レコード,低,L0,ラクミー内部マスター参照,,vendors.name,[マスタ]発注先管理,,,発注書作成.発注先名,発注書一覧.発注先,短期キャッシュ(1-5分),×,画面表示時
,,,,,,,,,,official_items.item_code,[マスタ]発注先商品管理,,,発注書作成.商品コード,発注書一覧.商品名,,,
,,,,,,,,,,official_items.name,,,,発注書作成.商品名,,,,
,,,,,,,,,,official_items.unit,,,,発注書作成.発注単位,,,,
,,,,,,,,,,official_items.tax_rate,,,,発注書作成.税区分,,,,
,,,,,,,,ラクミー内部単独,,orders.id,ユーザー入力,,,発注書作成.発注ID,発注書一覧.発注ID,,,
67,費用設定編集,設定入力画面,低,C,単一レコード,低,L0,ラクミー内部単独,,monthly_cost_items.name,,入力値（テキスト）,費目名: monthly_cost_items.name,費用設定編集.費目名,,短期キャッシュ(1-5分),×,画面表示時
,,,,,,,,,,monthly_cost_items.cost_type,,選択入力（区分）,設定タイプ（固定費用予算、変動費用予算）: monthly_cost_items.cost_type,費用設定編集.設定タイプ（固定費用予算、変動費用予算）,,,,
,,,,,,,,,,monthly_cost_items.default_value,,入力値（金額）,固定費用予算デフォルト数値: monthly_cost_items.default_value,費用設定編集.固定費用予算デフォルト数値,,,,
68,費用設定（一覧）,設定入力画面,低,C,単一レコード,低,L0,ラクミー内部単独,,monthly_cost_items.name,,入力値,費目: monthly_cost_items.name,費用設定（一覧）.費目,,短期キャッシュ(1-5分),×,画面表示時
,,,,,,,,,,monthly_cost_items.cost_type,,データ取得,設定タイプ: monthly_cost_items.cost_type,費用設定（一覧）.設定タイプ,,,,
,,,,,,,,,,monthly_cost_items.default_value,,データ取得,デフォルト数値: monthly_cost_items.default_value,費用設定（一覧）.デフォルト数値,,,,
69,地代家賃設定,設定入力画面,高,S,店舗月次,中,L1,ラクミー内部単独,,"rent_settings.rental_type, rent_settings.fixed_rent, rent_settings.commission_rate, monthly_rent_settings.rent_value",ユーザー入力,賃料体系に応じた動的計算（固定賃料/変動賃料合算/最大選択/段階別歩合合算/最大選択）+ 最低保証額適用,"固定賃料=固定賃料 / 変動・段階別=固定賃料+歩合額 or MAX(固定賃料,歩合額) / 最低保証額>算出額なら最低保証額",地代家賃設定.地代家賃シミュレーション金額,"月次予算設定.固定費用予算（賃料体系=固定賃料時） / 月次予算設定.変動費予算（それ以外）, 分析画面.予実対比.予算_地代家賃, 一覧表示画面.予算一覧（予算構成）.地代家賃",短期キャッシュ(1-5分),○,ユーザー操作時
70,費用実績入力,実績入力画面,中,S,店舗月次,低,L0,ラクミー内部単独,,"monthly_costs.value, monthly_costs.rent_value (単月地代家賃含む28費目+1)",ユーザー入力,入力値（月次費目別実績・単月地代家賃実績）,費目別実績金額: monthly_costs.value / 単月地代家賃: monthly_costs.rent_value,"費用実績入力.単月地代家賃, 費用実績入力.[固定人件費/減価償却費/資材費/...28費目]","分析画面.予実対比.実績_地代家賃, 分析画面.予実対比.実績_[各費目], 分析画面.年間予実対比.年間実績_地代家賃, 一覧表示画面.予実対比（一覧）.地代家賃",短期キャッシュ(1-5分),○,ユーザー操作時
