大項目	区分	ID	名称	カテゴリ/種別	ターゲット	互換ディメン	実装ステータス	開発コスト	マッチング制限	制限補足	粒度	期間属性	スコープ	主要目的_大項目	主要目的_中項目	ユースケース	計算レイヤー	演算ロジック_詳細	データソース	依存先指標	weighted_avg_denominator	aggregable_grains	snapshot_grain	snapshot_axes	retention_period	recompute_trigger	compute_mode	freeze_condition
集計	全ウィジェット数	-	118549	-	-	-	-	-	-	-	-	-	-	-	-	-	-	-	-	-	-	-	-	-	-	-	-	-
集計	ディメン数(統合)	-	171	-	-	-	-	-	-	-	-	-	-	-	-	-	-	-	-	-	-	-	-	-	-	-	-	-
集計	└ 親ディメン数	-	18	-	-	-	-	-	-	-	-	-	-	-	-	-	-	-	-	-	-	-	-	-	-	-	-	-
集計	└ カスタムタグ数	-	8	-	-	-	-	-	-	-	-	-	-	-	-	-	-	-	-	-	-	-	-	-	-	-	-	-
集計	└ 属性ディメン数	-	145	-	-	-	-	-	-	-	-	-	-	-	-	-	-	-	-	-	-	-	-	-	-	-	-	-
集計	トランザクション数	-	1210	-	-	-	-	-	-	-	-	-	-	-	-	-	-	-	-	-	-	-	-	-	-	-	-	-
集計	設定項目数	-	149	-	-	-	-	-	-	-	-	-	-	-	-	-	-	-	-	-	-	-	-	-	-	-	-	-
集計	単軸マッピング	-	16519	-	-	-	-	-	-	-	-	-	-	-	-	-	-	-	-	-	-	-	-	-	-	-	-	-
集計	2軸マッピング	-	100500	-	-	-	-	-	-	-	-	-	-	-	-	-	-	-	-	-	-	-	-	-	-	-	-	-
集計	粒度ブロック数(2軸組合せ)	-	15	-	-	-	-	-	-	-	-	-	-	-	-	-	-	-	-	-	-	-	-	-	-	-	-	-
ディメン	個別	dim_date	日	time	共通	-	-	小	🟢 制限なし	システムディメン	date	FLOW	画面内	-	-	ドロップ可能な軸として、行/列/フィルタにドラッグして使用	-	-	-	-	-	-	-	-	-	-	-	-
ディメン	個別	dim_week	週	time	共通	-	-	小	🟢 制限なし	システムディメン	week	FLOW	画面内	-	-	ドロップ可能な軸として、行/列/フィルタにドラッグして使用	-	-	-	-	-	-	-	-	-	-	-	-
ディメン	個別	dim_month	月	time	共通	-	-	小	🟢 制限なし	システムディメン	month	FLOW	画面内	-	-	ドロップ可能な軸として、行/列/フィルタにドラッグして使用	-	-	-	-	-	-	-	-	-	-	-	-
ディメン	個別	dim_quarter	四半期	time	共通	-	-	小	🟢 制限なし	システムディメン	quarter	FLOW	画面内	-	-	ドロップ可能な軸として、行/列/フィルタにドラッグして使用	-	-	-	-	-	-	-	-	-	-	-	-
ディメン	個別	dim_year	年	time	共通	-	-	小	🟢 制限なし	システムディメン	year	FLOW	画面内	-	-	ドロップ可能な軸として、行/列/フィルタにドラッグして使用	-	-	-	-	-	-	-	-	-	-	-	-
ディメン	個別	dim_time_slot	時間帯	category	店長	-	-	小	🟢 制限なし	システムディメン	time_slot_id	FLOW	画面内	-	-	ドロップ可能な軸として、行/列/フィルタにドラッグして使用	-	-	-	-	-	-	-	-	-	-	-	-
ディメン	個別	dim_weekday	曜日	category	店長	-	-	小	🟢 制限なし	システムディメン	dow	FLOW	画面内	-	-	ドロップ可能な軸として、行/列/フィルタにドラッグして使用	-	-	-	-	-	-	-	-	-	-	-	-
ディメン	個別	dim_product	商品	entity	共通	-	-	小	🟢 制限なし	システムディメン	product_id	FLOW	画面内	-	-	ドロップ可能な軸として、行/列/フィルタにドラッグして使用	-	-	-	-	-	-	-	-	-	-	-	-
ディメン	個別	dim_product_group	商品グループ	taxonomy	店長	-	-	小	🟢 制限なし	システムディメン	product_group_id	FLOW	画面内	-	-	ドロップ可能な軸として、行/列/フィルタにドラッグして使用	-	-	-	-	-	-	-	-	-	-	-	-
ディメン	個別	dim_supplier	仕入先	entity	共通	-	-	大	🔴 連携必要	システムディメン(外部連携)	supplier_id	FLOW	外部依存	-	-	ドロップ可能な軸として、行/列/フィルタにドラッグして使用	-	-	-	-	-	-	-	-	-	-	-	-
ディメン	個別	dim_supplier_label	仕入先ラベル	taxonomy	店長	-	-	大	🔴 連携必要	システムディメン(外部連携)	supplier_label_id	FLOW	外部依存	-	-	ドロップ可能な軸として、行/列/フィルタにドラッグして使用	-	-	-	-	-	-	-	-	-	-	-	-
ディメン	個別	dim_staff	スタッフ	entity	店長	-	-	大	🔴 連携必要	システムディメン(外部連携)	staff_id	SNAPSHOT	外部依存	-	-	ドロップ可能な軸として、行/列/フィルタにドラッグして使用	-	-	-	-	-	-	-	-	-	-	-	-
ディメン	個別	dim_staff_label	スタッフラベル	taxonomy	店長	-	-	大	🔴 連携必要	システムディメン(外部連携)	staff_label_id	SNAPSHOT	外部依存	-	-	ドロップ可能な軸として、行/列/フィルタにドラッグして使用	-	-	-	-	-	-	-	-	-	-	-	-
ディメン	個別	dim_expense_cat	費目	taxonomy	共通	-	-	小	🟢 制限なし	システムディメン	expense_item_id	FLOW	画面内	-	-	ドロップ可能な軸として、行/列/フィルタにドラッグして使用	-	-	-	-	-	-	-	-	-	-	-	-
ディメン	カスタムタグ	tag_indicator_bundle	指標バンドルタグ	tag_indicator	共通	-	-	中	🟡 タグ次第	タグメンバー次第で制限変動	metric_id[]	FLOW	画面内	-	-	ドロップ可能な軸として、行/列/フィルタにドラッグして使用	-	-	-	-	-	-	-	-	-	-	-	-
ディメン	カスタムタグ	tag_product_bundle	商品バンドルタグ	tag_product	共通	-	-	中	🟡 タグ次第	タグメンバー次第で制限変動	product_id[]	FLOW	画面内	-	-	ドロップ可能な軸として、行/列/フィルタにドラッグして使用	-	-	-	-	-	-	-	-	-	-	-	-
ディメン	カスタムタグ	tag_time_slot_bundle	時間帯バンドルタグ	tag_time_slot	店長	-	-	中	🟡 タグ次第	タグメンバー次第で制限変動	time_slot_id[]	FLOW	画面内	-	-	ドロップ可能な軸として、行/列/フィルタにドラッグして使用	-	-	-	-	-	-	-	-	-	-	-	-
ディメン	カスタムタグ	tag_staff_bundle	スタッフバンドルタグ	tag_staff	店長	-	-	中	🟡 タグ次第	タグメンバー次第で制限変動	staff_id[]	SNAPSHOT	外部依存	-	-	ドロップ可能な軸として、行/列/フィルタにドラッグして使用	-	-	-	-	-	-	-	-	-	-	-	-
ディメン	カスタムタグ	tag_supplier_bundle	仕入先バンドルタグ	tag_supplier	共通	-	-	中	🟡 タグ次第	タグメンバー次第で制限変動	supplier_id[]	FLOW	外部依存	-	-	ドロップ可能な軸として、行/列/フィルタにドラッグして使用	-	-	-	-	-	-	-	-	-	-	-	-
ディメン	カスタムタグ	tag_period_bundle	期間バンドルタグ	tag_period	共通	-	-	中	🟡 タグ次第	タグメンバー次第で制限変動	date_range[]	FLOW	画面内	-	-	ドロップ可能な軸として、行/列/フィルタにドラッグして使用	-	-	-	-	-	-	-	-	-	-	-	-
ディメン	属性ディメン	S375	商品ID	マスタ参照表示	店長	-	🟢 既実装	小	🟢 制限なし	マスタ参照系ディメン (店舗ID/商品等の属性軸)	master	MASTER	画面内	-	-	ドロップ可能な軸として、行/列/フィルタにドラッグして使用	-	-	-	-	-	-	-	-	-	-	-	-
ディメン	属性ディメン	S377	商品名	マスタ参照表示	店長	-	🟢 既実装	小	🟢 制限なし	マスタ参照系ディメン (店舗ID/商品等の属性軸)	master	MASTER	画面内	-	-	ドロップ可能な軸として、行/列/フィルタにドラッグして使用	-	-	-	-	-	-	-	-	-	-	-	-
ディメン	属性ディメン	S378	費目名	マスタ参照表示	店長	-	🟢 既実装	小	🟢 制限なし	マスタ参照系ディメン (店舗ID/商品等の属性軸)	master	MASTER	画面内	-	-	ドロップ可能な軸として、行/列/フィルタにドラッグして使用	-	-	-	-	-	-	-	-	-	-	-	-
ディメン	属性ディメン	S379	ラベル名	マスタ参照表示	店長	-	🟢 既実装	小	🟢 制限なし	マスタ参照系ディメン (店舗ID/商品等の属性軸)	master	MASTER	画面内	-	-	ドロップ可能な軸として、行/列/フィルタにドラッグして使用	-	-	-	-	-	-	-	-	-	-	-	-
ディメン	属性ディメン	S380	発注先ID	マスタ参照表示	店長	-	🟢 既実装	小	🟢 制限なし	マスタ参照系ディメン (店舗ID/商品等の属性軸)	master	MASTER	画面内	-	-	ドロップ可能な軸として、行/列/フィルタにドラッグして使用	-	-	-	-	-	-	-	-	-	-	-	-
ディメン	属性ディメン	S381	発注先名	マスタ参照表示	店長	-	🟢 既実装	小	🟢 制限なし	マスタ参照系ディメン (店舗ID/商品等の属性軸)	master	MASTER	画面内	-	-	ドロップ可能な軸として、行/列/フィルタにドラッグして使用	-	-	-	-	-	-	-	-	-	-	-	-
ディメン	属性ディメン	S382	ラベル名	マスタ参照表示	店長	-	🟢 既実装	小	🟢 制限なし	マスタ参照系ディメン (店舗ID/商品等の属性軸)	master	MASTER	画面内	-	-	ドロップ可能な軸として、行/列/フィルタにドラッグして使用	-	-	-	-	-	-	-	-	-	-	-	-
ディメン	属性ディメン	S383	商品ID	マスタ参照表示	店長	-	🟢 既実装	小	🟢 制限なし	マスタ参照系ディメン (店舗ID/商品等の属性軸)	master	MASTER	画面内	-	-	ドロップ可能な軸として、行/列/フィルタにドラッグして使用	-	-	-	-	-	-	-	-	-	-	-	-
ディメン	属性ディメン	S384	商品名	マスタ参照表示	店長	-	🟢 既実装	小	🟢 制限なし	マスタ参照系ディメン (店舗ID/商品等の属性軸)	master	MASTER	画面内	-	-	ドロップ可能な軸として、行/列/フィルタにドラッグして使用	-	-	-	-	-	-	-	-	-	-	-	-
ディメン	属性ディメン	S385	ラベル名	マスタ参照表示	店長	-	🟢 既実装	小	🟢 制限なし	マスタ参照系ディメン (店舗ID/商品等の属性軸)	master	MASTER	画面内	-	-	ドロップ可能な軸として、行/列/フィルタにドラッグして使用	-	-	-	-	-	-	-	-	-	-	-	-
ディメン	属性ディメン	S1	ラベルID	ユーザー入力単独	店長	-	⚪ 対象外	-	🟢 制限なし	マスタ参照系ディメン (店舗ID/商品等の属性軸)	master	MASTER	画面内	-	-	ドロップ可能な軸として、行/列/フィルタにドラッグして使用	-	-	-	-	-	-	-	-	-	-	-	-
ディメン	属性ディメン	S2	ラベル名	ユーザー入力単独	店長	-	⚪ 対象外	-	🟢 制限なし	マスタ参照系ディメン (店舗ID/商品等の属性軸)	master	MASTER	画面内	-	-	ドロップ可能な軸として、行/列/フィルタにドラッグして使用	-	-	-	-	-	-	-	-	-	-	-	-
ディメン	属性ディメン	S3	棚卸	ユーザー入力単独	店長	-	⚪ 対象外	-	🟢 制限なし	マスタ参照系ディメン (店舗ID/商品等の属性軸)	master	MASTER	画面内	-	-	ドロップ可能な軸として、行/列/フィルタにドラッグして使用	-	-	-	-	-	-	-	-	-	-	-	-
ディメン	属性ディメン	S4	ステータスフラグ	ユーザー入力単独	店長	-	⚪ 対象外	-	🟢 制限なし	マスタ参照系ディメン (店舗ID/商品等の属性軸)	master	MASTER	画面内	-	-	ドロップ可能な軸として、行/列/フィルタにドラッグして使用	-	-	-	-	-	-	-	-	-	-	-	-
ディメン	属性ディメン	S5	商品ID	ユーザー入力単独	店長	-	⚪ 対象外	-	🟢 制限なし	マスタ参照系ディメン (店舗ID/商品等の属性軸)	master	MASTER	画面内	-	-	ドロップ可能な軸として、行/列/フィルタにドラッグして使用	-	-	-	-	-	-	-	-	-	-	-	-
ディメン	属性ディメン	S6	発注先	マスタ参照表示	店長	-	🟢 既実装	小	🟢 制限なし	マスタ参照系ディメン (店舗ID/商品等の属性軸)	master	MASTER	画面内	-	-	ドロップ可能な軸として、行/列/フィルタにドラッグして使用	-	-	-	-	-	-	-	-	-	-	-	-
ディメン	属性ディメン	S7	商品名	ユーザー入力単独	店長	-	⚪ 対象外	-	🟢 制限なし	マスタ参照系ディメン (店舗ID/商品等の属性軸)	master	MASTER	画面内	-	-	ドロップ可能な軸として、行/列/フィルタにドラッグして使用	-	-	-	-	-	-	-	-	-	-	-	-
ディメン	属性ディメン	S8	費目	ユーザー入力単独	店長	-	⚪ 対象外	-	🟢 制限なし	マスタ参照系ディメン (店舗ID/商品等の属性軸)	master	MASTER	画面内	-	-	ドロップ可能な軸として、行/列/フィルタにドラッグして使用	-	-	-	-	-	-	-	-	-	-	-	-
ディメン	属性ディメン	S20	商品ID	マスタ参照表示	店長	-	🟢 既実装	小	🟢 制限なし	マスタ参照系ディメン (店舗ID/商品等の属性軸)	master	MASTER	画面内	-	-	ドロップ可能な軸として、行/列/フィルタにドラッグして使用	-	-	-	-	-	-	-	-	-	-	-	-
ディメン	属性ディメン	S21	商品名	マスタ参照表示	店長	-	🟢 既実装	小	🟢 制限なし	マスタ参照系ディメン (店舗ID/商品等の属性軸)	master	MASTER	画面内	-	-	ドロップ可能な軸として、行/列/フィルタにドラッグして使用	-	-	-	-	-	-	-	-	-	-	-	-
ディメン	属性ディメン	S22	商品ID（連携サービス）	マスタ参照表示	店長	-	🟢 既実装	小	🟢 制限なし	マスタ参照系ディメン (店舗ID/商品等の属性軸)	master	MASTER	画面内	-	-	ドロップ可能な軸として、行/列/フィルタにドラッグして使用	-	-	-	-	-	-	-	-	-	-	-	-
ディメン	属性ディメン	S23	商品コード（連携サービス）	マスタ参照表示	店長	-	🟢 既実装	小	🟢 制限なし	マスタ参照系ディメン (店舗ID/商品等の属性軸)	master	MASTER	画面内	-	-	ドロップ可能な軸として、行/列/フィルタにドラッグして使用	-	-	-	-	-	-	-	-	-	-	-	-
ディメン	属性ディメン	S24	ラベル名	ユーザー入力単独	店長	-	⚪ 対象外	-	🟢 制限なし	マスタ参照系ディメン (店舗ID/商品等の属性軸)	master	MASTER	画面内	-	-	ドロップ可能な軸として、行/列/フィルタにドラッグして使用	-	-	-	-	-	-	-	-	-	-	-	-
ディメン	属性ディメン	S25	ステータスフラグ	ユーザー入力単独	店長	-	⚪ 対象外	-	🟢 制限なし	マスタ参照系ディメン (店舗ID/商品等の属性軸)	master	MASTER	画面内	-	-	ドロップ可能な軸として、行/列/フィルタにドラッグして使用	-	-	-	-	-	-	-	-	-	-	-	-
ディメン	属性ディメン	S27	発注先ID	ユーザー入力単独	店長	-	⚪ 対象外	-	🟢 制限なし	マスタ参照系ディメン (店舗ID/商品等の属性軸)	master	MASTER	画面内	-	-	ドロップ可能な軸として、行/列/フィルタにドラッグして使用	-	-	-	-	-	-	-	-	-	-	-	-
ディメン	属性ディメン	S28	発注先名	ユーザー入力単独	店長	-	⚪ 対象外	-	🟢 制限なし	マスタ参照系ディメン (店舗ID/商品等の属性軸)	master	MASTER	画面内	-	-	ドロップ可能な軸として、行/列/フィルタにドラッグして使用	-	-	-	-	-	-	-	-	-	-	-	-
ディメン	属性ディメン	S29	ラベル名	ユーザー入力単独	店長	-	⚪ 対象外	-	🟢 制限なし	マスタ参照系ディメン (店舗ID/商品等の属性軸)	master	MASTER	画面内	-	-	ドロップ可能な軸として、行/列/フィルタにドラッグして使用	-	-	-	-	-	-	-	-	-	-	-	-
ディメン	属性ディメン	S30	ステータスフラグ	ユーザー入力単独	店長	-	⚪ 対象外	-	🟢 制限なし	マスタ参照系ディメン (店舗ID/商品等の属性軸)	master	MASTER	画面内	-	-	ドロップ可能な軸として、行/列/フィルタにドラッグして使用	-	-	-	-	-	-	-	-	-	-	-	-
ディメン	属性ディメン	S88	経費コード	ユーザー入力単独	店長	-	⚪ 対象外	-	🟢 制限なし	マスタ参照系ディメン (店舗ID/商品等の属性軸)	master	MASTER	画面内	-	-	ドロップ可能な軸として、行/列/フィルタにドラッグして使用	-	-	-	-	-	-	-	-	-	-	-	-
ディメン	属性ディメン	S31	店舗名	ユーザー入力単独	店長	-	⚪ 対象外	-	🟢 制限なし	マスタ参照系ディメン (店舗ID/商品等の属性軸)	master	MASTER	画面内	-	-	ドロップ可能な軸として、行/列/フィルタにドラッグして使用	-	-	-	-	-	-	-	-	-	-	-	-
ディメン	属性ディメン	S32	電話番号	ユーザー入力単独	店長	-	⚪ 対象外	-	🟢 制限なし	マスタ参照系ディメン (店舗ID/商品等の属性軸)	master	MASTER	画面内	-	-	ドロップ可能な軸として、行/列/フィルタにドラッグして使用	-	-	-	-	-	-	-	-	-	-	-	-
ディメン	属性ディメン	S33	郵便番号	ユーザー入力単独	店長	-	⚪ 対象外	-	🟢 制限なし	マスタ参照系ディメン (店舗ID/商品等の属性軸)	master	MASTER	画面内	-	-	ドロップ可能な軸として、行/列/フィルタにドラッグして使用	-	-	-	-	-	-	-	-	-	-	-	-
ディメン	属性ディメン	S34	都道府県	ユーザー入力単独	店長	-	⚪ 対象外	-	🟢 制限なし	マスタ参照系ディメン (店舗ID/商品等の属性軸)	master	MASTER	画面内	-	-	ドロップ可能な軸として、行/列/フィルタにドラッグして使用	-	-	-	-	-	-	-	-	-	-	-	-
ディメン	属性ディメン	S35	住所	ユーザー入力単独	店長	-	⚪ 対象外	-	🟢 制限なし	マスタ参照系ディメン (店舗ID/商品等の属性軸)	master	MASTER	画面内	-	-	ドロップ可能な軸として、行/列/フィルタにドラッグして使用	-	-	-	-	-	-	-	-	-	-	-	-
ディメン	属性ディメン	S38	業態	ユーザー入力単独	店長	-	⚪ 対象外	-	🟢 制限なし	マスタ参照系ディメン (店舗ID/商品等の属性軸)	master	MASTER	画面内	-	-	ドロップ可能な軸として、行/列/フィルタにドラッグして使用	-	-	-	-	-	-	-	-	-	-	-	-
ディメン	属性ディメン	S94	商品タイプ	ユーザー入力単独	店長	-	⚪ 対象外	-	🟢 制限なし	マスタ参照系ディメン (店舗ID/商品等の属性軸)	master	MASTER	画面内	-	-	ドロップ可能な軸として、行/列/フィルタにドラッグして使用	-	-	-	-	-	-	-	-	-	-	-	-
ディメン	属性ディメン	S456	カテゴリ	マスタ参照表示	店長	-	🟢 既実装	小	🟢 制限なし	マスタ参照系ディメン (店舗ID/商品等の属性軸)	master	MASTER	画面内	-	-	ドロップ可能な軸として、行/列/フィルタにドラッグして使用	-	-	-	-	-	-	-	-	-	-	-	-
ディメン	属性ディメン	S756	肉類（カテゴリ１）	マスタ参照表示	店長	-	🟢 既実装	小	🟢 制限なし	マスタ参照系ディメン (店舗ID/商品等の属性軸)	master	MASTER	画面内	-	-	ドロップ可能な軸として、行/列/フィルタにドラッグして使用	-	-	-	-	-	-	-	-	-	-	-	-
ディメン	属性ディメン	S757	魚介類（カテゴリ２）	マスタ参照表示	店長	-	🟢 既実装	小	🟢 制限なし	マスタ参照系ディメン (店舗ID/商品等の属性軸)	master	MASTER	画面内	-	-	ドロップ可能な軸として、行/列/フィルタにドラッグして使用	-	-	-	-	-	-	-	-	-	-	-	-
ディメン	属性ディメン	S758	野菜・果物（カテゴリ３）	マスタ参照表示	店長	-	🟢 既実装	小	🟢 制限なし	マスタ参照系ディメン (店舗ID/商品等の属性軸)	master	MASTER	画面内	-	-	ドロップ可能な軸として、行/列/フィルタにドラッグして使用	-	-	-	-	-	-	-	-	-	-	-	-
ディメン	属性ディメン	S759	加工品（カテゴリ４）	マスタ参照表示	店長	-	🟢 既実装	小	🟢 制限なし	マスタ参照系ディメン (店舗ID/商品等の属性軸)	master	MASTER	画面内	-	-	ドロップ可能な軸として、行/列/フィルタにドラッグして使用	-	-	-	-	-	-	-	-	-	-	-	-
ディメン	属性ディメン	S760	米・穀物（カテゴリ５）	マスタ参照表示	店長	-	🟢 既実装	小	🟢 制限なし	マスタ参照系ディメン (店舗ID/商品等の属性軸)	master	MASTER	画面内	-	-	ドロップ可能な軸として、行/列/フィルタにドラッグして使用	-	-	-	-	-	-	-	-	-	-	-	-
ディメン	属性ディメン	S761	麺・パン（カテゴリ６）	マスタ参照表示	店長	-	🟢 既実装	小	🟢 制限なし	マスタ参照系ディメン (店舗ID/商品等の属性軸)	master	MASTER	画面内	-	-	ドロップ可能な軸として、行/列/フィルタにドラッグして使用	-	-	-	-	-	-	-	-	-	-	-	-
ディメン	属性ディメン	S762	乾物・缶詰（カテゴリ７）	マスタ参照表示	店長	-	🟢 既実装	小	🟢 制限なし	マスタ参照系ディメン (店舗ID/商品等の属性軸)	master	MASTER	画面内	-	-	ドロップ可能な軸として、行/列/フィルタにドラッグして使用	-	-	-	-	-	-	-	-	-	-	-	-
ディメン	属性ディメン	S763	調味料（カテゴリ８）	マスタ参照表示	店長	-	🟢 既実装	小	🟢 制限なし	マスタ参照系ディメン (店舗ID/商品等の属性軸)	master	MASTER	画面内	-	-	ドロップ可能な軸として、行/列/フィルタにドラッグして使用	-	-	-	-	-	-	-	-	-	-	-	-
ディメン	属性ディメン	S764	酒・ドリンク（カテゴリ９）	マスタ参照表示	店長	-	🟢 既実装	小	🟢 制限なし	マスタ参照系ディメン (店舗ID/商品等の属性軸)	master	MASTER	画面内	-	-	ドロップ可能な軸として、行/列/フィルタにドラッグして使用	-	-	-	-	-	-	-	-	-	-	-	-
ディメン	属性ディメン	S765	資材（カテゴリ１０）	マスタ参照表示	店長	-	🟢 既実装	小	🟢 制限なし	マスタ参照系ディメン (店舗ID/商品等の属性軸)	master	MASTER	画面内	-	-	ドロップ可能な軸として、行/列/フィルタにドラッグして使用	-	-	-	-	-	-	-	-	-	-	-	-
ディメン	属性ディメン	S766	その他（カテゴリ１１）	マスタ参照表示	店長	-	🟢 既実装	小	🟢 制限なし	マスタ参照系ディメン (店舗ID/商品等の属性軸)	master	MASTER	画面内	-	-	ドロップ可能な軸として、行/列/フィルタにドラッグして使用	-	-	-	-	-	-	-	-	-	-	-	-
ディメン	属性ディメン	S767	ラベル名１	マスタ参照表示	店長	-	🟢 既実装	小	🟢 制限なし	マスタ参照系ディメン (店舗ID/商品等の属性軸)	master	MASTER	画面内	-	-	ドロップ可能な軸として、行/列/フィルタにドラッグして使用	-	-	-	-	-	-	-	-	-	-	-	-
ディメン	属性ディメン	S768	ラベル名２	マスタ参照表示	店長	-	🟢 既実装	小	🟢 制限なし	マスタ参照系ディメン (店舗ID/商品等の属性軸)	master	MASTER	画面内	-	-	ドロップ可能な軸として、行/列/フィルタにドラッグして使用	-	-	-	-	-	-	-	-	-	-	-	-
ディメン	属性ディメン	S769	ラベル名３〜１０	マスタ参照表示	店長	-	🟢 既実装	小	🟢 制限なし	マスタ参照系ディメン (店舗ID/商品等の属性軸)	master	MASTER	画面内	-	-	ドロップ可能な軸として、行/列/フィルタにドラッグして使用	-	-	-	-	-	-	-	-	-	-	-	-
ディメン	属性ディメン	S771	商品名	マスタ参照表示	店長	-	🟢 既実装	小	🟢 制限なし	マスタ参照系ディメン (店舗ID/商品等の属性軸)	master	MASTER	画面内	-	-	ドロップ可能な軸として、行/列/フィルタにドラッグして使用	-	-	-	-	-	-	-	-	-	-	-	-
ディメン	属性ディメン	S772	仕入れ先	マスタ参照表示	店長	-	🟢 既実装	小	🟢 制限なし	マスタ参照系ディメン (店舗ID/商品等の属性軸)	master	MASTER	画面内	-	-	ドロップ可能な軸として、行/列/フィルタにドラッグして使用	-	-	-	-	-	-	-	-	-	-	-	-
ディメン	属性ディメン	S363	総卓数	マスタ参照表示	店長	-	🟢 既実装	小	🟢 制限なし	マスタ参照系ディメン (店舗ID/商品等の属性軸)	master	MASTER	画面内	-	-	ドロップ可能な軸として、行/列/フィルタにドラッグして使用	-	-	-	-	-	-	-	-	-	-	-	-
ディメン	属性ディメン	S56	商品名	ユーザー入力単独	店長	-	⚪ 対象外	-	🟢 制限なし	マスタ参照系ディメン (店舗ID/商品等の属性軸)	master	MASTER	画面内	-	-	ドロップ可能な軸として、行/列/フィルタにドラッグして使用	-	-	-	-	-	-	-	-	-	-	-	-
ディメン	属性ディメン	S57	商品コード	ユーザー入力単独	店長	-	⚪ 対象外	-	🟢 制限なし	マスタ参照系ディメン (店舗ID/商品等の属性軸)	master	MASTER	画面内	-	-	ドロップ可能な軸として、行/列/フィルタにドラッグして使用	-	-	-	-	-	-	-	-	-	-	-	-
ディメン	属性ディメン	S58	ステータス	ユーザー入力単独	店長	-	⚪ 対象外	-	🟢 制限なし	マスタ参照系ディメン (店舗ID/商品等の属性軸)	master	MASTER	画面内	-	-	ドロップ可能な軸として、行/列/フィルタにドラッグして使用	-	-	-	-	-	-	-	-	-	-	-	-
ディメン	属性ディメン	S62	表示名	ユーザー入力単独	店長	-	⚪ 対象外	-	🟢 制限なし	マスタ参照系ディメン (店舗ID/商品等の属性軸)	master	MASTER	画面内	-	-	ドロップ可能な軸として、行/列/フィルタにドラッグして使用	-	-	-	-	-	-	-	-	-	-	-	-
ディメン	属性ディメン	S63	店舗コード	ユーザー入力単独	店長	-	⚪ 対象外	-	🟢 制限なし	マスタ参照系ディメン (店舗ID/商品等の属性軸)	master	MASTER	画面内	-	-	ドロップ可能な軸として、行/列/フィルタにドラッグして使用	-	-	-	-	-	-	-	-	-	-	-	-
ディメン	属性ディメン	S64	発注先名	ユーザー入力単独	店長	-	⚪ 対象外	-	🟢 制限なし	マスタ参照系ディメン (店舗ID/商品等の属性軸)	master	MASTER	画面内	-	-	ドロップ可能な軸として、行/列/フィルタにドラッグして使用	-	-	-	-	-	-	-	-	-	-	-	-
ディメン	属性ディメン	S731	発注ID	ユーザー入力単独	店長	-	⚪ 対象外	-	🟢 制限なし	マスタ参照系ディメン (店舗ID/商品等の属性軸)	master	MASTER	画面内	-	-	ドロップ可能な軸として、行/列/フィルタにドラッグして使用	-	-	-	-	-	-	-	-	-	-	-	-
ディメン	属性ディメン	S732	発注先名	マスタ参照表示	店長	-	🟢 既実装	小	🟢 制限なし	マスタ参照系ディメン (店舗ID/商品等の属性軸)	master	MASTER	画面内	-	-	ドロップ可能な軸として、行/列/フィルタにドラッグして使用	-	-	-	-	-	-	-	-	-	-	-	-
ディメン	属性ディメン	S733	商品コード	マスタ参照表示	店長	-	🟢 既実装	小	🟢 制限なし	マスタ参照系ディメン (店舗ID/商品等の属性軸)	master	MASTER	画面内	-	-	ドロップ可能な軸として、行/列/フィルタにドラッグして使用	-	-	-	-	-	-	-	-	-	-	-	-
ディメン	属性ディメン	S734	商品名	マスタ参照表示	店長	-	🟢 既実装	小	🟢 制限なし	マスタ参照系ディメン (店舗ID/商品等の属性軸)	master	MASTER	画面内	-	-	ドロップ可能な軸として、行/列/フィルタにドラッグして使用	-	-	-	-	-	-	-	-	-	-	-	-
ディメン	属性ディメン	S735	発注単位	マスタ参照表示	店長	-	🟢 既実装	小	🟢 制限なし	マスタ参照系ディメン (店舗ID/商品等の属性軸)	master	MASTER	画面内	-	-	ドロップ可能な軸として、行/列/フィルタにドラッグして使用	-	-	-	-	-	-	-	-	-	-	-	-
ディメン	属性ディメン	S736	税区分	マスタ参照表示	店長	-	🟢 既実装	小	🟢 制限なし	マスタ参照系ディメン (店舗ID/商品等の属性軸)	master	MASTER	画面内	-	-	ドロップ可能な軸として、行/列/フィルタにドラッグして使用	-	-	-	-	-	-	-	-	-	-	-	-
ディメン	属性ディメン	S463	店舗名	マスタ参照表示	店長	-	🟢 既実装	小	🟢 制限なし	マスタ参照系ディメン (店舗ID/商品等の属性軸)	master	MASTER	画面内	-	-	ドロップ可能な軸として、行/列/フィルタにドラッグして使用	-	-	-	-	-	-	-	-	-	-	-	-
ディメン	属性ディメン	S66	費目名	ユーザー入力単独	店長	-	⚪ 対象外	-	🟢 制限なし	マスタ参照系ディメン (店舗ID/商品等の属性軸)	master	MASTER	画面内	-	-	ドロップ可能な軸として、行/列/フィルタにドラッグして使用	-	-	-	-	-	-	-	-	-	-	-	-
ディメン	属性ディメン	S69	費目	ユーザー入力単独	店長	-	⚪ 対象外	-	🟢 制限なし	マスタ参照系ディメン (店舗ID/商品等の属性軸)	master	MASTER	画面内	-	-	ドロップ可能な軸として、行/列/フィルタにドラッグして使用	-	-	-	-	-	-	-	-	-	-	-	-
ディメン	属性ディメン	S70	設定タイプ	ユーザー入力単独	店長	-	⚪ 対象外	-	🟢 制限なし	マスタ参照系ディメン (店舗ID/商品等の属性軸)	master	MASTER	画面内	-	-	ドロップ可能な軸として、行/列/フィルタにドラッグして使用	-	-	-	-	-	-	-	-	-	-	-	-
ディメン	属性ディメン	S372	費目	マスタ参照表示	店長	-	🟢 既実装	小	🟢 制限なし	マスタ参照系ディメン (店舗ID/商品等の属性軸)	master	MASTER	画面内	-	-	ドロップ可能な軸として、行/列/フィルタにドラッグして使用	-	-	-	-	-	-	-	-	-	-	-	-
ディメン	属性ディメン	S99	商品	外部連携単独	店長	-	🟢 既実装	小	🟢 制限なし	マスタ参照系ディメン (店舗ID/商品等の属性軸)	master	MASTER	画面内	-	-	ドロップ可能な軸として、行/列/フィルタにドラッグして使用	-	-	-	-	-	-	-	-	-	-	-	-
ディメン	属性ディメン	S376	発注先名	外部データ参照	店長	-	🟢 既実装	小	🟢 制限なし	マスタ参照系ディメン (店舗ID/商品等の属性軸)	master	MASTER	画面内	-	-	ドロップ可能な軸として、行/列/フィルタにドラッグして使用	-	-	-	-	-	-	-	-	-	-	-	-
ディメン	属性ディメン	S246	商品	外部連携単独	店長	-	🟢 既実装	小	🟢 制限なし	マスタ参照系ディメン (店舗ID/商品等の属性軸)	master	MASTER	画面内	-	-	ドロップ可能な軸として、行/列/フィルタにドラッグして使用	-	-	-	-	-	-	-	-	-	-	-	-
ディメン	属性ディメン	S247	仕入先	外部連携単独	店長	-	🟢 既実装	小	🟢 制限なし	マスタ参照系ディメン (店舗ID/商品等の属性軸)	master	MASTER	画面内	-	-	ドロップ可能な軸として、行/列/フィルタにドラッグして使用	-	-	-	-	-	-	-	-	-	-	-	-
ディメン	属性ディメン	S79	費目	費目マスタ参照	店長	-	🟢 既実装	小	🟢 制限なし	マスタ参照系ディメン (店舗ID/商品等の属性軸)	master	MASTER	画面内	-	-	ドロップ可能な軸として、行/列/フィルタにドラッグして使用	-	-	-	-	-	-	-	-	-	-	-	-
ディメン	属性ディメン	S90	費目	ユーザー入力単独（マスタ選択）	店長	-	🟢 既実装	小	🟢 制限なし	マスタ参照系ディメン (店舗ID/商品等の属性軸)	master	MASTER	画面内	-	-	ドロップ可能な軸として、行/列/フィルタにドラッグして使用	-	-	-	-	-	-	-	-	-	-	-	-
ディメン	属性ディメン	S737	発注ID	データ参照表示	店長	-	🟢 既実装	小	🟢 制限なし	マスタ参照系ディメン (店舗ID/商品等の属性軸)	master	MASTER	画面内	-	-	ドロップ可能な軸として、行/列/フィルタにドラッグして使用	-	-	-	-	-	-	-	-	-	-	-	-
ディメン	属性ディメン	S739	ステータス	データ参照表示	店長	-	🟢 既実装	小	🟢 制限なし	マスタ参照系ディメン (店舗ID/商品等の属性軸)	master	MASTER	画面内	-	-	ドロップ可能な軸として、行/列/フィルタにドラッグして使用	-	-	-	-	-	-	-	-	-	-	-	-
ディメン	属性ディメン	S752	納品書ID	データ参照表示	店長	-	🟢 既実装	小	🟢 制限なし	マスタ参照系ディメン (店舗ID/商品等の属性軸)	master	MASTER	画面内	-	-	ドロップ可能な軸として、行/列/フィルタにドラッグして使用	-	-	-	-	-	-	-	-	-	-	-	-
ディメン	属性ディメン	S743	納品書ID	AI読込+ユーザー入力	店長	-	🟢 既実装	小	🟢 制限なし	マスタ参照系ディメン (店舗ID/商品等の属性軸)	master	MASTER	画面内	-	-	ドロップ可能な軸として、行/列/フィルタにドラッグして使用	-	-	-	-	-	-	-	-	-	-	-	-
ディメン	属性ディメン	S460	納品書ID	外部連携+アプリ連携	店長	-	🟢 既実装	小	🟢 制限なし	マスタ参照系ディメン (店舗ID/商品等の属性軸)	master	MASTER	画面内	-	-	ドロップ可能な軸として、行/列/フィルタにドラッグして使用	-	-	-	-	-	-	-	-	-	-	-	-
ディメン	属性ディメン	S464	処理ステータス	外部連携+アプリ連携	店長	-	🟢 既実装	小	🟢 制限なし	マスタ参照系ディメン (店舗ID/商品等の属性軸)	master	MASTER	画面内	-	-	ドロップ可能な軸として、行/列/フィルタにドラッグして使用	-	-	-	-	-	-	-	-	-	-	-	-
ディメン	属性ディメン	S466	納品書ID	外部連携+アプリ連携	店長	-	🟢 既実装	小	🟢 制限なし	マスタ参照系ディメン (店舗ID/商品等の属性軸)	master	MASTER	画面内	-	-	ドロップ可能な軸として、行/列/フィルタにドラッグして使用	-	-	-	-	-	-	-	-	-	-	-	-
ディメン	属性ディメン	S469	処理ステータス	外部連携+アプリ連携	店長	-	🟢 既実装	小	🟢 制限なし	マスタ参照系ディメン (店舗ID/商品等の属性軸)	master	MASTER	画面内	-	-	ドロップ可能な軸として、行/列/フィルタにドラッグして使用	-	-	-	-	-	-	-	-	-	-	-	-
ディメン	属性ディメン	S798	時間帯ラベル名	ユーザー入力単独	店長	-	⚪ 対象外	-	🟢 制限なし	マスタ参照系ディメン (店舗ID/商品等の属性軸)	master	MASTER	画面内	-	-	ドロップ可能な軸として、行/列/フィルタにドラッグして使用	-	-	-	-	-	-	-	-	-	-	-	-
ディメン	属性ディメン	S799	時間帯開始	ユーザー入力単独	店長	-	⚪ 対象外	-	🟢 制限なし	マスタ参照系ディメン (店舗ID/商品等の属性軸)	master	MASTER	画面内	-	-	ドロップ可能な軸として、行/列/フィルタにドラッグして使用	-	-	-	-	-	-	-	-	-	-	-	-
ディメン	属性ディメン	S800	時間帯終了	ユーザー入力単独	店長	-	⚪ 対象外	-	🟢 制限なし	マスタ参照系ディメン (店舗ID/商品等の属性軸)	master	MASTER	画面内	-	-	ドロップ可能な軸として、行/列/フィルタにドラッグして使用	-	-	-	-	-	-	-	-	-	-	-	-
ディメン	属性ディメン	S801	時間帯日跨ぎフラグ	ユーザー入力単独	店長	-	⚪ 対象外	-	🟢 制限なし	マスタ参照系ディメン (店舗ID/商品等の属性軸)	master	MASTER	画面内	-	-	ドロップ可能な軸として、行/列/フィルタにドラッグして使用	-	-	-	-	-	-	-	-	-	-	-	-
ディメン	属性ディメン	S802	時間帯表示色	ユーザー入力単独	店長	-	⚪ 対象外	-	🟢 制限なし	マスタ参照系ディメン (店舗ID/商品等の属性軸)	master	MASTER	画面内	-	-	ドロップ可能な軸として、行/列/フィルタにドラッグして使用	-	-	-	-	-	-	-	-	-	-	-	-
ディメン	属性ディメン	S803	曜日ラベル名	ユーザー入力単独	店長	-	⚪ 対象外	-	🟢 制限なし	マスタ参照系ディメン (店舗ID/商品等の属性軸)	master	MASTER	画面内	-	-	ドロップ可能な軸として、行/列/フィルタにドラッグして使用	-	-	-	-	-	-	-	-	-	-	-	-
ディメン	属性ディメン	S804	曜日bitmap	ユーザー入力単独	店長	-	⚪ 対象外	-	🟢 制限なし	マスタ参照系ディメン (店舗ID/商品等の属性軸)	master	MASTER	画面内	-	-	ドロップ可能な軸として、行/列/フィルタにドラッグして使用	-	-	-	-	-	-	-	-	-	-	-	-
ディメン	属性ディメン	S805	祝日含有フラグ	ユーザー入力単独	店長	-	⚪ 対象外	-	🟢 制限なし	マスタ参照系ディメン (店舗ID/商品等の属性軸)	master	MASTER	画面内	-	-	ドロップ可能な軸として、行/列/フィルタにドラッグして使用	-	-	-	-	-	-	-	-	-	-	-	-
ディメン	属性ディメン	S806	商品グループ名	ユーザー入力単独	店長	-	⚪ 対象外	-	🟢 制限なし	マスタ参照系ディメン (店舗ID/商品等の属性軸)	master	MASTER	画面内	-	-	ドロップ可能な軸として、行/列/フィルタにドラッグして使用	-	-	-	-	-	-	-	-	-	-	-	-
ディメン	属性ディメン	S807	商品グループタイプ	ユーザー入力単独	店長	-	⚪ 対象外	-	🟢 制限なし	マスタ参照系ディメン (店舗ID/商品等の属性軸)	master	MASTER	画面内	-	-	ドロップ可能な軸として、行/列/フィルタにドラッグして使用	-	-	-	-	-	-	-	-	-	-	-	-
ディメン	属性ディメン	S809	商品グループ含有商品	マスタ参照	店長	-	⚪ 対象外	-	🟢 制限なし	マスタ参照系ディメン (店舗ID/商品等の属性軸)	master	MASTER	画面内	-	-	ドロップ可能な軸として、行/列/フィルタにドラッグして使用	-	-	-	-	-	-	-	-	-	-	-	-
ディメン	属性ディメン	S810	仕入先ラベル名	ユーザー入力単独	店長	-	⚪ 対象外	-	🟢 制限なし	マスタ参照系ディメン (店舗ID/商品等の属性軸)	master	MASTER	画面内	-	-	ドロップ可能な軸として、行/列/フィルタにドラッグして使用	-	-	-	-	-	-	-	-	-	-	-	-
ディメン	属性ディメン	S811	仕入先ラベル含有仕入先	マスタ参照	店長	-	⚪ 対象外	-	🟢 制限なし	マスタ参照系ディメン (店舗ID/商品等の属性軸)	master	MASTER	画面内	-	-	ドロップ可能な軸として、行/列/フィルタにドラッグして使用	-	-	-	-	-	-	-	-	-	-	-	-
ディメン	属性ディメン	S812	スタッフラベル名	ユーザー入力単独	店長	-	⚪ 対象外	-	🟢 制限なし	マスタ参照系ディメン (店舗ID/商品等の属性軸)	master	MASTER	画面内	-	-	ドロップ可能な軸として、行/列/フィルタにドラッグして使用	-	-	-	-	-	-	-	-	-	-	-	-
ディメン	属性ディメン	S813	スタッフラベル含有スタッフ	マスタ参照	店長	-	⚪ 対象外	-	🟢 制限なし	マスタ参照系ディメン (店舗ID/商品等の属性軸)	master	MASTER	画面内	-	-	ドロップ可能な軸として、行/列/フィルタにドラッグして使用	-	-	-	-	-	-	-	-	-	-	-	-
トランザクション	個別	S100	売上（税抜）	売上系	店長	-	🟢 既実装	小	🟢 制限なし	そのまま集計可能	metric	FLOW	画面内	売上分析	店舗別売上	店舗ごとの売上推移を比較し、伸長/落ち込み店舗を早期発見、施策効果検証 (KPI単独表示)	L1	SUM商品別	head_office_item_sales_logs.sales_excluded	[外部]TITEM.sales_excluded		date,week,month,quarter,year	日次	shop × date, shop × month × product, shop × date × product	13M	nightly	batch	翌日日次確定
トランザクション	個別	S102	販売点数	客数系	店長	-	🟢 既実装	小	🟢 制限なし	そのまま集計可能	metric	FLOW	画面内	客数分析	客数推移	客数の前年比/曜日傾向、集客施策の効果検証 (KPI単独表示)	L1	SUM商品別	head_office_item_sales_logs.quantity	[外部]TITEM.quantity		date,week,month,quarter,year	日次	shop × date, shop × month × product, shop × date × product	13M	nightly	batch	確定なし
トランザクション	個別	S112	フード前月在庫高	その他	店長	-	🟢 既実装	小	🟡 STOCK指標	期末値、SUM不可	metric	STOCK	画面内	在庫・棚卸	棚卸金額	棚卸金額の月次推移、在庫過剰/欠品リスク管理 (KPI単独表示)	L1	マスタ参照	shop_inventories.amount（棚卸入力）	-		month,quarter,year	日次	shop × date	13M	nightly	batch	確定なし
トランザクション	個別	S113	フード当月仕入	原価系	店長	-	🟢 既実装	小	🟢 制限なし	そのまま集計可能	metric	FLOW	画面内	原価管理	FD率分析	FD率の推移把握、ロス削減/原価コントロール優先順位 (KPI単独表示)	L1	SUMフード	infomart_transactions.total_tax_excluded	[外部]infomart_transactions.total_tax_excluded		date,week,month,quarter,year	月次	shop × month	60M	nightly + monthly_finalize	batch	納品確定後
トランザクション	個別	S114	フード当月在庫高	その他	店長	-	🟢 既実装	小	🟡 STOCK指標	期末値、SUM不可	metric	STOCK	画面内	在庫・棚卸	棚卸金額	棚卸金額の月次推移、在庫過剰/欠品リスク管理 (KPI単独表示)	L1	マスタ参照	shop_inventories.amount（棚卸入力）	-		date,week,month,quarter,year	月次	shop × month	60M	nightly + monthly_finalize	batch	確定なし
トランザクション	個別	S117	ドリンク前月在庫高	その他	店長	-	🟢 既実装	小	🟡 STOCK指標	期末値、SUM不可	metric	STOCK	画面内	在庫・棚卸	棚卸金額	棚卸金額の月次推移、在庫過剰/欠品リスク管理 (KPI単独表示)	L1	マスタ参照	shop_inventories.amount（棚卸入力）	-		month,quarter,year	日次	shop × date	13M	nightly	batch	確定なし
トランザクション	個別	S118	ドリンク当月仕入	原価系	店長	-	🟢 既実装	小	🟢 制限なし	そのまま集計可能	metric	FLOW	画面内	原価管理	FD率分析	FD率の推移把握、ロス削減/原価コントロール優先順位 (KPI単独表示)	L1	SUMドリンク	infomart_transactions.total_tax_excluded	[外部]infomart_transactions.total_tax_excluded		date,week,month,quarter,year	月次	shop × month	60M	nightly + monthly_finalize	batch	納品確定後
トランザクション	個別	S119	ドリンク当月在庫高	その他	店長	-	🟢 既実装	小	🟡 STOCK指標	期末値、SUM不可	metric	STOCK	画面内	在庫・棚卸	棚卸金額	棚卸金額の月次推移、在庫過剰/欠品リスク管理 (KPI単独表示)	L1	マスタ参照	shop_inventories.amount（棚卸入力）	-		date,week,month,quarter,year	月次	shop × month	60M	nightly + monthly_finalize	batch	確定なし
トランザクション	個別	S122	FD前月在庫高	その他	店長	-	🟢 既実装	小	🟡 STOCK指標	期末値、SUM不可	metric	STOCK	画面内	在庫・棚卸	棚卸金額	棚卸金額の月次推移、在庫過剰/欠品リスク管理 (KPI単独表示)	L1	前月末在庫	shop_inventories.amount（棚卸入力）	-		month,quarter,year	日次	shop × date	13M	nightly	batch	確定なし
トランザクション	個別	S123	FD当月仕入	原価系	店長	-	🟢 既実装	小	🟢 制限なし	そのまま集計可能	metric	FLOW	画面内	原価管理	FD率分析	FD率の推移把握、ロス削減/原価コントロール優先順位 (KPI単独表示)	L1	SUM月間	infomart_transactions.total_tax_excluded	[外部]infomart_transactions.total_tax_excluded		date,week,month,quarter,year	月次	shop × month	60M	nightly + monthly_finalize	batch	納品確定後
トランザクション	個別	S124	FD当月在庫高	その他	店長	-	🟢 既実装	小	🟡 STOCK指標	期末値、SUM不可	metric	STOCK	画面内	在庫・棚卸	棚卸金額	棚卸金額の月次推移、在庫過剰/欠品リスク管理 (KPI単独表示)	L1	当月末在庫	shop_inventories.amount（棚卸入力）	-		date,week,month,quarter,year	月次	shop × month	60M	nightly + monthly_finalize	batch	確定なし
トランザクション	個別	S125	売上	売上系	店長	-	🟢 既実装	小	🟢 制限なし	そのまま集計可能	metric	FLOW	画面内	売上分析	店舗別売上	店舗ごとの売上推移を比較し、伸長/落ち込み店舗を早期発見、施策効果検証 (KPI単独表示)	L1	SUM	head_office_connected_service_sales_logs.sales_excluded	[外部]ZTOTAL.sales_excluded		date,week,month,quarter,year	日次	shop × date	13M	nightly	batch	翌日日次確定
トランザクション	個別	S126	フード売上	売上系	店長	-	🟢 既実装	小	🟢 制限なし	そのまま集計可能	metric	FLOW	画面内	売上分析	店舗別売上	店舗ごとの売上推移を比較し、伸長/落ち込み店舗を早期発見、施策効果検証 (KPI単独表示)	L1	SUMフード	head_office_item_sales_logs.sales_excluded	[外部]TITEM.sales_excluded		date,week,month,quarter,year	日次	shop × date × product, shop × month × product	13M	nightly	batch	翌日日次確定
トランザクション	個別	S127	ドリンク売上	売上系	店長	-	🟢 既実装	小	🟢 制限なし	そのまま集計可能	metric	FLOW	画面内	売上分析	店舗別売上	店舗ごとの売上推移を比較し、伸長/落ち込み店舗を早期発見、施策効果検証 (KPI単独表示)	L1	SUMドリンク	head_office_item_sales_logs.sales_excluded	[外部]TITEM.sales_excluded		date,week,month,quarter,year	日次	shop × date × product, shop × month × product	13M	nightly	batch	翌日日次確定
トランザクション	個別	S129	フード売上合計	売上系	店長	-	🟢 既実装	小	🟢 制限なし	そのまま集計可能	metric	FLOW	画面内	売上分析	店舗別売上	店舗ごとの売上推移を比較し、伸長/落ち込み店舗を早期発見、施策効果検証 (KPI単独表示)	L1	SUMフード	head_office_item_sales_logs.sales_excluded	[外部]TITEM.sales_excluded		date,week,month,quarter,year	日次	shop × date × product	13M	nightly	hybrid	翌日日次確定
トランザクション	個別	S130	ドリンク売上合計	売上系	店長	-	🟢 既実装	小	🟢 制限なし	そのまま集計可能	metric	FLOW	画面内	売上分析	店舗別売上	店舗ごとの売上推移を比較し、伸長/落ち込み店舗を早期発見、施策効果検証 (KPI単独表示)	L1	SUMドリンク	head_office_item_sales_logs.sales_excluded	[外部]TITEM.sales_excluded		date,week,month,quarter,year	日次	shop × date × product	13M	nightly	hybrid	翌日日次確定
トランザクション	個別	S131	実績_総売上 計	売上系	店長	-	🟢 既実装	小	🟢 制限なし	そのまま集計可能	metric	FLOW	画面内	売上分析	店舗別売上	店舗ごとの売上推移を比較し、伸長/落ち込み店舗を早期発見、施策効果検証 (KPI単独表示)	L1	SUM	head_office_connected_service_sales_logs.sales_excluded	[外部]ZTOTAL.sales_excluded		date,week,month,quarter,year	日次	shop × date	13M	nightly	batch	翌日日次確定
トランザクション	個別	S132	実績_フード売上 計	売上系	店長	-	🟢 既実装	小	🟢 制限なし	そのまま集計可能	metric	FLOW	画面内	売上分析	店舗別売上	店舗ごとの売上推移を比較し、伸長/落ち込み店舗を早期発見、施策効果検証 (KPI単独表示)	L1	SUMフード	head_office_item_sales_logs.sales_excluded	[外部]TITEM.sales_excluded		date,week,month,quarter,year	日次	shop × date × product	13M	nightly	batch	翌日日次確定
トランザクション	個別	S133	実績_フード売上ランチ	売上系	店長	-	🟢 既実装	小	🟢 制限なし	そのまま集計可能	metric	FLOW	画面内	売上分析	店舗別売上	店舗ごとの売上推移を比較し、伸長/落ち込み店舗を早期発見、施策効果検証 (KPI単独表示)	L1	SUM(フード×ランチ)	head_office_item_sales_logs.sales_excluded	[外部]TITEM.sales_excluded		date,week,month,quarter,year	日次	shop × date × time_slot × product	13M	nightly	batch	翌日日次確定
トランザクション	個別	S134	実績_フード売上ディナー	売上系	店長	-	🟢 既実装	小	🟢 制限なし	そのまま集計可能	metric	FLOW	画面内	売上分析	店舗別売上	店舗ごとの売上推移を比較し、伸長/落ち込み店舗を早期発見、施策効果検証 (KPI単独表示)	L1	SUM(フード×ディナー)	head_office_item_sales_logs.sales_excluded	[外部]TITEM.sales_excluded		date,week,month,quarter,year	日次	shop × date × time_slot × product	13M	nightly	batch	翌日日次確定
トランザクション	個別	S135	実績_ドリンク売上 計	売上系	店長	-	🟢 既実装	小	🟢 制限なし	そのまま集計可能	metric	FLOW	画面内	売上分析	店舗別売上	店舗ごとの売上推移を比較し、伸長/落ち込み店舗を早期発見、施策効果検証 (KPI単独表示)	L1	SUMドリンク	head_office_item_sales_logs.sales_excluded	[外部]TITEM.sales_excluded		date,week,month,quarter,year	日次	shop × date × product	13M	nightly	batch	翌日日次確定
トランザクション	個別	S136	実績_ドリンク売上ランチ	売上系	店長	-	🟢 既実装	小	🟢 制限なし	そのまま集計可能	metric	FLOW	画面内	売上分析	店舗別売上	店舗ごとの売上推移を比較し、伸長/落ち込み店舗を早期発見、施策効果検証 (KPI単独表示)	L1	SUM(ドリンク×ランチ)	head_office_item_sales_logs.sales_excluded	[外部]TITEM.sales_excluded		date,week,month,quarter,year	日次	shop × date × time_slot × product	13M	nightly	batch	翌日日次確定
トランザクション	個別	S137	実績_ドリンク売上ディナー	売上系	店長	-	🟢 既実装	小	🟢 制限なし	そのまま集計可能	metric	FLOW	画面内	売上分析	店舗別売上	店舗ごとの売上推移を比較し、伸長/落ち込み店舗を早期発見、施策効果検証 (KPI単独表示)	L1	SUM(ドリンク×ディナー)	head_office_item_sales_logs.sales_excluded	[外部]TITEM.sales_excluded		date,week,month,quarter,year	日次	shop × date × time_slot × product	13M	nightly	batch	翌日日次確定
トランザクション	個別	S138	実績_その他売上 計（サービス料等）	売上系	店長	-	🟢 既実装	小	🟢 制限なし	そのまま集計可能	metric	FLOW	画面内	売上分析	店舗別売上	店舗ごとの売上推移を比較し、伸長/落ち込み店舗を早期発見、施策効果検証 (KPI単独表示)	L1	SUMその他	z_totals.service_charge_1	[外部]ZTOTAL.service_charge_1		date,week,month,quarter,year	日次	shop × date	13M	nightly	batch	翌日日次確定
トランザクション	個別	S139	実績_その他売上ランチ	売上系	店長	-	🟢 既実装	小	🟢 制限なし	そのまま集計可能	metric	FLOW	画面内	売上分析	店舗別売上	店舗ごとの売上推移を比較し、伸長/落ち込み店舗を早期発見、施策効果検証 (KPI単独表示)	L1	SUM(その他×ランチ)	head_office_item_sales_logs.sales_excluded	[外部]TITEM.sales_excluded		date,week,month,quarter,year	日次	shop × date × time_slot	13M	nightly	batch	翌日日次確定
トランザクション	個別	S140	実績_その他売上ディナー	売上系	店長	-	🟢 既実装	小	🟢 制限なし	そのまま集計可能	metric	FLOW	画面内	売上分析	店舗別売上	店舗ごとの売上推移を比較し、伸長/落ち込み店舗を早期発見、施策効果検証 (KPI単独表示)	L1	SUM(その他×ディナー)	head_office_item_sales_logs.sales_excluded	[外部]TITEM.sales_excluded		date,week,month,quarter,year	日次	shop × date × time_slot	13M	nightly	batch	翌日日次確定
トランザクション	個別	S142	実績_FD仕入 計	原価系	店長	-	🟢 既実装	小	🟢 制限なし	そのまま集計可能	metric	FLOW	画面内	原価管理	FD率分析	FD率の推移把握、ロス削減/原価コントロール優先順位 (KPI単独表示)	L1	SUMFD	-	インフォマート（仕入）		date,week,month,quarter,year	日次	shop × date	13M	nightly	batch	納品確定後
トランザクション	個別	S143	実績_フード仕入	原価系	店長	-	🟢 既実装	小	🟢 制限なし	そのまま集計可能	metric	FLOW	画面内	原価管理	FD率分析	FD率の推移把握、ロス削減/原価コントロール優先順位 (KPI単独表示)	L1	SUMフード	infomart_transactions.total_tax_excluded	[外部]infomart_transactions.total_tax_excluded		date,week,month,quarter,year	日次	shop × date	13M	nightly	batch	納品確定後
トランザクション	個別	S144	実績_ドリンク仕入	原価系	店長	-	🟢 既実装	小	🟢 制限なし	そのまま集計可能	metric	FLOW	画面内	原価管理	FD率分析	FD率の推移把握、ロス削減/原価コントロール優先順位 (KPI単独表示)	L1	SUMドリンク	infomart_transactions.total_tax_excluded	[外部]infomart_transactions.total_tax_excluded		date,week,month,quarter,year	日次	shop × date	13M	nightly	batch	納品確定後
トランザクション	個別	S145	実績_人件費 計	人件費系	店長	-	🟢 既実装	小	🟢 制限なし	そのまま集計可能	metric	FLOW	画面内	人件費効率	スタッフ別人件費	スタッフ別の人時生産性評価、教育投資/シフト配置最適化 (KPI単独表示)	L1	SUM	head_office_employee_working_records.daily_cost	[外部]head_office_employee_working_records.daily_cost		date,week,month,quarter,year	日次	shop × date	13M	nightly	batch	確定なし
トランザクション	個別	S146	実績_固定人件費	人件費系	店長	-	🟢 既実装	小	🟢 制限なし	そのまま集計可能	metric	FLOW	画面内	人件費効率	スタッフ別人件費	スタッフ別の人時生産性評価、教育投資/シフト配置最適化 (KPI単独表示)	L1	SUM月給者	head_office_employee_working_records.daily_cost	[外部]head_office_employee_working_records.daily_cost		date,week,month,quarter,year	日次	shop × date	13M	nightly	batch	確定なし
トランザクション	個別	S147	実績_PA人件費	人件費系	店長	-	🟢 既実装	小	🟢 制限なし	そのまま集計可能	metric	FLOW	画面内	人件費効率	PA率分析	PA率の店舗/業態比較、人件費効率改善の優先順位 (KPI単独表示)	L1	SUM時給者	head_office_employee_working_records.daily_cost	[外部]head_office_employee_working_records.daily_cost		date,week,month,quarter,year	日次	shop × date	13M	nightly	batch	確定なし
トランザクション	個別	S148	実績_ヘルプ人件費	人件費系	店長	-	🟢 既実装	小	🟢 制限なし	そのまま集計可能	metric	FLOW	画面内	人件費効率	スタッフ別人件費	スタッフ別の人時生産性評価、教育投資/シフト配置最適化 (KPI単独表示)	L1	SUMヘルプ	head_office_employee_working_records.daily_cost	[外部]head_office_employee_working_records.daily_cost		date,week,month,quarter,year	日次	shop × date	13M	nightly	batch	確定なし
トランザクション	個別	S149	実績_その他経費 計	その他	店長	-	🟢 既実装	小	🟢 制限なし	そのまま集計可能	metric	FLOW	画面内	売上分析	店舗別売上	店舗ごとの売上推移を比較し、伸長/落ち込み店舗を早期発見、施策効果検証 (KPI単独表示)	L1	SUM経費	monthly_costs.value	[入力]monthly_costs.value		date,week,month,quarter,year	日次	shop × date	13M	nightly	batch	確定なし
トランザクション	個別	S150	実績_地代家賃	その他	店長	-	🟢 既実装	小	🟢 制限なし	そのまま集計可能	metric	FLOW	画面内	売上分析	店舗別売上	店舗ごとの売上推移を比較し、伸長/落ち込み店舗を早期発見、施策効果検証 (KPI単独表示)	L1	費目別	monthly_costs.value	[入力]monthly_costs.value		date,week,month,quarter,year	日次	shop × date	13M	nightly	batch	確定なし
トランザクション	個別	S151	実績_資材費	その他	店長	-	🟢 既実装	小	🟢 制限なし	そのまま集計可能	metric	FLOW	画面内	売上分析	店舗別売上	店舗ごとの売上推移を比較し、伸長/落ち込み店舗を早期発見、施策効果検証 (KPI単独表示)	L1	費目別	monthly_costs.value	[入力]monthly_costs.value		date,week,month,quarter,year	日次	shop × date	13M	nightly	batch	確定なし
トランザクション	個別	S152	実績_ラクミー利用料	その他	店長	-	🟢 既実装	小	🟢 制限なし	そのまま集計可能	metric	FLOW	画面内	売上分析	店舗別売上	店舗ごとの売上推移を比較し、伸長/落ち込み店舗を早期発見、施策効果検証 (KPI単独表示)	L1	費目別	monthly_costs.value	[入力]monthly_costs.value		date,week,month,quarter,year	日次	shop × date	13M	nightly	batch	確定なし
トランザクション	個別	S153	実績_IT費用	その他	店長	-	🟢 既実装	小	🟢 制限なし	そのまま集計可能	metric	FLOW	画面内	売上分析	店舗別売上	店舗ごとの売上推移を比較し、伸長/落ち込み店舗を早期発見、施策効果検証 (KPI単独表示)	L1	費目別	monthly_costs.value	[入力]monthly_costs.value		date,week,month,quarter,year	日次	shop × date	13M	nightly	batch	確定なし
トランザクション	個別	S154	実績_お花代	その他	店長	-	🟢 既実装	小	🟢 制限なし	そのまま集計可能	metric	FLOW	画面内	売上分析	店舗別売上	店舗ごとの売上推移を比較し、伸長/落ち込み店舗を早期発見、施策効果検証 (KPI単独表示)	L1	費目別	monthly_costs.value	[入力]monthly_costs.value		date,week,month,quarter,year	日次	shop × date	13M	nightly	batch	確定なし
トランザクション	個別	S155	実績_ガス代	その他	店長	-	🟢 既実装	小	🟢 制限なし	そのまま集計可能	metric	FLOW	画面内	売上分析	店舗別売上	店舗ごとの売上推移を比較し、伸長/落ち込み店舗を早期発見、施策効果検証 (KPI単独表示)	L1	費目別	monthly_costs.value	[入力]monthly_costs.value		date,week,month,quarter,year	日次	shop × date	13M	nightly	batch	確定なし
トランザクション	個別	S156	実績_クレジットカード手数料	その他	店長	-	🟢 既実装	小	🟢 制限なし	そのまま集計可能	metric	FLOW	画面内	売上分析	店舗別売上	店舗ごとの売上推移を比較し、伸長/落ち込み店舗を早期発見、施策効果検証 (KPI単独表示)	L1	費目別	monthly_costs.value	[入力]monthly_costs.value		date,week,month,quarter,year	日次	shop × date	13M	nightly	batch	確定なし
トランザクション	個別	S157	実績_レジ利用料	その他	店長	-	🟢 既実装	小	🟢 制限なし	そのまま集計可能	metric	FLOW	画面内	売上分析	店舗別売上	店舗ごとの売上推移を比較し、伸長/落ち込み店舗を早期発見、施策効果検証 (KPI単独表示)	L1	費目別	monthly_costs.value	[入力]monthly_costs.value		date,week,month,quarter,year	日次	shop × date	13M	nightly	batch	確定なし
トランザクション	個別	S158	実績_借入金返済	その他	店長	-	🟢 既実装	小	🟢 制限なし	そのまま集計可能	metric	FLOW	画面内	売上分析	店舗別売上	店舗ごとの売上推移を比較し、伸長/落ち込み店舗を早期発見、施策効果検証 (KPI単独表示)	L1	費目別	monthly_costs.value	[入力]monthly_costs.value		date,week,month,quarter,year	日次	shop × date	13M	nightly	batch	確定なし
トランザクション	個別	S159	実績_家賃（変動分）	その他	店長	-	🟢 既実装	小	🟢 制限なし	そのまま集計可能	metric	FLOW	画面内	売上分析	店舗別売上	店舗ごとの売上推移を比較し、伸長/落ち込み店舗を早期発見、施策効果検証 (KPI単独表示)	L1	費目別	monthly_costs.value	[入力]monthly_costs.value		date,week,month,quarter,year	日次	shop × date	13M	nightly	batch	確定なし
トランザクション	個別	S160	実績_水道代	その他	店長	-	🟢 既実装	小	🟢 制限なし	そのまま集計可能	metric	FLOW	画面内	売上分析	店舗別売上	店舗ごとの売上推移を比較し、伸長/落ち込み店舗を早期発見、施策効果検証 (KPI単独表示)	L1	費目別	monthly_costs.value	[入力]monthly_costs.value		date,week,month,quarter,year	日次	shop × date	13M	nightly	batch	確定なし
トランザクション	個別	S161	実績_水道光熱費	その他	店長	-	🟢 既実装	小	🟢 制限なし	そのまま集計可能	metric	FLOW	画面内	売上分析	店舗別売上	店舗ごとの売上推移を比較し、伸長/落ち込み店舗を早期発見、施策効果検証 (KPI単独表示)	L1	費目別	monthly_costs.value	[入力]monthly_costs.value		date,week,month,quarter,year	日次	shop × date	13M	nightly	batch	確定なし
トランザクション	個別	S162	実績_減価償却費	その他	店長	-	🟢 既実装	小	🟢 制限なし	そのまま集計可能	metric	FLOW	画面内	売上分析	店舗別売上	店舗ごとの売上推移を比較し、伸長/落ち込み店舗を早期発見、施策効果検証 (KPI単独表示)	L1	費目別	monthly_costs.value	[入力]monthly_costs.value		date,week,month,quarter,year	日次	shop × date	13M	nightly	batch	確定なし
トランザクション	個別	S163	実績_社員人件費	人件費系	店長	-	🟢 既実装	小	🟢 制限なし	そのまま集計可能	metric	FLOW	画面内	人件費効率	スタッフ別人件費	スタッフ別の人時生産性評価、教育投資/シフト配置最適化 (KPI単独表示)	L1	費目別	monthly_costs.value	[入力]monthly_costs.value		date,week,month,quarter,year	日次	shop × date	13M	nightly	batch	確定なし
トランザクション	個別	S164	実績_販促費	その他	店長	-	🟢 既実装	小	🟢 制限なし	そのまま集計可能	metric	FLOW	画面内	売上分析	店舗別売上	店舗ごとの売上推移を比較し、伸長/落ち込み店舗を早期発見、施策効果検証 (KPI単独表示)	L1	費目別	monthly_costs.value	[入力]monthly_costs.value		date,week,month,quarter,year	日次	shop × date	13M	nightly	batch	確定なし
トランザクション	個別	S165	実績_電気代	その他	店長	-	🟢 既実装	小	🟢 制限なし	そのまま集計可能	metric	FLOW	画面内	売上分析	店舗別売上	店舗ごとの売上推移を比較し、伸長/落ち込み店舗を早期発見、施策効果検証 (KPI単独表示)	L1	費目別	monthly_costs.value	[入力]monthly_costs.value		date,week,month,quarter,year	日次	shop × date	13M	nightly	batch	確定なし
トランザクション	個別	S167	予算_総売上 計	予実系	店長	-	🟢 既実装	小	🟡 予測値	確定値と区別必要	metric	FORECAST	画面内	予実管理	売上予実	売上の達成率/進捗率モニタリング、月中の早期是正アクション (KPI単独表示)	L1	月次予算設定.売上（税抜） ÷ 営業日数 × 経過日数	monthly_budgets.target_sales	月次予算設定.総売上		month,quarter,year	月次	shop × month, shop × month × product, shop × date × product	60M	on_budget_update	batch	予算確定後
トランザクション	個別	S168	予算_フード売上 計	予実系	店長	-	🟢 既実装	小	🟡 予測値	確定値と区別必要	metric	FORECAST	画面内	予実管理	売上予実	売上の達成率/進捗率モニタリング、月中の早期是正アクション (KPI単独表示)	L1	予算_総売上 計 × 売上構成比設定.フード構成比	monthly_budgets.target_sales, budget_sales_compositions.food_ratio	月次予算設定.フード売上		month,quarter,year	月次	shop × month × product, shop × date × product	60M	on_budget_update	batch	予算確定後
トランザクション	個別	S169	予算_フード売上ランチ	予実系	店長	-	🟢 既実装	小	🟡 予測値	確定値と区別必要	metric	FORECAST	画面内	予実管理	売上予実	売上の達成率/進捗率モニタリング、月中の早期是正アクション (KPI単独表示)	L1	予算_フード売上 計 × 売上構成比設定.ランチ比率	monthly_budgets.target_sales, budget_sales_compositions.lunch_ratio	月次予算設定.フード売上ランチ		month,quarter,year	月次	shop × month × time_slot × product	60M	on_budget_update	batch	予算確定後
トランザクション	個別	S170	予算_フード売上ディナー	予実系	店長	-	🟢 既実装	小	🟡 予測値	確定値と区別必要	metric	FORECAST	画面内	予実管理	売上予実	売上の達成率/進捗率モニタリング、月中の早期是正アクション (KPI単独表示)	L1	予算_フード売上 計 × 売上構成比設定.ディナー比率	monthly_budgets.target_sales, budget_sales_compositions.dinner_ratio	月次予算設定.フード売上ディナー		month,quarter,year	月次	shop × month × time_slot × product	60M	on_budget_update	batch	予算確定後
トランザクション	個別	S171	予算_ドリンク売上 計	予実系	店長	-	🟢 既実装	小	🟡 予測値	確定値と区別必要	metric	FORECAST	画面内	予実管理	売上予実	売上の達成率/進捗率モニタリング、月中の早期是正アクション (KPI単独表示)	L1	予算_総売上 計 × 売上構成比設定.ドリンク構成比	monthly_budgets.target_sales, budget_sales_compositions.drink_ratio	月次予算設定.ドリンク売上		month,quarter,year	月次	shop × month × product, shop × date × product	60M	on_budget_update	batch	予算確定後
トランザクション	個別	S172	予算_ドリンク売上ランチ	予実系	店長	-	🟢 既実装	小	🟡 予測値	確定値と区別必要	metric	FORECAST	画面内	予実管理	売上予実	売上の達成率/進捗率モニタリング、月中の早期是正アクション (KPI単独表示)	L1	予算_ドリンク売上 計 × 売上構成比設定.ランチ比率	monthly_budgets.target_sales, budget_sales_compositions.lunch_ratio	月次予算設定.ドリンク売上ランチ		month,quarter,year	月次	shop × month × time_slot × product	60M	on_budget_update	batch	予算確定後
トランザクション	個別	S173	予算_ドリンク売上ディナー	予実系	店長	-	🟢 既実装	小	🟡 予測値	確定値と区別必要	metric	FORECAST	画面内	予実管理	売上予実	売上の達成率/進捗率モニタリング、月中の早期是正アクション (KPI単独表示)	L1	予算_ドリンク売上 計 × 売上構成比設定.ディナー比率	monthly_budgets.target_sales, budget_sales_compositions.dinner_ratio	月次予算設定.ドリンク売上ディナー		month,quarter,year	月次	shop × month × time_slot × product	60M	on_budget_update	batch	予算確定後
トランザクション	個別	S174	予算_その他売上 計（サービス料等）	予実系	店長	-	🟢 既実装	小	🟡 予測値	確定値と区別必要	metric	FORECAST	画面内	予実管理	売上予実	売上の達成率/進捗率モニタリング、月中の早期是正アクション (KPI単独表示)	L1	予算_総売上 計 × 売上構成比設定.その他構成比	monthly_budgets.target_sales, budget_sales_compositions.other_ratio	月次予算設定.その他売上（サービス料等）		month,quarter,year	月次	shop × month	60M	on_budget_update	batch	予算確定後
トランザクション	個別	S175	予算_その他売上ランチ	予実系	店長	-	🟢 既実装	小	🟡 予測値	確定値と区別必要	metric	FORECAST	画面内	予実管理	売上予実	売上の達成率/進捗率モニタリング、月中の早期是正アクション (KPI単独表示)	L1	予算_その他売上 計 × 売上構成比設定.ランチ比率	monthly_budgets.target_sales, budget_sales_compositions.lunch_ratio	月次予算設定.その他売上ランチ		month,quarter,year	月次	shop × month × time_slot	60M	on_budget_update	batch	予算確定後
トランザクション	個別	S176	予算_その他売上ディナー	予実系	店長	-	🟢 既実装	小	🟡 予測値	確定値と区別必要	metric	FORECAST	画面内	予実管理	売上予実	売上の達成率/進捗率モニタリング、月中の早期是正アクション (KPI単独表示)	L1	予算_その他売上 計 × 売上構成比設定.ディナー比率	monthly_budgets.target_sales, budget_sales_compositions.dinner_ratio	月次予算設定.その他売上ディナー		month,quarter,year	月次	shop × month × time_slot	60M	on_budget_update	batch	予算確定後
トランザクション	個別	S177	予算_FLコスト 計	予実系	店長	-	🟢 既実装	小	🟡 予測値	確定値と区別必要	metric	FORECAST	画面内	予実管理	売上予実	売上の達成率/進捗率モニタリング、月中の早期是正アクション (KPI単独表示)	L1	予算_FD仕入 計 + 予算_人件費 計	-	予実対比.予算_FD仕入 計, 予実対比.予算_人件費 計		month,quarter,year	月次	shop × month, shop × month × product, shop × date × product	60M	on_budget_update	batch	予算確定後
トランザクション	個別	S178	予算_FD仕入 計	原価系	店長	-	🟢 既実装	小	🟡 予測値	確定値と区別必要	metric	FORECAST	画面内	予実管理	売上予実	売上の達成率/進捗率モニタリング、月中の早期是正アクション (KPI単独表示)	L1	月次予算設定.売上（税抜） × 月次予算設定.FD仕入比率 ÷ 営業日数 × 経過日数	monthly_budgets.target_sales, monthly_budgets.food_cost_rate	月次予算設定.FD仕入		month,quarter,year	月次	shop × month, shop × month × product, shop × date × product	60M	on_budget_update	batch	予算確定後
トランザクション	個別	S179	予算_フード仕入	原価系	店長	-	🟢 既実装	小	🟡 予測値	確定値と区別必要	metric	FORECAST	画面内	予実管理	売上予実	売上の達成率/進捗率モニタリング、月中の早期是正アクション (KPI単独表示)	L1	予算_FD仕入 計 × フード按分比	monthly_budgets.target_sales, monthly_budgets.food_cost_rate, budget_sales_compositions.food_ratio	月次予算設定.フード仕入		month,quarter,year	月次	shop × month	60M	on_budget_update	batch	予算確定後
トランザクション	個別	S180	予算_ドリンク仕入	原価系	店長	-	🟢 既実装	小	🟡 予測値	確定値と区別必要	metric	FORECAST	画面内	予実管理	売上予実	売上の達成率/進捗率モニタリング、月中の早期是正アクション (KPI単独表示)	L1	予算_FD仕入 計 × ドリンク按分比	monthly_budgets.target_sales, monthly_budgets.food_cost_rate, budget_sales_compositions.drink_ratio	月次予算設定.ドリンク仕入		month,quarter,year	月次	shop × month	60M	on_budget_update	batch	予算確定後
トランザクション	個別	S181	予算_人件費 計	人件費系	店長	-	🟢 既実装	小	🟡 予測値	確定値と区別必要	metric	FORECAST	画面内	人件費効率	スタッフ別人件費	スタッフ別の人時生産性評価、教育投資/シフト配置最適化 (KPI単独表示)	L1	(月次予算設定.売上 × PA人件費率 + 固定人件費予算) ÷ 営業日数 × 経過日数	monthly_budgets.target_sales, monthly_budgets.labor_cost_rate, 固定人件費予算	月次予算設定.人件費		month,quarter,year	月次	shop × month, shop × month × product, shop × date × product	60M	on_budget_update	batch	予算確定後
トランザクション	個別	S182	予算_固定人件費	人件費系	店長	-	🟢 既実装	小	🟡 予測値	確定値と区別必要	metric	FORECAST	画面内	人件費効率	スタッフ別人件費	スタッフ別の人時生産性評価、教育投資/シフト配置最適化 (KPI単独表示)	L1	費用設定.固定人件費予算 ÷ 営業日数 × 経過日数	monthly_costs.固定人件費	月次予算設定.固定人件費		month,quarter,year	月次	shop × month	60M	on_budget_update	batch	予算確定後
トランザクション	個別	S183	予算_PA人件費	人件費系	店長	-	🟢 既実装	小	🟡 予測値	確定値と区別必要	metric	FORECAST	画面内	人件費効率	PA率分析	PA率の店舗/業態比較、人件費効率改善の優先順位 (KPI単独表示)	L1	月次予算設定.売上（税抜） × 月次予算設定.PA人件費率 ÷ 営業日数 × 経過日数	monthly_budgets.target_sales, monthly_budgets.labor_cost_rate	月次予算設定.PA人件費		month,quarter,year	月次	shop × month	60M	on_budget_update	batch	予算確定後
トランザクション	個別	S184	予算_ヘルプ人件費	人件費系	店長	-	🟢 既実装	小	🟡 予測値	確定値と区別必要	metric	FORECAST	画面内	人件費効率	スタッフ別人件費	スタッフ別の人時生産性評価、教育投資/シフト配置最適化 (KPI単独表示)	L1	費用設定.ヘルプ人件費予算 ÷ 営業日数 × 経過日数	monthly_costs.ヘルプ人件費	月次予算設定.ヘルプ人件費		month,quarter,year	月次	shop × month	60M	on_budget_update	batch	予算確定後
トランザクション	個別	S185	予算_その他経費 計	予実系	店長	-	🟢 既実装	小	🟡 予測値	確定値と区別必要	metric	FORECAST	画面内	予実管理	経費予実	経費の予算超過リスク検知、削減ポイント特定 (KPI単独表示)	L1	費用設定.その他経費予算合計 ÷ 営業日数 × 経過日数	monthly_costs.その他経費合計	月次予算設定.その他経費		month,quarter,year	月次	shop × month, shop × month × product, shop × date × product	60M	on_budget_update	batch	予算確定後
トランザクション	個別	S186	予算_地代家賃	予実系	店長	-	🟢 既実装	小	🟡 予測値	確定値と区別必要	metric	FORECAST	画面内	予実管理	売上予実	売上の達成率/進捗率モニタリング、月中の早期是正アクション (KPI単独表示)	L1	費用設定.地代家賃 ÷ 営業日数 × 経過日数	monthly_costs.地代家賃	月次予算設定.地代家賃		month,quarter,year	月次	shop × month	60M	on_budget_update	batch	予算確定後
トランザクション	個別	S187	予算_資材費	予実系	店長	-	🟢 既実装	小	🟡 予測値	確定値と区別必要	metric	FORECAST	画面内	予実管理	経費予実	経費の予算超過リスク検知、削減ポイント特定 (KPI単独表示)	L1	費用設定.資材費 ÷ 営業日数 × 経過日数	monthly_costs.資材費	月次予算設定.資材費		month,quarter,year	月次	shop × month	60M	on_budget_update	batch	予算確定後
トランザクション	個別	S188	予算_ラクミー利用料	予実系	店長	-	🟢 既実装	小	🟡 予測値	確定値と区別必要	metric	FORECAST	画面内	予実管理	売上予実	売上の達成率/進捗率モニタリング、月中の早期是正アクション (KPI単独表示)	L1	費用設定.ラクミー利用料 ÷ 営業日数 × 経過日数	monthly_costs.ラクミー利用料	月次予算設定.ラクミー利用料		month,quarter,year	月次	shop × month	60M	on_budget_update	batch	予算確定後
トランザクション	個別	S189	予算_IT費用	予実系	店長	-	🟢 既実装	小	🟡 予測値	確定値と区別必要	metric	FORECAST	画面内	予実管理	経費予実	経費の予算超過リスク検知、削減ポイント特定 (KPI単独表示)	L1	費用設定.IT費用 ÷ 営業日数 × 経過日数	monthly_costs.IT費用	月次予算設定.IT費用		month,quarter,year	月次	shop × month	60M	on_budget_update	batch	予算確定後
トランザクション	個別	S190	予算_お花代	予実系	店長	-	🟢 既実装	小	🟡 予測値	確定値と区別必要	metric	FORECAST	画面内	予実管理	売上予実	売上の達成率/進捗率モニタリング、月中の早期是正アクション (KPI単独表示)	L1	費用設定.お花代 ÷ 営業日数 × 経過日数	monthly_costs.お花代	月次予算設定.お花代		month,quarter,year	月次	shop × month	60M	on_budget_update	batch	予算確定後
トランザクション	個別	S191	予算_ガス代	予実系	店長	-	🟢 既実装	小	🟡 予測値	確定値と区別必要	metric	FORECAST	画面内	予実管理	売上予実	売上の達成率/進捗率モニタリング、月中の早期是正アクション (KPI単独表示)	L1	費用設定.ガス代 ÷ 営業日数 × 経過日数	monthly_costs.ガス代	月次予算設定.ガス代		month,quarter,year	月次	shop × month	60M	on_budget_update	batch	予算確定後
トランザクション	個別	S192	予算_クレジットカード手数料	予実系	店長	-	🟢 既実装	小	🟡 予測値	確定値と区別必要	metric	FORECAST	画面内	予実管理	売上予実	売上の達成率/進捗率モニタリング、月中の早期是正アクション (KPI単独表示)	L1	費用設定.クレジットカード手数料 ÷ 営業日数 × 経過日数	monthly_costs.クレジットカード手数料	月次予算設定.クレジットカード手数料		month,quarter,year	月次	shop × month	60M	on_budget_update	batch	予算確定後
トランザクション	個別	S193	予算_レジ利用料	予実系	店長	-	🟢 既実装	小	🟡 予測値	確定値と区別必要	metric	FORECAST	画面内	予実管理	売上予実	売上の達成率/進捗率モニタリング、月中の早期是正アクション (KPI単独表示)	L1	費用設定.レジ利用料 ÷ 営業日数 × 経過日数	monthly_costs.レジ利用料	月次予算設定.レジ利用料		month,quarter,year	月次	shop × month	60M	on_budget_update	batch	予算確定後
トランザクション	個別	S194	予算_借入金返済	予実系	店長	-	🟢 既実装	小	🟡 予測値	確定値と区別必要	metric	FORECAST	画面内	予実管理	売上予実	売上の達成率/進捗率モニタリング、月中の早期是正アクション (KPI単独表示)	L1	費用設定.借入金返済 ÷ 営業日数 × 経過日数	monthly_costs.借入金返済	月次予算設定.借入金返済		month,quarter,year	月次	shop × month	60M	on_budget_update	batch	予算確定後
トランザクション	個別	S195	予算_家賃（変動分）	予実系	店長	-	🟢 既実装	小	🟡 予測値	確定値と区別必要	metric	FORECAST	画面内	予実管理	売上予実	売上の達成率/進捗率モニタリング、月中の早期是正アクション (KPI単独表示)	L1	費用設定.家賃（変動分） ÷ 営業日数 × 経過日数	monthly_costs.家賃（変動分）	月次予算設定.家賃（変動分）		month,quarter,year	月次	shop × month	60M	on_budget_update	batch	予算確定後
トランザクション	個別	S196	予算_水道代	予実系	店長	-	🟢 既実装	小	🟡 予測値	確定値と区別必要	metric	FORECAST	画面内	予実管理	売上予実	売上の達成率/進捗率モニタリング、月中の早期是正アクション (KPI単独表示)	L1	費用設定.水道代 ÷ 営業日数 × 経過日数	monthly_costs.水道代	月次予算設定.水道代		month,quarter,year	月次	shop × month	60M	on_budget_update	batch	予算確定後
トランザクション	個別	S197	予算_水道光熱費	予実系	店長	-	🟢 既実装	小	🟡 予測値	確定値と区別必要	metric	FORECAST	画面内	予実管理	経費予実	経費の予算超過リスク検知、削減ポイント特定 (KPI単独表示)	L1	費用設定.水道光熱費 ÷ 営業日数 × 経過日数	monthly_costs.水道光熱費	月次予算設定.水道光熱費		month,quarter,year	月次	shop × month	60M	on_budget_update	batch	予算確定後
トランザクション	個別	S198	予算_減価償却費	予実系	店長	-	🟢 既実装	小	🟡 予測値	確定値と区別必要	metric	FORECAST	画面内	予実管理	経費予実	経費の予算超過リスク検知、削減ポイント特定 (KPI単独表示)	L1	費用設定.減価償却費 ÷ 営業日数 × 経過日数	monthly_costs.減価償却費	月次予算設定.減価償却費		month,quarter,year	月次	shop × month	60M	on_budget_update	batch	予算確定後
トランザクション	個別	S199	予算_社員人件費	人件費系	店長	-	🟢 既実装	小	🟡 予測値	確定値と区別必要	metric	FORECAST	画面内	人件費効率	スタッフ別人件費	スタッフ別の人時生産性評価、教育投資/シフト配置最適化 (KPI単独表示)	L1	費用設定.社員人件費 ÷ 営業日数 × 経過日数	monthly_costs.社員人件費	月次予算設定.社員人件費		month,quarter,year	月次	shop × month	60M	on_budget_update	batch	予算確定後
トランザクション	個別	S200	予算_販促費	予実系	店長	-	🟢 既実装	小	🟡 予測値	確定値と区別必要	metric	FORECAST	画面内	予実管理	経費予実	経費の予算超過リスク検知、削減ポイント特定 (KPI単独表示)	L1	費用設定.販促費 ÷ 営業日数 × 経過日数	monthly_costs.販促費	月次予算設定.販促費		month,quarter,year	月次	shop × month	60M	on_budget_update	batch	予算確定後
トランザクション	個別	S201	予算_電気代	予実系	店長	-	🟢 既実装	小	🟡 予測値	確定値と区別必要	metric	FORECAST	画面内	予実管理	売上予実	売上の達成率/進捗率モニタリング、月中の早期是正アクション (KPI単独表示)	L1	費用設定.電気代 ÷ 営業日数 × 経過日数	monthly_costs.電気代	月次予算設定.電気代		month,quarter,year	月次	shop × month	60M	on_budget_update	batch	予算確定後
トランザクション	個別	S386	その他売上（サービス料等）	売上系	店長	-	🟢 既実装	小	🟢 制限なし	そのまま集計可能	metric	FLOW	画面内	売上分析	店舗別売上	店舗ごとの売上推移を比較し、伸長/落ち込み店舗を早期発見、施策効果検証 (KPI単独表示)	L1	参照表示	z_totals.service_charge_1	[外部]ZTOTAL.service_charge_1			オンデマンド	shop × month × product, shop × date × product	-	on_demand	on_demand	翌日日次確定
トランザクション	個別	S387	その他売上ランチ	売上系	店長	-	🟢 既実装	小	🟢 制限なし	そのまま集計可能	metric	FLOW	画面内	売上分析	店舗別売上	店舗ごとの売上推移を比較し、伸長/落ち込み店舗を早期発見、施策効果検証 (KPI単独表示)	L1	参照表示	head_office_item_sales_logs.sales_excluded	[外部]TITEM.sales_excluded			オンデマンド	shop × month × product, shop × date × product	-	on_demand	on_demand	翌日日次確定
トランザクション	個別	S388	その他売上ディナー	売上系	店長	-	🟢 既実装	小	🟢 制限なし	そのまま集計可能	metric	FLOW	画面内	売上分析	店舗別売上	店舗ごとの売上推移を比較し、伸長/落ち込み店舗を早期発見、施策効果検証 (KPI単独表示)	L1	参照表示	head_office_item_sales_logs.sales_excluded	[外部]TITEM.sales_excluded			オンデマンド	shop × month × product, shop × date × product	-	on_demand	on_demand	翌日日次確定
トランザクション	個別	S389	割引･値引等	その他	店長	-	🟢 既実装	小	🟢 制限なし	そのまま集計可能	metric	FLOW	画面内	売上分析	店舗別売上	店舗ごとの売上推移を比較し、伸長/落ち込み店舗を早期発見、施策効果検証 (KPI単独表示)	L1	参照表示	z_totals.discount	[外部]ZTOTAL.discount			オンデマンド	-	-	on_demand	on_demand	確定なし
トランザクション	個別	S390	総売上	売上系	店長	-	🟢 既実装	小	🟢 制限なし	そのまま集計可能	metric	FLOW	画面内	売上分析	店舗別売上	店舗ごとの売上推移を比較し、伸長/落ち込み店舗を早期発見、施策効果検証 (KPI単独表示)	L1	参照表示	head_office_connected_service_sales_logs.sales_excluded	[外部]ZTOTAL.sales_excluded			オンデマンド	shop × month × product, shop × date × product	-	on_demand	on_demand	翌日日次確定
トランザクション	個別	S391	フード売上	売上系	店長	-	🟢 既実装	小	🟢 制限なし	そのまま集計可能	metric	FLOW	画面内	売上分析	店舗別売上	店舗ごとの売上推移を比較し、伸長/落ち込み店舗を早期発見、施策効果検証 (KPI単独表示)	L1	参照表示	head_office_item_sales_logs.sales_excluded	[外部]TITEM.sales_excluded			オンデマンド	shop × month × product, shop × date × product	-	on_demand	on_demand	翌日日次確定
トランザクション	個別	S392	フード売上ランチ	売上系	店長	-	🟢 既実装	小	🟢 制限なし	そのまま集計可能	metric	FLOW	画面内	売上分析	店舗別売上	店舗ごとの売上推移を比較し、伸長/落ち込み店舗を早期発見、施策効果検証 (KPI単独表示)	L1	参照表示	head_office_item_sales_logs.sales_excluded	[外部]TITEM.sales_excluded			オンデマンド	shop × month × product, shop × date × product	-	on_demand	on_demand	翌日日次確定
トランザクション	個別	S393	フード売上ディナー	売上系	店長	-	🟢 既実装	小	🟢 制限なし	そのまま集計可能	metric	FLOW	画面内	売上分析	店舗別売上	店舗ごとの売上推移を比較し、伸長/落ち込み店舗を早期発見、施策効果検証 (KPI単独表示)	L1	参照表示	head_office_item_sales_logs.sales_excluded	[外部]TITEM.sales_excluded			オンデマンド	shop × month × product, shop × date × product	-	on_demand	on_demand	翌日日次確定
トランザクション	個別	S394	ドリンク売上	売上系	店長	-	🟢 既実装	小	🟢 制限なし	そのまま集計可能	metric	FLOW	画面内	売上分析	店舗別売上	店舗ごとの売上推移を比較し、伸長/落ち込み店舗を早期発見、施策効果検証 (KPI単独表示)	L1	参照表示	head_office_item_sales_logs.sales_excluded	[外部]TITEM.sales_excluded			オンデマンド	shop × month × product, shop × date × product	-	on_demand	on_demand	翌日日次確定
トランザクション	個別	S395	ドリンク売上ランチ	売上系	店長	-	🟢 既実装	小	🟢 制限なし	そのまま集計可能	metric	FLOW	画面内	売上分析	店舗別売上	店舗ごとの売上推移を比較し、伸長/落ち込み店舗を早期発見、施策効果検証 (KPI単独表示)	L1	参照表示	head_office_item_sales_logs.sales_excluded	[外部]TITEM.sales_excluded			オンデマンド	shop × month × product, shop × date × product	-	on_demand	on_demand	翌日日次確定
トランザクション	個別	S396	ドリンク売上ディナー	売上系	店長	-	🟢 既実装	小	🟢 制限なし	そのまま集計可能	metric	FLOW	画面内	売上分析	店舗別売上	店舗ごとの売上推移を比較し、伸長/落ち込み店舗を早期発見、施策効果検証 (KPI単独表示)	L1	参照表示	head_office_item_sales_logs.sales_excluded	[外部]TITEM.sales_excluded			オンデマンド	shop × month × product, shop × date × product	-	on_demand	on_demand	翌日日次確定
トランザクション	個別	S397	FD仕入	原価系	店長	-	🟢 既実装	小	🟢 制限なし	そのまま集計可能	metric	FLOW	画面内	原価管理	FD率分析	FD率の推移把握、ロス削減/原価コントロール優先順位 (KPI単独表示)	L1	参照表示	infomart_transactions.total_tax_excluded	[外部]infomart_transactions.total_tax_excluded			オンデマンド	shop × month × product, shop × date × product	-	on_demand	on_demand	納品確定後
トランザクション	個別	S398	フード仕入	原価系	店長	-	🟢 既実装	小	🟢 制限なし	そのまま集計可能	metric	FLOW	画面内	原価管理	FD率分析	FD率の推移把握、ロス削減/原価コントロール優先順位 (KPI単独表示)	L1	参照表示	infomart_transactions.total_tax_excluded	[外部]infomart_transactions.total_tax_excluded			オンデマンド	shop × month × product, shop × date × product	-	on_demand	on_demand	納品確定後
トランザクション	個別	S399	ドリンク仕入	原価系	店長	-	🟢 既実装	小	🟢 制限なし	そのまま集計可能	metric	FLOW	画面内	原価管理	FD率分析	FD率の推移把握、ロス削減/原価コントロール優先順位 (KPI単独表示)	L1	参照表示	infomart_transactions.total_tax_excluded	[外部]infomart_transactions.total_tax_excluded			オンデマンド	shop × month × product, shop × date × product	-	on_demand	on_demand	納品確定後
トランザクション	個別	S400	人件費	人件費系	店長	-	🟢 既実装	小	🟢 制限なし	そのまま集計可能	metric	FLOW	画面内	人件費効率	スタッフ別人件費	スタッフ別の人時生産性評価、教育投資/シフト配置最適化 (KPI単独表示)	L1	参照表示	head_office_connected_service_labor_costs_logs.labor_costs	[外部]head_office_connected_service_labor_costs_logs.labor_costs			オンデマンド	shop × month × product, shop × date × product	-	on_demand	on_demand	確定なし
トランザクション	個別	S401	固定人件費	人件費系	店長	-	🟢 既実装	小	🟢 制限なし	そのまま集計可能	metric	FLOW	画面内	人件費効率	スタッフ別人件費	スタッフ別の人時生産性評価、教育投資/シフト配置最適化 (KPI単独表示)	L1	参照表示	head_office_connected_service_labor_costs_logs.labor_costs	[外部]head_office_connected_service_labor_costs_logs.labor_costs			オンデマンド	shop × month × product, shop × date × product	-	on_demand	on_demand	確定なし
トランザクション	個別	S402	PA人件費	人件費系	店長	-	🟢 既実装	小	🟢 制限なし	そのまま集計可能	metric	FLOW	画面内	人件費効率	PA率分析	PA率の店舗/業態比較、人件費効率改善の優先順位 (KPI単独表示)	L1	参照表示	head_office_employee_working_records.daily_cost	[外部]head_office_employee_working_records.daily_cost			オンデマンド	shop × month × product, shop × date × product	-	on_demand	on_demand	確定なし
トランザクション	個別	S404	その他経費	その他	店長	-	🟢 既実装	小	🟢 制限なし	そのまま集計可能	metric	FLOW	画面内	売上分析	店舗別売上	店舗ごとの売上推移を比較し、伸長/落ち込み店舗を早期発見、施策効果検証 (KPI単独表示)	L1	SUM経費	monthly_costs.value	-			オンデマンド	-	-	on_demand	on_demand	確定なし
トランザクション	個別	S405	地代家賃	その他	店長	-	🟢 既実装	小	🟢 制限なし	そのまま集計可能	metric	FLOW	画面内	売上分析	店舗別売上	店舗ごとの売上推移を比較し、伸長/落ち込み店舗を早期発見、施策効果検証 (KPI単独表示)	L1	費目=家賃	monthly_costs.value	-			オンデマンド	-	-	on_demand	on_demand	確定なし
トランザクション	個別	S406	資材費	その他	店長	-	🟢 既実装	小	🟢 制限なし	そのまま集計可能	metric	FLOW	画面内	売上分析	店舗別売上	店舗ごとの売上推移を比較し、伸長/落ち込み店舗を早期発見、施策効果検証 (KPI単独表示)	L1	費目=資材費	monthly_costs.value	-			オンデマンド	-	-	on_demand	on_demand	確定なし
トランザクション	個別	S408	売上 計	売上系	店長	-	🟢 既実装	小	🟢 制限なし	そのまま集計可能	metric	FLOW	画面内	売上分析	店舗別売上	店舗ごとの売上推移を比較し、伸長/落ち込み店舗を早期発見、施策効果検証 (KPI単独表示)	L1	参照表示	head_office_connected_service_sales_logs.sales_excluded	[外部]ZTOTAL.sales_excluded			オンデマンド	-	-	on_demand	on_demand	翌日日次確定
トランザクション	個別	S409	フード売上 計	売上系	店長	-	🟢 既実装	小	🟢 制限なし	そのまま集計可能	metric	FLOW	画面内	売上分析	店舗別売上	店舗ごとの売上推移を比較し、伸長/落ち込み店舗を早期発見、施策効果検証 (KPI単独表示)	L1	参照表示	head_office_item_sales_logs.sales_excluded	[外部]TITEM.sales_excluded			オンデマンド	shop × month × product, shop × date × product	-	on_demand	on_demand	翌日日次確定
トランザクション	個別	S410	ドリンク売上 計	売上系	店長	-	🟢 既実装	小	🟢 制限なし	そのまま集計可能	metric	FLOW	画面内	売上分析	店舗別売上	店舗ごとの売上推移を比較し、伸長/落ち込み店舗を早期発見、施策効果検証 (KPI単独表示)	L1	参照表示	head_office_item_sales_logs.sales_excluded	[外部]TITEM.sales_excluded			オンデマンド	shop × month × product, shop × date × product	-	on_demand	on_demand	翌日日次確定
トランザクション	個別	S411	その他売上 計（サービス料等）	売上系	店長	-	🟢 既実装	小	🟢 制限なし	そのまま集計可能	metric	FLOW	画面内	売上分析	店舗別売上	店舗ごとの売上推移を比較し、伸長/落ち込み店舗を早期発見、施策効果検証 (KPI単独表示)	L1	参照表示	z_totals.service_charge_1	[外部]ZTOTAL.service_charge_1			オンデマンド	-	-	on_demand	on_demand	翌日日次確定
トランザクション	個別	S413	FD仕入 計	原価系	店長	-	🟢 既実装	小	🟢 制限なし	そのまま集計可能	metric	FLOW	画面内	原価管理	FD率分析	FD率の推移把握、ロス削減/原価コントロール優先順位 (KPI単独表示)	L1	参照表示	infomart_transactions.total_tax_excluded	[外部]infomart_transactions.total_tax_excluded			オンデマンド	shop × month × product, shop × date × product	-	on_demand	on_demand	納品確定後
トランザクション	個別	S414	人件費 計	人件費系	店長	-	🟢 既実装	小	🟢 制限なし	そのまま集計可能	metric	FLOW	画面内	人件費効率	スタッフ別人件費	スタッフ別の人時生産性評価、教育投資/シフト配置最適化 (KPI単独表示)	L1	参照表示	head_office_connected_service_labor_costs_logs.labor_costs	[外部]head_office_connected_service_labor_costs_logs.labor_costs			オンデマンド	shop × month × product, shop × date × product	-	on_demand	on_demand	確定なし
トランザクション	個別	S415	その他経費 計	その他	店長	-	🟢 既実装	小	🟢 制限なし	そのまま集計可能	metric	FLOW	画面内	売上分析	店舗別売上	店舗ごとの売上推移を比較し、伸長/落ち込み店舗を早期発見、施策効果検証 (KPI単独表示)	L1	SUM	monthly_costs.value	-			オンデマンド	-	-	on_demand	on_demand	確定なし
トランザクション	個別	S416	IT費	その他	店長	-	🟢 既実装	小	🟢 制限なし	そのまま集計可能	metric	FLOW	画面内	売上分析	店舗別売上	店舗ごとの売上推移を比較し、伸長/落ち込み店舗を早期発見、施策効果検証 (KPI単独表示)	L1	費目フィルタ	monthly_costs.value	-			オンデマンド	-	-	on_demand	on_demand	確定なし
トランザクション	個別	S417	ガス代	その他	店長	-	🟢 既実装	小	🟢 制限なし	そのまま集計可能	metric	FLOW	画面内	売上分析	店舗別売上	店舗ごとの売上推移を比較し、伸長/落ち込み店舗を早期発見、施策効果検証 (KPI単独表示)	L1	費目フィルタ	monthly_costs.value	-			オンデマンド	-	-	on_demand	on_demand	確定なし
トランザクション	個別	S418	サービス費	その他	店長	-	🟢 既実装	小	🟢 制限なし	そのまま集計可能	metric	FLOW	画面内	売上分析	店舗別売上	店舗ごとの売上推移を比較し、伸長/落ち込み店舗を早期発見、施策効果検証 (KPI単独表示)	L1	費目フィルタ	monthly_costs.value	-			オンデマンド	-	-	on_demand	on_demand	確定なし
トランザクション	個別	S419	保守修繕費	その他	店長	-	🟢 既実装	小	🟢 制限なし	そのまま集計可能	metric	FLOW	画面内	売上分析	店舗別売上	店舗ごとの売上推移を比較し、伸長/落ち込み店舗を早期発見、施策効果検証 (KPI単独表示)	L1	費目フィルタ	monthly_costs.value	-			オンデマンド	-	-	on_demand	on_demand	確定なし
トランザクション	個別	S420	外注費	その他	店長	-	🟢 既実装	小	🟢 制限なし	そのまま集計可能	metric	FLOW	画面内	売上分析	店舗別売上	店舗ごとの売上推移を比較し、伸長/落ち込み店舗を早期発見、施策効果検証 (KPI単独表示)	L1	費目フィルタ	monthly_costs.value	-			オンデマンド	-	-	on_demand	on_demand	確定なし
トランザクション	個別	S421	支払手数料	その他	店長	-	🟢 既実装	小	🟢 制限なし	そのまま集計可能	metric	FLOW	画面内	売上分析	店舗別売上	店舗ごとの売上推移を比較し、伸長/落ち込み店舗を早期発見、施策効果検証 (KPI単独表示)	L1	費目フィルタ	monthly_costs.value	-			オンデマンド	-	-	on_demand	on_demand	確定なし
トランザクション	個別	S422	水道代	その他	店長	-	🟢 既実装	小	🟢 制限なし	そのまま集計可能	metric	FLOW	画面内	売上分析	店舗別売上	店舗ごとの売上推移を比較し、伸長/落ち込み店舗を早期発見、施策効果検証 (KPI単独表示)	L1	費目フィルタ	monthly_costs.value	-			オンデマンド	-	-	on_demand	on_demand	確定なし
トランザクション	個別	S423	消耗品費	その他	店長	-	🟢 既実装	小	🟢 制限なし	そのまま集計可能	metric	FLOW	画面内	売上分析	店舗別売上	店舗ごとの売上推移を比較し、伸長/落ち込み店舗を早期発見、施策効果検証 (KPI単独表示)	L1	費目フィルタ	monthly_costs.value	-			オンデマンド	-	-	on_demand	on_demand	確定なし
トランザクション	個別	S424	衛生費	その他	店長	-	🟢 既実装	小	🟢 制限なし	そのまま集計可能	metric	FLOW	画面内	売上分析	店舗別売上	店舗ごとの売上推移を比較し、伸長/落ち込み店舗を早期発見、施策効果検証 (KPI単独表示)	L1	費目フィルタ	monthly_costs.value	-			オンデマンド	-	-	on_demand	on_demand	確定なし
トランザクション	個別	S425	調査費	その他	店長	-	🟢 既実装	小	🟢 制限なし	そのまま集計可能	metric	FLOW	画面内	売上分析	店舗別売上	店舗ごとの売上推移を比較し、伸長/落ち込み店舗を早期発見、施策効果検証 (KPI単独表示)	L1	費目フィルタ	monthly_costs.value	-			オンデマンド	-	-	on_demand	on_demand	確定なし
トランザクション	個別	S426	諸会費	その他	店長	-	🟢 既実装	小	🟢 制限なし	そのまま集計可能	metric	FLOW	画面内	売上分析	店舗別売上	店舗ごとの売上推移を比較し、伸長/落ち込み店舗を早期発見、施策効果検証 (KPI単独表示)	L1	費目フィルタ	monthly_costs.value	-			オンデマンド	-	-	on_demand	on_demand	確定なし
トランザクション	個別	S427	警備料	その他	店長	-	🟢 既実装	小	🟢 制限なし	そのまま集計可能	metric	FLOW	画面内	売上分析	店舗別売上	店舗ごとの売上推移を比較し、伸長/落ち込み店舗を早期発見、施策効果検証 (KPI単独表示)	L1	費目フィルタ	monthly_costs.value	-			オンデマンド	-	-	on_demand	on_demand	確定なし
トランザクション	個別	S428	販売促進費	その他	店長	-	🟢 既実装	小	🟢 制限なし	そのまま集計可能	metric	FLOW	画面内	売上分析	店舗別売上	店舗ごとの売上推移を比較し、伸長/落ち込み店舗を早期発見、施策効果検証 (KPI単独表示)	L1	費目フィルタ	monthly_costs.value	-			オンデマンド	-	-	on_demand	on_demand	確定なし
トランザクション	個別	S429	販売管理費	その他	店長	-	🟢 既実装	小	🟢 制限なし	そのまま集計可能	metric	FLOW	画面内	売上分析	店舗別売上	店舗ごとの売上推移を比較し、伸長/落ち込み店舗を早期発見、施策効果検証 (KPI単独表示)	L1	費目フィルタ	monthly_costs.value	-			オンデマンド	-	-	on_demand	on_demand	確定なし
トランザクション	個別	S430	通信費	その他	店長	-	🟢 既実装	小	🟢 制限なし	そのまま集計可能	metric	FLOW	画面内	売上分析	店舗別売上	店舗ごとの売上推移を比較し、伸長/落ち込み店舗を早期発見、施策効果検証 (KPI単独表示)	L1	費目フィルタ	monthly_costs.value	-			オンデマンド	-	-	on_demand	on_demand	確定なし
トランザクション	個別	S431	雑費	その他	店長	-	🟢 既実装	小	🟢 制限なし	そのまま集計可能	metric	FLOW	画面内	売上分析	店舗別売上	店舗ごとの売上推移を比較し、伸長/落ち込み店舗を早期発見、施策効果検証 (KPI単独表示)	L1	費目フィルタ	monthly_costs.value	-			オンデマンド	-	-	on_demand	on_demand	確定なし
トランザクション	個別	S432	電気代	その他	店長	-	🟢 既実装	小	🟢 制限なし	そのまま集計可能	metric	FLOW	画面内	売上分析	店舗別売上	店舗ごとの売上推移を比較し、伸長/落ち込み店舗を早期発見、施策効果検証 (KPI単独表示)	L1	費目フィルタ	monthly_costs.value	-			オンデマンド	-	-	on_demand	on_demand	確定なし
トランザクション	個別	S434	フード売上ランチ	売上系	店長	-	🟢 既実装	小	🟢 制限なし	そのまま集計可能	metric	FLOW	画面内	売上分析	店舗別売上	店舗ごとの売上推移を比較し、伸長/落ち込み店舗を早期発見、施策効果検証 (KPI単独表示)	L1	参照表示	head_office_item_sales_logs.sales_excluded	[外部]TITEM.sales_excluded			オンデマンド	shop × month × product, shop × date × product	-	on_demand	on_demand	翌日日次確定
トランザクション	個別	S435	フード売上ディナー	売上系	店長	-	🟢 既実装	小	🟢 制限なし	そのまま集計可能	metric	FLOW	画面内	売上分析	店舗別売上	店舗ごとの売上推移を比較し、伸長/落ち込み店舗を早期発見、施策効果検証 (KPI単独表示)	L1	参照表示	head_office_item_sales_logs.sales_excluded	[外部]TITEM.sales_excluded			オンデマンド	shop × month × product, shop × date × product	-	on_demand	on_demand	翌日日次確定
トランザクション	個別	S436	ドリンク売上ランチ	売上系	店長	-	🟢 既実装	小	🟢 制限なし	そのまま集計可能	metric	FLOW	画面内	売上分析	店舗別売上	店舗ごとの売上推移を比較し、伸長/落ち込み店舗を早期発見、施策効果検証 (KPI単独表示)	L1	参照表示	head_office_item_sales_logs.sales_excluded	[外部]TITEM.sales_excluded			オンデマンド	shop × month × product, shop × date × product	-	on_demand	on_demand	翌日日次確定
トランザクション	個別	S437	ドリンク売上ディナー	売上系	店長	-	🟢 既実装	小	🟢 制限なし	そのまま集計可能	metric	FLOW	画面内	売上分析	店舗別売上	店舗ごとの売上推移を比較し、伸長/落ち込み店舗を早期発見、施策効果検証 (KPI単独表示)	L1	参照表示	head_office_item_sales_logs.sales_excluded	[外部]TITEM.sales_excluded			オンデマンド	shop × month × product, shop × date × product	-	on_demand	on_demand	翌日日次確定
トランザクション	個別	S438	フード仕入	原価系	店長	-	🟢 既実装	小	🟢 制限なし	そのまま集計可能	metric	FLOW	画面内	原価管理	FD率分析	FD率の推移把握、ロス削減/原価コントロール優先順位 (KPI単独表示)	L1	参照表示	infomart_transactions.total_tax_excluded	[外部]infomart_transactions.total_tax_excluded			オンデマンド	shop × month × product, shop × date × product	-	on_demand	on_demand	納品確定後
トランザクション	個別	S439	ドリンク仕入	原価系	店長	-	🟢 既実装	小	🟢 制限なし	そのまま集計可能	metric	FLOW	画面内	原価管理	FD率分析	FD率の推移把握、ロス削減/原価コントロール優先順位 (KPI単独表示)	L1	参照表示	infomart_transactions.total_tax_excluded	[外部]infomart_transactions.total_tax_excluded			オンデマンド	shop × month × product, shop × date × product	-	on_demand	on_demand	納品確定後
トランザクション	個別	S440	固定人件費	人件費系	店長	-	🟢 既実装	小	🟢 制限なし	そのまま集計可能	metric	FLOW	画面内	人件費効率	スタッフ別人件費	スタッフ別の人時生産性評価、教育投資/シフト配置最適化 (KPI単独表示)	L1	参照表示	head_office_connected_service_labor_costs_logs.labor_costs	[外部]head_office_connected_service_labor_costs_logs.labor_costs			オンデマンド	shop × month × product, shop × date × product	-	on_demand	on_demand	確定なし
トランザクション	個別	S441	PA人件費	人件費系	店長	-	🟢 既実装	小	🟢 制限なし	そのまま集計可能	metric	FLOW	画面内	人件費効率	PA率分析	PA率の店舗/業態比較、人件費効率改善の優先順位 (KPI単独表示)	L1	参照表示	head_office_employee_working_records.daily_cost	[外部]head_office_employee_working_records.daily_cost			オンデマンド	shop × month × product, shop × date × product	-	on_demand	on_demand	確定なし
トランザクション	個別	S443	地代家賃	その他	店長	-	🟢 既実装	小	🟢 制限なし	そのまま集計可能	metric	FLOW	画面内	売上分析	店舗別売上	店舗ごとの売上推移を比較し、伸長/落ち込み店舗を早期発見、施策効果検証 (KPI単独表示)	L1	費目=家賃	monthly_costs.value	-			オンデマンド	-	-	on_demand	on_demand	確定なし
トランザクション	個別	S444	資材費	その他	店長	-	🟢 既実装	小	🟢 制限なし	そのまま集計可能	metric	FLOW	画面内	売上分析	店舗別売上	店舗ごとの売上推移を比較し、伸長/落ち込み店舗を早期発見、施策効果検証 (KPI単独表示)	L1	費目=資材費	monthly_costs.value	-			オンデマンド	-	-	on_demand	on_demand	確定なし
トランザクション	個別	S445	減価償却費	その他	店長	-	🟢 既実装	小	🟢 制限なし	そのまま集計可能	metric	FLOW	画面内	売上分析	店舗別売上	店舗ごとの売上推移を比較し、伸長/落ち込み店舗を早期発見、施策効果検証 (KPI単独表示)	L1	費目=減価償却費	monthly_costs.value	-			オンデマンド	-	-	on_demand	on_demand	確定なし
トランザクション	個別	S446	ｸﾚｼﾞｯﾄ手数料	その他	店長	-	🟢 既実装	小	🟢 制限なし	そのまま集計可能	metric	FLOW	画面内	売上分析	店舗別売上	店舗ごとの売上推移を比較し、伸長/落ち込み店舗を早期発見、施策効果検証 (KPI単独表示)	L1	費目フィルタ	monthly_costs.value	-			オンデマンド	-	-	on_demand	on_demand	確定なし
トランザクション	個別	S446a	メニューコピー	その他	店長	-	🟢 既実装	小	🟢 制限なし	そのまま集計可能	metric	FLOW	画面内	売上分析	店舗別売上	店舗ごとの売上推移を比較し、伸長/落ち込み店舗を早期発見、施策効果検証 (KPI単独表示)	L1	費目フィルタ	monthly_costs.value	-			オンデマンド	-	-	on_demand	on_demand	確定なし
トランザクション	個別	S446b	租税公課	その他	店長	-	🟢 既実装	小	🟢 制限なし	そのまま集計可能	metric	FLOW	画面内	売上分析	店舗別売上	店舗ごとの売上推移を比較し、伸長/落ち込み店舗を早期発見、施策効果検証 (KPI単独表示)	L1	費目フィルタ	monthly_costs.value	-			オンデマンド	-	-	on_demand	on_demand	確定なし
トランザクション	個別	S446c	接待交際費	その他	店長	-	🟢 既実装	小	🟢 制限なし	そのまま集計可能	metric	FLOW	画面内	売上分析	店舗別売上	店舗ごとの売上推移を比較し、伸長/落ち込み店舗を早期発見、施策効果検証 (KPI単独表示)	L1	費目フィルタ	monthly_costs.value	-			オンデマンド	-	-	on_demand	on_demand	確定なし
トランザクション	個別	S446d	旅費交通費	その他	店長	-	🟢 既実装	小	🟢 制限なし	そのまま集計可能	metric	FLOW	画面内	売上分析	店舗別売上	店舗ごとの売上推移を比較し、伸長/落ち込み店舗を早期発見、施策効果検証 (KPI単独表示)	L1	費目フィルタ	monthly_costs.value	-			オンデマンド	-	-	on_demand	on_demand	確定なし
トランザクション	個別	S446e	会議費	その他	店長	-	🟢 既実装	小	🟢 制限なし	そのまま集計可能	metric	FLOW	画面内	売上分析	店舗別売上	店舗ごとの売上推移を比較し、伸長/落ち込み店舗を早期発見、施策効果検証 (KPI単独表示)	L1	費目フィルタ	monthly_costs.value	-			オンデマンド	-	-	on_demand	on_demand	確定なし
トランザクション	個別	S446f	図書教育費	その他	店長	-	🟢 既実装	小	🟢 制限なし	そのまま集計可能	metric	FLOW	画面内	売上分析	店舗別売上	店舗ごとの売上推移を比較し、伸長/落ち込み店舗を早期発見、施策効果検証 (KPI単独表示)	L1	費目フィルタ	monthly_costs.value	-			オンデマンド	-	-	on_demand	on_demand	確定なし
トランザクション	個別	S446g	研修費	その他	店長	-	🟢 既実装	小	🟢 制限なし	そのまま集計可能	metric	FLOW	画面内	売上分析	店舗別売上	店舗ごとの売上推移を比較し、伸長/落ち込み店舗を早期発見、施策効果検証 (KPI単独表示)	L1	費目フィルタ	monthly_costs.value	-			オンデマンド	-	-	on_demand	on_demand	確定なし
トランザクション	個別	S446h	業態研究費	その他	店長	-	🟢 既実装	小	🟢 制限なし	そのまま集計可能	metric	FLOW	画面内	売上分析	店舗別売上	店舗ごとの売上推移を比較し、伸長/落ち込み店舗を早期発見、施策効果検証 (KPI単独表示)	L1	費目フィルタ	monthly_costs.value	-			オンデマンド	-	-	on_demand	on_demand	確定なし
トランザクション	個別	S446i	採用費	その他	店長	-	🟢 既実装	小	🟢 制限なし	そのまま集計可能	metric	FLOW	画面内	売上分析	店舗別売上	店舗ごとの売上推移を比較し、伸長/落ち込み店舗を早期発見、施策効果検証 (KPI単独表示)	L1	費目フィルタ	monthly_costs.value	-			オンデマンド	-	-	on_demand	on_demand	確定なし
トランザクション	個別	S447	月次目標利益	収益性	店長	-	🟢 既実装	小	🟢 制限なし	そのまま集計可能	metric	FLOW	画面内	利益分析	店舗別利益	店舗別の利益貢献を可視化、低収益店舗の改善優先順位付け (KPI単独表示)	L1	マスタ参照	monthly_budgets.profit	月次予算設定.目標月次利益			オンデマンド	-	-	on_demand	on_demand	確定なし
トランザクション	個別	S448	目標FD仕入費率	原価系	店長	-	🟢 既実装	小	🟢 制限なし	そのまま集計可能	metric	FLOW	画面内	原価管理	FD率分析	FD率の推移把握、ロス削減/原価コントロール優先順位 (KPI単独表示)	L1	マスタ参照	monthly_budgets.food_cost_rate（またはlabor_cost_rate）, monthly_budgets.profit	[入力]monthly_budgets.food_cost_rate（またはlabor_cost_rate）			オンデマンド	-	-	on_demand	on_demand	納品確定後
トランザクション	個別	S449	目標PA人件費率	人件費系	店長	-	🟢 既実装	小	🟢 制限なし	そのまま集計可能	metric	FLOW	画面内	人件費効率	PA率分析	PA率の店舗/業態比較、人件費効率改善の優先順位 (KPI単独表示)	L1	マスタ参照	monthly_budgets.food_cost_rate（またはlabor_cost_rate）, monthly_budgets.profit	[入力]monthly_budgets.food_cost_rate（またはlabor_cost_rate）			オンデマンド	-	-	on_demand	on_demand	月次給与確定後
トランザクション	個別	S450	目標客単価	客数系	店長	-	🟢 既実装	小	🟢 制限なし	そのまま集計可能	metric	FLOW	画面内	客数分析	客単価	客単価の月次推移/商品ミックス影響、アップセル戦略立案 (KPI単独表示)	L1	マスタ参照	monthly_budgets.profit	月次予算設定.目標客単価（税抜）			オンデマンド	-	-	on_demand	on_demand	翌日日次確定
トランザクション	個別	S239	仕入れ先	原価系	店長	-	🟢 既実装	小	🟢 制限なし	そのまま集計可能	metric	FLOW	画面内	原価管理	FD率分析	FD率の推移把握、ロス削減/原価コントロール優先順位 (KPI単独表示)	L1	マスタ参照	infomart_orders.client_name	[外部]member_name_partner.client_name		date,week,month,quarter,year	日次	shop × date	13M	nightly	hybrid	納品確定後
トランザクション	個別	S240	金額（税抜）	その他	店長	-	🟢 既実装	小	🟢 制限なし	そのまま集計可能	metric	FLOW	画面内	売上分析	店舗別売上	店舗ごとの売上推移を比較し、伸長/落ち込み店舗を早期発見、施策効果検証 (KPI単独表示)	L1	SUM仕入先別	infomart_transactions.total_tax_excluded	[外部]infomart_transactions.total_tax_excluded + ラクミーアプリ.納品書撮影.小計（税抜）		date,week,month,quarter,year	日次	shop × date	13M	nightly	hybrid	確定なし
トランザクション	個別	S451	アイテム	その他	店長	-	🟢 既実装	小	🟢 制限なし	そのまま集計可能	metric	FLOW	画面内	売上分析	店舗別売上	店舗ごとの売上推移を比較し、伸長/落ち込み店舗を早期発見、施策効果検証 (KPI単独表示)	L1	参照表示	infomart_order_details.item_name	[外部]detail_list.item_name			オンデマンド	-	-	on_demand	on_demand	確定なし
トランザクション	個別	S452	金額（税抜）	その他	店長	-	🟢 既実装	小	🟢 制限なし	そのまま集計可能	metric	FLOW	画面内	売上分析	店舗別売上	店舗ごとの売上推移を比較し、伸長/落ち込み店舗を早期発見、施策効果検証 (KPI単独表示)	L1	参照表示	infomart_order_details.price	[外部]detail_list.price			オンデマンド	-	-	on_demand	on_demand	確定なし
トランザクション	個別	S453	数量	その他	店長	-	🟢 既実装	小	🟢 制限なし	そのまま集計可能	metric	FLOW	画面内	売上分析	店舗別売上	店舗ごとの売上推移を比較し、伸長/落ち込み店舗を早期発見、施策効果検証 (KPI単独表示)	L1	参照表示	infomart_order_details.num	[外部]detail_list.num			オンデマンド	-	-	on_demand	on_demand	確定なし
トランザクション	個別	S248	金額（税抜）	その他	店長	-	🟢 既実装	小	🟢 制限なし	そのまま集計可能	metric	FLOW	画面内	売上分析	店舗別売上	店舗ごとの売上推移を比較し、伸長/落ち込み店舗を早期発見、施策効果検証 (KPI単独表示)	L1	SUM商品別	infomart_order_details.price	[外部]detail_list.price		date,week,month,quarter,year	日次	shop × date	13M	nightly	hybrid	確定なし
トランザクション	個別	S252	販売数量	その他	店長	-	🟢 既実装	小	🟢 制限なし	そのまま集計可能	metric	FLOW	画面内	売上分析	店舗別売上	店舗ごとの売上推移を比較し、伸長/落ち込み店舗を早期発見、施策効果検証 (KPI単独表示)	L1	SUM商品別	head_office_item_sales_logs.quantity	[外部]TITEM.quantity		date,week,month,quarter,year	日次	shop × date	13M	nightly	batch	確定なし
トランザクション	個別	SP21	地代家賃シミュレーション金額	その他	店長	-	🟢 既実装	小	🟢 制限なし	そのまま集計可能	metric	FLOW	画面内	売上分析	店舗別売上	店舗ごとの売上推移を比較し、伸長/落ち込み店舗を早期発見、施策効果検証 (KPI単独表示)	L1	IF(賃料体系=固定賃料) → 固定賃料 IF(変動賃料・合算) → 固定賃料 + 売上×歩合率×売上歩合対象率 IF(変動賃料・最大選択) → MAX(固定賃料, 売上×歩合率×売上歩合対象率) IF(段階別歩合・合算) → 固定賃料 + Σ段階別歩合額 IF(段階別歩合・最大選択) → MAX(固定賃料, Σ段階別歩合額) ※最低保証額を下回る場合は最低保証額を適用	-	地代家賃設定.賃料体系, 地代家賃設定.固定賃料, 地代家賃設定.歩合率, 地代家賃設定.最低保証額, 地代家賃設定.月額売上予算（シミュレーション入力）			オンデマンド	-	-	on_demand	on_demand	確定なし
トランザクション	個別	S257	仕入商品ラベル	原価系	店長	-	🟢 既実装	小	🟢 制限なし	そのまま集計可能	metric	FLOW	画面内	原価管理	FD率分析	FD率の推移把握、ロス削減/原価コントロール優先順位 (KPI単独表示)	L1	ラベルマスタ	infomart_order_details.item_name	[外部]detail_list.item_name		date,week,month,quarter,year	日次	shop × date	13M	nightly	hybrid	納品確定後
トランザクション	個別	S258	仕入金額（税抜）	原価系	店長	-	🟢 既実装	小	🟢 制限なし	そのまま集計可能	metric	FLOW	画面内	原価管理	FD率分析	FD率の推移把握、ロス削減/原価コントロール優先順位 (KPI単独表示)	L1	SUM月別	infomart_order_details.price	[外部]detail_list.price		date,week,month,quarter,year	日次	shop × date	13M	nightly	hybrid	納品確定後
トランザクション	個別	S259	数量	その他	店長	-	🟢 既実装	小	🟢 制限なし	そのまま集計可能	metric	FLOW	画面内	売上分析	店舗別売上	店舗ごとの売上推移を比較し、伸長/落ち込み店舗を早期発見、施策効果検証 (KPI単独表示)	L1	SUM月別	infomart_order_details.num	[外部]detail_list.num		date,week,month,quarter,year	日次	shop × date	13M	nightly	hybrid	確定なし
トランザクション	個別	S497	月次実績_総売上 計	売上系	店長	-	🟢 既実装	小	🟢 制限なし	そのまま集計可能	metric	FLOW	画面内	売上分析	店舗別売上	店舗ごとの売上推移を比較し、伸長/落ち込み店舗を早期発見、施策効果検証 (KPI単独表示)	L1	SUM月次	head_office_connected_service_sales_logs.sales_excluded	[外部]ZTOTAL.sales_excluded		date,week,month,quarter,year	月次	shop × month	36M	nightly + monthly_finalize	hybrid	翌日日次確定
トランザクション	個別	S498	月次実績_フード売上 計	売上系	店長	-	🟢 既実装	小	🟢 制限なし	そのまま集計可能	metric	FLOW	画面内	売上分析	店舗別売上	店舗ごとの売上推移を比較し、伸長/落ち込み店舗を早期発見、施策効果検証 (KPI単独表示)	L1	SUMフード月次	head_office_item_sales_logs.sales_excluded	[外部]TITEM.sales_excluded		date,week,month,quarter,year	月次	shop × month × product	36M	nightly + monthly_finalize	hybrid	翌日日次確定
トランザクション	個別	S499	月次実績_ドリンク売上 計	売上系	店長	-	🟢 既実装	小	🟢 制限なし	そのまま集計可能	metric	FLOW	画面内	売上分析	店舗別売上	店舗ごとの売上推移を比較し、伸長/落ち込み店舗を早期発見、施策効果検証 (KPI単独表示)	L1	SUMドリンク月次	head_office_item_sales_logs.sales_excluded	[外部]TITEM.sales_excluded		date,week,month,quarter,year	月次	shop × month × product	36M	nightly + monthly_finalize	hybrid	翌日日次確定
トランザクション	個別	S500	月次実績_その他売上 計	売上系	店長	-	🟢 既実装	小	🟢 制限なし	そのまま集計可能	metric	FLOW	画面内	売上分析	店舗別売上	店舗ごとの売上推移を比較し、伸長/落ち込み店舗を早期発見、施策効果検証 (KPI単独表示)	L1	SUMその他月次	z_totals.service_charge_1	[外部]ZTOTAL.service_charge_1		date,week,month,quarter,year	月次	shop × month	36M	nightly + monthly_finalize	hybrid	翌日日次確定
トランザクション	個別	S502	月次実績_FD仕入 計	原価系	店長	-	🟢 既実装	小	🟢 制限なし	そのまま集計可能	metric	FLOW	画面内	原価管理	FD率分析	FD率の推移把握、ロス削減/原価コントロール優先順位 (KPI単独表示)	L1	SUMFD月次	-	インフォマート（仕入）		date,week,month,quarter,year	月次	shop × month	36M	nightly + monthly_finalize	hybrid	納品確定後
トランザクション	個別	S503	月次実績_人件費 計	人件費系	店長	-	🟢 既実装	小	🟢 制限なし	そのまま集計可能	metric	FLOW	画面内	人件費効率	スタッフ別人件費	スタッフ別の人時生産性評価、教育投資/シフト配置最適化 (KPI単独表示)	L1	SUM月次	head_office_employee_working_records.daily_cost	[外部]head_office_employee_working_records.daily_cost		date,week,month,quarter,year	月次	shop × month	36M	nightly + monthly_finalize	hybrid	確定なし
トランザクション	個別	S504	月次実績_その他経費 計	その他	店長	-	🟢 既実装	小	🟢 制限なし	そのまま集計可能	metric	FLOW	画面内	売上分析	店舗別売上	店舗ごとの売上推移を比較し、伸長/落ち込み店舗を早期発見、施策効果検証 (KPI単独表示)	L1	SUM経費月次	monthly_costs.value	[入力]monthly_costs.value		date,week,month,quarter,year	月次	shop × month	36M	nightly + monthly_finalize	hybrid	確定なし
トランザクション	個別	S506	月次予算_総売上 計	予実系	店長	-	🟢 既実装	小	🟡 予測値	確定値と区別必要	metric	FORECAST	画面内	予実管理	売上予実	売上の達成率/進捗率モニタリング、月中の早期是正アクション (KPI単独表示)	L1	月次予算	月次予算値	月次予算設定.売上（税抜）		month,quarter,year	月次	shop × month, shop × month × product, shop × date × product	36M	on_budget_update	hybrid	予算確定後
トランザクション	個別	S507	月次予算_フード売上 計	予実系	店長	-	🟢 既実装	小	🟡 予測値	確定値と区別必要	metric	FORECAST	画面内	予実管理	売上予実	売上の達成率/進捗率モニタリング、月中の早期是正アクション (KPI単独表示)	L1	月次予算_総売上 計 × 売上構成比設定.フード構成比	monthly_budgets.target_sales, budget_sales_compositions.food_ratio	月次予算設定.月次フード売上		month,quarter,year	月次	shop × month × product, shop × date × product	36M	on_budget_update	batch	予算確定後
トランザクション	個別	S508	月次予算_ドリンク売上 計	予実系	店長	-	🟢 既実装	小	🟡 予測値	確定値と区別必要	metric	FORECAST	画面内	予実管理	売上予実	売上の達成率/進捗率モニタリング、月中の早期是正アクション (KPI単独表示)	L1	月次予算_総売上 計 × 売上構成比設定.ドリンク構成比	monthly_budgets.target_sales, budget_sales_compositions.drink_ratio	月次予算設定.月次ドリンク売上		month,quarter,year	月次	shop × month × product, shop × date × product	36M	on_budget_update	batch	予算確定後
トランザクション	個別	S509	月次予算_その他売上 計	予実系	店長	-	🟢 既実装	小	🟡 予測値	確定値と区別必要	metric	FORECAST	画面内	予実管理	売上予実	売上の達成率/進捗率モニタリング、月中の早期是正アクション (KPI単独表示)	L1	月次予算_総売上 計 × 売上構成比設定.その他構成比	monthly_budgets.target_sales, budget_sales_compositions.other_ratio	月次予算設定.月次その他売上		month,quarter,year	月次	shop × month, shop × month × product, shop × date × product	36M	on_budget_update	batch	予算確定後
トランザクション	個別	S511	月次予算_FD仕入 計	原価系	店長	-	🟢 既実装	小	🟡 予測値	確定値と区別必要	metric	FORECAST	画面内	予実管理	売上予実	売上の達成率/進捗率モニタリング、月中の早期是正アクション (KPI単独表示)	L1	月次予算設定.売上（税抜） × 月次予算設定.FD仕入比率	monthly_budgets.target_sales, monthly_budgets.food_cost_rate	月次予算設定.月次FD仕入		month,quarter,year	月次	shop × month, shop × month × product, shop × date × product	36M	on_budget_update	batch	予算確定後
トランザクション	個別	S512	月次予算_人件費 計	人件費系	店長	-	🟢 既実装	小	🟡 予測値	確定値と区別必要	metric	FORECAST	画面内	人件費効率	スタッフ別人件費	スタッフ別の人時生産性評価、教育投資/シフト配置最適化 (KPI単独表示)	L1	月次予算設定.売上 × PA人件費率 + 固定人件費予算	monthly_budgets.target_sales, monthly_budgets.labor_cost_rate, 固定人件費予算	月次予算設定.月次人件費		month,quarter,year	月次	shop × month, shop × month × product, shop × date × product	36M	on_budget_update	batch	予算確定後
トランザクション	個別	S513	月次予算_その他経費 計	予実系	店長	-	🟢 既実装	小	🟡 予測値	確定値と区別必要	metric	FORECAST	画面内	予実管理	経費予実	経費の予算超過リスク検知、削減ポイント特定 (KPI単独表示)	L1	費用設定.その他経費予算合計	monthly_costs.その他経費合計	月次予算設定.月次その他経費		month,quarter,year	月次	shop × month, shop × month × product, shop × date × product	36M	on_budget_update	hybrid	予算確定後
トランザクション	個別	S478	FD仕入額	原価系	店長	-	🟢 既実装	小	🟢 制限なし	そのまま集計可能	metric	FLOW	画面内	原価管理	FD率分析	FD率の推移把握、ロス削減/原価コントロール優先順位 (KPI単独表示)	L1	参照表示	infomart_transactions.total_tax_excluded	[外部]infomart_transactions.total_tax_excluded			オンデマンド	shop × month × product, shop × date × product	-	on_demand	on_demand	納品確定後
トランザクション	個別	S479	人件費額	人件費系	店長	-	🟢 既実装	小	🟢 制限なし	そのまま集計可能	metric	FLOW	画面内	人件費効率	スタッフ別人件費	スタッフ別の人時生産性評価、教育投資/シフト配置最適化 (KPI単独表示)	L1	参照表示	head_office_connected_service_labor_costs_logs.labor_costs	[外部]head_office_connected_service_labor_costs_logs.labor_costs			オンデマンド	-	-	on_demand	on_demand	確定なし
トランザクション	個別	S262	年間実績_総売上 計	売上系	店長	-	🟢 既実装	小	🟢 制限なし	そのまま集計可能	metric	FLOW	画面内	売上分析	店舗別売上	店舗ごとの売上推移を比較し、伸長/落ち込み店舗を早期発見、施策効果検証 (KPI単独表示)	L1	SUM	head_office_connected_service_sales_logs.sales_excluded	[外部]ZTOTAL.sales_excluded		year	月次	shop × month	60M	nightly + monthly_finalize	batch	翌日日次確定
トランザクション	個別	S263	年間実績_フード売上 計	売上系	店長	-	🟢 既実装	小	🟢 制限なし	そのまま集計可能	metric	FLOW	画面内	売上分析	店舗別売上	店舗ごとの売上推移を比較し、伸長/落ち込み店舗を早期発見、施策効果検証 (KPI単独表示)	L1	SUMフード	head_office_item_sales_logs.sales_excluded	[外部]TITEM.sales_excluded		year	月次	shop × month × product	60M	nightly + monthly_finalize	batch	翌日日次確定
トランザクション	個別	S264	年間実績_ドリンク売上 計	売上系	店長	-	🟢 既実装	小	🟢 制限なし	そのまま集計可能	metric	FLOW	画面内	売上分析	店舗別売上	店舗ごとの売上推移を比較し、伸長/落ち込み店舗を早期発見、施策効果検証 (KPI単独表示)	L1	SUMドリンク	head_office_item_sales_logs.sales_excluded	[外部]TITEM.sales_excluded		year	月次	shop × month × product	60M	nightly + monthly_finalize	batch	翌日日次確定
トランザクション	個別	S265	年間実績_その他売上 計	売上系	店長	-	🟢 既実装	小	🟢 制限なし	そのまま集計可能	metric	FLOW	画面内	売上分析	店舗別売上	店舗ごとの売上推移を比較し、伸長/落ち込み店舗を早期発見、施策効果検証 (KPI単独表示)	L1	SUM	z_totals.service_charge_1	[外部]ZTOTAL.service_charge_1		year	月次	shop × month	60M	nightly + monthly_finalize	batch	翌日日次確定
トランザクション	個別	S266	年間実績_その他売上ランチ	売上系	店長	-	🟢 既実装	小	🟢 制限なし	そのまま集計可能	metric	FLOW	画面内	売上分析	店舗別売上	店舗ごとの売上推移を比較し、伸長/落ち込み店舗を早期発見、施策効果検証 (KPI単独表示)	L1	SUM(その他かつ時間フィルタ)	head_office_item_sales_logs.sales_excluded	[外部]TITEM.sales_excluded		year	月次	shop × month × time_slot	60M	nightly + monthly_finalize	batch	翌日日次確定
トランザクション	個別	S267	年間実績_その他売上ディナー	売上系	店長	-	🟢 既実装	小	🟢 制限なし	そのまま集計可能	metric	FLOW	画面内	売上分析	店舗別売上	店舗ごとの売上推移を比較し、伸長/落ち込み店舗を早期発見、施策効果検証 (KPI単独表示)	L1	SUM(その他かつ時間フィルタ)	head_office_item_sales_logs.sales_excluded	[外部]TITEM.sales_excluded		year	月次	shop × month × time_slot	60M	nightly + monthly_finalize	batch	翌日日次確定
トランザクション	個別	S269	年間実績_FD仕入 計	原価系	店長	-	🟢 既実装	小	🟢 制限なし	そのまま集計可能	metric	FLOW	画面内	原価管理	FD率分析	FD率の推移把握、ロス削減/原価コントロール優先順位 (KPI単独表示)	L1	SUMFD	infomart_transactions.total_tax_excluded	[外部]infomart_transactions.total_tax_excluded		year	月次	shop × month	60M	nightly + monthly_finalize	batch	納品確定後
トランザクション	個別	S270	年間実績_人件費 計	人件費系	店長	-	🟢 既実装	小	🟢 制限なし	そのまま集計可能	metric	FLOW	画面内	人件費効率	スタッフ別人件費	スタッフ別の人時生産性評価、教育投資/シフト配置最適化 (KPI単独表示)	L1	SUM	head_office_connected_service_labor_costs_logs.labor_costs	[外部]head_office_connected_service_labor_costs_logs.labor_costs		year	月次	shop × month	60M	nightly + monthly_finalize	batch	確定なし
トランザクション	個別	S271	年間実績_その他経費 計	その他	店長	-	🟢 既実装	小	🟢 制限なし	そのまま集計可能	metric	FLOW	画面内	売上分析	店舗別売上	店舗ごとの売上推移を比較し、伸長/落ち込み店舗を早期発見、施策効果検証 (KPI単独表示)	L1	SUM	monthly_costs.value	-		year	月次	shop × month	60M	nightly + monthly_finalize	batch	確定なし
トランザクション	個別	S272	年間実績_ラクミー利用料	その他	店長	-	🟢 既実装	小	🟢 制限なし	そのまま集計可能	metric	FLOW	画面内	売上分析	店舗別売上	店舗ごとの売上推移を比較し、伸長/落ち込み店舗を早期発見、施策効果検証 (KPI単独表示)	L1	費目フィルタ	monthly_costs.value	-		year	月次	shop × month	60M	nightly + monthly_finalize	batch	確定なし
トランザクション	個別	S273	年間実績_IT費用	その他	店長	-	🟢 既実装	小	🟢 制限なし	そのまま集計可能	metric	FLOW	画面内	売上分析	店舗別売上	店舗ごとの売上推移を比較し、伸長/落ち込み店舗を早期発見、施策効果検証 (KPI単独表示)	L1	費目フィルタ	monthly_costs.value	-		year	月次	shop × month	60M	nightly + monthly_finalize	batch	確定なし
トランザクション	個別	S274	年間実績_お花代	その他	店長	-	🟢 既実装	小	🟢 制限なし	そのまま集計可能	metric	FLOW	画面内	売上分析	店舗別売上	店舗ごとの売上推移を比較し、伸長/落ち込み店舗を早期発見、施策効果検証 (KPI単独表示)	L1	費目フィルタ	monthly_costs.value	-		year	月次	shop × month	60M	nightly + monthly_finalize	batch	確定なし
トランザクション	個別	S275	年間実績_ガス代	その他	店長	-	🟢 既実装	小	🟢 制限なし	そのまま集計可能	metric	FLOW	画面内	売上分析	店舗別売上	店舗ごとの売上推移を比較し、伸長/落ち込み店舗を早期発見、施策効果検証 (KPI単独表示)	L1	費目フィルタ	monthly_costs.value	-		year	月次	shop × month	60M	nightly + monthly_finalize	batch	確定なし
トランザクション	個別	S276	年間実績_クレジットカード手数料	その他	店長	-	🟢 既実装	小	🟢 制限なし	そのまま集計可能	metric	FLOW	画面内	売上分析	店舗別売上	店舗ごとの売上推移を比較し、伸長/落ち込み店舗を早期発見、施策効果検証 (KPI単独表示)	L1	費目フィルタ	monthly_costs.value	-		year	月次	shop × month	60M	nightly + monthly_finalize	batch	確定なし
トランザクション	個別	S277	年間実績_レジ利用料	その他	店長	-	🟢 既実装	小	🟢 制限なし	そのまま集計可能	metric	FLOW	画面内	売上分析	店舗別売上	店舗ごとの売上推移を比較し、伸長/落ち込み店舗を早期発見、施策効果検証 (KPI単独表示)	L1	費目フィルタ	monthly_costs.value	-		year	月次	shop × month	60M	nightly + monthly_finalize	batch	確定なし
トランザクション	個別	S278	年間実績_借入金返済	その他	店長	-	🟢 既実装	小	🟢 制限なし	そのまま集計可能	metric	FLOW	画面内	売上分析	店舗別売上	店舗ごとの売上推移を比較し、伸長/落ち込み店舗を早期発見、施策効果検証 (KPI単独表示)	L1	費目フィルタ	monthly_costs.value	-		year	月次	shop × month	60M	nightly + monthly_finalize	batch	確定なし
トランザクション	個別	S279	年間実績_家賃（変動分）	その他	店長	-	🟢 既実装	小	🟢 制限なし	そのまま集計可能	metric	FLOW	画面内	売上分析	店舗別売上	店舗ごとの売上推移を比較し、伸長/落ち込み店舗を早期発見、施策効果検証 (KPI単独表示)	L1	費目フィルタ	monthly_costs.value	-		year	月次	shop × month	60M	nightly + monthly_finalize	batch	確定なし
トランザクション	個別	S280	年間実績_水道代	その他	店長	-	🟢 既実装	小	🟢 制限なし	そのまま集計可能	metric	FLOW	画面内	売上分析	店舗別売上	店舗ごとの売上推移を比較し、伸長/落ち込み店舗を早期発見、施策効果検証 (KPI単独表示)	L1	費目フィルタ	monthly_costs.value	-		year	月次	shop × month	60M	nightly + monthly_finalize	batch	確定なし
トランザクション	個別	S281	年間実績_社員人件費	人件費系	店長	-	🟢 既実装	小	🟢 制限なし	そのまま集計可能	metric	FLOW	画面内	人件費効率	スタッフ別人件費	スタッフ別の人時生産性評価、教育投資/シフト配置最適化 (KPI単独表示)	L1	SUM月給者	head_office_connected_service_labor_costs_logs.labor_costs	[外部]head_office_connected_service_labor_costs_logs.labor_costs		year	月次	shop × month	60M	nightly + monthly_finalize	batch	確定なし
トランザクション	個別	S282	年間実績_電気代	その他	店長	-	🟢 既実装	小	🟢 制限なし	そのまま集計可能	metric	FLOW	画面内	売上分析	店舗別売上	店舗ごとの売上推移を比較し、伸長/落ち込み店舗を早期発見、施策効果検証 (KPI単独表示)	L1	費目フィルタ	monthly_costs.value	-		year	月次	shop × month	60M	nightly + monthly_finalize	batch	確定なし
トランザクション	個別	S284	年間実績_フード売上ランチ	売上系	店長	-	🟢 既実装	小	🟢 制限なし	そのまま集計可能	metric	FLOW	画面内	売上分析	店舗別売上	店舗ごとの売上推移を比較し、伸長/落ち込み店舗を早期発見、施策効果検証 (KPI単独表示)	L1	SUM(フードかつ時間フィルタ)	head_office_item_sales_logs.sales_excluded	[外部]TITEM.sales_excluded		year	月次	shop × month × time_slot × product	60M	nightly + monthly_finalize	batch	翌日日次確定
トランザクション	個別	S285	年間実績_フード売上ディナー	売上系	店長	-	🟢 既実装	小	🟢 制限なし	そのまま集計可能	metric	FLOW	画面内	売上分析	店舗別売上	店舗ごとの売上推移を比較し、伸長/落ち込み店舗を早期発見、施策効果検証 (KPI単独表示)	L1	SUM(フードかつ時間フィルタ)	head_office_item_sales_logs.sales_excluded	[外部]TITEM.sales_excluded		year	月次	shop × month × time_slot × product	60M	nightly + monthly_finalize	batch	翌日日次確定
トランザクション	個別	S286	年間実績_ドリンク売上ランチ	売上系	店長	-	🟢 既実装	小	🟢 制限なし	そのまま集計可能	metric	FLOW	画面内	売上分析	店舗別売上	店舗ごとの売上推移を比較し、伸長/落ち込み店舗を早期発見、施策効果検証 (KPI単独表示)	L1	SUM(ドリンクかつ時間フィルタ)	head_office_item_sales_logs.sales_excluded	[外部]TITEM.sales_excluded		year	月次	shop × month × time_slot × product	60M	nightly + monthly_finalize	batch	翌日日次確定
トランザクション	個別	S287	年間実績_ドリンク売上ディナー	売上系	店長	-	🟢 既実装	小	🟢 制限なし	そのまま集計可能	metric	FLOW	画面内	売上分析	店舗別売上	店舗ごとの売上推移を比較し、伸長/落ち込み店舗を早期発見、施策効果検証 (KPI単独表示)	L1	SUM(ドリンクかつ時間フィルタ)	head_office_item_sales_logs.sales_excluded	[外部]TITEM.sales_excluded		year	月次	shop × month × time_slot × product	60M	nightly + monthly_finalize	batch	翌日日次確定
トランザクション	個別	S288	年間実績_フード仕入	原価系	店長	-	🟢 既実装	小	🟢 制限なし	そのまま集計可能	metric	FLOW	画面内	原価管理	FD率分析	FD率の推移把握、ロス削減/原価コントロール優先順位 (KPI単独表示)	L1	SUMフード	infomart_transactions.total_tax_excluded	[外部]infomart_transactions.total_tax_excluded		year	月次	shop × month	60M	nightly + monthly_finalize	batch	納品確定後
トランザクション	個別	S289	年間実績_ドリンク仕入	原価系	店長	-	🟢 既実装	小	🟢 制限なし	そのまま集計可能	metric	FLOW	画面内	原価管理	FD率分析	FD率の推移把握、ロス削減/原価コントロール優先順位 (KPI単独表示)	L1	SUMドリンク	infomart_transactions.total_tax_excluded	[外部]infomart_transactions.total_tax_excluded		year	月次	shop × month	60M	nightly + monthly_finalize	batch	納品確定後
トランザクション	個別	S290	年間実績_固定人件費	人件費系	店長	-	🟢 既実装	小	🟢 制限なし	そのまま集計可能	metric	FLOW	画面内	人件費効率	スタッフ別人件費	スタッフ別の人時生産性評価、教育投資/シフト配置最適化 (KPI単独表示)	L1	SUM月給者	head_office_connected_service_labor_costs_logs.labor_costs	[外部]head_office_connected_service_labor_costs_logs.labor_costs		year	月次	shop × month	60M	nightly + monthly_finalize	batch	確定なし
トランザクション	個別	S291	年間実績_PA人件費	人件費系	店長	-	🟢 既実装	小	🟢 制限なし	そのまま集計可能	metric	FLOW	画面内	人件費効率	PA率分析	PA率の店舗/業態比較、人件費効率改善の優先順位 (KPI単独表示)	L1	SUM	head_office_employee_working_records.daily_cost	[外部]head_office_employee_working_records.daily_cost		year	月次	shop × month	60M	nightly + monthly_finalize	batch	確定なし
トランザクション	個別	S293	年間実績_地代家賃	その他	店長	-	🟢 既実装	小	🟢 制限なし	そのまま集計可能	metric	FLOW	画面内	売上分析	店舗別売上	店舗ごとの売上推移を比較し、伸長/落ち込み店舗を早期発見、施策効果検証 (KPI単独表示)	L1	費目=家賃	monthly_costs.value	-		year	月次	shop × month	60M	nightly + monthly_finalize	batch	確定なし
トランザクション	個別	S294	年間実績_資材費	その他	店長	-	🟢 既実装	小	🟢 制限なし	そのまま集計可能	metric	FLOW	画面内	売上分析	店舗別売上	店舗ごとの売上推移を比較し、伸長/落ち込み店舗を早期発見、施策効果検証 (KPI単独表示)	L1	費目=資材費	monthly_costs.value	-		year	月次	shop × month	60M	nightly + monthly_finalize	batch	確定なし
トランザクション	個別	S295	年間実績_水道光熱費	その他	店長	-	🟢 既実装	小	🟢 制限なし	そのまま集計可能	metric	FLOW	画面内	売上分析	店舗別売上	店舗ごとの売上推移を比較し、伸長/落ち込み店舗を早期発見、施策効果検証 (KPI単独表示)	L1	費目=水道光熱費	monthly_costs.value	-		year	月次	shop × month	60M	nightly + monthly_finalize	batch	確定なし
トランザクション	個別	S296	年間実績_減価償却費	その他	店長	-	🟢 既実装	小	🟢 制限なし	そのまま集計可能	metric	FLOW	画面内	売上分析	店舗別売上	店舗ごとの売上推移を比較し、伸長/落ち込み店舗を早期発見、施策効果検証 (KPI単独表示)	L1	費目=減価償却費	monthly_costs.value	-		year	月次	shop × month	60M	nightly + monthly_finalize	batch	確定なし
トランザクション	個別	S297	年間実績_販促費	その他	店長	-	🟢 既実装	小	🟢 制限なし	そのまま集計可能	metric	FLOW	画面内	売上分析	店舗別売上	店舗ごとの売上推移を比較し、伸長/落ち込み店舗を早期発見、施策効果検証 (KPI単独表示)	L1	費目=販促費	monthly_costs.value	-		year	月次	shop × month	60M	nightly + monthly_finalize	batch	確定なし
トランザクション	個別	S551	年間予算_総売上 計	予実系	店長	-	🟢 既実装	小	🟡 予測値	確定値と区別必要	metric	FORECAST	画面内	予実管理	売上予実	売上の達成率/進捗率モニタリング、月中の早期是正アクション (KPI単独表示)	L1	SUM月次予算	monthly_budgets.target_sales	月次予算設定.年間総売上		year	月次	shop × month	60M	on_budget_update	batch	予算確定後
トランザクション	個別	S552	年間予算_フード売上 計	予実系	店長	-	🟢 既実装	小	🟡 予測値	確定値と区別必要	metric	FORECAST	画面内	予実管理	売上予実	売上の達成率/進捗率モニタリング、月中の早期是正アクション (KPI単独表示)	L1	年間予算_総売上 計 × 売上構成比設定.フード構成比	monthly_budgets.target_sales, budget_sales_compositions.food_ratio	月次予算設定.年間フード売上		year	月次	shop × month × product	60M	on_budget_update	batch	予算確定後
トランザクション	個別	S553	年間予算_フード売上ランチ	予実系	店長	-	🟢 既実装	小	🟡 予測値	確定値と区別必要	metric	FORECAST	画面内	予実管理	売上予実	売上の達成率/進捗率モニタリング、月中の早期是正アクション (KPI単独表示)	L1	年間予算_フード売上 計 × 売上構成比設定.ランチ比率	monthly_budgets.target_sales, budget_sales_compositions.lunch_ratio	月次予算設定.年間フード売上ランチ		year	月次	shop × month × time_slot × product	60M	on_budget_update	batch	予算確定後
トランザクション	個別	S554	年間予算_フード売上ディナー	予実系	店長	-	🟢 既実装	小	🟡 予測値	確定値と区別必要	metric	FORECAST	画面内	予実管理	売上予実	売上の達成率/進捗率モニタリング、月中の早期是正アクション (KPI単独表示)	L1	年間予算_フード売上 計 × 売上構成比設定.ディナー比率	monthly_budgets.target_sales, budget_sales_compositions.dinner_ratio	月次予算設定.年間フード売上ディナー		year	月次	shop × month × time_slot × product	60M	on_budget_update	batch	予算確定後
トランザクション	個別	S555	年間予算_ドリンク売上 計	予実系	店長	-	🟢 既実装	小	🟡 予測値	確定値と区別必要	metric	FORECAST	画面内	予実管理	売上予実	売上の達成率/進捗率モニタリング、月中の早期是正アクション (KPI単独表示)	L1	年間予算_総売上 計 × 売上構成比設定.ドリンク構成比	monthly_budgets.target_sales, budget_sales_compositions.drink_ratio	月次予算設定.年間ドリンク売上		year	月次	shop × month × product	60M	on_budget_update	batch	予算確定後
トランザクション	個別	S556	年間予算_ドリンク売上ランチ	予実系	店長	-	🟢 既実装	小	🟡 予測値	確定値と区別必要	metric	FORECAST	画面内	予実管理	売上予実	売上の達成率/進捗率モニタリング、月中の早期是正アクション (KPI単独表示)	L1	年間予算_ドリンク売上 計 × 売上構成比設定.ランチ比率	monthly_budgets.target_sales, budget_sales_compositions.lunch_ratio	月次予算設定.年間ドリンク売上ランチ		year	月次	shop × month × time_slot × product	60M	on_budget_update	batch	予算確定後
トランザクション	個別	S557	年間予算_ドリンク売上ディナー	予実系	店長	-	🟢 既実装	小	🟡 予測値	確定値と区別必要	metric	FORECAST	画面内	予実管理	売上予実	売上の達成率/進捗率モニタリング、月中の早期是正アクション (KPI単独表示)	L1	年間予算_ドリンク売上 計 × 売上構成比設定.ディナー比率	monthly_budgets.target_sales, budget_sales_compositions.dinner_ratio	月次予算設定.年間ドリンク売上ディナー		year	月次	shop × month × time_slot × product	60M	on_budget_update	batch	予算確定後
トランザクション	個別	S558	年間予算_その他売上 計（サービス料等）	予実系	店長	-	🟢 既実装	小	🟡 予測値	確定値と区別必要	metric	FORECAST	画面内	予実管理	売上予実	売上の達成率/進捗率モニタリング、月中の早期是正アクション (KPI単独表示)	L1	年間予算_総売上 計 × 売上構成比設定.その他構成比	monthly_budgets.target_sales, budget_sales_compositions.other_ratio	月次予算設定.年間その他売上（サービス料等）		year	月次	shop × month	60M	on_budget_update	batch	予算確定後
トランザクション	個別	S559	年間予算_その他売上ランチ	予実系	店長	-	🟢 既実装	小	🟡 予測値	確定値と区別必要	metric	FORECAST	画面内	予実管理	売上予実	売上の達成率/進捗率モニタリング、月中の早期是正アクション (KPI単独表示)	L1	年間予算_その他売上 計 × 売上構成比設定.ランチ比率	monthly_budgets.target_sales, budget_sales_compositions.lunch_ratio	月次予算設定.年間その他売上ランチ		year	月次	shop × month × time_slot	60M	on_budget_update	batch	予算確定後
トランザクション	個別	S560	年間予算_その他売上ディナー	予実系	店長	-	🟢 既実装	小	🟡 予測値	確定値と区別必要	metric	FORECAST	画面内	予実管理	売上予実	売上の達成率/進捗率モニタリング、月中の早期是正アクション (KPI単独表示)	L1	年間予算_その他売上 計 × 売上構成比設定.ディナー比率	monthly_budgets.target_sales, budget_sales_compositions.dinner_ratio	月次予算設定.年間その他売上ディナー		year	月次	shop × month × time_slot	60M	on_budget_update	batch	予算確定後
トランザクション	個別	S562	年間予算_FD仕入 計	原価系	店長	-	🟢 既実装	小	🟡 予測値	確定値と区別必要	metric	FORECAST	画面内	予実管理	売上予実	売上の達成率/進捗率モニタリング、月中の早期是正アクション (KPI単独表示)	L1	SUM(monthly_budgets.target_sales × monthly_budgets.food_cost_rate) GROUP BY year	monthly_budgets.target_sales, monthly_budgets.food_cost_rate	月次予算設定.年間FD仕入		year	月次	shop × month	60M	on_budget_update	batch	予算確定後
トランザクション	個別	S563	年間予算_フード仕入	原価系	店長	-	🟢 既実装	小	🟡 予測値	確定値と区別必要	metric	FORECAST	画面内	予実管理	売上予実	売上の達成率/進捗率モニタリング、月中の早期是正アクション (KPI単独表示)	L1	年間予算_FD仕入 計 × FD構成比設定.フード比率	monthly_budgets.food_cost_rate, fd_compositions.food_ratio	月次予算設定.年間フード仕入		year	月次	shop × month	60M	on_budget_update	batch	予算確定後
トランザクション	個別	S564	年間予算_ドリンク仕入	原価系	店長	-	🟢 既実装	小	🟡 予測値	確定値と区別必要	metric	FORECAST	画面内	予実管理	売上予実	売上の達成率/進捗率モニタリング、月中の早期是正アクション (KPI単独表示)	L1	年間予算_FD仕入 計 × FD構成比設定.ドリンク比率	monthly_budgets.food_cost_rate, fd_compositions.drink_ratio	月次予算設定.年間ドリンク仕入		year	月次	shop × month	60M	on_budget_update	batch	予算確定後
トランザクション	個別	S565	年間予算_人件費 計	人件費系	店長	-	🟢 既実装	小	🟡 予測値	確定値と区別必要	metric	FORECAST	画面内	人件費効率	スタッフ別人件費	スタッフ別の人時生産性評価、教育投資/シフト配置最適化 (KPI単独表示)	L1	SUM(monthly_budgets.target_sales × monthly_budgets.labor_cost_rate + 固定人件費) GROUP BY year	monthly_budgets.target_sales, monthly_budgets.labor_cost_rate, 固定人件費予算	月次予算設定.年間人件費		year	月次	shop × month	60M	on_budget_update	batch	予算確定後
トランザクション	個別	S567	年間予算_PA人件費	人件費系	店長	-	🟢 既実装	小	🟡 予測値	確定値と区別必要	metric	FORECAST	画面内	人件費効率	PA率分析	PA率の店舗/業態比較、人件費効率改善の優先順位 (KPI単独表示)	L1	SUM(monthly_budgets.target_sales × monthly_budgets.labor_cost_rate) GROUP BY year	monthly_budgets.target_sales, monthly_budgets.labor_cost_rate	月次予算設定.年間PA人件費		year	月次	shop × month	60M	on_budget_update	batch	予算確定後
トランザクション	個別	S481	売上目標	売上系	店長	-	🟢 既実装	小	🟢 制限なし	そのまま集計可能	metric	FLOW	画面内	売上分析	店舗別売上	店舗ごとの売上推移を比較し、伸長/落ち込み店舗を早期発見、施策効果検証 (KPI単独表示)	L1	マスタ参照	monthly_budgets.profit	月次予算設定.売上（税抜）			オンデマンド	-	-	on_demand	on_demand	翌日日次確定
トランザクション	個別	S484	売上（税抜）	売上系	店長	-	🟢 既実装	小	🟢 制限なし	そのまま集計可能	metric	FLOW	画面内	売上分析	店舗別売上	店舗ごとの売上推移を比較し、伸長/落ち込み店舗を早期発見、施策効果検証 (KPI単独表示)	L1	参照表示	head_office_connected_service_sales_logs.sales_excluded	[外部]ZTOTAL.sales_excluded			オンデマンド	shop × month × product, shop × date × product	-	on_demand	on_demand	翌日日次確定
トランザクション	個別	S489	売上（税抜）	売上系	店長	-	🟢 既実装	小	🟢 制限なし	そのまま集計可能	metric	FLOW	画面内	売上分析	店舗別売上	店舗ごとの売上推移を比較し、伸長/落ち込み店舗を早期発見、施策効果検証 (KPI単独表示)	L1	参照表示	head_office_connected_service_sales_logs.sales_excluded	[外部]ZTOTAL.sales_excluded			オンデマンド	shop × month × product, shop × date × product	-	on_demand	on_demand	翌日日次確定
トランザクション	個別	S493	営業利益予算	予実系	店長	-	🟢 既実装	小	🟡 予測値	確定値と区別必要	metric	FORECAST	画面内	予実管理	売上予実	売上の達成率/進捗率モニタリング、月中の早期是正アクション (KPI単独表示)	L1	参照表示	monthly_budgets.profit	月次予算設定.目標月次利益			オンデマンド	shop × month × product, shop × date × product	-	on_demand	on_demand	予算確定後
トランザクション	個別	S495	売上予算	予実系	店長	-	🟢 既実装	小	🟡 予測値	確定値と区別必要	metric	FORECAST	画面内	予実管理	売上予実	売上の達成率/進捗率モニタリング、月中の早期是正アクション (KPI単独表示)	L1	参照表示	monthly_budgets.sales	月次予算設定.売上予算			オンデマンド	shop × month × product, shop × date × product	-	on_demand	on_demand	予算確定後
トランザクション	個別	S303	客数	客数系	店長	-	🟢 既実装	小	🟢 制限なし	そのまま集計可能	metric	FLOW	画面内	客数分析	客数推移	客数の前年比/曜日傾向、集客施策の効果検証 (KPI単独表示)	L1	SUM	head_office_connected_service_sales_logs.customers	[外部]ZTOTAL.customers		date,week,month,quarter,year	日次	shop × date	13M	nightly	batch	翌日日次確定
トランザクション	個別	S304	売上（税抜）	売上系	店長	-	🟢 既実装	小	🟢 制限なし	そのまま集計可能	metric	FLOW	画面内	売上分析	店舗別売上	店舗ごとの売上推移を比較し、伸長/落ち込み店舗を早期発見、施策効果検証 (KPI単独表示)	L1	SUM	head_office_connected_service_sales_logs.sales_excluded	[外部]ZTOTAL.sales_excluded		date,week,month,quarter,year	日次	shop × date, shop × month × product, shop × date × product	13M	nightly	batch	翌日日次確定
トランザクション	個別	S307	固定費	その他	店長	-	🟢 既実装	小	🟢 制限なし	そのまま集計可能	metric	FLOW	画面内	売上分析	店舗別売上	店舗ごとの売上推移を比較し、伸長/落ち込み店舗を早期発見、施策効果検証 (KPI単独表示)	L1	SUM	monthly_costs.value	-		date,week,month,quarter,year	日次	shop × date	13M	nightly	batch	確定なし
トランザクション	個別	S308	支払方法	その他	店長	-	🟢 既実装	小	🟢 制限なし	そのまま集計可能	metric	FLOW	画面内	売上分析	店舗別売上	店舗ごとの売上推移を比較し、伸長/落ち込み店舗を早期発見、施策効果検証 (KPI単独表示)	L1	マスタ参照	t_tends.head_office_payment_method_id	[外部]TTEND.head_office_payment_method_id			日次	shop × date	-	nightly	on_demand	確定なし
トランザクション	個別	S309	売上（税込）	売上系	店長	-	🟢 既実装	小	🟢 制限なし	そのまま集計可能	metric	FLOW	画面内	売上分析	店舗別売上	店舗ごとの売上推移を比較し、伸長/落ち込み店舗を早期発見、施策効果検証 (KPI単独表示)	L1	SUM支払別	head_office_payment_method_sales_logs.sales	[外部]TTEND.sales			日次	shop × date	-	nightly	on_demand	翌日日次確定
トランザクション	個別	S311	クレジットカード合計売上	売上系	店長	-	🟢 既実装	小	🟢 制限なし	そのまま集計可能	metric	FLOW	画面内	売上分析	店舗別売上	店舗ごとの売上推移を比較し、伸長/落ち込み店舗を早期発見、施策効果検証 (KPI単独表示)	L1	SUM(支払種別フィルタ)	head_office_payment_method_sales_logs.sales	[外部]TTEND.sales			日次	shop × date	-	nightly	on_demand	翌日日次確定
トランザクション	個別	S312	QR決済合計売上	売上系	店長	-	🟢 既実装	小	🟢 制限なし	そのまま集計可能	metric	FLOW	画面内	売上分析	店舗別売上	店舗ごとの売上推移を比較し、伸長/落ち込み店舗を早期発見、施策効果検証 (KPI単独表示)	L1	SUM(支払種別フィルタ)	head_office_payment_method_sales_logs.sales	[外部]TTEND.sales			日次	shop × date	-	nightly	on_demand	翌日日次確定
トランザクション	個別	S313	MUGENファミリーカード合計売上	売上系	店長	-	🟢 既実装	小	🟢 制限なし	そのまま集計可能	metric	FLOW	画面内	売上分析	店舗別売上	店舗ごとの売上推移を比較し、伸長/落ち込み店舗を早期発見、施策効果検証 (KPI単独表示)	L1	SUM(支払種別フィルタ)	head_office_payment_method_sales_logs.sales	[外部]TTEND.sales			日次	shop × date	-	nightly	on_demand	翌日日次確定
トランザクション	個別	S314	売掛合計売上	売上系	店長	-	🟢 既実装	小	🟢 制限なし	そのまま集計可能	metric	FLOW	画面内	売上分析	店舗別売上	店舗ごとの売上推移を比較し、伸長/落ち込み店舗を早期発見、施策効果検証 (KPI単独表示)	L1	SUM(支払種別フィルタ)	head_office_payment_method_sales_logs.sales	[外部]TTEND.sales			日次	shop × date	-	nightly	on_demand	翌日日次確定
トランザクション	個別	S315	交通系IC合計売上	売上系	店長	-	🟢 既実装	小	🟢 制限なし	そのまま集計可能	metric	FLOW	画面内	売上分析	店舗別売上	店舗ごとの売上推移を比較し、伸長/落ち込み店舗を早期発見、施策効果検証 (KPI単独表示)	L1	SUM(支払種別フィルタ)	head_office_payment_method_sales_logs.sales	[外部]TTEND.sales			日次	shop × date	-	nightly	on_demand	翌日日次確定
トランザクション	個別	S316	売上（税込）	売上系	店長	-	🟢 既実装	小	🟢 制限なし	そのまま集計可能	metric	FLOW	画面内	売上分析	店舗別売上	店舗ごとの売上推移を比較し、伸長/落ち込み店舗を早期発見、施策効果検証 (KPI単独表示)	L1	日別集計	z_totals.sales	[外部]ZTOTAL.sales			オンデマンド	-	-	on_demand	on_demand	翌日日次確定
トランザクション	個別	S317	売上（税抜）	売上系	店長	-	🟢 既実装	小	🟢 制限なし	そのまま集計可能	metric	FLOW	画面内	売上分析	店舗別売上	店舗ごとの売上推移を比較し、伸長/落ち込み店舗を早期発見、施策効果検証 (KPI単独表示)	L1	日別集計	head_office_connected_service_sales_logs.sales_excluded	[外部]ZTOTAL.sales_excluded			オンデマンド	shop × month × product, shop × date × product	-	on_demand	on_demand	翌日日次確定
トランザクション	個別	S318	仕入（税込）	原価系	店長	-	🟢 既実装	小	🟢 制限なし	そのまま集計可能	metric	FLOW	画面内	原価管理	FD率分析	FD率の推移把握、ロス削減/原価コントロール優先順位 (KPI単独表示)	L1	日別集計	infomart_orders.total	[外部]trade_total.total			オンデマンド	-	-	on_demand	on_demand	納品確定後
トランザクション	個別	S319	仕入（税抜）	原価系	店長	-	🟢 既実装	小	🟢 制限なし	そのまま集計可能	metric	FLOW	画面内	原価管理	FD率分析	FD率の推移把握、ロス削減/原価コントロール優先順位 (KPI単独表示)	L1	日別集計	infomart_transactions.total_tax_excluded	[外部]infomart_transactions.total_tax_excluded			オンデマンド	-	-	on_demand	on_demand	納品確定後
トランザクション	個別	S320	PA人件費	人件費系	店長	-	🟢 既実装	小	🟢 制限なし	そのまま集計可能	metric	FLOW	画面内	人件費効率	PA率分析	PA率の店舗/業態比較、人件費効率改善の優先順位 (KPI単独表示)	L1	日別集計	head_office_employee_working_records.daily_cost	[外部]head_office_employee_working_records.daily_cost			オンデマンド	shop × month × product, shop × date × product	-	on_demand	on_demand	確定なし
トランザクション	個別	S321	ランチ売上（税抜）	売上系	店長	-	🟢 既実装	小	🟢 制限なし	そのまま集計可能	metric	FLOW	画面内	売上分析	店舗別売上	店舗ごとの売上推移を比較し、伸長/落ち込み店舗を早期発見、施策効果検証 (KPI単独表示)	L1	SUM(時間フィルタ)	head_office_item_sales_logs.sales_excluded	[外部]TITEM.sales_excluded		date,week,month,quarter,year	日次	shop × date × time_slot	13M	nightly	hybrid	翌日日次確定
トランザクション	個別	S322	ディナー売上（税抜）	売上系	店長	-	🟢 既実装	小	🟢 制限なし	そのまま集計可能	metric	FLOW	画面内	売上分析	店舗別売上	店舗ごとの売上推移を比較し、伸長/落ち込み店舗を早期発見、施策効果検証 (KPI単独表示)	L1	SUM(時間フィルタ)	head_office_item_sales_logs.sales_excluded	[外部]TITEM.sales_excluded		date,week,month,quarter,year	日次	shop × date × time_slot	13M	nightly	hybrid	翌日日次確定
トランザクション	個別	S323	客数	客数系	店長	-	🟢 既実装	小	🟢 制限なし	そのまま集計可能	metric	FLOW	画面内	客数分析	客数推移	客数の前年比/曜日傾向、集客施策の効果検証 (KPI単独表示)	L1	SUM時間帯別	head_office_connected_service_sales_logs.customers	[外部]ZTOTAL.customers		date,week,month,quarter,year	日次	shop × date	13M	nightly	hybrid	翌日日次確定
トランザクション	個別	S325	曜日	その他	店長	-	🟢 既実装	小	🟢 制限なし	そのまま集計可能	metric	FLOW	画面内	売上分析	店舗別売上	店舗ごとの売上推移を比較し、伸長/落ち込み店舗を早期発見、施策効果検証 (KPI単独表示)	L1	曜日抽出	z_totals.date	[外部]ZTOTAL.date		date,week,month,quarter,year	日次	shop × date × weekday	13M	nightly	batch	確定なし
トランザクション	個別	S331	売上（税抜）	売上系	店長	-	🟢 既実装	小	🟢 制限なし	そのまま集計可能	metric	FLOW	画面内	売上分析	店舗別売上	店舗ごとの売上推移を比較し、伸長/落ち込み店舗を早期発見、施策効果検証 (KPI単独表示)	L1	SUM月間	head_office_connected_service_sales_logs.sales_excluded	[外部]ZTOTAL.sales_excluded		date,week,month,quarter,year	日次	shop × date, shop × month × product, shop × date × product	-	nightly	on_demand	翌日日次確定
トランザクション	個別	S332	対象前月在庫	その他	店長	-	🟢 既実装	小	🟡 STOCK指標	期末値、SUM不可	metric	STOCK	画面内	在庫・棚卸	棚卸金額	棚卸金額の月次推移、在庫過剰/欠品リスク管理 (KPI単独表示)	L1	マスタ参照	shop_inventories.amount（棚卸入力）	-			日次	shop × date	-	nightly	on_demand	確定なし
トランザクション	個別	S333	仕入総額	原価系	店長	-	🟢 既実装	小	🟢 制限なし	そのまま集計可能	metric	FLOW	画面内	原価管理	FD率分析	FD率の推移把握、ロス削減/原価コントロール優先順位 (KPI単独表示)	L1	SUM	infomart_transactions.total_tax_excluded	[外部]infomart_transactions.total_tax_excluded			日次	shop × date	-	nightly	on_demand	納品確定後
トランザクション	個別	S334	対象月在庫	その他	店長	-	🟢 既実装	小	🟡 STOCK指標	期末値、SUM不可	metric	STOCK	画面内	在庫・棚卸	棚卸金額	棚卸金額の月次推移、在庫過剰/欠品リスク管理 (KPI単独表示)	L1	マスタ参照	shop_inventories.amount（棚卸入力）	-			日次	shop × date	-	nightly	on_demand	確定なし
トランザクション	個別	S335	年月	その他	店長	-	🟢 既実装	小	🟢 制限なし	そのまま集計可能	metric	FLOW	画面内	売上分析	店舗別売上	店舗ごとの売上推移を比較し、伸長/落ち込み店舗を早期発見、施策効果検証 (KPI単独表示)	L1	年月参照	monthly_cost_entries.year_month, monthly_costs.value	-			日次	shop × date	-	nightly	on_demand	確定なし
トランザクション	個別	S336	売上（税込）	売上系	店長	-	🟢 既実装	小	🟢 制限なし	そのまま集計可能	metric	FLOW	画面内	売上分析	店舗別売上	店舗ごとの売上推移を比較し、伸長/落ち込み店舗を早期発見、施策効果検証 (KPI単独表示)	L1	SUM月間	z_totals.sales	[外部]ZTOTAL.sales			日次	shop × date	-	nightly	on_demand	翌日日次確定
トランザクション	個別	S337	仕入（税抜）	原価系	店長	-	🟢 既実装	小	🟢 制限なし	そのまま集計可能	metric	FLOW	画面内	原価管理	FD率分析	FD率の推移把握、ロス削減/原価コントロール優先順位 (KPI単独表示)	L1	SUM月間	infomart_transactions.total_tax_excluded	[外部]infomart_transactions.total_tax_excluded			日次	shop × date	-	nightly	on_demand	納品確定後
トランザクション	個別	S338	仕入（税込）	原価系	店長	-	🟢 既実装	小	🟢 制限なし	そのまま集計可能	metric	FLOW	画面内	原価管理	FD率分析	FD率の推移把握、ロス削減/原価コントロール優先順位 (KPI単独表示)	L1	SUM月間	infomart_orders.total	[外部]trade_total.total			日次	shop × date	-	nightly	on_demand	納品確定後
トランザクション	個別	S339	PA人件費	人件費系	店長	-	🟢 既実装	小	🟢 制限なし	そのまま集計可能	metric	FLOW	画面内	人件費効率	PA率分析	PA率の店舗/業態比較、人件費効率改善の優先順位 (KPI単独表示)	L1	SUM月間	head_office_employee_working_records.daily_cost	[外部]head_office_employee_working_records.daily_cost			日次	shop × date, shop × month × product, shop × date × product	-	nightly	on_demand	確定なし
トランザクション	個別	S350	固定費	その他	店長	-	🟢 既実装	小	🟢 制限なし	そのまま集計可能	metric	FLOW	画面内	売上分析	店舗別売上	店舗ごとの売上推移を比較し、伸長/落ち込み店舗を早期発見、施策効果検証 (KPI単独表示)	L1	SUM	monthly_costs.value	-		date,week,month,quarter,year	日次	shop × date	13M	nightly	batch	確定なし
トランザクション	個別	S351	売上（税抜）	売上系	店長	-	🟢 既実装	小	🟢 制限なし	そのまま集計可能	metric	FLOW	画面内	売上分析	店舗別売上	店舗ごとの売上推移を比較し、伸長/落ち込み店舗を早期発見、施策効果検証 (KPI単独表示)	L1	SUM	head_office_connected_service_sales_logs.sales_excluded	[外部]ZTOTAL.sales_excluded		date,week,month,quarter,year	日次	shop × date, shop × month × product, shop × date × product	13M	nightly	batch	翌日日次確定
トランザクション	個別	S352	客数	客数系	店長	-	🟢 既実装	小	🟢 制限なし	そのまま集計可能	metric	FLOW	画面内	客数分析	客数推移	客数の前年比/曜日傾向、集客施策の効果検証 (KPI単独表示)	L1	SUM	head_office_connected_service_sales_logs.customers	[外部]ZTOTAL.customers		date,week,month,quarter,year	日次	shop × date	13M	nightly	batch	翌日日次確定
トランザクション	個別	S356	予約客数	客数系	店長	-	🟢 既実装	小	🟢 制限なし	そのまま集計可能	metric	FLOW	画面内	客数分析	客数推移	客数の前年比/曜日傾向、集客施策の効果検証 (KPI単独表示)	L1	SUM予約	reservations.customers	-		date,week,month,quarter,year	日次	shop × date	13M	nightly	batch	翌日日次確定
トランザクション	個別	S361	総席数	その他	店長	-	🟢 既実装	小	🟢 制限なし	そのまま集計可能	metric	FLOW	画面内	売上分析	店舗別売上	店舗ごとの売上推移を比較し、伸長/落ち込み店舗を早期発見、施策効果検証 (KPI単独表示)	L1	SUM	head_office_connected_service_sales_logs.customers	[外部]ZTOTAL.customers		date,week,month,quarter,year	日次	shop × date	13M	nightly	batch	確定なし
トランザクション	個別	S362	総組数	その他	店長	-	🟢 既実装	小	🟢 制限なし	そのまま集計可能	metric	FLOW	画面内	売上分析	店舗別売上	店舗ごとの売上推移を比較し、伸長/落ち込み店舗を早期発見、施策効果検証 (KPI単独表示)	L1	COUNT伝票	t_totals.receipt_no	[外部]TTOTAL.receipt_no		date,week,month,quarter,year	日次	shop × date	13M	nightly	batch	確定なし
トランザクション	個別	S371	客数	客数系	店長	-	🟢 既実装	小	🟢 制限なし	そのまま集計可能	metric	FLOW	画面内	客数分析	客数推移	客数の前年比/曜日傾向、集客施策の効果検証 (KPI単独表示)	L1	SUM	head_office_connected_service_sales_logs.customers	[外部]ZTOTAL.customers		date,week,month,quarter,year	日次	shop × date	13M	nightly	batch	翌日日次確定
トランザクション	個別	S373	金額（税抜）	その他	店長	-	🟢 既実装	小	🟢 制限なし	そのまま集計可能	metric	FLOW	画面内	売上分析	店舗別売上	店舗ごとの売上推移を比較し、伸長/落ち込み店舗を早期発見、施策効果検証 (KPI単独表示)	L1	SUM費目別	monthly_costs.value	-			オンデマンド	-	-	on_demand	on_demand	確定なし
トランザクション	個別	S103	販売点数構成比率	客数系	店長	-	🟢 既実装	小	🟡 加重平均	率指標は加重平均	metric	FLOW	画面内	客数分析	客数推移	客数の前年比/曜日傾向、集客施策の効果検証 (KPI単独表示)	L2-S	商品数÷総数×100	head_office_item_sales_logs.quantity	ABC分析.販売点数	売上(税抜)	month,quarter,year	月次	shop × month	60M	nightly + monthly_finalize	batch	確定なし
トランザクション	個別	S104	価格	売上系	店長	-	🟢 既実装	小	🟢 制限なし	そのまま集計可能	metric	FLOW	画面内	売上分析	店舗別売上	店舗ごとの売上推移を比較し、伸長/落ち込み店舗を早期発見、施策効果検証 (KPI単独表示)	L2-S	売上÷数量	head_office_item_sales_logs.sales_excluded, head_office_item_sales_logs.quantity	ABC分析.売上（税抜）, ABC分析.販売点数		month,quarter,year	月次	shop × month	60M	nightly + monthly_finalize	batch	確定なし
トランザクション	個別	S106	直近6ヶ月	その他	店長	-	🟢 既実装	小	🟢 制限なし	そのまま集計可能	metric	FLOW	画面内	売上分析	店舗別売上	店舗ごとの売上推移を比較し、伸長/落ち込み店舗を早期発見、施策効果検証 (KPI単独表示)	L2-S	6ヶ月推移	-	FD仕入率トレンド.FD仕入率トレンド		month,quarter,year	月次	shop × month	60M	nightly + monthly_finalize	batch	確定なし
トランザクション	個別	S107	直近12ヶ月	その他	店長	-	🟢 既実装	小	🟢 制限なし	そのまま集計可能	metric	FLOW	画面内	売上分析	店舗別売上	店舗ごとの売上推移を比較し、伸長/落ち込み店舗を早期発見、施策効果検証 (KPI単独表示)	L2-S	12ヶ月推移	-	FD仕入率トレンド.FD仕入率トレンド		month,quarter,year	月次	shop × month	60M	nightly + monthly_finalize	batch	確定なし
トランザクション	個別	S9	AIによる費目生成	その他	店長	-	🟢 既実装	小	🟢 制限なし	そのまま集計可能	metric	FLOW	画面内	売上分析	店舗別売上	店舗ごとの売上推移を比較し、伸長/落ち込み店舗を早期発見、施策効果検証 (KPI単独表示)	L2-S	AI生成	-	-			オンデマンド	-	-	on_demand	on_demand	確定なし
トランザクション	個別	S26	AIによるラベル生成	その他	店長	-	🟢 既実装	小	🟢 制限なし	そのまま集計可能	metric	FLOW	画面内	売上分析	店舗別売上	店舗ごとの売上推移を比較し、伸長/落ち込み店舗を早期発見、施策効果検証 (KPI単独表示)	L2-S	AI生成	-	-			オンデマンド	-	-	on_demand	on_demand	確定なし
トランザクション	個別	S141	実績_FLコスト 計	その他	店長	-	🟢 既実装	小	🟢 制限なし	そのまま集計可能	metric	FLOW	画面内	売上分析	店舗別売上	店舗ごとの売上推移を比較し、伸長/落ち込み店舗を早期発見、施策効果検証 (KPI単独表示)	L2-S	実績_FD仕入 計 + 実績_人件費 計	-	予実対比.実績_FD仕入 計, 予実対比.実績_人件費 計		month,quarter,year	月次	shop × month	60M	nightly + monthly_finalize	batch	確定なし
トランザクション	個別	S166	実績_営業利益	収益性	店長	-	🟢 既実装	小	🟢 制限なし	そのまま集計可能	metric	FLOW	画面内	利益分析	店舗別利益	店舗別の利益貢献を可視化、低収益店舗の改善優先順位付け (KPI単独表示)	L2-S	実績_総売上 計 - 実績_FLコスト 計 - 実績_その他経費 計	-	予実対比.実績_総売上 計, 予実対比.実績_FLコスト 計, 予実対比.実績_その他経費 計		month,quarter,year	月次	shop × month	60M	nightly + monthly_finalize	batch	月次締め後（全費目確定）
トランザクション	個別	S202	予算_営業利益	予実系	店長	-	🟢 既実装	小	🟡 予測値	確定値と区別必要	metric	FORECAST	画面内	予実管理	売上予実	売上の達成率/進捗率モニタリング、月中の早期是正アクション (KPI単独表示)	L2-S	予算_総売上 計 - 予算_FLコスト 計 - 予算_その他経費 計	-	予実対比.予算_総売上 計, 予実対比.予算_FLコスト 計, 予実対比.予算_その他経費 計		month,quarter,year	月次	shop × month, shop × month × product, shop × date × product	60M	on_budget_update	batch	予算確定後
トランザクション	個別	S203	予算構成比_総売上 計	予実系	店長	-	🟢 既実装	小	🟡 加重平均	率指標は加重平均	metric	FORECAST	画面内	予実管理	売上予実	売上の達成率/進捗率モニタリング、月中の早期是正アクション (KPI単独表示)	L2-S	予算_総売上 計 ÷ 予算_総売上 計 × 100	-	予実対比.予算_総売上 計	売上(税抜)	month,quarter,year	月次	shop × month × product, shop × date × product	60M	on_budget_update	batch	予算確定後
トランザクション	個別	S204	予算構成比_フード売上 計	予実系	店長	-	🟢 既実装	小	🟡 加重平均	率指標は加重平均	metric	FORECAST	画面内	予実管理	売上予実	売上の達成率/進捗率モニタリング、月中の早期是正アクション (KPI単独表示)	L2-S	予算_フード売上 計 ÷ 予算_総売上 計 × 100	-	予実対比.予算_フード売上 計, 予実対比.予算_総売上 計	売上(税抜)	month,quarter,year	月次	shop × month × product, shop × date × product	60M	on_budget_update	batch	予算確定後
トランザクション	個別	S205	予算構成比_ドリンク売上 計	予実系	店長	-	🟢 既実装	小	🟡 加重平均	率指標は加重平均	metric	FORECAST	画面内	予実管理	売上予実	売上の達成率/進捗率モニタリング、月中の早期是正アクション (KPI単独表示)	L2-S	予算_ドリンク売上 計 ÷ 予算_総売上 計 × 100	-	予実対比.予算_ドリンク売上 計, 予実対比.予算_総売上 計	売上(税抜)	month,quarter,year	月次	shop × month × product, shop × date × product	60M	on_budget_update	batch	予算確定後
トランザクション	個別	S206	予算構成比_その他売上 計	予実系	店長	-	🟢 既実装	小	🟡 加重平均	率指標は加重平均	metric	FORECAST	画面内	予実管理	売上予実	売上の達成率/進捗率モニタリング、月中の早期是正アクション (KPI単独表示)	L2-S	予算_その他売上 計 ÷ 予算_総売上 計 × 100	-	予実対比.予算_その他売上 計, 予実対比.予算_総売上 計	売上(税抜)	month,quarter,year	月次	shop × month, shop × month × product, shop × date × product	60M	on_budget_update	batch	予算確定後
トランザクション	個別	S207	予算構成比_FLコスト 計	予実系	店長	-	🟢 既実装	小	🟡 加重平均	率指標は加重平均	metric	FORECAST	画面内	予実管理	売上予実	売上の達成率/進捗率モニタリング、月中の早期是正アクション (KPI単独表示)	L2-S	予算_FLコスト 計 ÷ 予算_総売上 計 × 100	-	予実対比.予算_FLコスト 計, 予実対比.予算_総売上 計	売上(税抜)	month,quarter,year	月次	shop × month × product, shop × date × product	60M	on_budget_update	batch	予算確定後
トランザクション	個別	S208	予算構成比_FD仕入 計	原価系	店長	-	🟢 既実装	小	🟡 加重平均	率指標は加重平均	metric	FORECAST	画面内	予実管理	売上予実	売上の達成率/進捗率モニタリング、月中の早期是正アクション (KPI単独表示)	L2-S	予算_FD仕入 計 ÷ 予算_総売上 計 × 100	-	予実対比.予算_FD仕入 計, 予実対比.予算_総売上 計	仕入金額(全体)	month,quarter,year	月次	shop × month × product, shop × date × product	60M	on_budget_update	batch	予算確定後
トランザクション	個別	S209	予算構成比_人件費 計	人件費系	店長	-	🟢 既実装	小	🟡 加重平均	率指標は加重平均	metric	FORECAST	画面内	人件費効率	スタッフ別人件費	スタッフ別の人時生産性評価、教育投資/シフト配置最適化 (KPI単独表示)	L2-S	予算_人件費 計 ÷ 予算_総売上 計 × 100	-	予実対比.予算_人件費 計, 予実対比.予算_総売上 計	売上(税抜)	month,quarter,year	月次	shop × month × product, shop × date × product	60M	on_budget_update	batch	予算確定後
トランザクション	個別	S210	予算構成比_その他経費 計	予実系	店長	-	🟢 既実装	小	🟡 加重平均	率指標は加重平均	metric	FORECAST	画面内	予実管理	経費予実	経費の予算超過リスク検知、削減ポイント特定 (KPI単独表示)	L2-S	予算_その他経費 計 ÷ 予算_総売上 計 × 100	-	予実対比.予算_その他経費 計, 予実対比.予算_総売上 計	売上(税抜)	month,quarter,year	月次	shop × month × product, shop × date × product	60M	on_budget_update	batch	予算確定後
トランザクション	個別	S211	予算構成比_営業利益	予実系	店長	-	🟢 既実装	小	🟡 加重平均	率指標は加重平均	metric	FORECAST	画面内	予実管理	売上予実	売上の達成率/進捗率モニタリング、月中の早期是正アクション (KPI単独表示)	L2-S	予算_営業利益 ÷ 予算_総売上 計 × 100	-	予実対比.予算_営業利益, 予実対比.予算_総売上 計	売上(税抜)	month,quarter,year	月次	shop × month × product, shop × date × product	60M	on_budget_update	batch	予算確定後
トランザクション	個別	S212	予実差額_総売上 計	売上系	店長	-	🟢 既実装	小	🟢 制限なし	そのまま集計可能	metric	FLOW	画面内	売上分析	店舗別売上	店舗ごとの売上推移を比較し、伸長/落ち込み店舗を早期発見、施策効果検証 (KPI単独表示)	L2-S	実績_総売上 計 - 予算_総売上 計	-	予実対比.実績_総売上 計, 予実対比.予算_総売上 計		month,quarter,year	月次	shop × month × product, shop × date × product	60M	nightly + monthly_finalize	batch	翌日日次確定
トランザクション	個別	S213	予実差額_フード売上 計	売上系	店長	-	🟢 既実装	小	🟢 制限なし	そのまま集計可能	metric	FLOW	画面内	売上分析	店舗別売上	店舗ごとの売上推移を比較し、伸長/落ち込み店舗を早期発見、施策効果検証 (KPI単独表示)	L2-S	実績_フード売上 計 - 予算_フード売上 計	-	予実対比.実績_フード売上 計, 予実対比.予算_フード売上 計		month,quarter,year	月次	shop × month × product, shop × date × product	60M	nightly + monthly_finalize	batch	翌日日次確定
トランザクション	個別	S214	予実差額_ドリンク売上 計	売上系	店長	-	🟢 既実装	小	🟢 制限なし	そのまま集計可能	metric	FLOW	画面内	売上分析	店舗別売上	店舗ごとの売上推移を比較し、伸長/落ち込み店舗を早期発見、施策効果検証 (KPI単独表示)	L2-S	実績_ドリンク売上 計 - 予算_ドリンク売上 計	-	予実対比.実績_ドリンク売上 計, 予実対比.予算_ドリンク売上 計		month,quarter,year	月次	shop × month × product, shop × date × product	60M	nightly + monthly_finalize	batch	翌日日次確定
トランザクション	個別	S215	予実差額_その他売上 計	売上系	店長	-	🟢 既実装	小	🟢 制限なし	そのまま集計可能	metric	FLOW	画面内	売上分析	店舗別売上	店舗ごとの売上推移を比較し、伸長/落ち込み店舗を早期発見、施策効果検証 (KPI単独表示)	L2-S	実績_その他売上 計 - 予算_その他売上 計	-	予実対比.実績_その他売上 計, 予実対比.予算_その他売上 計		month,quarter,year	月次	shop × month, shop × month × product, shop × date × product	60M	nightly + monthly_finalize	batch	翌日日次確定
トランザクション	個別	S216	予実差額_FLコスト 計	その他	店長	-	🟢 既実装	小	🟢 制限なし	そのまま集計可能	metric	FLOW	画面内	売上分析	店舗別売上	店舗ごとの売上推移を比較し、伸長/落ち込み店舗を早期発見、施策効果検証 (KPI単独表示)	L2-S	実績_FLコスト 計 - 予算_FLコスト 計	-	予実対比.実績_FLコスト 計, 予実対比.予算_FLコスト 計		month,quarter,year	月次	shop × month × product, shop × date × product	60M	nightly + monthly_finalize	batch	確定なし
トランザクション	個別	S217	予実差額_FD仕入 計	原価系	店長	-	🟢 既実装	小	🟢 制限なし	そのまま集計可能	metric	FLOW	画面内	原価管理	FD率分析	FD率の推移把握、ロス削減/原価コントロール優先順位 (KPI単独表示)	L2-S	実績_FD仕入 計 - 予算_FD仕入 計	-	予実対比.実績_FD仕入 計, 予実対比.予算_FD仕入 計		month,quarter,year	月次	shop × month, shop × month × product, shop × date × product	60M	nightly + monthly_finalize	batch	納品確定後
トランザクション	個別	S218	予実差額_人件費 計	人件費系	店長	-	🟢 既実装	小	🟢 制限なし	そのまま集計可能	metric	FLOW	画面内	人件費効率	スタッフ別人件費	スタッフ別の人時生産性評価、教育投資/シフト配置最適化 (KPI単独表示)	L2-S	実績_人件費 計 - 予算_人件費 計	-	予実対比.実績_人件費 計, 予実対比.予算_人件費 計		month,quarter,year	月次	shop × month × product, shop × date × product	60M	nightly + monthly_finalize	batch	確定なし
トランザクション	個別	S219	予実差額_その他経費 計	その他	店長	-	🟢 既実装	小	🟢 制限なし	そのまま集計可能	metric	FLOW	画面内	売上分析	店舗別売上	店舗ごとの売上推移を比較し、伸長/落ち込み店舗を早期発見、施策効果検証 (KPI単独表示)	L2-S	実績_その他経費 計 - 予算_その他経費 計	-	予実対比.実績_その他経費 計, 予実対比.予算_その他経費 計		month,quarter,year	月次	shop × month × product, shop × date × product	60M	nightly + monthly_finalize	batch	確定なし
トランザクション	個別	S220	予実差額_営業利益	収益性	店長	-	🟢 既実装	小	🟢 制限なし	そのまま集計可能	metric	FLOW	画面内	利益分析	店舗別利益	店舗別の利益貢献を可視化、低収益店舗の改善優先順位付け (KPI単独表示)	L2-S	実績_営業利益 - 予算_営業利益	-	予実対比.実績_営業利益, 予実対比.予算_営業利益		month,quarter,year	月次	shop × month × product, shop × date × product	60M	nightly + monthly_finalize	batch	月次締め後（全費目確定）
トランザクション	個別	S221	予算対比率_総売上 計	予実系	店長	-	🟢 既実装	小	🟡 加重平均	率指標は加重平均	metric	FORECAST	画面内	予実管理	売上予実	売上の達成率/進捗率モニタリング、月中の早期是正アクション (KPI単独表示)	L2-S	実績_総売上 計 ÷ 予算_総売上 計 × 100	-	予実対比.実績_総売上 計, 予実対比.予算_総売上 計	売上(税抜)	month,quarter,year	月次	shop × month × product, shop × date × product	60M	on_budget_update	batch	予算確定後
トランザクション	個別	S222	予算対比率_フード売上 計	予実系	店長	-	🟢 既実装	小	🟡 加重平均	率指標は加重平均	metric	FORECAST	画面内	予実管理	売上予実	売上の達成率/進捗率モニタリング、月中の早期是正アクション (KPI単独表示)	L2-S	実績_フード売上 計 ÷ 予算_フード売上 計 × 100	-	予実対比.実績_フード売上 計, 予実対比.予算_フード売上 計	売上(税抜)	month,quarter,year	月次	shop × month × product, shop × date × product	60M	on_budget_update	batch	予算確定後
トランザクション	個別	S223	予算対比率_ドリンク売上 計	予実系	店長	-	🟢 既実装	小	🟡 加重平均	率指標は加重平均	metric	FORECAST	画面内	予実管理	売上予実	売上の達成率/進捗率モニタリング、月中の早期是正アクション (KPI単独表示)	L2-S	実績_ドリンク売上 計 ÷ 予算_ドリンク売上 計 × 100	-	予実対比.実績_ドリンク売上 計, 予実対比.予算_ドリンク売上 計	売上(税抜)	month,quarter,year	月次	shop × month × product, shop × date × product	60M	on_budget_update	batch	予算確定後
トランザクション	個別	S224	予算対比率_その他売上 計	予実系	店長	-	🟢 既実装	小	🟡 加重平均	率指標は加重平均	metric	FORECAST	画面内	予実管理	売上予実	売上の達成率/進捗率モニタリング、月中の早期是正アクション (KPI単独表示)	L2-S	実績_その他売上 計 ÷ 予算_その他売上 計 × 100	-	予実対比.実績_その他売上 計, 予実対比.予算_その他売上 計	売上(税抜)	month,quarter,year	月次	shop × month, shop × month × product, shop × date × product	60M	on_budget_update	batch	予算確定後
トランザクション	個別	S225	予算対比率_FLコスト 計	予実系	店長	-	🟢 既実装	小	🟡 加重平均	率指標は加重平均	metric	FORECAST	画面内	予実管理	売上予実	売上の達成率/進捗率モニタリング、月中の早期是正アクション (KPI単独表示)	L2-S	実績_FLコスト 計 ÷ 予算_FLコスト 計 × 100	-	予実対比.実績_FLコスト 計, 予実対比.予算_FLコスト 計	売上(税抜)	month,quarter,year	月次	shop × month × product, shop × date × product	60M	on_budget_update	batch	予算確定後
トランザクション	個別	S226	予算対比率_FD仕入 計	原価系	店長	-	🟢 既実装	小	🟡 加重平均	率指標は加重平均	metric	FORECAST	画面内	予実管理	売上予実	売上の達成率/進捗率モニタリング、月中の早期是正アクション (KPI単独表示)	L2-S	実績_FD仕入 計 ÷ 予算_FD仕入 計 × 100	-	予実対比.実績_FD仕入 計, 予実対比.予算_FD仕入 計	売上(税抜)	month,quarter,year	月次	shop × month, shop × month × product, shop × date × product	60M	on_budget_update	batch	予算確定後
トランザクション	個別	S227	予算対比率_人件費 計	人件費系	店長	-	🟢 既実装	小	🟡 加重平均	率指標は加重平均	metric	FORECAST	画面内	人件費効率	PA率分析	PA率の店舗/業態比較、人件費効率改善の優先順位 (KPI単独表示)	L2-S	実績_人件費 計 ÷ 予算_人件費 計 × 100	-	予実対比.実績_人件費 計, 予実対比.予算_人件費 計	売上(税抜)	month,quarter,year	月次	shop × month × product, shop × date × product	60M	on_budget_update	batch	予算確定後
トランザクション	個別	S228	予算対比率_その他経費 計	予実系	店長	-	🟢 既実装	小	🟡 加重平均	率指標は加重平均	metric	FORECAST	画面内	予実管理	経費予実	経費の予算超過リスク検知、削減ポイント特定 (KPI単独表示)	L2-S	実績_その他経費 計 ÷ 予算_その他経費 計 × 100	-	予実対比.実績_その他経費 計, 予実対比.予算_その他経費 計	売上(税抜)	month,quarter,year	月次	shop × month × product, shop × date × product	60M	on_budget_update	batch	予算確定後
トランザクション	個別	S229	予算対比率_営業利益	予実系	店長	-	🟢 既実装	小	🟡 加重平均	率指標は加重平均	metric	FORECAST	画面内	予実管理	売上予実	売上の達成率/進捗率モニタリング、月中の早期是正アクション (KPI単独表示)	L2-S	実績_営業利益 ÷ 予算_営業利益 × 100	-	予実対比.実績_営業利益, 予実対比.予算_営業利益	売上(税抜)	month,quarter,year	月次	shop × month × product, shop × date × product	60M	on_budget_update	batch	予算確定後
トランザクション	個別	S230	構成比_総売上 計	売上系	店長	-	🟢 既実装	小	🟡 加重平均	率指標は加重平均	metric	FLOW	画面内	売上分析	店舗別売上	店舗ごとの売上推移を比較し、伸長/落ち込み店舗を早期発見、施策効果検証 (KPI単独表示)	L2-S	実績_総売上 計 ÷ 実績_総売上 計 × 100	-	予実対比.実績_総売上 計	売上(税抜)	month,quarter,year	月次	shop × month × product, shop × date × product	60M	nightly + monthly_finalize	batch	翌日日次確定
トランザクション	個別	S231	構成比_フード売上 計	売上系	店長	-	🟢 既実装	小	🟡 加重平均	率指標は加重平均	metric	FLOW	画面内	売上分析	店舗別売上	店舗ごとの売上推移を比較し、伸長/落ち込み店舗を早期発見、施策効果検証 (KPI単独表示)	L2-S	実績_フード売上 計 ÷ 実績_総売上 計 × 100	-	予実対比.実績_フード売上 計, 予実対比.実績_総売上 計	売上(税抜)	month,quarter,year	月次	shop × month × product, shop × date × product	60M	nightly + monthly_finalize	batch	翌日日次確定
トランザクション	個別	S232	構成比_ドリンク売上 計	売上系	店長	-	🟢 既実装	小	🟡 加重平均	率指標は加重平均	metric	FLOW	画面内	売上分析	店舗別売上	店舗ごとの売上推移を比較し、伸長/落ち込み店舗を早期発見、施策効果検証 (KPI単独表示)	L2-S	実績_ドリンク売上 計 ÷ 実績_総売上 計 × 100	-	予実対比.実績_ドリンク売上 計, 予実対比.実績_総売上 計	売上(税抜)	month,quarter,year	月次	shop × month × product, shop × date × product	60M	nightly + monthly_finalize	batch	翌日日次確定
トランザクション	個別	S233	構成比_その他売上 計	売上系	店長	-	🟢 既実装	小	🟡 加重平均	率指標は加重平均	metric	FLOW	画面内	売上分析	店舗別売上	店舗ごとの売上推移を比較し、伸長/落ち込み店舗を早期発見、施策効果検証 (KPI単独表示)	L2-S	実績_その他売上 計 ÷ 実績_総売上 計 × 100	-	予実対比.実績_その他売上 計, 予実対比.実績_総売上 計	売上(税抜)	month,quarter,year	月次	shop × month, shop × month × product, shop × date × product	60M	nightly + monthly_finalize	batch	翌日日次確定
トランザクション	個別	S234	構成比_FLコスト 計	その他	店長	-	🟢 既実装	小	🟡 加重平均	率指標は加重平均	metric	FLOW	画面内	売上分析	店舗別売上	店舗ごとの売上推移を比較し、伸長/落ち込み店舗を早期発見、施策効果検証 (KPI単独表示)	L2-S	実績_FLコスト 計 ÷ 実績_総売上 計 × 100	-	予実対比.実績_FLコスト 計, 予実対比.実績_総売上 計	売上(税抜)	month,quarter,year	月次	shop × month × product, shop × date × product	60M	nightly + monthly_finalize	batch	確定なし
トランザクション	個別	S235	構成比_FD仕入 計	原価系	店長	-	🟢 既実装	小	🟡 加重平均	率指標は加重平均	metric	FLOW	画面内	原価管理	FD率分析	FD率の推移把握、ロス削減/原価コントロール優先順位 (KPI単独表示)	L2-S	実績_FD仕入 計 ÷ 実績_総売上 計 × 100	-	予実対比.実績_FD仕入 計, 予実対比.実績_総売上 計	仕入金額(全体)	month,quarter,year	月次	shop × month × product, shop × date × product	60M	nightly + monthly_finalize	batch	納品確定後
トランザクション	個別	S236	構成比_人件費 計	人件費系	店長	-	🟢 既実装	小	🟡 加重平均	率指標は加重平均	metric	FLOW	画面内	人件費効率	スタッフ別人件費	スタッフ別の人時生産性評価、教育投資/シフト配置最適化 (KPI単独表示)	L2-S	実績_人件費 計 ÷ 実績_総売上 計 × 100	-	予実対比.実績_人件費 計, 予実対比.実績_総売上 計	売上(税抜)	month,quarter,year	月次	shop × month × product, shop × date × product	60M	nightly + monthly_finalize	batch	確定なし
トランザクション	個別	S237	構成比_その他経費 計	その他	店長	-	🟢 既実装	小	🟡 加重平均	率指標は加重平均	metric	FLOW	画面内	売上分析	店舗別売上	店舗ごとの売上推移を比較し、伸長/落ち込み店舗を早期発見、施策効果検証 (KPI単独表示)	L2-S	実績_その他経費 計 ÷ 実績_総売上 計 × 100	-	予実対比.実績_その他経費 計, 予実対比.実績_総売上 計	売上(税抜)	month,quarter,year	月次	shop × month × product, shop × date × product	60M	nightly + monthly_finalize	batch	確定なし
トランザクション	個別	S238	構成比_営業利益	収益性	店長	-	🟢 既実装	小	🟡 加重平均	率指標は加重平均	metric	FLOW	画面内	利益分析	店舗別利益	店舗別の利益貢献を可視化、低収益店舗の改善優先順位付け (KPI単独表示)	L2-S	実績_営業利益 ÷ 実績_総売上 計 × 100	-	予実対比.実績_営業利益, 予実対比.実績_総売上 計	売上(税抜)	month,quarter,year	月次	shop × month × product, shop × date × product	60M	nightly + monthly_finalize	batch	月次締め後（全費目確定）
トランザクション	個別	S407	営業利益	収益性	店長	-	🟢 既実装	小	🟢 制限なし	そのまま集計可能	metric	FLOW	画面内	利益分析	店舗別利益	店舗別の利益貢献を可視化、低収益店舗の改善優先順位付け (KPI単独表示)	L2-S	参照表示	monthly_costs.value	-			オンデマンド	shop × month × product, shop × date × product	-	on_demand	on_demand	月次締め後（全費目確定）
トランザクション	個別	S412	FLコスト 計	その他	店長	-	🟢 既実装	小	🟢 制限なし	そのまま集計可能	metric	FLOW	画面内	売上分析	店舗別売上	店舗ごとの売上推移を比較し、伸長/落ち込み店舗を早期発見、施策効果検証 (KPI単独表示)	L2-S	参照表示	infomart_transactions.total_tax_excluded, head_office_connected_service_labor_costs_logs.labor_costs	-			オンデマンド	-	-	on_demand	on_demand	確定なし
トランザクション	個別	S433	営業利益	収益性	店長	-	🟢 既実装	小	🟢 制限なし	そのまま集計可能	metric	FLOW	画面内	利益分析	店舗別利益	店舗別の利益貢献を可視化、低収益店舗の改善優先順位付け (KPI単独表示)	L2-S	参照表示	monthly_costs.value	-			オンデマンド	shop × month × product, shop × date × product	-	on_demand	on_demand	月次締め後（全費目確定）
トランザクション	個別	S241	比率	その他	店長	-	🟢 既実装	小	🟡 加重平均	率指標は加重平均	metric	FLOW	画面内	売上分析	店舗別売上	店舗ごとの売上推移を比較し、伸長/落ち込み店舗を早期発見、施策効果検証 (KPI単独表示)	L2-S	仕入先÷総仕入×100	infomart_transactions.total_tax_excluded	-	売上(税抜)	month,quarter,year	月次	shop × month	36M	nightly + monthly_finalize	batch	確定なし
トランザクション	個別	S454	単価	その他	店長	-	🟢 既実装	小	🟢 制限なし	そのまま集計可能	metric	FLOW	画面内	売上分析	店舗別売上	店舗ごとの売上推移を比較し、伸長/落ち込み店舗を早期発見、施策効果検証 (KPI単独表示)	L2-S	参照表示	infomart_order_details.price, infomart_order_details.num	商品仕入単価.数量			オンデマンド	-	-	on_demand	on_demand	確定なし
トランザクション	個別	S249	比率	その他	店長	-	🟢 既実装	小	🟡 加重平均	率指標は加重平均	metric	FLOW	画面内	売上分析	店舗別売上	店舗ごとの売上推移を比較し、伸長/落ち込み店舗を早期発見、施策効果検証 (KPI単独表示)	L2-S	商品÷総仕入×100	infomart_order_details.price	-	売上(税抜)	month,quarter,year	月次	shop × month	36M	nightly + monthly_finalize	batch	確定なし
トランザクション	個別	S250	商品単価（税抜）	その他	店長	-	🟢 既実装	小	🟡 加重平均	率指標は加重平均	metric	FLOW	画面内	売上分析	店舗別売上	店舗ごとの売上推移を比較し、伸長/落ち込み店舗を早期発見、施策効果検証 (KPI単独表示)	L2-S	売上÷数量	head_office_item_sales_logs.sales_excluded, head_office_item_sales_logs.quantity	商品別売上分析.販売数量		month,quarter,year	月次	shop × month	60M	nightly + monthly_finalize	batch	確定なし
トランザクション	個別	S251	商品単価（税込）	その他	店長	-	🟢 既実装	小	🟡 加重平均	率指標は加重平均	metric	FLOW	画面内	売上分析	店舗別売上	店舗ごとの売上推移を比較し、伸長/落ち込み店舗を早期発見、施策効果検証 (KPI単独表示)	L2-S	売上÷数量	t_items.sales, head_office_item_sales_logs.quantity	商品別売上分析.販売数量		month,quarter,year	月次	shop × month	60M	nightly + monthly_finalize	batch	確定なし
トランザクション	個別	S777	店内売上（標準税率）税込	売上系	店長	-	🟢 既実装	小	🟢 制限なし	そのまま集計可能	metric	FLOW	画面内	売上分析	店舗別売上	店舗ごとの売上推移を比較し、伸長/落ち込み店舗を早期発見、施策効果検証 (KPI単独表示)	L2-S	-	head_office_connected_service_sales_logs.sales (edited=1)	店内売上税抜			オンデマンド	-	-	on_demand	on_demand	翌日日次確定
トランザクション	個別	S779	店外売上（軽減税率）税込	売上系	店長	-	🟢 既実装	小	🟢 制限なし	そのまま集計可能	metric	FLOW	画面内	売上分析	店舗別売上	店舗ごとの売上推移を比較し、伸長/落ち込み店舗を早期発見、施策効果検証 (KPI単独表示)	L2-S	-	head_office_connected_service_sales_logs.sales_tax_reduced (edited=1)	店外売上税抜			オンデマンド	-	-	on_demand	on_demand	翌日日次確定
トランザクション	個別	S86	残高	その他	店長	-	🟢 既実装	小	🟡 STOCK指標	期末値、SUM不可	metric	STOCK	画面内	売上分析	店舗別売上	店舗ごとの売上推移を比較し、伸長/落ち込み店舗を早期発見、施策効果検証 (KPI単独表示)	L2-S	前残高+入金-出金	-	小口現金管理.入金額, 小口現金管理.出勤額			オンデマンド	-	-	on_demand	on_demand	確定なし
トランザクション	個別	S260	平均単価	その他	店長	-	🟢 既実装	小	🟡 加重平均	率指標は加重平均	metric	FLOW	画面内	売上分析	店舗別売上	店舗ごとの売上推移を比較し、伸長/落ち込み店舗を早期発見、施策効果検証 (KPI単独表示)	L2-S	金額÷数量	infomart_order_details.price, infomart_order_details.num	平均単価推移.数量		month,quarter,year	月次	shop × month	36M	nightly + monthly_finalize	batch	確定なし
トランザクション	個別	S261	平均単価推移	その他	店長	-	🟢 既実装	小	🟡 加重平均	率指標は加重平均	metric	FLOW	画面内	売上分析	店舗別売上	店舗ごとの売上推移を比較し、伸長/落ち込み店舗を早期発見、施策効果検証 (KPI単独表示)	L2-S	期間集計トレンド計算	-	平均単価推移.平均単価		month,quarter,year	月次	shop × month	36M	nightly + monthly_finalize	batch	確定なし
トランザクション	個別	S501	月次実績_FLコスト 計	その他	店長	-	🟢 既実装	小	🟢 制限なし	そのまま集計可能	metric	FLOW	画面内	売上分析	店舗別売上	店舗ごとの売上推移を比較し、伸長/落ち込み店舗を早期発見、施策効果検証 (KPI単独表示)	L2-S	月次実績_FD仕入 計 + 月次実績_人件費 計	-	年間予実対比.月次実績_FD仕入 計, 年間予実対比.月次実績_人件費 計		month,quarter,year	月次	shop × month	36M	nightly + monthly_finalize	hybrid	確定なし
トランザクション	個別	S505	月次実績_営業利益	収益性	店長	-	🟢 既実装	小	🟢 制限なし	そのまま集計可能	metric	FLOW	画面内	利益分析	店舗別利益	店舗別の利益貢献を可視化、低収益店舗の改善優先順位付け (KPI単独表示)	L2-S	月次実績_総売上 計 - 月次実績_FLコスト 計 - 月次実績_その他経費 計	-	年間予実対比.月次実績_総売上 計, 年間予実対比.月次実績_FLコスト 計, 年間予実対比.月次実績_その他経費 計		month,quarter,year	月次	shop × month	36M	nightly + monthly_finalize	hybrid	月次締め後（全費目確定）
トランザクション	個別	S510	月次予算_FLコスト 計	予実系	店長	-	🟢 既実装	小	🟡 予測値	確定値と区別必要	metric	FORECAST	画面内	予実管理	売上予実	売上の達成率/進捗率モニタリング、月中の早期是正アクション (KPI単独表示)	L2-S	月次予算_FD仕入 計 + 月次予算_人件費 計	-	年間予実対比.月次予算_FD仕入 計, 年間予実対比.月次予算_人件費 計		month,quarter,year	月次	shop × month, shop × month × product, shop × date × product	36M	on_budget_update	hybrid	予算確定後
トランザクション	個別	S514	月次予算_営業利益	予実系	店長	-	🟢 既実装	小	🟡 予測値	確定値と区別必要	metric	FORECAST	画面内	予実管理	売上予実	売上の達成率/進捗率モニタリング、月中の早期是正アクション (KPI単独表示)	L2-S	月次予算_総売上 計 - 月次予算_FLコスト 計 - 月次予算_その他経費 計	-	年間予実対比.月次予算_総売上 計, 年間予実対比.月次予算_FLコスト 計, 年間予実対比.月次予算_その他経費 計		month,quarter,year	月次	shop × month, shop × month × product, shop × date × product	36M	on_budget_update	hybrid	予算確定後
トランザクション	個別	S515	予算構成比_総売上 計	予実系	店長	-	🟢 既実装	小	🟡 加重平均	率指標は加重平均	metric	FORECAST	画面内	予実管理	売上予実	売上の達成率/進捗率モニタリング、月中の早期是正アクション (KPI単独表示)	L2-S	月次予算_総売上 計 ÷ 月次予算_総売上 計 × 100	-	年間予実対比.月次予算_総売上 計	売上(税抜)	month,quarter,year	月次	shop × month × product, shop × date × product	36M	on_budget_update	hybrid	予算確定後
トランザクション	個別	S516	予算構成比_フード売上 計	予実系	店長	-	🟢 既実装	小	🟡 加重平均	率指標は加重平均	metric	FORECAST	画面内	予実管理	売上予実	売上の達成率/進捗率モニタリング、月中の早期是正アクション (KPI単独表示)	L2-S	月次予算_フード売上 計 ÷ 月次予算_総売上 計 × 100	-	年間予実対比.月次予算_フード売上 計, 年間予実対比.月次予算_総売上 計	売上(税抜)	month,quarter,year	月次	shop × month × product, shop × date × product	36M	on_budget_update	hybrid	予算確定後
トランザクション	個別	S517	予算構成比_ドリンク売上 計	予実系	店長	-	🟢 既実装	小	🟡 加重平均	率指標は加重平均	metric	FORECAST	画面内	予実管理	売上予実	売上の達成率/進捗率モニタリング、月中の早期是正アクション (KPI単独表示)	L2-S	月次予算_ドリンク売上 計 ÷ 月次予算_総売上 計 × 100	-	年間予実対比.月次予算_ドリンク売上 計, 年間予実対比.月次予算_総売上 計	売上(税抜)	month,quarter,year	月次	shop × month × product, shop × date × product	36M	on_budget_update	hybrid	予算確定後
トランザクション	個別	S518	予算構成比_その他売上 計	予実系	店長	-	🟢 既実装	小	🟡 加重平均	率指標は加重平均	metric	FORECAST	画面内	予実管理	売上予実	売上の達成率/進捗率モニタリング、月中の早期是正アクション (KPI単独表示)	L2-S	月次予算_その他売上 計 ÷ 月次予算_総売上 計 × 100	-	年間予実対比.月次予算_その他売上 計, 年間予実対比.月次予算_総売上 計	売上(税抜)	month,quarter,year	月次	shop × month, shop × month × product, shop × date × product	36M	on_budget_update	hybrid	予算確定後
トランザクション	個別	S519	予算構成比_FLコスト 計	予実系	店長	-	🟢 既実装	小	🟡 加重平均	率指標は加重平均	metric	FORECAST	画面内	予実管理	売上予実	売上の達成率/進捗率モニタリング、月中の早期是正アクション (KPI単独表示)	L2-S	月次予算_FLコスト 計 ÷ 月次予算_総売上 計 × 100	-	年間予実対比.月次予算_FLコスト 計, 年間予実対比.月次予算_総売上 計	売上(税抜)	month,quarter,year	月次	shop × month × product, shop × date × product	36M	on_budget_update	hybrid	予算確定後
トランザクション	個別	S520	予算構成比_FD仕入 計	原価系	店長	-	🟢 既実装	小	🟡 加重平均	率指標は加重平均	metric	FORECAST	画面内	予実管理	売上予実	売上の達成率/進捗率モニタリング、月中の早期是正アクション (KPI単独表示)	L2-S	月次予算_FD仕入 計 ÷ 月次予算_総売上 計 × 100	-	年間予実対比.月次予算_FD仕入 計, 年間予実対比.月次予算_総売上 計	仕入金額(全体)	month,quarter,year	月次	shop × month × product, shop × date × product	36M	on_budget_update	hybrid	予算確定後
トランザクション	個別	S521	予算構成比_人件費 計	人件費系	店長	-	🟢 既実装	小	🟡 加重平均	率指標は加重平均	metric	FORECAST	画面内	人件費効率	スタッフ別人件費	スタッフ別の人時生産性評価、教育投資/シフト配置最適化 (KPI単独表示)	L2-S	月次予算_人件費 計 ÷ 月次予算_総売上 計 × 100	-	年間予実対比.月次予算_人件費 計, 年間予実対比.月次予算_総売上 計	売上(税抜)	month,quarter,year	月次	shop × month × product, shop × date × product	36M	on_budget_update	hybrid	予算確定後
トランザクション	個別	S522	予算構成比_その他経費 計	予実系	店長	-	🟢 既実装	小	🟡 加重平均	率指標は加重平均	metric	FORECAST	画面内	予実管理	経費予実	経費の予算超過リスク検知、削減ポイント特定 (KPI単独表示)	L2-S	月次予算_その他経費 計 ÷ 月次予算_総売上 計 × 100	-	年間予実対比.月次予算_その他経費 計, 年間予実対比.月次予算_総売上 計	売上(税抜)	month,quarter,year	月次	shop × month × product, shop × date × product	36M	on_budget_update	hybrid	予算確定後
トランザクション	個別	S523	予算構成比_営業利益	予実系	店長	-	🟢 既実装	小	🟡 加重平均	率指標は加重平均	metric	FORECAST	画面内	予実管理	売上予実	売上の達成率/進捗率モニタリング、月中の早期是正アクション (KPI単独表示)	L2-S	月次予算_営業利益 ÷ 月次予算_総売上 計 × 100	-	年間予実対比.月次予算_営業利益, 年間予実対比.月次予算_総売上 計	売上(税抜)	month,quarter,year	月次	shop × month × product, shop × date × product	36M	on_budget_update	hybrid	予算確定後
トランザクション	個別	S524	予実差額_総売上 計	売上系	店長	-	🟢 既実装	小	🟢 制限なし	そのまま集計可能	metric	FLOW	画面内	売上分析	店舗別売上	店舗ごとの売上推移を比較し、伸長/落ち込み店舗を早期発見、施策効果検証 (KPI単独表示)	L2-S	月次実績_総売上 計 - 月次予算_総売上 計	-	年間予実対比.月次実績_総売上 計, 年間予実対比.月次予算_総売上 計		month,quarter,year	月次	shop × month × product, shop × date × product	36M	nightly + monthly_finalize	hybrid	翌日日次確定
トランザクション	個別	S525	予実差額_フード売上 計	売上系	店長	-	🟢 既実装	小	🟢 制限なし	そのまま集計可能	metric	FLOW	画面内	売上分析	店舗別売上	店舗ごとの売上推移を比較し、伸長/落ち込み店舗を早期発見、施策効果検証 (KPI単独表示)	L2-S	月次実績_フード売上 計 - 月次予算_フード売上 計	-	年間予実対比.月次実績_フード売上 計, 年間予実対比.月次予算_フード売上 計		month,quarter,year	月次	shop × month × product, shop × date × product	36M	nightly + monthly_finalize	hybrid	翌日日次確定
トランザクション	個別	S526	予実差額_ドリンク売上 計	売上系	店長	-	🟢 既実装	小	🟢 制限なし	そのまま集計可能	metric	FLOW	画面内	売上分析	店舗別売上	店舗ごとの売上推移を比較し、伸長/落ち込み店舗を早期発見、施策効果検証 (KPI単独表示)	L2-S	月次実績_ドリンク売上 計 - 月次予算_ドリンク売上 計	-	年間予実対比.月次実績_ドリンク売上 計, 年間予実対比.月次予算_ドリンク売上 計		month,quarter,year	月次	shop × month × product, shop × date × product	36M	nightly + monthly_finalize	hybrid	翌日日次確定
トランザクション	個別	S527	予実差額_その他売上 計	売上系	店長	-	🟢 既実装	小	🟢 制限なし	そのまま集計可能	metric	FLOW	画面内	売上分析	店舗別売上	店舗ごとの売上推移を比較し、伸長/落ち込み店舗を早期発見、施策効果検証 (KPI単独表示)	L2-S	月次実績_その他売上 計 - 月次予算_その他売上 計	-	年間予実対比.月次実績_その他売上 計, 年間予実対比.月次予算_その他売上 計		month,quarter,year	月次	shop × month, shop × month × product, shop × date × product	36M	nightly + monthly_finalize	hybrid	翌日日次確定
トランザクション	個別	S528	予実差額_FLコスト 計	その他	店長	-	🟢 既実装	小	🟢 制限なし	そのまま集計可能	metric	FLOW	画面内	売上分析	店舗別売上	店舗ごとの売上推移を比較し、伸長/落ち込み店舗を早期発見、施策効果検証 (KPI単独表示)	L2-S	月次実績_FLコスト 計 - 月次予算_FLコスト 計	-	年間予実対比.月次実績_FLコスト 計, 年間予実対比.月次予算_FLコスト 計		month,quarter,year	月次	shop × month × product, shop × date × product	36M	nightly + monthly_finalize	hybrid	確定なし
トランザクション	個別	S529	予実差額_FD仕入 計	原価系	店長	-	🟢 既実装	小	🟢 制限なし	そのまま集計可能	metric	FLOW	画面内	原価管理	FD率分析	FD率の推移把握、ロス削減/原価コントロール優先順位 (KPI単独表示)	L2-S	月次実績_FD仕入 計 - 月次予算_FD仕入 計	-	年間予実対比.月次実績_FD仕入 計, 年間予実対比.月次予算_FD仕入 計		month,quarter,year	月次	shop × month, shop × month × product, shop × date × product	36M	nightly + monthly_finalize	hybrid	納品確定後
トランザクション	個別	S530	予実差額_人件費 計	人件費系	店長	-	🟢 既実装	小	🟢 制限なし	そのまま集計可能	metric	FLOW	画面内	人件費効率	スタッフ別人件費	スタッフ別の人時生産性評価、教育投資/シフト配置最適化 (KPI単独表示)	L2-S	月次実績_人件費 計 - 月次予算_人件費 計	-	年間予実対比.月次実績_人件費 計, 年間予実対比.月次予算_人件費 計		month,quarter,year	月次	shop × month × product, shop × date × product	36M	nightly + monthly_finalize	hybrid	確定なし
トランザクション	個別	S531	予実差額_その他経費 計	その他	店長	-	🟢 既実装	小	🟢 制限なし	そのまま集計可能	metric	FLOW	画面内	売上分析	店舗別売上	店舗ごとの売上推移を比較し、伸長/落ち込み店舗を早期発見、施策効果検証 (KPI単独表示)	L2-S	月次実績_その他経費 計 - 月次予算_その他経費 計	-	年間予実対比.月次実績_その他経費 計, 年間予実対比.月次予算_その他経費 計		month,quarter,year	月次	shop × month × product, shop × date × product	36M	nightly + monthly_finalize	hybrid	確定なし
トランザクション	個別	S532	予実差額_営業利益	収益性	店長	-	🟢 既実装	小	🟢 制限なし	そのまま集計可能	metric	FLOW	画面内	利益分析	店舗別利益	店舗別の利益貢献を可視化、低収益店舗の改善優先順位付け (KPI単独表示)	L2-S	月次実績_営業利益 - 月次予算_営業利益	-	年間予実対比.月次実績_営業利益, 年間予実対比.月次予算_営業利益		month,quarter,year	月次	shop × month × product, shop × date × product	36M	nightly + monthly_finalize	hybrid	月次締め後（全費目確定）
トランザクション	個別	S533	予算対比率_総売上 計	予実系	店長	-	🟢 既実装	小	🟡 加重平均	率指標は加重平均	metric	FORECAST	画面内	予実管理	売上予実	売上の達成率/進捗率モニタリング、月中の早期是正アクション (KPI単独表示)	L2-S	月次実績_総売上 計 ÷ 月次予算_総売上 計 × 100	-	年間予実対比.月次実績_総売上 計, 年間予実対比.月次予算_総売上 計	売上(税抜)	month,quarter,year	月次	shop × month × product, shop × date × product	36M	on_budget_update	hybrid	予算確定後
トランザクション	個別	S534	予算対比率_フード売上 計	予実系	店長	-	🟢 既実装	小	🟡 加重平均	率指標は加重平均	metric	FORECAST	画面内	予実管理	売上予実	売上の達成率/進捗率モニタリング、月中の早期是正アクション (KPI単独表示)	L2-S	月次実績_フード売上 計 ÷ 月次予算_フード売上 計 × 100	-	年間予実対比.月次実績_フード売上 計, 年間予実対比.月次予算_フード売上 計	売上(税抜)	month,quarter,year	月次	shop × month × product, shop × date × product	36M	on_budget_update	hybrid	予算確定後
トランザクション	個別	S535	予算対比率_ドリンク売上 計	予実系	店長	-	🟢 既実装	小	🟡 加重平均	率指標は加重平均	metric	FORECAST	画面内	予実管理	売上予実	売上の達成率/進捗率モニタリング、月中の早期是正アクション (KPI単独表示)	L2-S	月次実績_ドリンク売上 計 ÷ 月次予算_ドリンク売上 計 × 100	-	年間予実対比.月次実績_ドリンク売上 計, 年間予実対比.月次予算_ドリンク売上 計	売上(税抜)	month,quarter,year	月次	shop × month × product, shop × date × product	36M	on_budget_update	hybrid	予算確定後
トランザクション	個別	S536	予算対比率_その他売上 計	予実系	店長	-	🟢 既実装	小	🟡 加重平均	率指標は加重平均	metric	FORECAST	画面内	予実管理	売上予実	売上の達成率/進捗率モニタリング、月中の早期是正アクション (KPI単独表示)	L2-S	月次実績_その他売上 計 ÷ 月次予算_その他売上 計 × 100	-	年間予実対比.月次実績_その他売上 計, 年間予実対比.月次予算_その他売上 計	売上(税抜)	month,quarter,year	月次	shop × month, shop × month × product, shop × date × product	36M	on_budget_update	hybrid	予算確定後
トランザクション	個別	S537	予算対比率_FLコスト 計	予実系	店長	-	🟢 既実装	小	🟡 加重平均	率指標は加重平均	metric	FORECAST	画面内	予実管理	売上予実	売上の達成率/進捗率モニタリング、月中の早期是正アクション (KPI単独表示)	L2-S	月次実績_FLコスト 計 ÷ 月次予算_FLコスト 計 × 100	-	年間予実対比.月次実績_FLコスト 計, 年間予実対比.月次予算_FLコスト 計	売上(税抜)	month,quarter,year	月次	shop × month × product, shop × date × product	36M	on_budget_update	hybrid	予算確定後
トランザクション	個別	S538	予算対比率_FD仕入 計	原価系	店長	-	🟢 既実装	小	🟡 加重平均	率指標は加重平均	metric	FORECAST	画面内	予実管理	売上予実	売上の達成率/進捗率モニタリング、月中の早期是正アクション (KPI単独表示)	L2-S	月次実績_FD仕入 計 ÷ 月次予算_FD仕入 計 × 100	-	年間予実対比.月次実績_FD仕入 計, 年間予実対比.月次予算_FD仕入 計	売上(税抜)	month,quarter,year	月次	shop × month, shop × month × product, shop × date × product	36M	on_budget_update	hybrid	予算確定後
トランザクション	個別	S539	予算対比率_人件費 計	人件費系	店長	-	🟢 既実装	小	🟡 加重平均	率指標は加重平均	metric	FORECAST	画面内	人件費効率	PA率分析	PA率の店舗/業態比較、人件費効率改善の優先順位 (KPI単独表示)	L2-S	月次実績_人件費 計 ÷ 月次予算_人件費 計 × 100	-	年間予実対比.月次実績_人件費 計, 年間予実対比.月次予算_人件費 計	売上(税抜)	month,quarter,year	月次	shop × month × product, shop × date × product	36M	on_budget_update	hybrid	予算確定後
トランザクション	個別	S540	予算対比率_その他経費 計	予実系	店長	-	🟢 既実装	小	🟡 加重平均	率指標は加重平均	metric	FORECAST	画面内	予実管理	経費予実	経費の予算超過リスク検知、削減ポイント特定 (KPI単独表示)	L2-S	月次実績_その他経費 計 ÷ 月次予算_その他経費 計 × 100	-	年間予実対比.月次実績_その他経費 計, 年間予実対比.月次予算_その他経費 計	売上(税抜)	month,quarter,year	月次	shop × month × product, shop × date × product	36M	on_budget_update	hybrid	予算確定後
トランザクション	個別	S541	予算対比率_営業利益	予実系	店長	-	🟢 既実装	小	🟡 加重平均	率指標は加重平均	metric	FORECAST	画面内	予実管理	売上予実	売上の達成率/進捗率モニタリング、月中の早期是正アクション (KPI単独表示)	L2-S	月次実績_営業利益 ÷ 月次予算_営業利益 × 100	-	年間予実対比.月次実績_営業利益, 年間予実対比.月次予算_営業利益	売上(税抜)	month,quarter,year	月次	shop × month × product, shop × date × product	36M	on_budget_update	hybrid	予算確定後
トランザクション	個別	S542	構成比_総売上 計	売上系	店長	-	🟢 既実装	小	🟡 加重平均	率指標は加重平均	metric	FLOW	画面内	売上分析	店舗別売上	店舗ごとの売上推移を比較し、伸長/落ち込み店舗を早期発見、施策効果検証 (KPI単独表示)	L2-S	月次実績_総売上 計 ÷ 月次実績_総売上 計 × 100	-	年間予実対比.月次実績_総売上 計	売上(税抜)	month,quarter,year	月次	shop × month × product, shop × date × product	36M	nightly + monthly_finalize	hybrid	翌日日次確定
トランザクション	個別	S543	構成比_フード売上 計	売上系	店長	-	🟢 既実装	小	🟡 加重平均	率指標は加重平均	metric	FLOW	画面内	売上分析	店舗別売上	店舗ごとの売上推移を比較し、伸長/落ち込み店舗を早期発見、施策効果検証 (KPI単独表示)	L2-S	月次実績_フード売上 計 ÷ 月次実績_総売上 計 × 100	-	年間予実対比.月次実績_フード売上 計, 年間予実対比.月次実績_総売上 計	売上(税抜)	month,quarter,year	月次	shop × month × product, shop × date × product	36M	nightly + monthly_finalize	hybrid	翌日日次確定
トランザクション	個別	S544	構成比_ドリンク売上 計	売上系	店長	-	🟢 既実装	小	🟡 加重平均	率指標は加重平均	metric	FLOW	画面内	売上分析	店舗別売上	店舗ごとの売上推移を比較し、伸長/落ち込み店舗を早期発見、施策効果検証 (KPI単独表示)	L2-S	月次実績_ドリンク売上 計 ÷ 月次実績_総売上 計 × 100	-	年間予実対比.月次実績_ドリンク売上 計, 年間予実対比.月次実績_総売上 計	売上(税抜)	month,quarter,year	月次	shop × month × product, shop × date × product	36M	nightly + monthly_finalize	hybrid	翌日日次確定
トランザクション	個別	S545	構成比_その他売上 計	売上系	店長	-	🟢 既実装	小	🟡 加重平均	率指標は加重平均	metric	FLOW	画面内	売上分析	店舗別売上	店舗ごとの売上推移を比較し、伸長/落ち込み店舗を早期発見、施策効果検証 (KPI単独表示)	L2-S	月次実績_その他売上 計 ÷ 月次実績_総売上 計 × 100	-	年間予実対比.月次実績_その他売上 計, 年間予実対比.月次実績_総売上 計	売上(税抜)	month,quarter,year	月次	shop × month, shop × month × product, shop × date × product	36M	nightly + monthly_finalize	hybrid	翌日日次確定
トランザクション	個別	S546	構成比_FLコスト 計	その他	店長	-	🟢 既実装	小	🟡 加重平均	率指標は加重平均	metric	FLOW	画面内	売上分析	店舗別売上	店舗ごとの売上推移を比較し、伸長/落ち込み店舗を早期発見、施策効果検証 (KPI単独表示)	L2-S	月次実績_FLコスト 計 ÷ 月次実績_総売上 計 × 100	-	年間予実対比.月次実績_FLコスト 計, 年間予実対比.月次実績_総売上 計	売上(税抜)	month,quarter,year	月次	shop × month × product, shop × date × product	36M	nightly + monthly_finalize	hybrid	確定なし
トランザクション	個別	S547	構成比_FD仕入 計	原価系	店長	-	🟢 既実装	小	🟡 加重平均	率指標は加重平均	metric	FLOW	画面内	原価管理	FD率分析	FD率の推移把握、ロス削減/原価コントロール優先順位 (KPI単独表示)	L2-S	月次実績_FD仕入 計 ÷ 月次実績_総売上 計 × 100	-	年間予実対比.月次実績_FD仕入 計, 年間予実対比.月次実績_総売上 計	仕入金額(全体)	month,quarter,year	月次	shop × month × product, shop × date × product	36M	nightly + monthly_finalize	hybrid	納品確定後
トランザクション	個別	S548	構成比_人件費 計	人件費系	店長	-	🟢 既実装	小	🟡 加重平均	率指標は加重平均	metric	FLOW	画面内	人件費効率	スタッフ別人件費	スタッフ別の人時生産性評価、教育投資/シフト配置最適化 (KPI単独表示)	L2-S	月次実績_人件費 計 ÷ 月次実績_総売上 計 × 100	-	年間予実対比.月次実績_人件費 計, 年間予実対比.月次実績_総売上 計	売上(税抜)	month,quarter,year	月次	shop × month × product, shop × date × product	36M	nightly + monthly_finalize	hybrid	確定なし
トランザクション	個別	S549	構成比_その他経費 計	その他	店長	-	🟢 既実装	小	🟡 加重平均	率指標は加重平均	metric	FLOW	画面内	売上分析	店舗別売上	店舗ごとの売上推移を比較し、伸長/落ち込み店舗を早期発見、施策効果検証 (KPI単独表示)	L2-S	月次実績_その他経費 計 ÷ 月次実績_総売上 計 × 100	-	年間予実対比.月次実績_その他経費 計, 年間予実対比.月次実績_総売上 計	売上(税抜)	month,quarter,year	月次	shop × month × product, shop × date × product	36M	nightly + monthly_finalize	hybrid	確定なし
トランザクション	個別	S550	構成比_営業利益	収益性	店長	-	🟢 既実装	小	🟡 加重平均	率指標は加重平均	metric	FLOW	画面内	利益分析	店舗別利益	店舗別の利益貢献を可視化、低収益店舗の改善優先順位付け (KPI単独表示)	L2-S	月次実績_営業利益 ÷ 月次実績_総売上 計 × 100	-	年間予実対比.月次実績_営業利益, 年間予実対比.月次実績_総売上 計	売上(税抜)	month,quarter,year	月次	shop × month × product, shop × date × product	36M	nightly + monthly_finalize	hybrid	月次締め後（全費目確定）
トランザクション	個別	S268	年間実績_FLコスト 計	その他	店長	-	🟢 既実装	小	🟢 制限なし	そのまま集計可能	metric	FLOW	画面内	売上分析	店舗別売上	店舗ごとの売上推移を比較し、伸長/落ち込み店舗を早期発見、施策効果検証 (KPI単独表示)	L2-S	SUM	infomart_transactions.total_tax_excluded, head_office_connected_service_labor_costs_logs.labor_costs	-		year	月次	shop × month	60M	nightly + monthly_finalize	batch	確定なし
トランザクション	個別	S283	年間実績_営業利益	収益性	店長	-	🟢 既実装	小	🟢 制限なし	そのまま集計可能	metric	FLOW	画面内	利益分析	店舗別利益	店舗別の利益貢献を可視化、低収益店舗の改善優先順位付け (KPI単独表示)	L2-S	売上-FLコスト-経費	monthly_costs.value	-		year	月次	shop × month	60M	nightly + monthly_finalize	batch	月次締め後（全費目確定）
トランザクション	個別	S561	年間予算_FLコスト 計	予実系	店長	-	🟢 既実装	小	🟡 予測値	確定値と区別必要	metric	FORECAST	画面内	予実管理	売上予実	売上の達成率/進捗率モニタリング、月中の早期是正アクション (KPI単独表示)	L2-S	年間予算_FD仕入 計 + 年間予算_人件費 計	-	年間予実対比（予実対比）.年間予算_FD仕入 計, 年間予実対比（予実対比）.年間予算_人件費 計		year	月次	shop × month	60M	on_budget_update	batch	予算確定後
トランザクション	個別	S586	年間予算_営業利益	予実系	店長	-	🟢 既実装	小	🟡 予測値	確定値と区別必要	metric	FORECAST	画面内	予実管理	売上予実	売上の達成率/進捗率モニタリング、月中の早期是正アクション (KPI単独表示)	L2-S	年間予算_総売上 計 - 年間予算_FLコスト 計 - 年間予算_その他経費 計	-	年間予実対比（予実対比）.年間予算_総売上 計, 年間予実対比（予実対比）.年間予算_FLコスト 計, 年間予実対比（予実対比）.年間予算_その他経費 計		year	月次	shop × month	60M	on_budget_update	batch	予算確定後
トランザクション	個別	S587	年間予実差額_総売上 計	売上系	店長	-	🟢 既実装	小	🟢 制限なし	そのまま集計可能	metric	FLOW	画面内	売上分析	店舗別売上	店舗ごとの売上推移を比較し、伸長/落ち込み店舗を早期発見、施策効果検証 (KPI単独表示)	L2-S	年間実績_総売上 計 - 年間予算_総売上 計	-	年間予実対比（予実対比）.年間実績_総売上 計, 年間予実対比（予実対比）.年間予算_総売上 計		year	月次	shop × month × product	60M	nightly + monthly_finalize	batch	翌日日次確定
トランザクション	個別	S588	年間予実差額_フード売上 計	売上系	店長	-	🟢 既実装	小	🟢 制限なし	そのまま集計可能	metric	FLOW	画面内	売上分析	店舗別売上	店舗ごとの売上推移を比較し、伸長/落ち込み店舗を早期発見、施策効果検証 (KPI単独表示)	L2-S	年間実績_フード売上 計 - 年間予算_フード売上 計	-	年間予実対比（予実対比）.年間実績_フード売上 計, 年間予実対比（予実対比）.年間予算_フード売上 計		year	月次	shop × month × product	60M	nightly + monthly_finalize	batch	翌日日次確定
トランザクション	個別	S589	年間予実差額_フード売上ランチ	売上系	店長	-	🟢 既実装	小	🟢 制限なし	そのまま集計可能	metric	FLOW	画面内	売上分析	店舗別売上	店舗ごとの売上推移を比較し、伸長/落ち込み店舗を早期発見、施策効果検証 (KPI単独表示)	L2-S	年間実績_フード売上ランチ - 年間予算_フード売上ランチ	-	年間予実対比（予実対比）.年間実績_フード売上ランチ, 年間予実対比（予実対比）.年間予算_フード売上ランチ		year	月次	shop × month × time_slot × product	60M	nightly + monthly_finalize	batch	翌日日次確定
トランザクション	個別	S590	年間予実差額_フード売上ディナー	売上系	店長	-	🟢 既実装	小	🟢 制限なし	そのまま集計可能	metric	FLOW	画面内	売上分析	店舗別売上	店舗ごとの売上推移を比較し、伸長/落ち込み店舗を早期発見、施策効果検証 (KPI単独表示)	L2-S	年間実績_フード売上ディナー - 年間予算_フード売上ディナー	-	年間予実対比（予実対比）.年間実績_フード売上ディナー, 年間予実対比（予実対比）.年間予算_フード売上ディナー		year	月次	shop × month × time_slot × product	60M	nightly + monthly_finalize	batch	翌日日次確定
トランザクション	個別	S591	年間予実差額_ドリンク売上 計	売上系	店長	-	🟢 既実装	小	🟢 制限なし	そのまま集計可能	metric	FLOW	画面内	売上分析	店舗別売上	店舗ごとの売上推移を比較し、伸長/落ち込み店舗を早期発見、施策効果検証 (KPI単独表示)	L2-S	年間実績_ドリンク売上 計 - 年間予算_ドリンク売上 計	-	年間予実対比（予実対比）.年間実績_ドリンク売上 計, 年間予実対比（予実対比）.年間予算_ドリンク売上 計		year	月次	shop × month × product	60M	nightly + monthly_finalize	batch	翌日日次確定
トランザクション	個別	S592	年間予実差額_ドリンク売上ランチ	売上系	店長	-	🟢 既実装	小	🟢 制限なし	そのまま集計可能	metric	FLOW	画面内	売上分析	店舗別売上	店舗ごとの売上推移を比較し、伸長/落ち込み店舗を早期発見、施策効果検証 (KPI単独表示)	L2-S	年間実績_ドリンク売上ランチ - 年間予算_ドリンク売上ランチ	-	年間予実対比（予実対比）.年間実績_ドリンク売上ランチ, 年間予実対比（予実対比）.年間予算_ドリンク売上ランチ		year	月次	shop × month × time_slot × product	60M	nightly + monthly_finalize	batch	翌日日次確定
トランザクション	個別	S593	年間予実差額_ドリンク売上ディナー	売上系	店長	-	🟢 既実装	小	🟢 制限なし	そのまま集計可能	metric	FLOW	画面内	売上分析	店舗別売上	店舗ごとの売上推移を比較し、伸長/落ち込み店舗を早期発見、施策効果検証 (KPI単独表示)	L2-S	年間実績_ドリンク売上ディナー - 年間予算_ドリンク売上ディナー	-	年間予実対比（予実対比）.年間実績_ドリンク売上ディナー, 年間予実対比（予実対比）.年間予算_ドリンク売上ディナー		year	月次	shop × month × time_slot × product	60M	nightly + monthly_finalize	batch	翌日日次確定
トランザクション	個別	S594	年間予実差額_その他売上 計	売上系	店長	-	🟢 既実装	小	🟢 制限なし	そのまま集計可能	metric	FLOW	画面内	売上分析	店舗別売上	店舗ごとの売上推移を比較し、伸長/落ち込み店舗を早期発見、施策効果検証 (KPI単独表示)	L2-S	年間実績_その他売上 計 - 年間予算_その他売上 計	-	年間予実対比（予実対比）.年間実績_その他売上 計, 年間予実対比（予実対比）.年間予算_その他売上 計		year	月次	shop × month	60M	nightly + monthly_finalize	batch	翌日日次確定
トランザクション	個別	S595	年間予実差額_その他売上ランチ	売上系	店長	-	🟢 既実装	小	🟢 制限なし	そのまま集計可能	metric	FLOW	画面内	売上分析	店舗別売上	店舗ごとの売上推移を比較し、伸長/落ち込み店舗を早期発見、施策効果検証 (KPI単独表示)	L2-S	年間実績_その他売上ランチ - 年間予算_その他売上ランチ	-	年間予実対比（予実対比）.年間実績_その他売上ランチ, 年間予実対比（予実対比）.年間予算_その他売上ランチ		year	月次	shop × month × time_slot	60M	nightly + monthly_finalize	batch	翌日日次確定
トランザクション	個別	S596	年間予実差額_その他売上ディナー	売上系	店長	-	🟢 既実装	小	🟢 制限なし	そのまま集計可能	metric	FLOW	画面内	売上分析	店舗別売上	店舗ごとの売上推移を比較し、伸長/落ち込み店舗を早期発見、施策効果検証 (KPI単独表示)	L2-S	年間実績_その他売上ディナー - 年間予算_その他売上ディナー	-	年間予実対比（予実対比）.年間実績_その他売上ディナー, 年間予実対比（予実対比）.年間予算_その他売上ディナー		year	月次	shop × month × time_slot	60M	nightly + monthly_finalize	batch	翌日日次確定
トランザクション	個別	S597	年間予実差額_FLコスト 計	その他	店長	-	🟢 既実装	小	🟢 制限なし	そのまま集計可能	metric	FLOW	画面内	売上分析	店舗別売上	店舗ごとの売上推移を比較し、伸長/落ち込み店舗を早期発見、施策効果検証 (KPI単独表示)	L2-S	年間実績_FLコスト 計 - 年間予算_FLコスト 計	-	年間予実対比（予実対比）.年間実績_FLコスト 計, 年間予実対比（予実対比）.年間予算_FLコスト 計		year	月次	shop × month × product	60M	nightly + monthly_finalize	batch	確定なし
トランザクション	個別	S598	年間予実差額_FD仕入 計	原価系	店長	-	🟢 既実装	小	🟢 制限なし	そのまま集計可能	metric	FLOW	画面内	原価管理	FD率分析	FD率の推移把握、ロス削減/原価コントロール優先順位 (KPI単独表示)	L2-S	年間実績_FD仕入 計 - 年間予算_FD仕入 計	-	年間予実対比（予実対比）.年間実績_FD仕入 計, 年間予実対比（予実対比）.年間予算_FD仕入 計		year	月次	shop × month, shop × month × product, shop × date × product	60M	nightly + monthly_finalize	batch	納品確定後
トランザクション	個別	S599	年間予実差額_フード仕入	原価系	店長	-	🟢 既実装	小	🟢 制限なし	そのまま集計可能	metric	FLOW	画面内	原価管理	FD率分析	FD率の推移把握、ロス削減/原価コントロール優先順位 (KPI単独表示)	L2-S	年間実績_フード仕入 - 年間予算_フード仕入	-	年間予実対比（予実対比）.年間実績_フード仕入, 年間予実対比（予実対比）.年間予算_フード仕入		year	月次	shop × month	60M	nightly + monthly_finalize	batch	納品確定後
トランザクション	個別	S600	年間予実差額_ドリンク仕入	原価系	店長	-	🟢 既実装	小	🟢 制限なし	そのまま集計可能	metric	FLOW	画面内	原価管理	FD率分析	FD率の推移把握、ロス削減/原価コントロール優先順位 (KPI単独表示)	L2-S	年間実績_ドリンク仕入 - 年間予算_ドリンク仕入	-	年間予実対比（予実対比）.年間実績_ドリンク仕入, 年間予実対比（予実対比）.年間予算_ドリンク仕入		year	月次	shop × month	60M	nightly + monthly_finalize	batch	納品確定後
トランザクション	個別	S601	年間予実差額_人件費 計	人件費系	店長	-	🟢 既実装	小	🟢 制限なし	そのまま集計可能	metric	FLOW	画面内	人件費効率	スタッフ別人件費	スタッフ別の人時生産性評価、教育投資/シフト配置最適化 (KPI単独表示)	L2-S	年間実績_人件費 計 - 年間予算_人件費 計	-	年間予実対比（予実対比）.年間実績_人件費 計, 年間予実対比（予実対比）.年間予算_人件費 計		year	月次	shop × month × product	60M	nightly + monthly_finalize	batch	確定なし
トランザクション	個別	S602	年間予実差額_固定人件費	人件費系	店長	-	🟢 既実装	小	🟢 制限なし	そのまま集計可能	metric	FLOW	画面内	人件費効率	スタッフ別人件費	スタッフ別の人時生産性評価、教育投資/シフト配置最適化 (KPI単独表示)	L2-S	年間実績_固定人件費 - 年間予算_固定人件費	-	年間予実対比（予実対比）.年間実績_固定人件費, 年間予実対比（予実対比）.年間予算_固定人件費		year	月次	shop × month	60M	nightly + monthly_finalize	batch	確定なし
トランザクション	個別	S603	年間予実差額_PA人件費	人件費系	店長	-	🟢 既実装	小	🟢 制限なし	そのまま集計可能	metric	FLOW	画面内	人件費効率	PA率分析	PA率の店舗/業態比較、人件費効率改善の優先順位 (KPI単独表示)	L2-S	年間実績_PA人件費 - 年間予算_PA人件費	-	年間予実対比（予実対比）.年間実績_PA人件費, 年間予実対比（予実対比）.年間予算_PA人件費		year	月次	shop × month	60M	nightly + monthly_finalize	batch	確定なし
トランザクション	個別	S604	年間予実差額_社員人件費	人件費系	店長	-	🟢 既実装	小	🟢 制限なし	そのまま集計可能	metric	FLOW	画面内	人件費効率	スタッフ別人件費	スタッフ別の人時生産性評価、教育投資/シフト配置最適化 (KPI単独表示)	L2-S	年間実績_社員人件費 - 年間予算_社員人件費	-	年間予実対比（予実対比）.年間実績_社員人件費, 年間予実対比（予実対比）.年間予算_社員人件費		year	月次	shop × month	60M	nightly + monthly_finalize	batch	確定なし
トランザクション	個別	S605	年間予実差額_ヘルプ人件費	人件費系	店長	-	🟢 既実装	小	🟢 制限なし	そのまま集計可能	metric	FLOW	画面内	人件費効率	スタッフ別人件費	スタッフ別の人時生産性評価、教育投資/シフト配置最適化 (KPI単独表示)	L2-S	年間実績_ヘルプ人件費 - 年間予算_ヘルプ人件費	-	年間予実対比（予実対比）.年間実績_ヘルプ人件費, 年間予実対比（予実対比）.年間予算_ヘルプ人件費		year	月次	shop × month	60M	nightly + monthly_finalize	batch	確定なし
トランザクション	個別	S606	年間予実差額_その他経費 計	その他	店長	-	🟢 既実装	小	🟢 制限なし	そのまま集計可能	metric	FLOW	画面内	売上分析	店舗別売上	店舗ごとの売上推移を比較し、伸長/落ち込み店舗を早期発見、施策効果検証 (KPI単独表示)	L2-S	年間実績_その他経費 計 - 年間予算_その他経費 計	-	年間予実対比（予実対比）.年間実績_その他経費 計, 年間予実対比（予実対比）.年間予算_その他経費 計		year	月次	shop × month × product	60M	nightly + monthly_finalize	batch	確定なし
トランザクション	個別	S607	年間予実差額_地代家賃	その他	店長	-	🟢 既実装	小	🟢 制限なし	そのまま集計可能	metric	FLOW	画面内	売上分析	店舗別売上	店舗ごとの売上推移を比較し、伸長/落ち込み店舗を早期発見、施策効果検証 (KPI単独表示)	L2-S	年間実績_地代家賃 - 年間予算_地代家賃	-	年間予実対比（予実対比）.年間実績_地代家賃, 年間予実対比（予実対比）.年間予算_地代家賃		year	月次	shop × month	60M	nightly + monthly_finalize	batch	確定なし
トランザクション	個別	S608	年間予実差額_家賃（変動分）	その他	店長	-	🟢 既実装	小	🟢 制限なし	そのまま集計可能	metric	FLOW	画面内	売上分析	店舗別売上	店舗ごとの売上推移を比較し、伸長/落ち込み店舗を早期発見、施策効果検証 (KPI単独表示)	L2-S	年間実績_家賃（変動分） - 年間予算_家賃（変動分）	-	年間予実対比（予実対比）.年間実績_家賃（変動分）, 年間予実対比（予実対比）.年間予算_家賃（変動分）		year	月次	shop × month	60M	nightly + monthly_finalize	batch	確定なし
トランザクション	個別	S609	年間予実差額_水道光熱費	その他	店長	-	🟢 既実装	小	🟢 制限なし	そのまま集計可能	metric	FLOW	画面内	売上分析	店舗別売上	店舗ごとの売上推移を比較し、伸長/落ち込み店舗を早期発見、施策効果検証 (KPI単独表示)	L2-S	年間実績_水道光熱費 - 年間予算_水道光熱費	-	年間予実対比（予実対比）.年間実績_水道光熱費, 年間予実対比（予実対比）.年間予算_水道光熱費		year	月次	shop × month	60M	nightly + monthly_finalize	batch	確定なし
トランザクション	個別	S610	年間予実差額_電気代	その他	店長	-	🟢 既実装	小	🟢 制限なし	そのまま集計可能	metric	FLOW	画面内	売上分析	店舗別売上	店舗ごとの売上推移を比較し、伸長/落ち込み店舗を早期発見、施策効果検証 (KPI単独表示)	L2-S	年間実績_電気代 - 年間予算_電気代	-	年間予実対比（予実対比）.年間実績_電気代, 年間予実対比（予実対比）.年間予算_電気代		year	月次	shop × month	60M	nightly + monthly_finalize	batch	確定なし
トランザクション	個別	S611	年間予実差額_ガス代	その他	店長	-	🟢 既実装	小	🟢 制限なし	そのまま集計可能	metric	FLOW	画面内	売上分析	店舗別売上	店舗ごとの売上推移を比較し、伸長/落ち込み店舗を早期発見、施策効果検証 (KPI単独表示)	L2-S	年間実績_ガス代 - 年間予算_ガス代	-	年間予実対比（予実対比）.年間実績_ガス代, 年間予実対比（予実対比）.年間予算_ガス代		year	月次	shop × month	60M	nightly + monthly_finalize	batch	確定なし
トランザクション	個別	S612	年間予実差額_水道代	その他	店長	-	🟢 既実装	小	🟢 制限なし	そのまま集計可能	metric	FLOW	画面内	売上分析	店舗別売上	店舗ごとの売上推移を比較し、伸長/落ち込み店舗を早期発見、施策効果検証 (KPI単独表示)	L2-S	年間実績_水道代 - 年間予算_水道代	-	年間予実対比（予実対比）.年間実績_水道代, 年間予実対比（予実対比）.年間予算_水道代		year	月次	shop × month	60M	nightly + monthly_finalize	batch	確定なし
トランザクション	個別	S613	年間予実差額_減価償却費	その他	店長	-	🟢 既実装	小	🟢 制限なし	そのまま集計可能	metric	FLOW	画面内	売上分析	店舗別売上	店舗ごとの売上推移を比較し、伸長/落ち込み店舗を早期発見、施策効果検証 (KPI単独表示)	L2-S	年間実績_減価償却費 - 年間予算_減価償却費	-	年間予実対比（予実対比）.年間実績_減価償却費, 年間予実対比（予実対比）.年間予算_減価償却費		year	月次	shop × month	60M	nightly + monthly_finalize	batch	確定なし
トランザクション	個別	S614	年間予実差額_販促費	その他	店長	-	🟢 既実装	小	🟢 制限なし	そのまま集計可能	metric	FLOW	画面内	売上分析	店舗別売上	店舗ごとの売上推移を比較し、伸長/落ち込み店舗を早期発見、施策効果検証 (KPI単独表示)	L2-S	年間実績_販促費 - 年間予算_販促費	-	年間予実対比（予実対比）.年間実績_販促費, 年間予実対比（予実対比）.年間予算_販促費		year	月次	shop × month	60M	nightly + monthly_finalize	batch	確定なし
トランザクション	個別	S615	年間予実差額_資材費	その他	店長	-	🟢 既実装	小	🟢 制限なし	そのまま集計可能	metric	FLOW	画面内	売上分析	店舗別売上	店舗ごとの売上推移を比較し、伸長/落ち込み店舗を早期発見、施策効果検証 (KPI単独表示)	L2-S	年間実績_資材費 - 年間予算_資材費	-	年間予実対比（予実対比）.年間実績_資材費, 年間予実対比（予実対比）.年間予算_資材費		year	月次	shop × month	60M	nightly + monthly_finalize	batch	確定なし
トランザクション	個別	S616	年間予実差額_借入金返済	その他	店長	-	🟢 既実装	小	🟢 制限なし	そのまま集計可能	metric	FLOW	画面内	売上分析	店舗別売上	店舗ごとの売上推移を比較し、伸長/落ち込み店舗を早期発見、施策効果検証 (KPI単独表示)	L2-S	年間実績_借入金返済 - 年間予算_借入金返済	-	年間予実対比（予実対比）.年間実績_借入金返済, 年間予実対比（予実対比）.年間予算_借入金返済		year	月次	shop × month	60M	nightly + monthly_finalize	batch	確定なし
トランザクション	個別	S617	年間予実差額_IT費用	その他	店長	-	🟢 既実装	小	🟢 制限なし	そのまま集計可能	metric	FLOW	画面内	売上分析	店舗別売上	店舗ごとの売上推移を比較し、伸長/落ち込み店舗を早期発見、施策効果検証 (KPI単独表示)	L2-S	年間実績_IT費用 - 年間予算_IT費用	-	年間予実対比（予実対比）.年間実績_IT費用, 年間予実対比（予実対比）.年間予算_IT費用		year	月次	shop × month	60M	nightly + monthly_finalize	batch	確定なし
トランザクション	個別	S618	年間予実差額_ラクミー利用料	その他	店長	-	🟢 既実装	小	🟢 制限なし	そのまま集計可能	metric	FLOW	画面内	売上分析	店舗別売上	店舗ごとの売上推移を比較し、伸長/落ち込み店舗を早期発見、施策効果検証 (KPI単独表示)	L2-S	年間実績_ラクミー利用料 - 年間予算_ラクミー利用料	-	年間予実対比（予実対比）.年間実績_ラクミー利用料, 年間予実対比（予実対比）.年間予算_ラクミー利用料		year	月次	shop × month	60M	nightly + monthly_finalize	batch	確定なし
トランザクション	個別	S619	年間予実差額_レジ利用料	その他	店長	-	🟢 既実装	小	🟢 制限なし	そのまま集計可能	metric	FLOW	画面内	売上分析	店舗別売上	店舗ごとの売上推移を比較し、伸長/落ち込み店舗を早期発見、施策効果検証 (KPI単独表示)	L2-S	年間実績_レジ利用料 - 年間予算_レジ利用料	-	年間予実対比（予実対比）.年間実績_レジ利用料, 年間予実対比（予実対比）.年間予算_レジ利用料		year	月次	shop × month	60M	nightly + monthly_finalize	batch	確定なし
トランザクション	個別	S620	年間予実差額_クレジットカード手数料	その他	店長	-	🟢 既実装	小	🟢 制限なし	そのまま集計可能	metric	FLOW	画面内	売上分析	店舗別売上	店舗ごとの売上推移を比較し、伸長/落ち込み店舗を早期発見、施策効果検証 (KPI単独表示)	L2-S	年間実績_クレジットカード手数料 - 年間予算_クレジットカード手数料	-	年間予実対比（予実対比）.年間実績_クレジットカード手数料, 年間予実対比（予実対比）.年間予算_クレジットカード手数料		year	月次	shop × month	60M	nightly + monthly_finalize	batch	確定なし
トランザクション	個別	S621	年間予実差額_お花代	その他	店長	-	🟢 既実装	小	🟢 制限なし	そのまま集計可能	metric	FLOW	画面内	売上分析	店舗別売上	店舗ごとの売上推移を比較し、伸長/落ち込み店舗を早期発見、施策効果検証 (KPI単独表示)	L2-S	年間実績_お花代 - 年間予算_お花代	-	年間予実対比（予実対比）.年間実績_お花代, 年間予実対比（予実対比）.年間予算_お花代		year	月次	shop × month	60M	nightly + monthly_finalize	batch	確定なし
トランザクション	個別	S622	年間予実差額_営業利益	収益性	店長	-	🟢 既実装	小	🟢 制限なし	そのまま集計可能	metric	FLOW	画面内	利益分析	店舗別利益	店舗別の利益貢献を可視化、低収益店舗の改善優先順位付け (KPI単独表示)	L2-S	年間実績_営業利益 - 年間予算_営業利益	-	年間予実対比（予実対比）.年間実績_営業利益, 年間予実対比（予実対比）.年間予算_営業利益		year	月次	shop × month × product	60M	nightly + monthly_finalize	batch	月次締め後（全費目確定）
トランザクション	個別	S623	年間予算対比率_総売上 計	予実系	店長	-	🟢 既実装	小	🟡 加重平均	率指標は加重平均	metric	FORECAST	画面内	予実管理	売上予実	売上の達成率/進捗率モニタリング、月中の早期是正アクション (KPI単独表示)	L2-S	年間実績_総売上 計 ÷ 年間予算_総売上 計 × 100	-	年間予実対比（予実対比）.年間実績_総売上 計, 年間予実対比（予実対比）.年間予算_総売上 計	売上(税抜)	year	月次	shop × month × product	60M	on_budget_update	batch	予算確定後
トランザクション	個別	S624	年間予算対比率_フード売上 計	予実系	店長	-	🟢 既実装	小	🟡 加重平均	率指標は加重平均	metric	FORECAST	画面内	予実管理	売上予実	売上の達成率/進捗率モニタリング、月中の早期是正アクション (KPI単独表示)	L2-S	年間実績_フード売上 計 ÷ 年間予算_フード売上 計 × 100	-	年間予実対比（予実対比）.年間実績_フード売上 計, 年間予実対比（予実対比）.年間予算_フード売上 計	売上(税抜)	year	月次	shop × month × product	60M	on_budget_update	batch	予算確定後
トランザクション	個別	S625	年間予算対比率_フード売上ランチ	予実系	店長	-	🟢 既実装	小	🟡 加重平均	率指標は加重平均	metric	FORECAST	画面内	予実管理	売上予実	売上の達成率/進捗率モニタリング、月中の早期是正アクション (KPI単独表示)	L2-S	年間実績_フード売上ランチ ÷ 年間予算_フード売上ランチ × 100	-	年間予実対比（予実対比）.年間実績_フード売上ランチ, 年間予実対比（予実対比）.年間予算_フード売上ランチ	売上(税抜)	year	月次	shop × month × time_slot × product	60M	on_budget_update	batch	予算確定後
トランザクション	個別	S626	年間予算対比率_フード売上ディナー	予実系	店長	-	🟢 既実装	小	🟡 加重平均	率指標は加重平均	metric	FORECAST	画面内	予実管理	売上予実	売上の達成率/進捗率モニタリング、月中の早期是正アクション (KPI単独表示)	L2-S	年間実績_フード売上ディナー ÷ 年間予算_フード売上ディナー × 100	-	年間予実対比（予実対比）.年間実績_フード売上ディナー, 年間予実対比（予実対比）.年間予算_フード売上ディナー	売上(税抜)	year	月次	shop × month × time_slot × product	60M	on_budget_update	batch	予算確定後
トランザクション	個別	S627	年間予算対比率_ドリンク売上 計	予実系	店長	-	🟢 既実装	小	🟡 加重平均	率指標は加重平均	metric	FORECAST	画面内	予実管理	売上予実	売上の達成率/進捗率モニタリング、月中の早期是正アクション (KPI単独表示)	L2-S	年間実績_ドリンク売上 計 ÷ 年間予算_ドリンク売上 計 × 100	-	年間予実対比（予実対比）.年間実績_ドリンク売上 計, 年間予実対比（予実対比）.年間予算_ドリンク売上 計	売上(税抜)	year	月次	shop × month × product	60M	on_budget_update	batch	予算確定後
トランザクション	個別	S628	年間予算対比率_ドリンク売上ランチ	予実系	店長	-	🟢 既実装	小	🟡 加重平均	率指標は加重平均	metric	FORECAST	画面内	予実管理	売上予実	売上の達成率/進捗率モニタリング、月中の早期是正アクション (KPI単独表示)	L2-S	年間実績_ドリンク売上ランチ ÷ 年間予算_ドリンク売上ランチ × 100	-	年間予実対比（予実対比）.年間実績_ドリンク売上ランチ, 年間予実対比（予実対比）.年間予算_ドリンク売上ランチ	売上(税抜)	year	月次	shop × month × time_slot × product	60M	on_budget_update	batch	予算確定後
トランザクション	個別	S629	年間予算対比率_ドリンク売上ディナー	予実系	店長	-	🟢 既実装	小	🟡 加重平均	率指標は加重平均	metric	FORECAST	画面内	予実管理	売上予実	売上の達成率/進捗率モニタリング、月中の早期是正アクション (KPI単独表示)	L2-S	年間実績_ドリンク売上ディナー ÷ 年間予算_ドリンク売上ディナー × 100	-	年間予実対比（予実対比）.年間実績_ドリンク売上ディナー, 年間予実対比（予実対比）.年間予算_ドリンク売上ディナー	売上(税抜)	year	月次	shop × month × time_slot × product	60M	on_budget_update	batch	予算確定後
トランザクション	個別	S630	年間予算対比率_その他売上 計	予実系	店長	-	🟢 既実装	小	🟡 加重平均	率指標は加重平均	metric	FORECAST	画面内	予実管理	売上予実	売上の達成率/進捗率モニタリング、月中の早期是正アクション (KPI単独表示)	L2-S	年間実績_その他売上 計 ÷ 年間予算_その他売上 計 × 100	-	年間予実対比（予実対比）.年間実績_その他売上 計, 年間予実対比（予実対比）.年間予算_その他売上 計	売上(税抜)	year	月次	shop × month	60M	on_budget_update	batch	予算確定後
トランザクション	個別	S631	年間予算対比率_その他売上ランチ	予実系	店長	-	🟢 既実装	小	🟡 加重平均	率指標は加重平均	metric	FORECAST	画面内	予実管理	売上予実	売上の達成率/進捗率モニタリング、月中の早期是正アクション (KPI単独表示)	L2-S	年間実績_その他売上ランチ ÷ 年間予算_その他売上ランチ × 100	-	年間予実対比（予実対比）.年間実績_その他売上ランチ, 年間予実対比（予実対比）.年間予算_その他売上ランチ	売上(税抜)	year	月次	shop × month × time_slot	60M	on_budget_update	batch	予算確定後
トランザクション	個別	S632	年間予算対比率_その他売上ディナー	予実系	店長	-	🟢 既実装	小	🟡 加重平均	率指標は加重平均	metric	FORECAST	画面内	予実管理	売上予実	売上の達成率/進捗率モニタリング、月中の早期是正アクション (KPI単独表示)	L2-S	年間実績_その他売上ディナー ÷ 年間予算_その他売上ディナー × 100	-	年間予実対比（予実対比）.年間実績_その他売上ディナー, 年間予実対比（予実対比）.年間予算_その他売上ディナー	売上(税抜)	year	月次	shop × month × time_slot	60M	on_budget_update	batch	予算確定後
トランザクション	個別	S633	年間予算対比率_FLコスト 計	予実系	店長	-	🟢 既実装	小	🟡 加重平均	率指標は加重平均	metric	FORECAST	画面内	予実管理	売上予実	売上の達成率/進捗率モニタリング、月中の早期是正アクション (KPI単独表示)	L2-S	年間実績_FLコスト 計 ÷ 年間予算_FLコスト 計 × 100	-	年間予実対比（予実対比）.年間実績_FLコスト 計, 年間予実対比（予実対比）.年間予算_FLコスト 計	売上(税抜)	year	月次	shop × month × product	60M	on_budget_update	batch	予算確定後
トランザクション	個別	S634	年間予算対比率_FD仕入 計	原価系	店長	-	🟢 既実装	小	🟡 加重平均	率指標は加重平均	metric	FORECAST	画面内	予実管理	売上予実	売上の達成率/進捗率モニタリング、月中の早期是正アクション (KPI単独表示)	L2-S	年間実績_FD仕入 計 ÷ 年間予算_FD仕入 計 × 100	-	年間予実対比（予実対比）.年間実績_FD仕入 計, 年間予実対比（予実対比）.年間予算_FD仕入 計	売上(税抜)	year	月次	shop × month, shop × month × product, shop × date × product	60M	on_budget_update	batch	予算確定後
トランザクション	個別	S635	年間予算対比率_フード仕入	原価系	店長	-	🟢 既実装	小	🟡 加重平均	率指標は加重平均	metric	FORECAST	画面内	予実管理	売上予実	売上の達成率/進捗率モニタリング、月中の早期是正アクション (KPI単独表示)	L2-S	年間実績_フード仕入 ÷ 年間予算_フード仕入 × 100	-	年間予実対比（予実対比）.年間実績_フード仕入, 年間予実対比（予実対比）.年間予算_フード仕入	売上(税抜)	year	月次	shop × month	60M	on_budget_update	batch	予算確定後
トランザクション	個別	S636	年間予算対比率_ドリンク仕入	原価系	店長	-	🟢 既実装	小	🟡 加重平均	率指標は加重平均	metric	FORECAST	画面内	予実管理	売上予実	売上の達成率/進捗率モニタリング、月中の早期是正アクション (KPI単独表示)	L2-S	年間実績_ドリンク仕入 ÷ 年間予算_ドリンク仕入 × 100	-	年間予実対比（予実対比）.年間実績_ドリンク仕入, 年間予実対比（予実対比）.年間予算_ドリンク仕入	売上(税抜)	year	月次	shop × month	60M	on_budget_update	batch	予算確定後
トランザクション	個別	S637	年間予算対比率_人件費 計	人件費系	店長	-	🟢 既実装	小	🟡 加重平均	率指標は加重平均	metric	FORECAST	画面内	人件費効率	PA率分析	PA率の店舗/業態比較、人件費効率改善の優先順位 (KPI単独表示)	L2-S	年間実績_人件費 計 ÷ 年間予算_人件費 計 × 100	-	年間予実対比（予実対比）.年間実績_人件費 計, 年間予実対比（予実対比）.年間予算_人件費 計	売上(税抜)	year	月次	shop × month × product	60M	on_budget_update	batch	予算確定後
トランザクション	個別	S638	年間予算対比率_固定人件費	人件費系	店長	-	🟢 既実装	小	🟡 加重平均	率指標は加重平均	metric	FORECAST	画面内	人件費効率	PA率分析	PA率の店舗/業態比較、人件費効率改善の優先順位 (KPI単独表示)	L2-S	年間実績_固定人件費 ÷ 年間予算_固定人件費 × 100	-	年間予実対比（予実対比）.年間実績_固定人件費, 年間予実対比（予実対比）.年間予算_固定人件費	売上(税抜)	year	月次	shop × month	60M	on_budget_update	batch	予算確定後
トランザクション	個別	S639	年間予算対比率_PA人件費	人件費系	店長	-	🟢 既実装	小	🟡 加重平均	率指標は加重平均	metric	FORECAST	画面内	人件費効率	PA率分析	PA率の店舗/業態比較、人件費効率改善の優先順位 (KPI単独表示)	L2-S	年間実績_PA人件費 ÷ 年間予算_PA人件費 × 100	-	年間予実対比（予実対比）.年間実績_PA人件費, 年間予実対比（予実対比）.年間予算_PA人件費	売上(税抜)	year	月次	shop × month	60M	on_budget_update	batch	予算確定後
トランザクション	個別	S640	年間予算対比率_社員人件費	人件費系	店長	-	🟢 既実装	小	🟡 加重平均	率指標は加重平均	metric	FORECAST	画面内	人件費効率	PA率分析	PA率の店舗/業態比較、人件費効率改善の優先順位 (KPI単独表示)	L2-S	年間実績_社員人件費 ÷ 年間予算_社員人件費 × 100	-	年間予実対比（予実対比）.年間実績_社員人件費, 年間予実対比（予実対比）.年間予算_社員人件費	売上(税抜)	year	月次	shop × month	60M	on_budget_update	batch	予算確定後
トランザクション	個別	S641	年間予算対比率_ヘルプ人件費	人件費系	店長	-	🟢 既実装	小	🟡 加重平均	率指標は加重平均	metric	FORECAST	画面内	人件費効率	PA率分析	PA率の店舗/業態比較、人件費効率改善の優先順位 (KPI単独表示)	L2-S	年間実績_ヘルプ人件費 ÷ 年間予算_ヘルプ人件費 × 100	-	年間予実対比（予実対比）.年間実績_ヘルプ人件費, 年間予実対比（予実対比）.年間予算_ヘルプ人件費	売上(税抜)	year	月次	shop × month	60M	on_budget_update	batch	予算確定後
トランザクション	個別	S642	年間予算対比率_その他経費 計	予実系	店長	-	🟢 既実装	小	🟡 加重平均	率指標は加重平均	metric	FORECAST	画面内	予実管理	経費予実	経費の予算超過リスク検知、削減ポイント特定 (KPI単独表示)	L2-S	年間実績_その他経費 計 ÷ 年間予算_その他経費 計 × 100	-	年間予実対比（予実対比）.年間実績_その他経費 計, 年間予実対比（予実対比）.年間予算_その他経費 計	売上(税抜)	year	月次	shop × month × product	60M	on_budget_update	batch	予算確定後
トランザクション	個別	S643	年間予算対比率_地代家賃	予実系	店長	-	🟢 既実装	小	🟡 加重平均	率指標は加重平均	metric	FORECAST	画面内	予実管理	売上予実	売上の達成率/進捗率モニタリング、月中の早期是正アクション (KPI単独表示)	L2-S	年間実績_地代家賃 ÷ 年間予算_地代家賃 × 100	-	年間予実対比（予実対比）.年間実績_地代家賃, 年間予実対比（予実対比）.年間予算_地代家賃	売上(税抜)	year	月次	shop × month	60M	on_budget_update	batch	予算確定後
トランザクション	個別	S644	年間予算対比率_家賃（変動分）	予実系	店長	-	🟢 既実装	小	🟡 加重平均	率指標は加重平均	metric	FORECAST	画面内	予実管理	売上予実	売上の達成率/進捗率モニタリング、月中の早期是正アクション (KPI単独表示)	L2-S	年間実績_家賃（変動分） ÷ 年間予算_家賃（変動分） × 100	-	年間予実対比（予実対比）.年間実績_家賃（変動分）, 年間予実対比（予実対比）.年間予算_家賃（変動分）	売上(税抜)	year	月次	shop × month	60M	on_budget_update	batch	予算確定後
トランザクション	個別	S645	年間予算対比率_水道光熱費	予実系	店長	-	🟢 既実装	小	🟡 加重平均	率指標は加重平均	metric	FORECAST	画面内	予実管理	経費予実	経費の予算超過リスク検知、削減ポイント特定 (KPI単独表示)	L2-S	年間実績_水道光熱費 ÷ 年間予算_水道光熱費 × 100	-	年間予実対比（予実対比）.年間実績_水道光熱費, 年間予実対比（予実対比）.年間予算_水道光熱費	売上(税抜)	year	月次	shop × month	60M	on_budget_update	batch	予算確定後
トランザクション	個別	S646	年間予算対比率_電気代	予実系	店長	-	🟢 既実装	小	🟡 加重平均	率指標は加重平均	metric	FORECAST	画面内	予実管理	売上予実	売上の達成率/進捗率モニタリング、月中の早期是正アクション (KPI単独表示)	L2-S	年間実績_電気代 ÷ 年間予算_電気代 × 100	-	年間予実対比（予実対比）.年間実績_電気代, 年間予実対比（予実対比）.年間予算_電気代	売上(税抜)	year	月次	shop × month	60M	on_budget_update	batch	予算確定後
トランザクション	個別	S647	年間予算対比率_ガス代	予実系	店長	-	🟢 既実装	小	🟡 加重平均	率指標は加重平均	metric	FORECAST	画面内	予実管理	売上予実	売上の達成率/進捗率モニタリング、月中の早期是正アクション (KPI単独表示)	L2-S	年間実績_ガス代 ÷ 年間予算_ガス代 × 100	-	年間予実対比（予実対比）.年間実績_ガス代, 年間予実対比（予実対比）.年間予算_ガス代	売上(税抜)	year	月次	shop × month	60M	on_budget_update	batch	予算確定後
トランザクション	個別	S648	年間予算対比率_水道代	予実系	店長	-	🟢 既実装	小	🟡 加重平均	率指標は加重平均	metric	FORECAST	画面内	予実管理	売上予実	売上の達成率/進捗率モニタリング、月中の早期是正アクション (KPI単独表示)	L2-S	年間実績_水道代 ÷ 年間予算_水道代 × 100	-	年間予実対比（予実対比）.年間実績_水道代, 年間予実対比（予実対比）.年間予算_水道代	売上(税抜)	year	月次	shop × month	60M	on_budget_update	batch	予算確定後
トランザクション	個別	S649	年間予算対比率_減価償却費	予実系	店長	-	🟢 既実装	小	🟡 加重平均	率指標は加重平均	metric	FORECAST	画面内	予実管理	経費予実	経費の予算超過リスク検知、削減ポイント特定 (KPI単独表示)	L2-S	年間実績_減価償却費 ÷ 年間予算_減価償却費 × 100	-	年間予実対比（予実対比）.年間実績_減価償却費, 年間予実対比（予実対比）.年間予算_減価償却費	売上(税抜)	year	月次	shop × month	60M	on_budget_update	batch	予算確定後
トランザクション	個別	S650	年間予算対比率_販促費	予実系	店長	-	🟢 既実装	小	🟡 加重平均	率指標は加重平均	metric	FORECAST	画面内	予実管理	経費予実	経費の予算超過リスク検知、削減ポイント特定 (KPI単独表示)	L2-S	年間実績_販促費 ÷ 年間予算_販促費 × 100	-	年間予実対比（予実対比）.年間実績_販促費, 年間予実対比（予実対比）.年間予算_販促費	売上(税抜)	year	月次	shop × month	60M	on_budget_update	batch	予算確定後
トランザクション	個別	S651	年間予算対比率_資材費	予実系	店長	-	🟢 既実装	小	🟡 加重平均	率指標は加重平均	metric	FORECAST	画面内	予実管理	経費予実	経費の予算超過リスク検知、削減ポイント特定 (KPI単独表示)	L2-S	年間実績_資材費 ÷ 年間予算_資材費 × 100	-	年間予実対比（予実対比）.年間実績_資材費, 年間予実対比（予実対比）.年間予算_資材費	売上(税抜)	year	月次	shop × month	60M	on_budget_update	batch	予算確定後
トランザクション	個別	S652	年間予算対比率_借入金返済	予実系	店長	-	🟢 既実装	小	🟡 加重平均	率指標は加重平均	metric	FORECAST	画面内	予実管理	売上予実	売上の達成率/進捗率モニタリング、月中の早期是正アクション (KPI単独表示)	L2-S	年間実績_借入金返済 ÷ 年間予算_借入金返済 × 100	-	年間予実対比（予実対比）.年間実績_借入金返済, 年間予実対比（予実対比）.年間予算_借入金返済	売上(税抜)	year	月次	shop × month	60M	on_budget_update	batch	予算確定後
トランザクション	個別	S653	年間予算対比率_IT費用	予実系	店長	-	🟢 既実装	小	🟡 加重平均	率指標は加重平均	metric	FORECAST	画面内	予実管理	経費予実	経費の予算超過リスク検知、削減ポイント特定 (KPI単独表示)	L2-S	年間実績_IT費用 ÷ 年間予算_IT費用 × 100	-	年間予実対比（予実対比）.年間実績_IT費用, 年間予実対比（予実対比）.年間予算_IT費用	売上(税抜)	year	月次	shop × month	60M	on_budget_update	batch	予算確定後
トランザクション	個別	S654	年間予算対比率_ラクミー利用料	予実系	店長	-	🟢 既実装	小	🟡 加重平均	率指標は加重平均	metric	FORECAST	画面内	予実管理	売上予実	売上の達成率/進捗率モニタリング、月中の早期是正アクション (KPI単独表示)	L2-S	年間実績_ラクミー利用料 ÷ 年間予算_ラクミー利用料 × 100	-	年間予実対比（予実対比）.年間実績_ラクミー利用料, 年間予実対比（予実対比）.年間予算_ラクミー利用料	売上(税抜)	year	月次	shop × month	60M	on_budget_update	batch	予算確定後
トランザクション	個別	S655	年間予算対比率_レジ利用料	予実系	店長	-	🟢 既実装	小	🟡 加重平均	率指標は加重平均	metric	FORECAST	画面内	予実管理	売上予実	売上の達成率/進捗率モニタリング、月中の早期是正アクション (KPI単独表示)	L2-S	年間実績_レジ利用料 ÷ 年間予算_レジ利用料 × 100	-	年間予実対比（予実対比）.年間実績_レジ利用料, 年間予実対比（予実対比）.年間予算_レジ利用料	売上(税抜)	year	月次	shop × month	60M	on_budget_update	batch	予算確定後
トランザクション	個別	S656	年間予算対比率_クレジットカード手数料	予実系	店長	-	🟢 既実装	小	🟡 加重平均	率指標は加重平均	metric	FORECAST	画面内	予実管理	売上予実	売上の達成率/進捗率モニタリング、月中の早期是正アクション (KPI単独表示)	L2-S	年間実績_クレジットカード手数料 ÷ 年間予算_クレジットカード手数料 × 100	-	年間予実対比（予実対比）.年間実績_クレジットカード手数料, 年間予実対比（予実対比）.年間予算_クレジットカード手数料	売上(税抜)	year	月次	shop × month	60M	on_budget_update	batch	予算確定後
トランザクション	個別	S657	年間予算対比率_お花代	予実系	店長	-	🟢 既実装	小	🟡 加重平均	率指標は加重平均	metric	FORECAST	画面内	予実管理	売上予実	売上の達成率/進捗率モニタリング、月中の早期是正アクション (KPI単独表示)	L2-S	年間実績_お花代 ÷ 年間予算_お花代 × 100	-	年間予実対比（予実対比）.年間実績_お花代, 年間予実対比（予実対比）.年間予算_お花代	売上(税抜)	year	月次	shop × month	60M	on_budget_update	batch	予算確定後
トランザクション	個別	S658	年間予算対比率_営業利益	予実系	店長	-	🟢 既実装	小	🟡 加重平均	率指標は加重平均	metric	FORECAST	画面内	予実管理	売上予実	売上の達成率/進捗率モニタリング、月中の早期是正アクション (KPI単独表示)	L2-S	年間実績_営業利益 ÷ 年間予算_営業利益 × 100	-	年間予実対比（予実対比）.年間実績_営業利益, 年間予実対比（予実対比）.年間予算_営業利益	売上(税抜)	year	月次	shop × month × product	60M	on_budget_update	batch	予算確定後
トランザクション	個別	S659	年間予算構成比_総売上 計	予実系	店長	-	🟢 既実装	小	🟡 加重平均	率指標は加重平均	metric	FORECAST	画面内	予実管理	売上予実	売上の達成率/進捗率モニタリング、月中の早期是正アクション (KPI単独表示)	L2-S	年間予算_総売上 計 ÷ 年間予算_総売上 計 × 100	-	年間予実対比（予実対比）.年間予算_総売上 計, 年間予実対比（予実対比）.年間予算_総売上 計	売上(税抜)	year	月次	shop × month × product	60M	on_budget_update	batch	予算確定後
トランザクション	個別	S660	年間予算構成比_フード売上 計	予実系	店長	-	🟢 既実装	小	🟡 加重平均	率指標は加重平均	metric	FORECAST	画面内	予実管理	売上予実	売上の達成率/進捗率モニタリング、月中の早期是正アクション (KPI単独表示)	L2-S	年間予算_フード売上 計 ÷ 年間予算_総売上 計 × 100	-	年間予実対比（予実対比）.年間予算_フード売上 計, 年間予実対比（予実対比）.年間予算_総売上 計	売上(税抜)	year	月次	shop × month × product	60M	on_budget_update	batch	予算確定後
トランザクション	個別	S661	年間予算構成比_フード売上ランチ	予実系	店長	-	🟢 既実装	小	🟡 加重平均	率指標は加重平均	metric	FORECAST	画面内	予実管理	売上予実	売上の達成率/進捗率モニタリング、月中の早期是正アクション (KPI単独表示)	L2-S	年間予算_フード売上ランチ ÷ 年間予算_総売上 計 × 100	-	年間予実対比（予実対比）.年間予算_フード売上ランチ, 年間予実対比（予実対比）.年間予算_総売上 計	売上(税抜)	year	月次	shop × month × time_slot × product	60M	on_budget_update	batch	予算確定後
トランザクション	個別	S662	年間予算構成比_フード売上ディナー	予実系	店長	-	🟢 既実装	小	🟡 加重平均	率指標は加重平均	metric	FORECAST	画面内	予実管理	売上予実	売上の達成率/進捗率モニタリング、月中の早期是正アクション (KPI単独表示)	L2-S	年間予算_フード売上ディナー ÷ 年間予算_総売上 計 × 100	-	年間予実対比（予実対比）.年間予算_フード売上ディナー, 年間予実対比（予実対比）.年間予算_総売上 計	売上(税抜)	year	月次	shop × month × time_slot × product	60M	on_budget_update	batch	予算確定後
トランザクション	個別	S663	年間予算構成比_ドリンク売上 計	予実系	店長	-	🟢 既実装	小	🟡 加重平均	率指標は加重平均	metric	FORECAST	画面内	予実管理	売上予実	売上の達成率/進捗率モニタリング、月中の早期是正アクション (KPI単独表示)	L2-S	年間予算_ドリンク売上 計 ÷ 年間予算_総売上 計 × 100	-	年間予実対比（予実対比）.年間予算_ドリンク売上 計, 年間予実対比（予実対比）.年間予算_総売上 計	売上(税抜)	year	月次	shop × month × product	60M	on_budget_update	batch	予算確定後
トランザクション	個別	S664	年間予算構成比_ドリンク売上ランチ	予実系	店長	-	🟢 既実装	小	🟡 加重平均	率指標は加重平均	metric	FORECAST	画面内	予実管理	売上予実	売上の達成率/進捗率モニタリング、月中の早期是正アクション (KPI単独表示)	L2-S	年間予算_ドリンク売上ランチ ÷ 年間予算_総売上 計 × 100	-	年間予実対比（予実対比）.年間予算_ドリンク売上ランチ, 年間予実対比（予実対比）.年間予算_総売上 計	売上(税抜)	year	月次	shop × month × time_slot × product	60M	on_budget_update	batch	予算確定後
トランザクション	個別	S665	年間予算構成比_ドリンク売上ディナー	予実系	店長	-	🟢 既実装	小	🟡 加重平均	率指標は加重平均	metric	FORECAST	画面内	予実管理	売上予実	売上の達成率/進捗率モニタリング、月中の早期是正アクション (KPI単独表示)	L2-S	年間予算_ドリンク売上ディナー ÷ 年間予算_総売上 計 × 100	-	年間予実対比（予実対比）.年間予算_ドリンク売上ディナー, 年間予実対比（予実対比）.年間予算_総売上 計	売上(税抜)	year	月次	shop × month × time_slot × product	60M	on_budget_update	batch	予算確定後
トランザクション	個別	S666	年間予算構成比_その他売上 計	予実系	店長	-	🟢 既実装	小	🟡 加重平均	率指標は加重平均	metric	FORECAST	画面内	予実管理	売上予実	売上の達成率/進捗率モニタリング、月中の早期是正アクション (KPI単独表示)	L2-S	年間予算_その他売上 計 ÷ 年間予算_総売上 計 × 100	-	年間予実対比（予実対比）.年間予算_その他売上 計, 年間予実対比（予実対比）.年間予算_総売上 計	売上(税抜)	year	月次	shop × month	60M	on_budget_update	batch	予算確定後
トランザクション	個別	S667	年間予算構成比_その他売上ランチ	予実系	店長	-	🟢 既実装	小	🟡 加重平均	率指標は加重平均	metric	FORECAST	画面内	予実管理	売上予実	売上の達成率/進捗率モニタリング、月中の早期是正アクション (KPI単独表示)	L2-S	年間予算_その他売上ランチ ÷ 年間予算_総売上 計 × 100	-	年間予実対比（予実対比）.年間予算_その他売上ランチ, 年間予実対比（予実対比）.年間予算_総売上 計	売上(税抜)	year	月次	shop × month × time_slot	60M	on_budget_update	batch	予算確定後
トランザクション	個別	S668	年間予算構成比_その他売上ディナー	予実系	店長	-	🟢 既実装	小	🟡 加重平均	率指標は加重平均	metric	FORECAST	画面内	予実管理	売上予実	売上の達成率/進捗率モニタリング、月中の早期是正アクション (KPI単独表示)	L2-S	年間予算_その他売上ディナー ÷ 年間予算_総売上 計 × 100	-	年間予実対比（予実対比）.年間予算_その他売上ディナー, 年間予実対比（予実対比）.年間予算_総売上 計	売上(税抜)	year	月次	shop × month × time_slot	60M	on_budget_update	batch	予算確定後
トランザクション	個別	S669	年間予算構成比_FLコスト 計	予実系	店長	-	🟢 既実装	小	🟡 加重平均	率指標は加重平均	metric	FORECAST	画面内	予実管理	売上予実	売上の達成率/進捗率モニタリング、月中の早期是正アクション (KPI単独表示)	L2-S	年間予算_FLコスト 計 ÷ 年間予算_総売上 計 × 100	-	年間予実対比（予実対比）.年間予算_FLコスト 計, 年間予実対比（予実対比）.年間予算_総売上 計	売上(税抜)	year	月次	shop × month × product	60M	on_budget_update	batch	予算確定後
トランザクション	個別	S670	年間予算構成比_FD仕入 計	原価系	店長	-	🟢 既実装	小	🟡 加重平均	率指標は加重平均	metric	FORECAST	画面内	予実管理	売上予実	売上の達成率/進捗率モニタリング、月中の早期是正アクション (KPI単独表示)	L2-S	年間予算_FD仕入 計 ÷ 年間予算_総売上 計 × 100	-	年間予実対比（予実対比）.年間予算_FD仕入 計, 年間予実対比（予実対比）.年間予算_総売上 計	仕入金額(全体)	year	月次	shop × month × product, shop × date × product	60M	on_budget_update	batch	予算確定後
トランザクション	個別	S671	年間予算構成比_フード仕入	原価系	店長	-	🟢 既実装	小	🟡 加重平均	率指標は加重平均	metric	FORECAST	画面内	予実管理	売上予実	売上の達成率/進捗率モニタリング、月中の早期是正アクション (KPI単独表示)	L2-S	年間予算_フード仕入 ÷ 年間予算_総売上 計 × 100	-	年間予実対比（予実対比）.年間予算_フード仕入, 年間予実対比（予実対比）.年間予算_総売上 計	仕入金額(全体)	year	月次	shop × month	60M	on_budget_update	batch	予算確定後
トランザクション	個別	S672	年間予算構成比_ドリンク仕入	原価系	店長	-	🟢 既実装	小	🟡 加重平均	率指標は加重平均	metric	FORECAST	画面内	予実管理	売上予実	売上の達成率/進捗率モニタリング、月中の早期是正アクション (KPI単独表示)	L2-S	年間予算_ドリンク仕入 ÷ 年間予算_総売上 計 × 100	-	年間予実対比（予実対比）.年間予算_ドリンク仕入, 年間予実対比（予実対比）.年間予算_総売上 計	仕入金額(全体)	year	月次	shop × month	60M	on_budget_update	batch	予算確定後
トランザクション	個別	S673	年間予算構成比_人件費 計	人件費系	店長	-	🟢 既実装	小	🟡 加重平均	率指標は加重平均	metric	FORECAST	画面内	人件費効率	スタッフ別人件費	スタッフ別の人時生産性評価、教育投資/シフト配置最適化 (KPI単独表示)	L2-S	年間予算_人件費 計 ÷ 年間予算_総売上 計 × 100	-	年間予実対比（予実対比）.年間予算_人件費 計, 年間予実対比（予実対比）.年間予算_総売上 計	売上(税抜)	year	月次	shop × month × product	60M	on_budget_update	batch	予算確定後
トランザクション	個別	S674	年間予算構成比_固定人件費	人件費系	店長	-	🟢 既実装	小	🟡 加重平均	率指標は加重平均	metric	FORECAST	画面内	人件費効率	スタッフ別人件費	スタッフ別の人時生産性評価、教育投資/シフト配置最適化 (KPI単独表示)	L2-S	年間予算_固定人件費 ÷ 年間予算_総売上 計 × 100	-	年間予実対比（予実対比）.年間予算_固定人件費, 年間予実対比（予実対比）.年間予算_総売上 計	売上(税抜)	year	月次	shop × month	60M	on_budget_update	batch	予算確定後
トランザクション	個別	S675	年間予算構成比_PA人件費	人件費系	店長	-	🟢 既実装	小	🟡 加重平均	率指標は加重平均	metric	FORECAST	画面内	人件費効率	PA率分析	PA率の店舗/業態比較、人件費効率改善の優先順位 (KPI単独表示)	L2-S	年間予算_PA人件費 ÷ 年間予算_総売上 計 × 100	-	年間予実対比（予実対比）.年間予算_PA人件費, 年間予実対比（予実対比）.年間予算_総売上 計	売上(税抜)	year	月次	shop × month	60M	on_budget_update	batch	予算確定後
トランザクション	個別	S676	年間予算構成比_社員人件費	人件費系	店長	-	🟢 既実装	小	🟡 加重平均	率指標は加重平均	metric	FORECAST	画面内	人件費効率	スタッフ別人件費	スタッフ別の人時生産性評価、教育投資/シフト配置最適化 (KPI単独表示)	L2-S	年間予算_社員人件費 ÷ 年間予算_総売上 計 × 100	-	年間予実対比（予実対比）.年間予算_社員人件費, 年間予実対比（予実対比）.年間予算_総売上 計	売上(税抜)	year	月次	shop × month	60M	on_budget_update	batch	予算確定後
トランザクション	個別	S677	年間予算構成比_ヘルプ人件費	人件費系	店長	-	🟢 既実装	小	🟡 加重平均	率指標は加重平均	metric	FORECAST	画面内	人件費効率	スタッフ別人件費	スタッフ別の人時生産性評価、教育投資/シフト配置最適化 (KPI単独表示)	L2-S	年間予算_ヘルプ人件費 ÷ 年間予算_総売上 計 × 100	-	年間予実対比（予実対比）.年間予算_ヘルプ人件費, 年間予実対比（予実対比）.年間予算_総売上 計	売上(税抜)	year	月次	shop × month	60M	on_budget_update	batch	予算確定後
トランザクション	個別	S678	年間予算構成比_その他経費 計	予実系	店長	-	🟢 既実装	小	🟡 加重平均	率指標は加重平均	metric	FORECAST	画面内	予実管理	経費予実	経費の予算超過リスク検知、削減ポイント特定 (KPI単独表示)	L2-S	年間予算_その他経費 計 ÷ 年間予算_総売上 計 × 100	-	年間予実対比（予実対比）.年間予算_その他経費 計, 年間予実対比（予実対比）.年間予算_総売上 計	売上(税抜)	year	月次	shop × month × product	60M	on_budget_update	batch	予算確定後
トランザクション	個別	S679	年間予算構成比_地代家賃	予実系	店長	-	🟢 既実装	小	🟡 加重平均	率指標は加重平均	metric	FORECAST	画面内	予実管理	売上予実	売上の達成率/進捗率モニタリング、月中の早期是正アクション (KPI単独表示)	L2-S	年間予算_地代家賃 ÷ 年間予算_総売上 計 × 100	-	年間予実対比（予実対比）.年間予算_地代家賃, 年間予実対比（予実対比）.年間予算_総売上 計	売上(税抜)	year	月次	shop × month	60M	on_budget_update	batch	予算確定後
トランザクション	個別	S680	年間予算構成比_家賃（変動分）	予実系	店長	-	🟢 既実装	小	🟡 加重平均	率指標は加重平均	metric	FORECAST	画面内	予実管理	売上予実	売上の達成率/進捗率モニタリング、月中の早期是正アクション (KPI単独表示)	L2-S	年間予算_家賃（変動分） ÷ 年間予算_総売上 計 × 100	-	年間予実対比（予実対比）.年間予算_家賃（変動分）, 年間予実対比（予実対比）.年間予算_総売上 計	売上(税抜)	year	月次	shop × month	60M	on_budget_update	batch	予算確定後
トランザクション	個別	S681	年間予算構成比_水道光熱費	予実系	店長	-	🟢 既実装	小	🟡 加重平均	率指標は加重平均	metric	FORECAST	画面内	予実管理	経費予実	経費の予算超過リスク検知、削減ポイント特定 (KPI単独表示)	L2-S	年間予算_水道光熱費 ÷ 年間予算_総売上 計 × 100	-	年間予実対比（予実対比）.年間予算_水道光熱費, 年間予実対比（予実対比）.年間予算_総売上 計	売上(税抜)	year	月次	shop × month	60M	on_budget_update	batch	予算確定後
トランザクション	個別	S682	年間予算構成比_電気代	予実系	店長	-	🟢 既実装	小	🟡 加重平均	率指標は加重平均	metric	FORECAST	画面内	予実管理	売上予実	売上の達成率/進捗率モニタリング、月中の早期是正アクション (KPI単独表示)	L2-S	年間予算_電気代 ÷ 年間予算_総売上 計 × 100	-	年間予実対比（予実対比）.年間予算_電気代, 年間予実対比（予実対比）.年間予算_総売上 計	売上(税抜)	year	月次	shop × month	60M	on_budget_update	batch	予算確定後
トランザクション	個別	S683	年間予算構成比_ガス代	予実系	店長	-	🟢 既実装	小	🟡 加重平均	率指標は加重平均	metric	FORECAST	画面内	予実管理	売上予実	売上の達成率/進捗率モニタリング、月中の早期是正アクション (KPI単独表示)	L2-S	年間予算_ガス代 ÷ 年間予算_総売上 計 × 100	-	年間予実対比（予実対比）.年間予算_ガス代, 年間予実対比（予実対比）.年間予算_総売上 計	売上(税抜)	year	月次	shop × month	60M	on_budget_update	batch	予算確定後
トランザクション	個別	S684	年間予算構成比_水道代	予実系	店長	-	🟢 既実装	小	🟡 加重平均	率指標は加重平均	metric	FORECAST	画面内	予実管理	売上予実	売上の達成率/進捗率モニタリング、月中の早期是正アクション (KPI単独表示)	L2-S	年間予算_水道代 ÷ 年間予算_総売上 計 × 100	-	年間予実対比（予実対比）.年間予算_水道代, 年間予実対比（予実対比）.年間予算_総売上 計	売上(税抜)	year	月次	shop × month	60M	on_budget_update	batch	予算確定後
トランザクション	個別	S685	年間予算構成比_減価償却費	予実系	店長	-	🟢 既実装	小	🟡 加重平均	率指標は加重平均	metric	FORECAST	画面内	予実管理	経費予実	経費の予算超過リスク検知、削減ポイント特定 (KPI単独表示)	L2-S	年間予算_減価償却費 ÷ 年間予算_総売上 計 × 100	-	年間予実対比（予実対比）.年間予算_減価償却費, 年間予実対比（予実対比）.年間予算_総売上 計	売上(税抜)	year	月次	shop × month	60M	on_budget_update	batch	予算確定後
トランザクション	個別	S686	年間予算構成比_販促費	予実系	店長	-	🟢 既実装	小	🟡 加重平均	率指標は加重平均	metric	FORECAST	画面内	予実管理	経費予実	経費の予算超過リスク検知、削減ポイント特定 (KPI単独表示)	L2-S	年間予算_販促費 ÷ 年間予算_総売上 計 × 100	-	年間予実対比（予実対比）.年間予算_販促費, 年間予実対比（予実対比）.年間予算_総売上 計	売上(税抜)	year	月次	shop × month	60M	on_budget_update	batch	予算確定後
トランザクション	個別	S687	年間予算構成比_資材費	予実系	店長	-	🟢 既実装	小	🟡 加重平均	率指標は加重平均	metric	FORECAST	画面内	予実管理	経費予実	経費の予算超過リスク検知、削減ポイント特定 (KPI単独表示)	L2-S	年間予算_資材費 ÷ 年間予算_総売上 計 × 100	-	年間予実対比（予実対比）.年間予算_資材費, 年間予実対比（予実対比）.年間予算_総売上 計	売上(税抜)	year	月次	shop × month	60M	on_budget_update	batch	予算確定後
トランザクション	個別	S688	年間予算構成比_借入金返済	予実系	店長	-	🟢 既実装	小	🟡 加重平均	率指標は加重平均	metric	FORECAST	画面内	予実管理	売上予実	売上の達成率/進捗率モニタリング、月中の早期是正アクション (KPI単独表示)	L2-S	年間予算_借入金返済 ÷ 年間予算_総売上 計 × 100	-	年間予実対比（予実対比）.年間予算_借入金返済, 年間予実対比（予実対比）.年間予算_総売上 計	売上(税抜)	year	月次	shop × month	60M	on_budget_update	batch	予算確定後
トランザクション	個別	S689	年間予算構成比_IT費用	予実系	店長	-	🟢 既実装	小	🟡 加重平均	率指標は加重平均	metric	FORECAST	画面内	予実管理	経費予実	経費の予算超過リスク検知、削減ポイント特定 (KPI単独表示)	L2-S	年間予算_IT費用 ÷ 年間予算_総売上 計 × 100	-	年間予実対比（予実対比）.年間予算_IT費用, 年間予実対比（予実対比）.年間予算_総売上 計	売上(税抜)	year	月次	shop × month	60M	on_budget_update	batch	予算確定後
トランザクション	個別	S690	年間予算構成比_ラクミー利用料	予実系	店長	-	🟢 既実装	小	🟡 加重平均	率指標は加重平均	metric	FORECAST	画面内	予実管理	売上予実	売上の達成率/進捗率モニタリング、月中の早期是正アクション (KPI単独表示)	L2-S	年間予算_ラクミー利用料 ÷ 年間予算_総売上 計 × 100	-	年間予実対比（予実対比）.年間予算_ラクミー利用料, 年間予実対比（予実対比）.年間予算_総売上 計	売上(税抜)	year	月次	shop × month	60M	on_budget_update	batch	予算確定後
トランザクション	個別	S691	年間予算構成比_レジ利用料	予実系	店長	-	🟢 既実装	小	🟡 加重平均	率指標は加重平均	metric	FORECAST	画面内	予実管理	売上予実	売上の達成率/進捗率モニタリング、月中の早期是正アクション (KPI単独表示)	L2-S	年間予算_レジ利用料 ÷ 年間予算_総売上 計 × 100	-	年間予実対比（予実対比）.年間予算_レジ利用料, 年間予実対比（予実対比）.年間予算_総売上 計	売上(税抜)	year	月次	shop × month	60M	on_budget_update	batch	予算確定後
トランザクション	個別	S692	年間予算構成比_クレジットカード手数料	予実系	店長	-	🟢 既実装	小	🟡 加重平均	率指標は加重平均	metric	FORECAST	画面内	予実管理	売上予実	売上の達成率/進捗率モニタリング、月中の早期是正アクション (KPI単独表示)	L2-S	年間予算_クレジットカード手数料 ÷ 年間予算_総売上 計 × 100	-	年間予実対比（予実対比）.年間予算_クレジットカード手数料, 年間予実対比（予実対比）.年間予算_総売上 計	売上(税抜)	year	月次	shop × month	60M	on_budget_update	batch	予算確定後
トランザクション	個別	S693	年間予算構成比_お花代	予実系	店長	-	🟢 既実装	小	🟡 加重平均	率指標は加重平均	metric	FORECAST	画面内	予実管理	売上予実	売上の達成率/進捗率モニタリング、月中の早期是正アクション (KPI単独表示)	L2-S	年間予算_お花代 ÷ 年間予算_総売上 計 × 100	-	年間予実対比（予実対比）.年間予算_お花代, 年間予実対比（予実対比）.年間予算_総売上 計	売上(税抜)	year	月次	shop × month	60M	on_budget_update	batch	予算確定後
トランザクション	個別	S694	年間予算構成比_営業利益	予実系	店長	-	🟢 既実装	小	🟡 加重平均	率指標は加重平均	metric	FORECAST	画面内	予実管理	売上予実	売上の達成率/進捗率モニタリング、月中の早期是正アクション (KPI単独表示)	L2-S	年間予算_営業利益 ÷ 年間予算_総売上 計 × 100	-	年間予実対比（予実対比）.年間予算_営業利益, 年間予実対比（予実対比）.年間予算_総売上 計	売上(税抜)	year	月次	shop × month × product	60M	on_budget_update	batch	予算確定後
トランザクション	個別	S695	年間構成比_総売上 計	売上系	店長	-	🟢 既実装	小	🟡 加重平均	率指標は加重平均	metric	FLOW	画面内	売上分析	店舗別売上	店舗ごとの売上推移を比較し、伸長/落ち込み店舗を早期発見、施策効果検証 (KPI単独表示)	L2-S	年間実績_総売上 計 ÷ 年間実績_総売上 計 × 100	-	年間予実対比（予実対比）.年間実績_総売上 計, 年間予実対比（予実対比）.年間実績_総売上 計	売上(税抜)	year	月次	shop × month × product	60M	nightly + monthly_finalize	batch	翌日日次確定
トランザクション	個別	S696	年間構成比_フード売上 計	売上系	店長	-	🟢 既実装	小	🟡 加重平均	率指標は加重平均	metric	FLOW	画面内	売上分析	店舗別売上	店舗ごとの売上推移を比較し、伸長/落ち込み店舗を早期発見、施策効果検証 (KPI単独表示)	L2-S	年間実績_フード売上 計 ÷ 年間実績_総売上 計 × 100	-	年間予実対比（予実対比）.年間実績_フード売上 計, 年間予実対比（予実対比）.年間実績_総売上 計	売上(税抜)	year	月次	shop × month × product	60M	nightly + monthly_finalize	batch	翌日日次確定
トランザクション	個別	S697	年間構成比_フード売上ランチ	売上系	店長	-	🟢 既実装	小	🟡 加重平均	率指標は加重平均	metric	FLOW	画面内	売上分析	店舗別売上	店舗ごとの売上推移を比較し、伸長/落ち込み店舗を早期発見、施策効果検証 (KPI単独表示)	L2-S	年間実績_フード売上ランチ ÷ 年間実績_総売上 計 × 100	-	年間予実対比（予実対比）.年間実績_フード売上ランチ, 年間予実対比（予実対比）.年間実績_総売上 計	売上(税抜)	year	月次	shop × month × time_slot × product	60M	nightly + monthly_finalize	batch	翌日日次確定
トランザクション	個別	S698	年間構成比_フード売上ディナー	売上系	店長	-	🟢 既実装	小	🟡 加重平均	率指標は加重平均	metric	FLOW	画面内	売上分析	店舗別売上	店舗ごとの売上推移を比較し、伸長/落ち込み店舗を早期発見、施策効果検証 (KPI単独表示)	L2-S	年間実績_フード売上ディナー ÷ 年間実績_総売上 計 × 100	-	年間予実対比（予実対比）.年間実績_フード売上ディナー, 年間予実対比（予実対比）.年間実績_総売上 計	売上(税抜)	year	月次	shop × month × time_slot × product	60M	nightly + monthly_finalize	batch	翌日日次確定
トランザクション	個別	S699	年間構成比_ドリンク売上 計	売上系	店長	-	🟢 既実装	小	🟡 加重平均	率指標は加重平均	metric	FLOW	画面内	売上分析	店舗別売上	店舗ごとの売上推移を比較し、伸長/落ち込み店舗を早期発見、施策効果検証 (KPI単独表示)	L2-S	年間実績_ドリンク売上 計 ÷ 年間実績_総売上 計 × 100	-	年間予実対比（予実対比）.年間実績_ドリンク売上 計, 年間予実対比（予実対比）.年間実績_総売上 計	売上(税抜)	year	月次	shop × month × product	60M	nightly + monthly_finalize	batch	翌日日次確定
トランザクション	個別	S700	年間構成比_ドリンク売上ランチ	売上系	店長	-	🟢 既実装	小	🟡 加重平均	率指標は加重平均	metric	FLOW	画面内	売上分析	店舗別売上	店舗ごとの売上推移を比較し、伸長/落ち込み店舗を早期発見、施策効果検証 (KPI単独表示)	L2-S	年間実績_ドリンク売上ランチ ÷ 年間実績_総売上 計 × 100	-	年間予実対比（予実対比）.年間実績_ドリンク売上ランチ, 年間予実対比（予実対比）.年間実績_総売上 計	売上(税抜)	year	月次	shop × month × time_slot × product	60M	nightly + monthly_finalize	batch	翌日日次確定
トランザクション	個別	S701	年間構成比_ドリンク売上ディナー	売上系	店長	-	🟢 既実装	小	🟡 加重平均	率指標は加重平均	metric	FLOW	画面内	売上分析	店舗別売上	店舗ごとの売上推移を比較し、伸長/落ち込み店舗を早期発見、施策効果検証 (KPI単独表示)	L2-S	年間実績_ドリンク売上ディナー ÷ 年間実績_総売上 計 × 100	-	年間予実対比（予実対比）.年間実績_ドリンク売上ディナー, 年間予実対比（予実対比）.年間実績_総売上 計	売上(税抜)	year	月次	shop × month × time_slot × product	60M	nightly + monthly_finalize	batch	翌日日次確定
トランザクション	個別	S702	年間構成比_その他売上 計	売上系	店長	-	🟢 既実装	小	🟡 加重平均	率指標は加重平均	metric	FLOW	画面内	売上分析	店舗別売上	店舗ごとの売上推移を比較し、伸長/落ち込み店舗を早期発見、施策効果検証 (KPI単独表示)	L2-S	年間実績_その他売上 計 ÷ 年間実績_総売上 計 × 100	-	年間予実対比（予実対比）.年間実績_その他売上 計, 年間予実対比（予実対比）.年間実績_総売上 計	売上(税抜)	year	月次	shop × month	60M	nightly + monthly_finalize	batch	翌日日次確定
トランザクション	個別	S703	年間構成比_その他売上ランチ	売上系	店長	-	🟢 既実装	小	🟡 加重平均	率指標は加重平均	metric	FLOW	画面内	売上分析	店舗別売上	店舗ごとの売上推移を比較し、伸長/落ち込み店舗を早期発見、施策効果検証 (KPI単独表示)	L2-S	年間実績_その他売上ランチ ÷ 年間実績_総売上 計 × 100	-	年間予実対比（予実対比）.年間実績_その他売上ランチ, 年間予実対比（予実対比）.年間実績_総売上 計	売上(税抜)	year	月次	shop × month × time_slot	60M	nightly + monthly_finalize	batch	翌日日次確定
トランザクション	個別	S704	年間構成比_その他売上ディナー	売上系	店長	-	🟢 既実装	小	🟡 加重平均	率指標は加重平均	metric	FLOW	画面内	売上分析	店舗別売上	店舗ごとの売上推移を比較し、伸長/落ち込み店舗を早期発見、施策効果検証 (KPI単独表示)	L2-S	年間実績_その他売上ディナー ÷ 年間実績_総売上 計 × 100	-	年間予実対比（予実対比）.年間実績_その他売上ディナー, 年間予実対比（予実対比）.年間実績_総売上 計	売上(税抜)	year	月次	shop × month × time_slot	60M	nightly + monthly_finalize	batch	翌日日次確定
トランザクション	個別	S705	年間構成比_FLコスト 計	その他	店長	-	🟢 既実装	小	🟡 加重平均	率指標は加重平均	metric	FLOW	画面内	売上分析	店舗別売上	店舗ごとの売上推移を比較し、伸長/落ち込み店舗を早期発見、施策効果検証 (KPI単独表示)	L2-S	年間実績_FLコスト 計 ÷ 年間実績_総売上 計 × 100	-	年間予実対比（予実対比）.年間実績_FLコスト 計, 年間予実対比（予実対比）.年間実績_総売上 計	売上(税抜)	year	月次	shop × month × product	60M	nightly + monthly_finalize	batch	確定なし
トランザクション	個別	S706	年間構成比_FD仕入 計	原価系	店長	-	🟢 既実装	小	🟡 加重平均	率指標は加重平均	metric	FLOW	画面内	原価管理	FD率分析	FD率の推移把握、ロス削減/原価コントロール優先順位 (KPI単独表示)	L2-S	年間実績_FD仕入 計 ÷ 年間実績_総売上 計 × 100	-	年間予実対比（予実対比）.年間実績_FD仕入 計, 年間予実対比（予実対比）.年間実績_総売上 計	仕入金額(全体)	year	月次	shop × month × product, shop × date × product	60M	nightly + monthly_finalize	batch	納品確定後
トランザクション	個別	S707	年間構成比_フード仕入	原価系	店長	-	🟢 既実装	小	🟡 加重平均	率指標は加重平均	metric	FLOW	画面内	原価管理	FD率分析	FD率の推移把握、ロス削減/原価コントロール優先順位 (KPI単独表示)	L2-S	年間実績_フード仕入 ÷ 年間実績_総売上 計 × 100	-	年間予実対比（予実対比）.年間実績_フード仕入, 年間予実対比（予実対比）.年間実績_総売上 計	仕入金額(全体)	year	月次	shop × month	60M	nightly + monthly_finalize	batch	納品確定後
トランザクション	個別	S708	年間構成比_ドリンク仕入	原価系	店長	-	🟢 既実装	小	🟡 加重平均	率指標は加重平均	metric	FLOW	画面内	原価管理	FD率分析	FD率の推移把握、ロス削減/原価コントロール優先順位 (KPI単独表示)	L2-S	年間実績_ドリンク仕入 ÷ 年間実績_総売上 計 × 100	-	年間予実対比（予実対比）.年間実績_ドリンク仕入, 年間予実対比（予実対比）.年間実績_総売上 計	仕入金額(全体)	year	月次	shop × month	60M	nightly + monthly_finalize	batch	納品確定後
トランザクション	個別	S709	年間構成比_人件費 計	人件費系	店長	-	🟢 既実装	小	🟡 加重平均	率指標は加重平均	metric	FLOW	画面内	人件費効率	スタッフ別人件費	スタッフ別の人時生産性評価、教育投資/シフト配置最適化 (KPI単独表示)	L2-S	年間実績_人件費 計 ÷ 年間実績_総売上 計 × 100	-	年間予実対比（予実対比）.年間実績_人件費 計, 年間予実対比（予実対比）.年間実績_総売上 計	売上(税抜)	year	月次	shop × month × product	60M	nightly + monthly_finalize	batch	確定なし
トランザクション	個別	S710	年間構成比_固定人件費	人件費系	店長	-	🟢 既実装	小	🟡 加重平均	率指標は加重平均	metric	FLOW	画面内	人件費効率	スタッフ別人件費	スタッフ別の人時生産性評価、教育投資/シフト配置最適化 (KPI単独表示)	L2-S	年間実績_固定人件費 ÷ 年間実績_総売上 計 × 100	-	年間予実対比（予実対比）.年間実績_固定人件費, 年間予実対比（予実対比）.年間実績_総売上 計	売上(税抜)	year	月次	shop × month	60M	nightly + monthly_finalize	batch	確定なし
トランザクション	個別	S711	年間構成比_PA人件費	人件費系	店長	-	🟢 既実装	小	🟡 加重平均	率指標は加重平均	metric	FLOW	画面内	人件費効率	PA率分析	PA率の店舗/業態比較、人件費効率改善の優先順位 (KPI単独表示)	L2-S	年間実績_PA人件費 ÷ 年間実績_総売上 計 × 100	-	年間予実対比（予実対比）.年間実績_PA人件費, 年間予実対比（予実対比）.年間実績_総売上 計	売上(税抜)	year	月次	shop × month	60M	nightly + monthly_finalize	batch	確定なし
トランザクション	個別	S712	年間構成比_社員人件費	人件費系	店長	-	🟢 既実装	小	🟡 加重平均	率指標は加重平均	metric	FLOW	画面内	人件費効率	スタッフ別人件費	スタッフ別の人時生産性評価、教育投資/シフト配置最適化 (KPI単独表示)	L2-S	年間実績_社員人件費 ÷ 年間実績_総売上 計 × 100	-	年間予実対比（予実対比）.年間実績_社員人件費, 年間予実対比（予実対比）.年間実績_総売上 計	売上(税抜)	year	月次	shop × month	60M	nightly + monthly_finalize	batch	確定なし
トランザクション	個別	S713	年間構成比_ヘルプ人件費	人件費系	店長	-	🟢 既実装	小	🟡 加重平均	率指標は加重平均	metric	FLOW	画面内	人件費効率	スタッフ別人件費	スタッフ別の人時生産性評価、教育投資/シフト配置最適化 (KPI単独表示)	L2-S	年間実績_ヘルプ人件費 ÷ 年間実績_総売上 計 × 100	-	年間予実対比（予実対比）.年間実績_ヘルプ人件費, 年間予実対比（予実対比）.年間実績_総売上 計	売上(税抜)	year	月次	shop × month	60M	nightly + monthly_finalize	batch	確定なし
トランザクション	個別	S714	年間構成比_その他経費 計	その他	店長	-	🟢 既実装	小	🟡 加重平均	率指標は加重平均	metric	FLOW	画面内	売上分析	店舗別売上	店舗ごとの売上推移を比較し、伸長/落ち込み店舗を早期発見、施策効果検証 (KPI単独表示)	L2-S	年間実績_その他経費 計 ÷ 年間実績_総売上 計 × 100	-	年間予実対比（予実対比）.年間実績_その他経費 計, 年間予実対比（予実対比）.年間実績_総売上 計	売上(税抜)	year	月次	shop × month × product	60M	nightly + monthly_finalize	batch	確定なし
トランザクション	個別	S715	年間構成比_地代家賃	その他	店長	-	🟢 既実装	小	🟡 加重平均	率指標は加重平均	metric	FLOW	画面内	売上分析	店舗別売上	店舗ごとの売上推移を比較し、伸長/落ち込み店舗を早期発見、施策効果検証 (KPI単独表示)	L2-S	年間実績_地代家賃 ÷ 年間実績_総売上 計 × 100	-	年間予実対比（予実対比）.年間実績_地代家賃, 年間予実対比（予実対比）.年間実績_総売上 計	売上(税抜)	year	月次	shop × month	60M	nightly + monthly_finalize	batch	確定なし
トランザクション	個別	S716	年間構成比_家賃（変動分）	その他	店長	-	🟢 既実装	小	🟡 加重平均	率指標は加重平均	metric	FLOW	画面内	売上分析	店舗別売上	店舗ごとの売上推移を比較し、伸長/落ち込み店舗を早期発見、施策効果検証 (KPI単独表示)	L2-S	年間実績_家賃（変動分） ÷ 年間実績_総売上 計 × 100	-	年間予実対比（予実対比）.年間実績_家賃（変動分）, 年間予実対比（予実対比）.年間実績_総売上 計	売上(税抜)	year	月次	shop × month	60M	nightly + monthly_finalize	batch	確定なし
トランザクション	個別	S717	年間構成比_水道光熱費	その他	店長	-	🟢 既実装	小	🟡 加重平均	率指標は加重平均	metric	FLOW	画面内	売上分析	店舗別売上	店舗ごとの売上推移を比較し、伸長/落ち込み店舗を早期発見、施策効果検証 (KPI単独表示)	L2-S	年間実績_水道光熱費 ÷ 年間実績_総売上 計 × 100	-	年間予実対比（予実対比）.年間実績_水道光熱費, 年間予実対比（予実対比）.年間実績_総売上 計	売上(税抜)	year	月次	shop × month	60M	nightly + monthly_finalize	batch	確定なし
トランザクション	個別	S718	年間構成比_電気代	その他	店長	-	🟢 既実装	小	🟡 加重平均	率指標は加重平均	metric	FLOW	画面内	売上分析	店舗別売上	店舗ごとの売上推移を比較し、伸長/落ち込み店舗を早期発見、施策効果検証 (KPI単独表示)	L2-S	年間実績_電気代 ÷ 年間実績_総売上 計 × 100	-	年間予実対比（予実対比）.年間実績_電気代, 年間予実対比（予実対比）.年間実績_総売上 計	売上(税抜)	year	月次	shop × month	60M	nightly + monthly_finalize	batch	確定なし
トランザクション	個別	S719	年間構成比_ガス代	その他	店長	-	🟢 既実装	小	🟡 加重平均	率指標は加重平均	metric	FLOW	画面内	売上分析	店舗別売上	店舗ごとの売上推移を比較し、伸長/落ち込み店舗を早期発見、施策効果検証 (KPI単独表示)	L2-S	年間実績_ガス代 ÷ 年間実績_総売上 計 × 100	-	年間予実対比（予実対比）.年間実績_ガス代, 年間予実対比（予実対比）.年間実績_総売上 計	売上(税抜)	year	月次	shop × month	60M	nightly + monthly_finalize	batch	確定なし
トランザクション	個別	S720	年間構成比_水道代	その他	店長	-	🟢 既実装	小	🟡 加重平均	率指標は加重平均	metric	FLOW	画面内	売上分析	店舗別売上	店舗ごとの売上推移を比較し、伸長/落ち込み店舗を早期発見、施策効果検証 (KPI単独表示)	L2-S	年間実績_水道代 ÷ 年間実績_総売上 計 × 100	-	年間予実対比（予実対比）.年間実績_水道代, 年間予実対比（予実対比）.年間実績_総売上 計	売上(税抜)	year	月次	shop × month	60M	nightly + monthly_finalize	batch	確定なし
トランザクション	個別	S721	年間構成比_減価償却費	その他	店長	-	🟢 既実装	小	🟡 加重平均	率指標は加重平均	metric	FLOW	画面内	売上分析	店舗別売上	店舗ごとの売上推移を比較し、伸長/落ち込み店舗を早期発見、施策効果検証 (KPI単独表示)	L2-S	年間実績_減価償却費 ÷ 年間実績_総売上 計 × 100	-	年間予実対比（予実対比）.年間実績_減価償却費, 年間予実対比（予実対比）.年間実績_総売上 計	売上(税抜)	year	月次	shop × month	60M	nightly + monthly_finalize	batch	確定なし
トランザクション	個別	S722	年間構成比_販促費	その他	店長	-	🟢 既実装	小	🟡 加重平均	率指標は加重平均	metric	FLOW	画面内	売上分析	店舗別売上	店舗ごとの売上推移を比較し、伸長/落ち込み店舗を早期発見、施策効果検証 (KPI単独表示)	L2-S	年間実績_販促費 ÷ 年間実績_総売上 計 × 100	-	年間予実対比（予実対比）.年間実績_販促費, 年間予実対比（予実対比）.年間実績_総売上 計	売上(税抜)	year	月次	shop × month	60M	nightly + monthly_finalize	batch	確定なし
トランザクション	個別	S723	年間構成比_資材費	その他	店長	-	🟢 既実装	小	🟡 加重平均	率指標は加重平均	metric	FLOW	画面内	売上分析	店舗別売上	店舗ごとの売上推移を比較し、伸長/落ち込み店舗を早期発見、施策効果検証 (KPI単独表示)	L2-S	年間実績_資材費 ÷ 年間実績_総売上 計 × 100	-	年間予実対比（予実対比）.年間実績_資材費, 年間予実対比（予実対比）.年間実績_総売上 計	売上(税抜)	year	月次	shop × month	60M	nightly + monthly_finalize	batch	確定なし
トランザクション	個別	S724	年間構成比_借入金返済	その他	店長	-	🟢 既実装	小	🟡 加重平均	率指標は加重平均	metric	FLOW	画面内	売上分析	店舗別売上	店舗ごとの売上推移を比較し、伸長/落ち込み店舗を早期発見、施策効果検証 (KPI単独表示)	L2-S	年間実績_借入金返済 ÷ 年間実績_総売上 計 × 100	-	年間予実対比（予実対比）.年間実績_借入金返済, 年間予実対比（予実対比）.年間実績_総売上 計	売上(税抜)	year	月次	shop × month	60M	nightly + monthly_finalize	batch	確定なし
トランザクション	個別	S725	年間構成比_IT費用	その他	店長	-	🟢 既実装	小	🟡 加重平均	率指標は加重平均	metric	FLOW	画面内	売上分析	店舗別売上	店舗ごとの売上推移を比較し、伸長/落ち込み店舗を早期発見、施策効果検証 (KPI単独表示)	L2-S	年間実績_IT費用 ÷ 年間実績_総売上 計 × 100	-	年間予実対比（予実対比）.年間実績_IT費用, 年間予実対比（予実対比）.年間実績_総売上 計	売上(税抜)	year	月次	shop × month	60M	nightly + monthly_finalize	batch	確定なし
トランザクション	個別	S726	年間構成比_ラクミー利用料	その他	店長	-	🟢 既実装	小	🟡 加重平均	率指標は加重平均	metric	FLOW	画面内	売上分析	店舗別売上	店舗ごとの売上推移を比較し、伸長/落ち込み店舗を早期発見、施策効果検証 (KPI単独表示)	L2-S	年間実績_ラクミー利用料 ÷ 年間実績_総売上 計 × 100	-	年間予実対比（予実対比）.年間実績_ラクミー利用料, 年間予実対比（予実対比）.年間実績_総売上 計	売上(税抜)	year	月次	shop × month	60M	nightly + monthly_finalize	batch	確定なし
トランザクション	個別	S727	年間構成比_レジ利用料	その他	店長	-	🟢 既実装	小	🟡 加重平均	率指標は加重平均	metric	FLOW	画面内	売上分析	店舗別売上	店舗ごとの売上推移を比較し、伸長/落ち込み店舗を早期発見、施策効果検証 (KPI単独表示)	L2-S	年間実績_レジ利用料 ÷ 年間実績_総売上 計 × 100	-	年間予実対比（予実対比）.年間実績_レジ利用料, 年間予実対比（予実対比）.年間実績_総売上 計	売上(税抜)	year	月次	shop × month	60M	nightly + monthly_finalize	batch	確定なし
トランザクション	個別	S728	年間構成比_クレジットカード手数料	その他	店長	-	🟢 既実装	小	🟡 加重平均	率指標は加重平均	metric	FLOW	画面内	売上分析	店舗別売上	店舗ごとの売上推移を比較し、伸長/落ち込み店舗を早期発見、施策効果検証 (KPI単独表示)	L2-S	年間実績_クレジットカード手数料 ÷ 年間実績_総売上 計 × 100	-	年間予実対比（予実対比）.年間実績_クレジットカード手数料, 年間予実対比（予実対比）.年間実績_総売上 計	売上(税抜)	year	月次	shop × month	60M	nightly + monthly_finalize	batch	確定なし
トランザクション	個別	S729	年間構成比_お花代	その他	店長	-	🟢 既実装	小	🟡 加重平均	率指標は加重平均	metric	FLOW	画面内	売上分析	店舗別売上	店舗ごとの売上推移を比較し、伸長/落ち込み店舗を早期発見、施策効果検証 (KPI単独表示)	L2-S	年間実績_お花代 ÷ 年間実績_総売上 計 × 100	-	年間予実対比（予実対比）.年間実績_お花代, 年間予実対比（予実対比）.年間実績_総売上 計	売上(税抜)	year	月次	shop × month	60M	nightly + monthly_finalize	batch	確定なし
トランザクション	個別	S730	年間構成比_営業利益	収益性	店長	-	🟢 既実装	小	🟡 加重平均	率指標は加重平均	metric	FLOW	画面内	利益分析	店舗別利益	店舗別の利益貢献を可視化、低収益店舗の改善優先順位付け (KPI単独表示)	L2-S	年間実績_営業利益 ÷ 年間実績_総売上 計 × 100	-	年間予実対比（予実対比）.年間実績_営業利益, 年間予実対比（予実対比）.年間実績_総売上 計	売上(税抜)	year	月次	shop × month × product	60M	nightly + monthly_finalize	batch	月次締め後（全費目確定）
トランザクション	個別	S485	売上進捗率	予実系	店長	-	🟢 既実装	小	🟢 制限なし	そのまま集計可能	metric	FLOW	画面内	予実管理	売上予実	売上の達成率/進捗率モニタリング、月中の早期是正アクション (KPI単独表示)	L2-S	参照表示	head_office_connected_service_sales_logs.sales_excluded, monthly_budgets.profit	店舗別サマリー.売上（税抜）, 店舗別サマリー.売上目標			オンデマンド	-	-	on_demand	on_demand	当月確定後（売上+予算）
トランザクション	個別	S299	変動費単価	その他	店長	-	🟢 既実装	小	🟡 加重平均	率指標は加重平均	metric	FLOW	画面内	売上分析	店舗別売上	店舗ごとの売上推移を比較し、伸長/落ち込み店舗を早期発見、施策効果検証 (KPI単独表示)	L2-S	変動費÷客数	z_totals.customers	感度分析.変動費, 感度分析.客数		month,quarter,year	月次	shop × month	60M	nightly + monthly_finalize	batch	確定なし
トランザクション	個別	S329	原価（金額）	原価系	店長	-	🟢 既実装	小	🟢 制限なし	そのまま集計可能	metric	FLOW	画面内	原価管理	FD率分析	FD率の推移把握、ロス削減/原価コントロール優先順位 (KPI単独表示)	L2-S	前月在庫+仕入-当月在庫	shop_inventories.amount（棚卸入力）, infomart_transactions.total_tax_excluded	月次レポート.対象前月在庫, 月次レポート.仕入総額, 月次レポート.対象月在庫			月次	shop × month	-	nightly + monthly_finalize	on_demand	確定なし
トランザクション	個別	S47	目標客数	客数系	店長	-	🟢 既実装	小	🟢 制限なし	そのまま集計可能	metric	FLOW	画面内	客数分析	客数推移	客数の前年比/曜日傾向、集客施策の効果検証 (KPI単独表示)	L2-S	売上（税抜） ÷ 目標客単価	monthly_budgets.target_customers	-			オンデマンド	-	-	on_demand	on_demand	翌日日次確定
トランザクション	個別	S48	変動費率	その他	店長	-	🟢 既実装	小	🟢 制限なし	そのまま集計可能	metric	FLOW	画面内	売上分析	店舗別売上	店舗ごとの売上推移を比較し、伸長/落ち込み店舗を早期発見、施策効果検証 (KPI単独表示)	L2-S	FD仕入比率 + PA人件費率 + 変動費用予算率	-	月次予算設定.FD仕入比率, 月次予算設定.PA人件費率, 月次予算設定.変動費用予算			オンデマンド	-	-	on_demand	on_demand	確定なし
トランザクション	個別	S49	変動費単価	その他	店長	-	🟢 既実装	小	🟢 制限なし	そのまま集計可能	metric	FLOW	画面内	売上分析	店舗別売上	店舗ごとの売上推移を比較し、伸長/落ち込み店舗を早期発見、施策効果検証 (KPI単独表示)	L2-S	目標客単価 × 変動費率	-	画面内計算, 画面内計算			オンデマンド	-	-	on_demand	on_demand	確定なし
トランザクション	個別	S50	粗利単価	収益性	店長	-	🟢 既実装	小	🟢 制限なし	そのまま集計可能	metric	FLOW	画面内	利益分析	店舗別利益	店舗別の利益貢献を可視化、低収益店舗の改善優先順位付け (KPI単独表示)	L2-S	目標客単価 - 変動費単価	-	画面内計算, 画面内計算			オンデマンド	-	-	on_demand	on_demand	確定なし
トランザクション	個別	S51	売上（税抜）	売上系	店長	-	🟢 既実装	小	🟢 制限なし	そのまま集計可能	metric	FLOW	画面内	売上分析	店舗別売上	店舗ごとの売上推移を比較し、伸長/落ち込み店舗を早期発見、施策効果検証 (KPI単独表示)	L2-S	月次予算設定.目標客単価 × 月次予算設定.目標客数	head_office_connected_service_sales_logs.sales_excluded	-			オンデマンド	shop × month × product, shop × date × product	-	on_demand	on_demand	翌日日次確定
トランザクション	個別	S52	変動費	その他	店長	-	🟢 既実装	小	🟢 制限なし	そのまま集計可能	metric	FLOW	画面内	売上分析	店舗別売上	店舗ごとの売上推移を比較し、伸長/落ち込み店舗を早期発見、施策効果検証 (KPI単独表示)	L2-S	売上（税抜） × 変動費率	-	月次予算設定.売上（税抜）, 画面内計算			オンデマンド	-	-	on_demand	on_demand	確定なし
トランザクション	個別	S53	粗利率	収益性	店長	-	🟢 既実装	小	🟢 制限なし	そのまま集計可能	metric	FLOW	画面内	利益分析	店舗別利益	店舗別の利益貢献を可視化、低収益店舗の改善優先順位付け (KPI単独表示)	L2-S	100 - 変動費率	-	月次予算設定.変動費率			オンデマンド	-	-	on_demand	on_demand	確定なし
トランザクション	個別	S55	営業利益	収益性	店長	-	🟢 既実装	小	🟢 制限なし	そのまま集計可能	metric	FLOW	画面内	利益分析	店舗別利益	店舗別の利益貢献を可視化、低収益店舗の改善優先順位付け (KPI単独表示)	L2-S	粗利 - 固定費用予算	-	月次予算設定.粗利, 月次予算設定.固定費用予算			オンデマンド	shop × month × product, shop × date × product	-	on_demand	on_demand	月次締め後（全費目確定）
トランザクション	個別	S73b	粗利	収益性	店長	-	🟢 既実装	小	🟢 制限なし	そのまま集計可能	metric	FLOW	画面内	利益分析	店舗別利益	店舗別の利益貢献を可視化、低収益店舗の改善優先順位付け (KPI単独表示)	L2-S	売上（税抜） - 変動費	-	月次予算設定.売上（税抜）, 月次予算設定.変動費			オンデマンド	shop × month × product, shop × date × product	-	on_demand	on_demand	確定なし
トランザクション	個別	S98	小計	その他	店長	-	🟢 既実装	小	🟢 制限なし	そのまま集計可能	metric	FLOW	画面内	売上分析	店舗別売上	店舗ごとの売上推移を比較し、伸長/落ち込み店舗を早期発見、施策効果検証 (KPI単独表示)	L2-S	在庫数量×商品単価	inventory_items.num, inventory_items.price	-			オンデマンド	-	-	on_demand	on_demand	確定なし
トランザクション	個別	S455	実施日	その他	店長	-	🟢 既実装	小	🟢 制限なし	そのまま集計可能	metric	FLOW	画面内	売上分析	店舗別売上	店舗ごとの売上推移を比較し、伸長/落ち込み店舗を早期発見、施策効果検証 (KPI単独表示)	L2-S	日付	inventories.date	-			オンデマンド	-	-	on_demand	on_demand	確定なし
トランザクション	個別	S457	在庫数量	その他	店長	-	🟢 既実装	小	🟡 STOCK指標	期末値、SUM不可	metric	STOCK	画面内	在庫・棚卸	棚卸金額	棚卸金額の月次推移、在庫過剰/欠品リスク管理 (KPI単独表示)	L2-S	入力値	inventory_items.num	-			オンデマンド	-	-	on_demand	on_demand	確定なし
トランザクション	個別	S458	商品単価	その他	店長	-	🟢 既実装	小	🟢 制限なし	そのまま集計可能	metric	FLOW	画面内	売上分析	店舗別売上	店舗ごとの売上推移を比較し、伸長/落ち込み店舗を早期発見、施策効果検証 (KPI単独表示)	L2-S	入力値	inventory_items.price	-			オンデマンド	-	-	on_demand	on_demand	確定なし
トランザクション	個別	S459	小計	その他	店長	-	🟢 既実装	小	🟢 制限なし	そのまま集計可能	metric	FLOW	画面内	売上分析	店舗別売上	店舗ごとの売上推移を比較し、伸長/落ち込み店舗を早期発見、施策効果検証 (KPI単独表示)	L2-S	参照表示	inventory_items.num, inventory_items.price	-			オンデマンド	-	-	on_demand	on_demand	確定なし
トランザクション	個別	S770	AIによる費目生成	その他	店長	-	🟢 既実装	小	🟢 制限なし	そのまま集計可能	metric	FLOW	画面内	売上分析	店舗別売上	店舗ごとの売上推移を比較し、伸長/落ち込み店舗を早期発見、施策効果検証 (KPI単独表示)	L2-S	-	-	AI生成			オンデマンド	-	-	on_demand	on_demand	確定なし
トランザクション	個別	S775	推奨単価（税抜）	その他	店長	-	🟢 既実装	小	🟢 制限なし	そのまま集計可能	metric	FLOW	画面内	売上分析	店舗別売上	店舗ごとの売上推移を比較し、伸長/落ち込み店舗を早期発見、施策効果検証 (KPI単独表示)	L2-S	-	-	納品書撮影.納品単価			オンデマンド	-	-	on_demand	on_demand	確定なし
トランザクション	個別	S357	予約客単価	客数系	店長	-	🟢 既実装	小	🟡 加重平均	率指標は加重平均	metric	FLOW	画面内	客数分析	客単価	客単価の月次推移/商品ミックス影響、アップセル戦略立案 (KPI単独表示)	L2-S	予約売上÷予約客数	-	流入分析.予約売上, 流入分析.予約客数	客数	month,quarter,year	月次	shop × month	60M	nightly + monthly_finalize	batch	翌日日次確定
トランザクション	個別	S360	ウォークイン客単価	客数系	店長	-	🟢 既実装	小	🟡 加重平均	率指標は加重平均	metric	FLOW	画面内	客数分析	客単価	客単価の月次推移/商品ミックス影響、アップセル戦略立案 (KPI単独表示)	L2-S	WI売上÷WI客数	-	流入分析.ウォークイン売上, 流入分析.ウォークイン客数, 流入分析.ウォークイン売上, 流入分析.ウォークイン客数	客数	month,quarter,year	月次	shop × month	60M	nightly + monthly_finalize	batch	翌日日次確定
トランザクション	個別	S364	回転数	その他	店長	-	🟢 既実装	小	🟢 制限なし	そのまま集計可能	metric	FLOW	画面内	売上分析	店舗別売上	店舗ごとの売上推移を比較し、伸長/落ち込み店舗を早期発見、施策効果検証 (KPI単独表示)	L2-S	組数÷卓数	t_totals.receipt_no, shops.total_tables	流入分析.総組数, 流入分析.総卓数		month,quarter,year	月次	shop × month	60M	nightly + monthly_finalize	batch	確定なし
トランザクション	個別	S367	予約客数トレンド	客数系	店長	-	🟢 既実装	小	🟢 制限なし	そのまま集計可能	metric	FLOW	画面内	客数分析	客数推移	客数の前年比/曜日傾向、集客施策の効果検証 (KPI単独表示)	L2-S	期間集計トレンド計算	reservations.customers	流入分析.予約客数		month,quarter,year	月次	shop × month	60M	nightly + monthly_finalize	batch	翌日日次確定
トランザクション	個別	S368	ウォークイン客数トレンド	客数系	店長	-	🟢 既実装	小	🟢 制限なし	そのまま集計可能	metric	FLOW	画面内	客数分析	客数推移	客数の前年比/曜日傾向、集客施策の効果検証 (KPI単独表示)	L2-S	期間集計トレンド計算	-	流入分析.ウォークイン客数		month,quarter,year	月次	shop × month	60M	nightly + monthly_finalize	batch	翌日日次確定
トランザクション	個別	S369	平均回転数	その他	店長	-	🟢 既実装	小	🟢 制限なし	そのまま集計可能	metric	FLOW	画面内	売上分析	店舗別売上	店舗ごとの売上推移を比較し、伸長/落ち込み店舗を早期発見、施策効果検証 (KPI単独表示)	L2-S	AVG回転数	-	流入分析.回転数		month,quarter,year	月次	shop × month	60M	nightly + monthly_finalize	batch	確定なし
トランザクション	個別	S370	平均テーブル回転数	その他	店長	-	🟢 既実装	小	🟢 制限なし	そのまま集計可能	metric	FLOW	画面内	売上分析	店舗別売上	店舗ごとの売上推移を比較し、伸長/落ち込み店舗を早期発見、施策効果検証 (KPI単独表示)	L2-S	AVGテーブル回転数	-	流入分析.テーブル回転数		month,quarter,year	月次	shop × month	60M	nightly + monthly_finalize	batch	確定なし
トランザクション	個別	S738	発注日時	その他	店長	-	🟢 既実装	小	🟢 制限なし	そのまま集計可能	metric	FLOW	画面内	売上分析	店舗別売上	店舗ごとの売上推移を比較し、伸長/落ち込み店舗を早期発見、施策効果検証 (KPI単独表示)	L2-S	-	orders.created_at	発注書作成.作成日時			オンデマンド	-	-	on_demand	on_demand	納品確定後
トランザクション	個別	S740	発注先	その他	店長	-	🟢 既実装	小	🟢 制限なし	そのまま集計可能	metric	FLOW	画面内	売上分析	店舗別売上	店舗ごとの売上推移を比較し、伸長/落ち込み店舗を早期発見、施策効果検証 (KPI単独表示)	L2-S	-	orders.client_name	発注書作成.発注先名			オンデマンド	-	-	on_demand	on_demand	納品確定後
トランザクション	個別	S741	納品希望日	その他	店長	-	🟢 既実装	小	🟢 制限なし	そのまま集計可能	metric	FLOW	画面内	売上分析	店舗別売上	店舗ごとの売上推移を比較し、伸長/落ち込み店舗を早期発見、施策効果検証 (KPI単独表示)	L2-S	-	orders.delivery_date	発注書作成.納品希望日			オンデマンド	-	-	on_demand	on_demand	納品確定後
トランザクション	個別	S742	発注書画像	その他	店長	-	🟢 既実装	小	🟢 制限なし	そのまま集計可能	metric	FLOW	画面内	売上分析	店舗別売上	店舗ごとの売上推移を比較し、伸長/落ち込み店舗を早期発見、施策効果検証 (KPI単独表示)	L2-S	-	orders.image_url	ユーザー撮影			オンデマンド	-	-	on_demand	on_demand	納品確定後
トランザクション	個別	S753	納品日	その他	店長	-	🟢 既実装	小	🟢 制限なし	そのまま集計可能	metric	FLOW	画面内	売上分析	店舗別売上	店舗ごとの売上推移を比較し、伸長/落ち込み店舗を早期発見、施策効果検証 (KPI単独表示)	L2-S	-	delivery_note_photos.closed_date	納品書撮影.納品日			オンデマンド	-	-	on_demand	on_demand	納品確定後
トランザクション	個別	S754	登録状況	その他	店長	-	🟢 既実装	小	🟢 制限なし	そのまま集計可能	metric	FLOW	画面内	売上分析	店舗別売上	店舗ごとの売上推移を比較し、伸長/落ち込み店舗を早期発見、施策効果検証 (KPI単独表示)	L2-S	-	delivery_note_photos.status	納品書撮影.ステータス			オンデマンド	-	-	on_demand	on_demand	確定なし
トランザクション	個別	S755	納品書画像	その他	店長	-	🟢 既実装	小	🟢 制限なし	そのまま集計可能	metric	FLOW	画面内	売上分析	店舗別売上	店舗ごとの売上推移を比較し、伸長/落ち込み店舗を早期発見、施策効果検証 (KPI単独表示)	L2-S	-	delivery_note_photos.photo	納品書撮影.納品書画像			オンデマンド	-	-	on_demand	on_demand	納品確定後
トランザクション	個別	S744	発注者	その他	店長	-	🟢 既実装	小	🟢 制限なし	そのまま集計可能	metric	FLOW	画面内	売上分析	店舗別売上	店舗ごとの売上推移を比較し、伸長/落ち込み店舗を早期発見、施策効果検証 (KPI単独表示)	L2-S	-	arrivals.shop_vendor_id	AI読込（納品書画像）			オンデマンド	-	-	on_demand	on_demand	納品確定後
トランザクション	個別	S745	納品日	その他	店長	-	🟢 既実装	小	🟢 制限なし	そのまま集計可能	metric	FLOW	画面内	売上分析	店舗別売上	店舗ごとの売上推移を比較し、伸長/落ち込み店舗を早期発見、施策効果検証 (KPI単独表示)	L2-S	-	delivery_note_photos.closed_date	AI読込（納品書画像）			オンデマンド	-	-	on_demand	on_demand	納品確定後
トランザクション	個別	S746	注文数	その他	店長	-	🟢 既実装	小	🟢 制限なし	そのまま集計可能	metric	FLOW	画面内	売上分析	店舗別売上	店舗ごとの売上推移を比較し、伸長/落ち込み店舗を早期発見、施策効果検証 (KPI単独表示)	L2-S	-	arrival_items.num	AI読込（納品書画像）			オンデマンド	-	-	on_demand	on_demand	翌日日次確定
トランザクション	個別	S747	納品数	その他	店長	-	🟢 既実装	小	🟢 制限なし	そのまま集計可能	metric	FLOW	画面内	売上分析	店舗別売上	店舗ごとの売上推移を比較し、伸長/落ち込み店舗を早期発見、施策効果検証 (KPI単独表示)	L2-S	-	arrival_items.arrival_num	AI読込（納品書画像）			オンデマンド	-	-	on_demand	on_demand	納品確定後
トランザクション	個別	S748	納品単価	その他	店長	-	🟢 既実装	小	🟢 制限なし	そのまま集計可能	metric	FLOW	画面内	売上分析	店舗別売上	店舗ごとの売上推移を比較し、伸長/落ち込み店舗を早期発見、施策効果検証 (KPI単独表示)	L2-S	-	arrival_items.price	AI読込（納品書画像）			オンデマンド	-	-	on_demand	on_demand	納品確定後
トランザクション	個別	S749	小計（税抜）	その他	店長	-	🟢 既実装	小	🟢 制限なし	そのまま集計可能	metric	FLOW	画面内	売上分析	店舗別売上	店舗ごとの売上推移を比較し、伸長/落ち込み店舗を早期発見、施策効果検証 (KPI単独表示)	L2-S	-	arrival_items.subtotal_tax_excluded	納品数, 納品単価			オンデマンド	-	-	on_demand	on_demand	確定なし
トランザクション	個別	S750	小計（税込）	その他	店長	-	🟢 既実装	小	🟢 制限なし	そのまま集計可能	metric	FLOW	画面内	売上分析	店舗別売上	店舗ごとの売上推移を比較し、伸長/落ち込み店舗を早期発見、施策効果検証 (KPI単独表示)	L2-S	-	arrival_items.subtotal	小計（税抜）			オンデマンド	-	-	on_demand	on_demand	確定なし
トランザクション	個別	S751	納品書画像	その他	店長	-	🟢 既実装	小	🟢 制限なし	そのまま集計可能	metric	FLOW	画面内	売上分析	店舗別売上	店舗ごとの売上推移を比較し、伸長/落ち込み店舗を早期発見、施策効果検証 (KPI単独表示)	L2-S	-	delivery_note_photos.photo	ユーザー撮影			オンデマンド	-	-	on_demand	on_demand	納品確定後
トランザクション	個別	S461	受付日時	その他	店長	-	🟢 既実装	小	🟢 制限なし	そのまま集計可能	metric	FLOW	画面内	売上分析	店舗別売上	店舗ごとの売上推移を比較し、伸長/落ち込み店舗を早期発見、施策効果検証 (KPI単独表示)	L2-S	参照表示	infomart_transactions.received_at	ラクミーアプリ.納品書撮影（登録）			オンデマンド	-	-	on_demand	on_demand	確定なし
トランザクション	個別	S462	納品日	その他	店長	-	🟢 既実装	小	🟢 制限なし	そのまま集計可能	metric	FLOW	画面内	売上分析	店舗別売上	店舗ごとの売上推移を比較し、伸長/落ち込み店舗を早期発見、施策効果検証 (KPI単独表示)	L2-S	参照表示	infomart_transactions.delivery_date	ラクミーアプリ.納品書撮影（登録）			オンデマンド	-	-	on_demand	on_demand	納品確定後
トランザクション	個別	S465	発注先	その他	店長	-	🟢 既実装	小	🟢 制限なし	そのまま集計可能	metric	FLOW	画面内	売上分析	店舗別売上	店舗ごとの売上推移を比較し、伸長/落ち込み店舗を早期発見、施策効果検証 (KPI単独表示)	L2-S	参照表示	infomart_transactions.client_name	ラクミーアプリ.納品書撮影（登録）			オンデマンド	-	-	on_demand	on_demand	納品確定後
トランザクション	個別	S467	発注者	その他	店長	-	🟢 既実装	小	🟢 制限なし	そのまま集計可能	metric	FLOW	画面内	売上分析	店舗別売上	店舗ごとの売上推移を比較し、伸長/落ち込み店舗を早期発見、施策効果検証 (KPI単独表示)	L2-S	参照表示	infomart_transactions.orderer_name	ラクミーアプリ.納品書撮影（登録）			オンデマンド	-	-	on_demand	on_demand	納品確定後
トランザクション	個別	S468	受注者	その他	店長	-	🟢 既実装	小	🟢 制限なし	そのまま集計可能	metric	FLOW	画面内	売上分析	店舗別売上	店舗ごとの売上推移を比較し、伸長/落ち込み店舗を早期発見、施策効果検証 (KPI単独表示)	L2-S	参照表示	infomart_transactions.client_name	ラクミーアプリ.納品書撮影（登録）			オンデマンド	-	-	on_demand	on_demand	確定なし
トランザクション	個別	S470	納品日	その他	店長	-	🟢 既実装	小	🟢 制限なし	そのまま集計可能	metric	FLOW	画面内	売上分析	店舗別売上	店舗ごとの売上推移を比較し、伸長/落ち込み店舗を早期発見、施策効果検証 (KPI単独表示)	L2-S	参照表示	infomart_transactions.delivery_date	ラクミーアプリ.納品書撮影（登録）			オンデマンド	-	-	on_demand	on_demand	納品確定後
トランザクション	個別	S374	比率	その他	店長	-	🟢 既実装	小	🟢 制限なし	そのまま集計可能	metric	FLOW	画面内	売上分析	店舗別売上	店舗ごとの売上推移を比較し、伸長/落ち込み店舗を早期発見、施策効果検証 (KPI単独表示)	L2-S	費目÷総仕入×100	monthly_costs.value	-			オンデマンド	-	-	on_demand	on_demand	確定なし
トランザクション	個別	S789	仕入率（％）	原価系	店長	-	🟢 既実装	小	🟢 制限なし	そのまま集計可能	metric	FLOW	画面内	原価管理	FD率分析	FD率の推移把握、ロス削減/原価コントロール優先順位 (KPI単独表示)	L2-S	-	-	仕入額, 売上総額			オンデマンド	-	-	on_demand	on_demand	納品確定後
トランザクション	個別	S797	仕入率（％）	原価系	店長	-	🟢 既実装	小	🟢 制限なし	そのまま集計可能	metric	FLOW	画面内	原価管理	FD率分析	FD率の推移把握、ロス削減/原価コントロール優先順位 (KPI単独表示)	L2-S	-	-	仕入額税込, 売上総額税込			オンデマンド	-	-	on_demand	on_demand	納品確定後
トランザクション	個別	S782	売上総額	売上系	店長	-	🟢 既実装	小	🟢 制限なし	そのまま集計可能	metric	FLOW	画面内	売上分析	店舗別売上	店舗ごとの売上推移を比較し、伸長/落ち込み店舗を早期発見、施策効果検証 (KPI単独表示)	L2-S	-	-	売上経費入力.店内売上+店外売上			オンデマンド	-	-	on_demand	on_demand	翌日日次確定
トランザクション	個別	S783	標準税率（額）	その他	店長	-	🟢 既実装	小	🟢 制限なし	そのまま集計可能	metric	FLOW	画面内	売上分析	店舗別売上	店舗ごとの売上推移を比較し、伸長/落ち込み店舗を早期発見、施策効果検証 (KPI単独表示)	L2-S	-	head_office_connected_service_sales_logs.sales_excluded (edited=1)	売上経費入力.店内売上税抜			オンデマンド	-	-	on_demand	on_demand	確定なし
トランザクション	個別	S784	軽減税率（額）	その他	店長	-	🟢 既実装	小	🟢 制限なし	そのまま集計可能	metric	FLOW	画面内	売上分析	店舗別売上	店舗ごとの売上推移を比較し、伸長/落ち込み店舗を早期発見、施策効果検証 (KPI単独表示)	L2-S	-	head_office_connected_service_sales_logs.sales_tax_reduced (edited=1)	売上経費入力.店外売上税抜			オンデマンド	-	-	on_demand	on_demand	確定なし
トランザクション	個別	S785	客数	客数系	店長	-	🟢 既実装	小	🟢 制限なし	そのまま集計可能	metric	FLOW	画面内	客数分析	客数推移	客数の前年比/曜日傾向、集客施策の効果検証 (KPI単独表示)	L2-S	-	head_office_connected_service_sales_logs.customers (edited=1)	売上経費入力.客数			オンデマンド	-	-	on_demand	on_demand	翌日日次確定
トランザクション	個別	S790	売上総額	売上系	店長	-	🟢 既実装	小	🟢 制限なし	そのまま集計可能	metric	FLOW	画面内	売上分析	店舗別売上	店舗ごとの売上推移を比較し、伸長/落ち込み店舗を早期発見、施策効果検証 (KPI単独表示)	L2-S	-	-	店内売上税込+店外売上税込			オンデマンド	-	-	on_demand	on_demand	翌日日次確定
トランザクション	個別	S791	標準税率（額）	その他	店長	-	🟢 既実装	小	🟢 制限なし	そのまま集計可能	metric	FLOW	画面内	売上分析	店舗別売上	店舗ごとの売上推移を比較し、伸長/落ち込み店舗を早期発見、施策効果検証 (KPI単独表示)	L2-S	-	head_office_connected_service_sales_logs.sales (edited=1)	店内売上税込			オンデマンド	-	-	on_demand	on_demand	確定なし
トランザクション	個別	S792	軽減税率（額）	その他	店長	-	🟢 既実装	小	🟢 制限なし	そのまま集計可能	metric	FLOW	画面内	売上分析	店舗別売上	店舗ごとの売上推移を比較し、伸長/落ち込み店舗を早期発見、施策効果検証 (KPI単独表示)	L2-S	-	head_office_connected_service_sales_logs.sales_tax_reduced (edited=1)	店外売上税込			オンデマンド	-	-	on_demand	on_demand	確定なし
トランザクション	個別	S793	客数	客数系	店長	-	🟢 既実装	小	🟢 制限なし	そのまま集計可能	metric	FLOW	画面内	客数分析	客数推移	客数の前年比/曜日傾向、集客施策の効果検証 (KPI単独表示)	L2-S	-	head_office_connected_service_sales_logs.customers (edited=1)	売上経費入力.客数			オンデマンド	-	-	on_demand	on_demand	翌日日次確定
トランザクション	個別	S786	費用総額	その他	店長	-	🟢 既実装	小	🟢 制限なし	そのまま集計可能	metric	FLOW	画面内	売上分析	店舗別売上	店舗ごとの売上推移を比較し、伸長/落ち込み店舗を早期発見、施策効果検証 (KPI単独表示)	L2-S	-	-	仕入額, 人件費			オンデマンド	-	-	on_demand	on_demand	確定なし
トランザクション	個別	S787	仕入額	原価系	店長	-	🟢 既実装	小	🟢 制限なし	そのまま集計可能	metric	FLOW	画面内	原価管理	FD率分析	FD率の推移把握、ロス削減/原価コントロール優先順位 (KPI単独表示)	L2-S	-	arrival_items.subtotal_tax_excluded	納品書撮影.小計（税抜）			オンデマンド	-	-	on_demand	on_demand	納品確定後
トランザクション	個別	S788	人件費	人件費系	店長	-	🟢 既実装	小	🟢 制限なし	そのまま集計可能	metric	FLOW	画面内	人件費効率	スタッフ別人件費	スタッフ別の人時生産性評価、教育投資/シフト配置最適化 (KPI単独表示)	L2-S	-	daily_costs.value (type=PA人件費)	売上経費入力.人件費			オンデマンド	shop × month × product, shop × date × product	-	on_demand	on_demand	確定なし
トランザクション	個別	S794	費用総額	その他	店長	-	🟢 既実装	小	🟢 制限なし	そのまま集計可能	metric	FLOW	画面内	売上分析	店舗別売上	店舗ごとの売上推移を比較し、伸長/落ち込み店舗を早期発見、施策効果検証 (KPI単独表示)	L2-S	-	-	仕入額税込, 人件費			オンデマンド	-	-	on_demand	on_demand	確定なし
トランザクション	個別	S795	仕入額	原価系	店長	-	🟢 既実装	小	🟢 制限なし	そのまま集計可能	metric	FLOW	画面内	原価管理	FD率分析	FD率の推移把握、ロス削減/原価コントロール優先順位 (KPI単独表示)	L2-S	-	arrival_items.subtotal	小計（税込）			オンデマンド	-	-	on_demand	on_demand	納品確定後
トランザクション	個別	S796	人件費	人件費系	店長	-	🟢 既実装	小	🟢 制限なし	そのまま集計可能	metric	FLOW	画面内	人件費効率	スタッフ別人件費	スタッフ別の人時生産性評価、教育投資/シフト配置最適化 (KPI単独表示)	L2-S	-	daily_costs.value (type=PA人件費)	売上経費入力.人件費			オンデマンド	shop × month × product, shop × date × product	-	on_demand	on_demand	確定なし
トランザクション	個別	S101	売上構成比率	売上系	店長	-	🟢 既実装	小	🟡 加重平均	率指標は加重平均	metric	FLOW	画面内	売上分析	店舗別売上	店舗ごとの売上推移を比較し、伸長/落ち込み店舗を早期発見、施策効果検証 (KPI単独表示)	L3-S	商品÷総売上×100	head_office_item_sales_logs.sales_excluded, head_office_connected_service_sales_logs.sales_excluded	ABC分析.売上（税抜）, 当月実績.売上（税抜）	売上(税抜)	month,quarter,year	月次	shop × month	60M	nightly + monthly_finalize	batch	翌日日次確定
トランザクション	個別	S105	FD仕入率トレンド	原価系	店長	-	🟢 既実装	小	🟡 加重平均	率指標は加重平均	metric	FLOW	画面内	原価管理	FD率分析	FD率の推移把握、ロス削減/原価コントロール優先順位 (KPI単独表示)	L3-S	仕入÷売上×100推移	infomart_transactions.total_tax_excluded, head_office_connected_service_sales_logs.sales_excluded	予実対比.FD仕入, 当月実績.売上（税抜）	売上(税抜)	month,quarter,year	月次	shop × month	60M	nightly + monthly_finalize	batch	納品確定後
トランザクション	個別	S108	フード仕入比率	原価系	店長	-	🟢 既実装	小	🟡 加重平均	率指標は加重平均	metric	FLOW	画面内	原価管理	FD率分析	FD率の推移把握、ロス削減/原価コントロール優先順位 (KPI単独表示)	L3-S	フード仕入÷フード売上×100	infomart_transactions.total_tax_excluded, head_office_item_sales_logs.sales_excluded	予実対比.フード仕入, 予実対比.フード売上	売上(税抜)	month,quarter,year	月次	shop × month	60M	nightly + monthly_finalize	batch	納品確定後
トランザクション	個別	S109	ドリンク仕入比率	原価系	店長	-	🟢 既実装	小	🟡 加重平均	率指標は加重平均	metric	FLOW	画面内	原価管理	FD率分析	FD率の推移把握、ロス削減/原価コントロール優先順位 (KPI単独表示)	L3-S	ドリンク仕入÷ドリンク売上×100	infomart_transactions.total_tax_excluded, head_office_item_sales_logs.sales_excluded	予実対比.ドリンク仕入, 予実対比.ドリンク売上	売上(税抜)	month,quarter,year	月次	shop × month	60M	nightly + monthly_finalize	batch	納品確定後
トランザクション	個別	S110	フード仕入率	原価系	店長	-	🟢 既実装	小	🟡 加重平均	率指標は加重平均	metric	FLOW	画面内	原価管理	FD率分析	FD率の推移把握、ロス削減/原価コントロール優先順位 (KPI単独表示)	L3-S	フード仕入÷フード売上×100	infomart_transactions.total_tax_excluded, head_office_item_sales_logs.sales_excluded	予実対比.フード仕入, 予実対比.フード売上	売上(税抜)	month,quarter,year	月次	shop × month	60M	nightly + monthly_finalize	batch	納品確定後
トランザクション	個別	S111	フード原価率	原価系	店長	-	🟢 既実装	小	🟡 加重平均	率指標は加重平均	metric	FLOW	画面内	原価管理	原価率	原価率の月次推移、商品ミックス変更による改善余地探索 (KPI単独表示)	L3-S	フード原価÷フード売上×100	t_items.sales_excluded	予実対比.フード売上	売上(税抜)	month,quarter,year	月次	shop × month	60M	nightly + monthly_finalize	batch	確定なし
トランザクション	個別	S115	ドリンク仕入率	原価系	店長	-	🟢 既実装	小	🟡 加重平均	率指標は加重平均	metric	FLOW	画面内	原価管理	FD率分析	FD率の推移把握、ロス削減/原価コントロール優先順位 (KPI単独表示)	L3-S	ドリンク仕入÷ドリンク売上×100	infomart_transactions.total_tax_excluded, head_office_item_sales_logs.sales_excluded	予実対比.ドリンク仕入, 予実対比.ドリンク売上	売上(税抜)	month,quarter,year	月次	shop × month	60M	nightly + monthly_finalize	batch	納品確定後
トランザクション	個別	S116	ドリンク原価率	原価系	店長	-	🟢 既実装	小	🟡 加重平均	率指標は加重平均	metric	FLOW	画面内	原価管理	原価率	原価率の月次推移、商品ミックス変更による改善余地探索 (KPI単独表示)	L3-S	ドリンク原価÷ドリンク売上×100	t_items.sales_excluded	予実対比.ドリンク売上	売上(税抜)	month,quarter,year	月次	shop × month	60M	nightly + monthly_finalize	batch	確定なし
トランザクション	個別	S120	FD仕入率	原価系	店長	-	🟢 既実装	小	🟡 加重平均	率指標は加重平均	metric	FLOW	画面内	原価管理	FD率分析	FD率の推移把握、ロス削減/原価コントロール優先順位 (KPI単独表示)	L3-S	仕入÷売上×100	infomart_transactions.total_tax_excluded, head_office_connected_service_sales_logs.sales_excluded	予実対比.FD仕入, 当月実績.売上（税抜）	売上(税抜)	month,quarter,year	月次	shop × month, shop × month × product, shop × date × product	60M	nightly + monthly_finalize	batch	納品確定後
トランザクション	個別	S121	FD原価率	原価系	店長	-	🟢 既実装	小	🟡 加重平均	率指標は加重平均	metric	FLOW	画面内	原価管理	FD率分析	FD率の推移把握、ロス削減/原価コントロール優先順位 (KPI単独表示)	L3-S	原価÷売上×100	z_totals.sales_excluded	当月実績.売上（税抜）	売上(税抜)	month,quarter,year	月次	shop × month	60M	nightly + monthly_finalize	batch	確定なし
トランザクション	個別	S128	FD売上構成比	売上系	店長	-	🟢 既実装	小	🟡 加重平均	率指標は加重平均	metric	FLOW	画面内	売上分析	店舗別売上	店舗ごとの売上推移を比較し、伸長/落ち込み店舗を早期発見、施策効果検証 (KPI単独表示)	L3-S	FD÷総売上×100	head_office_item_sales_logs.sales_excluded, head_office_connected_service_sales_logs.sales_excluded	予実対比.フード売上, 予実対比.ドリンク売上, 予実対比.総売上	売上(税抜)	month,quarter,year	月次	shop × month × product	36M	nightly + monthly_finalize	hybrid	翌日日次確定
トランザクション	個別	S471	坪月商	効率性	店長	-	🟢 既実装	小	🟢 制限なし	そのまま集計可能	metric	FLOW	画面内	効率改善	坪月商	坪月商の業態比較/月次推移、店舗パフォーマンス評価 (KPI単独表示)	L3-S	参照表示	head_office_connected_service_sales_logs.sales_excluded, shops.total_area_num	当月実績.売上（税抜）			オンデマンド	-	-	on_demand	on_demand	確定なし
トランザクション	個別	S472	営業利益率	収益性	店長	-	🟢 既実装	小	🟢 制限なし	そのまま集計可能	metric	FLOW	画面内	利益分析	店舗別利益	店舗別の利益貢献を可視化、低収益店舗の改善優先順位付け (KPI単独表示)	L3-S	参照表示	z_totals.sales_excluded	当月実績.営業利益, 当月実績.売上（税抜）, 予実対比.FD仕入, 予実対比.人件費			オンデマンド	-	-	on_demand	on_demand	月次締め後（全費目確定）
トランザクション	個別	S473	家賃比率	その他	店長	-	🟢 既実装	小	🟢 制限なし	そのまま集計可能	metric	FLOW	画面内	売上分析	店舗別売上	店舗ごとの売上推移を比較し、伸長/落ち込み店舗を早期発見、施策効果検証 (KPI単独表示)	L3-S	参照表示	monthly_costs.value, head_office_connected_service_sales_logs.sales_excluded	当月実績.売上（税抜）			オンデマンド	-	-	on_demand	on_demand	確定なし
トランザクション	個別	S474	ROI	効率性	店長	-	🟢 既実装	小	🟢 制限なし	そのまま集計可能	metric	FLOW	画面内	効率改善	ROI	投資効率評価、業態別の出店判断/改装優先順位 (KPI単独表示)	L3-S	参照表示	monthly_budgets.value（予算設定画面）, monthly_budgets.profit	当月実績.営業利益			オンデマンド	-	-	on_demand	on_demand	確定なし
トランザクション	個別	S403	ヘルプ人件費	人件費系	店長	-	🟢 既実装	小	🟢 制限なし	そのまま集計可能	metric	FLOW	画面内	人件費効率	スタッフ別人件費	スタッフ別の人時生産性評価、教育投資/シフト配置最適化 (KPI単独表示)	L3-S	参照表示	head_office_connected_service_labor_costs_logs.help_costs, head_office_connected_service_labor_costs_logs.help_costs_minus	[外部]勤怠連携（KOT/ジョブカン）.ヘルプ人件費			オンデマンド	shop × month × product, shop × date × product	-	on_demand	on_demand	確定なし
トランザクション	個別	S442	ヘルプ人件費	人件費系	店長	-	🟢 既実装	小	🟢 制限なし	そのまま集計可能	metric	FLOW	画面内	人件費効率	スタッフ別人件費	スタッフ別の人時生産性評価、教育投資/シフト配置最適化 (KPI単独表示)	L3-S	参照表示	head_office_connected_service_labor_costs_logs.help_costs, head_office_connected_service_labor_costs_logs.help_costs_minus	月次予算設定.ヘルプ人件費予算			オンデマンド	shop × month × product, shop × date × product	-	on_demand	on_demand	確定なし
トランザクション	個別	S242	利益進捗率	予実系	店長	-	🟢 既実装	小	🟡 加重平均	率指標は加重平均	metric	FLOW	画面内	予実管理	売上予実	売上の達成率/進捗率モニタリング、月中の早期是正アクション (KPI単独表示)	L3-S	営業利益累計÷目標利益×100	monthly_budgets.value（予算設定画面）, monthly_budgets.profit	月次予算設定.目標月次利益	売上予算	month,quarter,year	月次	shop × month	60M	nightly + on_budget_update	batch	確定なし
トランザクション	個別	S243	利益進捗率比較（前月）	予実系	店長	-	🟢 既実装	小	🟡 加重平均	率指標は加重平均	metric	FLOW	画面内	予実管理	売上予実	売上の達成率/進捗率モニタリング、月中の早期是正アクション (KPI単独表示)	L3-S	営業利益÷目標利益×100(前月比)	monthly_budgets.value（予算設定画面）, monthly_budgets.profit	利益進捗分析.利益進捗率（当月）, 利益進捗分析.利益進捗率（前月/前々月）	売上予算	month,quarter,year	月次	shop × month	60M	nightly + on_budget_update	batch	確定なし
トランザクション	個別	S244	利益進捗率比較（前々月）	予実系	店長	-	🟢 既実装	小	🟡 加重平均	率指標は加重平均	metric	FLOW	画面内	予実管理	売上予実	売上の達成率/進捗率モニタリング、月中の早期是正アクション (KPI単独表示)	L3-S	営業利益÷目標利益×100(前々月比)	monthly_budgets.value（予算設定画面）, monthly_budgets.profit	利益進捗分析.利益進捗率（当月）, 利益進捗分析.利益進捗率（前月/前々月）	売上予算	month,quarter,year	月次	shop × month	60M	nightly + on_budget_update	batch	確定なし
トランザクション	個別	S245	利益達成率	予実系	店長	-	🟢 既実装	小	🟡 加重平均	率指標は加重平均	metric	FLOW	画面内	予実管理	売上予実	売上の達成率/進捗率モニタリング、月中の早期是正アクション (KPI単独表示)	L3-S	営業利益÷目標利益×100	monthly_budgets.value（予算設定画面）, monthly_budgets.profit	月次予算設定.目標月次利益	売上予算	month,quarter,year	月次	shop × month × product, shop × date × product	60M	nightly + monthly_finalize	batch	確定なし
トランザクション	個別	S253	売上進捗率	予実系	店長	-	🟢 既実装	小	🟡 加重平均	率指標は加重平均	metric	FLOW	画面内	予実管理	売上予実	売上の達成率/進捗率モニタリング、月中の早期是正アクション (KPI単独表示)	L3-S	売上累計÷目標×100	head_office_connected_service_sales_logs.sales_excluded, monthly_budgets.profit	月次予算設定.売上（税抜）	売上予算	month,quarter,year	月次	shop × month	60M	nightly + on_budget_update	batch	当月確定後（売上+予算）
トランザクション	個別	S254	売上進捗率比較（前月）	予実系	店長	-	🟢 既実装	小	🟡 加重平均	率指標は加重平均	metric	FLOW	画面内	予実管理	売上予実	売上の達成率/進捗率モニタリング、月中の早期是正アクション (KPI単独表示)	L3-S	売上÷目標(前月比)	head_office_connected_service_sales_logs.sales_excluded, monthly_budgets.profit	売上進捗分析.売上進捗率（当月）, 売上進捗分析.売上進捗率（前月/前々月）	売上予算	month,quarter,year	月次	shop × month	60M	nightly + on_budget_update	batch	当月確定後（売上+予算）
トランザクション	個別	S255	売上進捗率比較（前々月）	予実系	店長	-	🟢 既実装	小	🟡 加重平均	率指標は加重平均	metric	FLOW	画面内	予実管理	売上予実	売上の達成率/進捗率モニタリング、月中の早期是正アクション (KPI単独表示)	L3-S	売上÷目標(前々月比)	head_office_connected_service_sales_logs.sales_excluded, monthly_budgets.profit	売上進捗分析.売上進捗率（当月）, 売上進捗分析.売上進捗率（前月/前々月）	売上予算	month,quarter,year	月次	shop × month	60M	nightly + on_budget_update	batch	当月確定後（売上+予算）
トランザクション	個別	S256	売上達成率	予実系	店長	-	🟢 既実装	小	🟡 加重平均	率指標は加重平均	metric	FLOW	画面内	予実管理	売上予実	売上の達成率/進捗率モニタリング、月中の早期是正アクション (KPI単独表示)	L3-S	売上÷目標×100	head_office_connected_service_sales_logs.sales_excluded, monthly_budgets.profit	月次予算設定.売上（税抜）	売上予算	month,quarter,year	月次	shop × month × product, shop × date × product	60M	nightly + monthly_finalize	batch	翌日日次確定
トランザクション	個別	S475	客単価（ランチ）	客数系	店長	-	🟢 既実装	小	🟢 制限なし	そのまま集計可能	metric	FLOW	画面内	客数分析	客単価	客単価の月次推移/商品ミックス影響、アップセル戦略立案 (KPI単独表示)	L3-S	参照表示	head_office_item_sales_logs.sales_excluded, head_office_connected_service_sales_logs.customers	時間帯別売上分析.ランチ売上（税抜）, 時間帯別売上分析.客数			オンデマンド	-	-	on_demand	on_demand	翌日日次確定
トランザクション	個別	S476	客単価（ディナー）	客数系	店長	-	🟢 既実装	小	🟢 制限なし	そのまま集計可能	metric	FLOW	画面内	客数分析	客単価	客単価の月次推移/商品ミックス影響、アップセル戦略立案 (KPI単独表示)	L3-S	参照表示	head_office_item_sales_logs.sales_excluded, head_office_connected_service_sales_logs.customers	時間帯別売上分析.ディナー売上（税抜）, 時間帯別売上分析.客数			オンデマンド	-	-	on_demand	on_demand	翌日日次確定
トランザクション	個別	S477	営業利益	収益性	店長	-	🟢 既実装	小	🟢 制限なし	そのまま集計可能	metric	FLOW	画面内	利益分析	店舗別利益	店舗別の利益貢献を可視化、低収益店舗の改善優先順位付け (KPI単独表示)	L3-S	参照表示	monthly_costs.value	当月実績.売上（税抜）, 予実対比.FD仕入, 予実対比.人件費			オンデマンド	shop × month × product, shop × date × product	-	on_demand	on_demand	月次締め後（全費目確定）
トランザクション	個別	S480	客単価	客数系	店長	-	🟢 既実装	小	🟢 制限なし	そのまま集計可能	metric	FLOW	画面内	客数分析	客単価	客単価の月次推移/商品ミックス影響、アップセル戦略立案 (KPI単独表示)	L3-S	参照表示	head_office_connected_service_sales_logs.sales_excluded, head_office_connected_service_sales_logs.customers	当月実績.売上（税抜）, 感度分析.客数			オンデマンド	shop × month × product, shop × date × product	-	on_demand	on_demand	翌日日次確定
トランザクション	個別	S292	年間実績_ヘルプ人件費	人件費系	店長	-	🟢 既実装	小	🟢 制限なし	そのまま集計可能	metric	FLOW	画面内	人件費効率	スタッフ別人件費	スタッフ別の人時生産性評価、教育投資/シフト配置最適化 (KPI単独表示)	L3-S	help_costs-help_costs_minus	head_office_connected_service_labor_costs_logs.help_costs, head_office_connected_service_labor_costs_logs.help_costs_minus	[外部]勤怠連携（KOT/ジョブカン）.ヘルプ人件費		year	月次	shop × month	60M	nightly + monthly_finalize	batch	確定なし
トランザクション	個別	S566	年間予算_固定人件費	人件費系	店長	-	🟢 既実装	小	🟡 予測値	確定値と区別必要	metric	FORECAST	画面内	人件費効率	スタッフ別人件費	スタッフ別の人時生産性評価、教育投資/シフト配置最適化 (KPI単独表示)	L3-S	SUM(費用設定.固定人件費予算) GROUP BY year	monthly_cost_items.value(固定人件費)	月次予算設定.年間固定人件費		year	月次	shop × month	60M	on_budget_update	batch	予算確定後
トランザクション	個別	S568	年間予算_社員人件費	人件費系	店長	-	🟢 既実装	小	🟡 予測値	確定値と区別必要	metric	FORECAST	画面内	人件費効率	スタッフ別人件費	スタッフ別の人時生産性評価、教育投資/シフト配置最適化 (KPI単独表示)	L3-S	SUM(費用設定.社員人件費予算) GROUP BY year	monthly_cost_items.value(社員人件費)	月次予算設定.年間社員人件費		year	月次	shop × month	60M	on_budget_update	batch	予算確定後
トランザクション	個別	S569	年間予算_ヘルプ人件費	人件費系	店長	-	🟢 既実装	小	🟡 予測値	確定値と区別必要	metric	FORECAST	画面内	人件費効率	スタッフ別人件費	スタッフ別の人時生産性評価、教育投資/シフト配置最適化 (KPI単独表示)	L3-S	SUM(費用設定.ヘルプ人件費予算) GROUP BY year	monthly_cost_items.value(ヘルプ人件費)	月次予算設定.年間ヘルプ人件費		year	月次	shop × month	60M	on_budget_update	batch	予算確定後
トランザクション	個別	S570	年間予算_その他経費 計	予実系	店長	-	🟢 既実装	小	🟡 予測値	確定値と区別必要	metric	FORECAST	画面内	予実管理	経費予実	経費の予算超過リスク検知、削減ポイント特定 (KPI単独表示)	L3-S	SUM(費用設定.その他経費予算) GROUP BY year	monthly_cost_items.value(その他経費)	月次予算設定.年間その他経費		year	月次	shop × month	60M	on_budget_update	batch	予算確定後
トランザクション	個別	S571	年間予算_地代家賃	予実系	店長	-	🟢 既実装	小	🟡 予測値	確定値と区別必要	metric	FORECAST	画面内	予実管理	売上予実	売上の達成率/進捗率モニタリング、月中の早期是正アクション (KPI単独表示)	L3-S	SUM(費用設定.地代家賃予算) GROUP BY year	monthly_cost_items.value(地代家賃)	月次予算設定.年間地代家賃		year	月次	shop × month	60M	on_budget_update	batch	予算確定後
トランザクション	個別	S572	年間予算_家賃（変動分）	予実系	店長	-	🟢 既実装	小	🟡 予測値	確定値と区別必要	metric	FORECAST	画面内	予実管理	売上予実	売上の達成率/進捗率モニタリング、月中の早期是正アクション (KPI単独表示)	L3-S	SUM(費用設定.家賃（変動分）予算) GROUP BY year	monthly_cost_items.value(家賃変動分)	月次予算設定.年間家賃（変動分）		year	月次	shop × month	60M	on_budget_update	batch	予算確定後
トランザクション	個別	S573	年間予算_水道光熱費	予実系	店長	-	🟢 既実装	小	🟡 予測値	確定値と区別必要	metric	FORECAST	画面内	予実管理	経費予実	経費の予算超過リスク検知、削減ポイント特定 (KPI単独表示)	L3-S	SUM(費用設定.水道光熱費予算) GROUP BY year	monthly_cost_items.value(水道光熱費)	月次予算設定.年間水道光熱費		year	月次	shop × month	60M	on_budget_update	batch	予算確定後
トランザクション	個別	S574	年間予算_電気代	予実系	店長	-	🟢 既実装	小	🟡 予測値	確定値と区別必要	metric	FORECAST	画面内	予実管理	売上予実	売上の達成率/進捗率モニタリング、月中の早期是正アクション (KPI単独表示)	L3-S	SUM(費用設定.電気代予算) GROUP BY year	monthly_cost_items.value(電気代)	月次予算設定.年間電気代		year	月次	shop × month	60M	on_budget_update	batch	予算確定後
トランザクション	個別	S575	年間予算_ガス代	予実系	店長	-	🟢 既実装	小	🟡 予測値	確定値と区別必要	metric	FORECAST	画面内	予実管理	売上予実	売上の達成率/進捗率モニタリング、月中の早期是正アクション (KPI単独表示)	L3-S	SUM(費用設定.ガス代予算) GROUP BY year	monthly_cost_items.value(ガス代)	月次予算設定.年間ガス代		year	月次	shop × month	60M	on_budget_update	batch	予算確定後
トランザクション	個別	S576	年間予算_水道代	予実系	店長	-	🟢 既実装	小	🟡 予測値	確定値と区別必要	metric	FORECAST	画面内	予実管理	売上予実	売上の達成率/進捗率モニタリング、月中の早期是正アクション (KPI単独表示)	L3-S	SUM(費用設定.水道代予算) GROUP BY year	monthly_cost_items.value(水道代)	月次予算設定.年間水道代		year	月次	shop × month	60M	on_budget_update	batch	予算確定後
トランザクション	個別	S577	年間予算_減価償却費	予実系	店長	-	🟢 既実装	小	🟡 予測値	確定値と区別必要	metric	FORECAST	画面内	予実管理	経費予実	経費の予算超過リスク検知、削減ポイント特定 (KPI単独表示)	L3-S	SUM(費用設定.減価償却費予算) GROUP BY year	monthly_cost_items.value(減価償却費)	月次予算設定.年間減価償却費		year	月次	shop × month	60M	on_budget_update	batch	予算確定後
トランザクション	個別	S578	年間予算_販促費	予実系	店長	-	🟢 既実装	小	🟡 予測値	確定値と区別必要	metric	FORECAST	画面内	予実管理	経費予実	経費の予算超過リスク検知、削減ポイント特定 (KPI単独表示)	L3-S	SUM(費用設定.販促費予算) GROUP BY year	monthly_cost_items.value(販促費)	月次予算設定.年間販促費		year	月次	shop × month	60M	on_budget_update	batch	予算確定後
トランザクション	個別	S579	年間予算_資材費	予実系	店長	-	🟢 既実装	小	🟡 予測値	確定値と区別必要	metric	FORECAST	画面内	予実管理	経費予実	経費の予算超過リスク検知、削減ポイント特定 (KPI単独表示)	L3-S	SUM(費用設定.資材費予算) GROUP BY year	monthly_cost_items.value(資材費)	月次予算設定.年間資材費		year	月次	shop × month	60M	on_budget_update	batch	予算確定後
トランザクション	個別	S580	年間予算_借入金返済	予実系	店長	-	🟢 既実装	小	🟡 予測値	確定値と区別必要	metric	FORECAST	画面内	予実管理	売上予実	売上の達成率/進捗率モニタリング、月中の早期是正アクション (KPI単独表示)	L3-S	SUM(費用設定.借入金返済予算) GROUP BY year	monthly_cost_items.value(借入金返済)	月次予算設定.年間借入金返済		year	月次	shop × month	60M	on_budget_update	batch	予算確定後
トランザクション	個別	S581	年間予算_IT費用	予実系	店長	-	🟢 既実装	小	🟡 予測値	確定値と区別必要	metric	FORECAST	画面内	予実管理	経費予実	経費の予算超過リスク検知、削減ポイント特定 (KPI単独表示)	L3-S	SUM(費用設定.IT費用予算) GROUP BY year	monthly_cost_items.value(IT費用)	月次予算設定.年間IT費用		year	月次	shop × month	60M	on_budget_update	batch	予算確定後
トランザクション	個別	S582	年間予算_ラクミー利用料	予実系	店長	-	🟢 既実装	小	🟡 予測値	確定値と区別必要	metric	FORECAST	画面内	予実管理	売上予実	売上の達成率/進捗率モニタリング、月中の早期是正アクション (KPI単独表示)	L3-S	SUM(費用設定.ラクミー利用料予算) GROUP BY year	monthly_cost_items.value(ラクミー利用料)	月次予算設定.年間ラクミー利用料		year	月次	shop × month	60M	on_budget_update	batch	予算確定後
トランザクション	個別	S583	年間予算_レジ利用料	予実系	店長	-	🟢 既実装	小	🟡 予測値	確定値と区別必要	metric	FORECAST	画面内	予実管理	売上予実	売上の達成率/進捗率モニタリング、月中の早期是正アクション (KPI単独表示)	L3-S	SUM(費用設定.レジ利用料予算) GROUP BY year	monthly_cost_items.value(レジ利用料)	月次予算設定.年間レジ利用料		year	月次	shop × month	60M	on_budget_update	batch	予算確定後
トランザクション	個別	S584	年間予算_クレジットカード手数料	予実系	店長	-	🟢 既実装	小	🟡 予測値	確定値と区別必要	metric	FORECAST	画面内	予実管理	売上予実	売上の達成率/進捗率モニタリング、月中の早期是正アクション (KPI単独表示)	L3-S	SUM(費用設定.クレジットカード手数料予算) GROUP BY year	monthly_cost_items.value(クレジットカード手数料)	月次予算設定.年間クレジットカード手数料		year	月次	shop × month	60M	on_budget_update	batch	予算確定後
トランザクション	個別	S585	年間予算_お花代	予実系	店長	-	🟢 既実装	小	🟡 予測値	確定値と区別必要	metric	FORECAST	画面内	予実管理	売上予実	売上の達成率/進捗率モニタリング、月中の早期是正アクション (KPI単独表示)	L3-S	SUM(費用設定.お花代予算) GROUP BY year	monthly_cost_items.value(お花代)	月次予算設定.年間お花代		year	月次	shop × month	60M	on_budget_update	batch	予算確定後
トランザクション	個別	S482	売上達成率	予実系	店長	-	🟢 既実装	小	🟢 制限なし	そのまま集計可能	metric	FLOW	画面内	予実管理	売上予実	売上の達成率/進捗率モニタリング、月中の早期是正アクション (KPI単独表示)	L3-S	参照表示	head_office_connected_service_sales_logs.sales_excluded, monthly_budgets.profit	店舗別サマリー.売上（税抜）			オンデマンド	shop × month × product, shop × date × product	-	on_demand	on_demand	翌日日次確定
トランザクション	個別	S483	営業利益	収益性	店長	-	🟢 既実装	小	🟢 制限なし	そのまま集計可能	metric	FLOW	画面内	利益分析	店舗別利益	店舗別の利益貢献を可視化、低収益店舗の改善優先順位付け (KPI単独表示)	L3-S	参照表示	head_office_connected_service_sales_logs.sales_excluded, infomart_transactions.total_tax_excluded, head_office_connected_service_labor_costs_logs.labor_costs, monthly_costs.value	店舗別サマリー.売上（税抜）, 予実対比.FD仕入, 予実対比.人件費			オンデマンド	shop × month × product, shop × date × product	-	on_demand	on_demand	月次締め後（全費目確定）
トランザクション	個別	S486	FD仕入率	原価系	店長	-	🟢 既実装	小	🟢 制限なし	そのまま集計可能	metric	FLOW	画面内	原価管理	FD率分析	FD率の推移把握、ロス削減/原価コントロール優先順位 (KPI単独表示)	L3-S	参照表示	infomart_transactions.total_tax_excluded, head_office_connected_service_sales_logs.sales_excluded	予実対比.FD仕入, 店舗別サマリー.売上（税抜）			オンデマンド	shop × month × product, shop × date × product	-	on_demand	on_demand	納品確定後
トランザクション	個別	S487	人件費率	人件費系	店長	-	🟢 既実装	小	🟢 制限なし	そのまま集計可能	metric	FLOW	画面内	人件費効率	PA率分析	PA率の店舗/業態比較、人件費効率改善の優先順位 (KPI単独表示)	L3-S	参照表示	head_office_connected_service_labor_costs_logs.labor_costs, head_office_connected_service_sales_logs.sales_excluded	予実対比.人件費, 店舗別サマリー.売上（税抜）			オンデマンド	-	-	on_demand	on_demand	月次給与確定後
トランザクション	個別	S488	営業利益	収益性	店長	-	🟢 既実装	小	🟢 制限なし	そのまま集計可能	metric	FLOW	画面内	利益分析	店舗別利益	店舗別の利益貢献を可視化、低収益店舗の改善優先順位付け (KPI単独表示)	L3-S	参照表示	head_office_connected_service_sales_logs.sales_excluded, infomart_transactions.total_tax_excluded, head_office_connected_service_labor_costs_logs.labor_costs, monthly_costs.value	当月実績.売上（税抜）, 予実対比.FD仕入, 予実対比.人件費			オンデマンド	shop × month × product, shop × date × product	-	on_demand	on_demand	月次締め後（全費目確定）
トランザクション	個別	S490	FD仕入率	原価系	店長	-	🟢 既実装	小	🟢 制限なし	そのまま集計可能	metric	FLOW	画面内	原価管理	FD率分析	FD率の推移把握、ロス削減/原価コントロール優先順位 (KPI単独表示)	L3-S	参照表示	infomart_transactions.total_tax_excluded, head_office_connected_service_sales_logs.sales_excluded	予実対比.FD仕入, 当月実績.売上（税抜）			オンデマンド	shop × month × product, shop × date × product	-	on_demand	on_demand	納品確定後
トランザクション	個別	S491	人件費率	人件費系	店長	-	🟢 既実装	小	🟢 制限なし	そのまま集計可能	metric	FLOW	画面内	人件費効率	PA率分析	PA率の店舗/業態比較、人件費効率改善の優先順位 (KPI単独表示)	L3-S	参照表示	head_office_connected_service_labor_costs_logs.labor_costs, head_office_connected_service_sales_logs.sales_excluded	予実対比.人件費, 当月実績.売上（税抜）			オンデマンド	-	-	on_demand	on_demand	月次給与確定後
トランザクション	個別	S492	FL率	効率性	店長	-	🟢 既実装	小	🟢 制限なし	そのまま集計可能	metric	FLOW	画面内	効率改善	FL率	FL率の月次推移/業態比較、コストマネジメント評価 (KPI単独表示)	L3-S	参照表示	infomart_transactions.total_tax_excluded, head_office_connected_service_labor_costs_logs.labor_costs, head_office_connected_service_sales_logs.sales_excluded	予実対比.FD仕入, 予実対比.人件費, 当月実績.売上（税抜）			オンデマンド	-	-	on_demand	on_demand	月次給与確定後
トランザクション	個別	S494	営業利益達成率	予実系	店長	-	🟢 既実装	小	🟢 制限なし	そのまま集計可能	metric	FLOW	画面内	予実管理	売上予実	売上の達成率/進捗率モニタリング、月中の早期是正アクション (KPI単独表示)	L3-S	参照表示	head_office_connected_service_sales_logs.sales_excluded, monthly_budgets.profit	当月実績.営業利益, 当月実績.営業利益予算			オンデマンド	shop × month × product, shop × date × product	-	on_demand	on_demand	月次締め後（全費目確定）
トランザクション	個別	S496	売上達成率	予実系	店長	-	🟢 既実装	小	🟢 制限なし	そのまま集計可能	metric	FLOW	画面内	予実管理	売上予実	売上の達成率/進捗率モニタリング、月中の早期是正アクション (KPI単独表示)	L3-S	参照表示	head_office_connected_service_sales_logs.sales_excluded, monthly_budgets.sales	当月実績.売上（税抜）, 当月実績.売上予算			オンデマンド	shop × month × product, shop × date × product	-	on_demand	on_demand	翌日日次確定
トランザクション	個別	S298	客単価（税抜）	客数系	店長	-	🟢 既実装	小	🟡 加重平均	率指標は加重平均	metric	FLOW	画面内	客数分析	客単価	客単価の月次推移/商品ミックス影響、アップセル戦略立案 (KPI単独表示)	L3-S	売上÷客数	head_office_connected_service_sales_logs.sales_excluded, head_office_connected_service_sales_logs.customers	当月実績.売上（税抜）, 感度分析.客数	客数	month,quarter,year	月次	shop × month	60M	nightly + monthly_finalize	batch	翌日日次確定
トランザクション	個別	S300	変動費率	その他	店長	-	🟢 既実装	小	🟡 加重平均	率指標は加重平均	metric	FLOW	画面内	売上分析	店舗別売上	店舗ごとの売上推移を比較し、伸長/落ち込み店舗を早期発見、施策効果検証 (KPI単独表示)	L3-S	変動費÷売上×100	z_totals.sales_excluded	感度分析.変動費, 当月実績.売上（税抜）	売上(税抜)	month,quarter,year	月次	shop × month	60M	nightly + monthly_finalize	batch	確定なし
トランザクション	個別	S301	粗利単価	収益性	店長	-	🟢 既実装	小	🟡 加重平均	率指標は加重平均	metric	FLOW	画面内	利益分析	店舗別利益	店舗別の利益貢献を可視化、低収益店舗の改善優先順位付け (KPI単独表示)	L3-S	(売上-原価)÷客数	z_totals.customers	当月実績.売上（税抜）, 感度分析.客数		month,quarter,year	月次	shop × month	60M	nightly + monthly_finalize	batch	確定なし
トランザクション	個別	S302	粗利率	収益性	店長	-	🟢 既実装	小	🟡 加重平均	率指標は加重平均	metric	FLOW	画面内	利益分析	店舗別利益	店舗別の利益貢献を可視化、低収益店舗の改善優先順位付け (KPI単独表示)	L3-S	(売上-原価)÷売上×100	z_totals.sales_excluded	当月実績.売上（税抜）	売上(税抜)	month,quarter,year	月次	shop × month	60M	nightly + monthly_finalize	batch	確定なし
トランザクション	個別	S305	変動費	その他	店長	-	🟢 既実装	小	🟢 制限なし	そのまま集計可能	metric	FLOW	画面内	売上分析	店舗別売上	店舗ごとの売上推移を比較し、伸長/落ち込み店舗を早期発見、施策効果検証 (KPI単独表示)	L3-S	売上-粗利	head_office_connected_service_sales_logs.sales_excluded	感度分析.粗利, 当月実績.売上（税抜）		month,quarter,year	月次	shop × month	60M	nightly + monthly_finalize	batch	確定なし
トランザクション	個別	S306	粗利	収益性	店長	-	🟢 既実装	小	🟢 制限なし	そのまま集計可能	metric	FLOW	画面内	利益分析	店舗別利益	店舗別の利益貢献を可視化、低収益店舗の改善優先順位付け (KPI単独表示)	L3-S	売上-変動費	head_office_connected_service_sales_logs.sales_excluded	感度分析.変動費, 当月実績.売上（税抜）		month,quarter,year	月次	shop × month, shop × month × product, shop × date × product	60M	nightly + monthly_finalize	batch	確定なし
トランザクション	個別	S310	売上比率	売上系	店長	-	🟢 既実装	小	🟢 制限なし	そのまま集計可能	metric	FLOW	画面内	売上分析	店舗別売上	店舗ごとの売上推移を比較し、伸長/落ち込み店舗を早期発見、施策効果検証 (KPI単独表示)	L3-S	支払÷総売上×100	head_office_payment_method_sales_logs.sales, head_office_connected_service_sales_logs.sales_excluded	当月実績.売上（税抜）			月次	shop × month	-	nightly + monthly_finalize	hybrid	翌日日次確定
トランザクション	個別	S324	客単価（税抜）	客数系	店長	-	🟢 既実装	小	🟡 加重平均	率指標は加重平均	metric	FLOW	画面内	客数分析	客単価	客単価の月次推移/商品ミックス影響、アップセル戦略立案 (KPI単独表示)	L3-S	売上÷客数	head_office_connected_service_sales_logs.sales_excluded, head_office_connected_service_sales_logs.customers	当月実績.売上（税抜）, 時間帯別売上分析.客数	客数	month,quarter,year	月次	shop × month	36M	nightly + monthly_finalize	hybrid	翌日日次確定
トランザクション	個別	S326	平均売上（税抜）	売上系	店長	-	🟢 既実装	小	🟢 制限なし	そのまま集計可能	metric	FLOW	画面内	売上分析	店舗別売上	店舗ごとの売上推移を比較し、伸長/落ち込み店舗を早期発見、施策効果検証 (KPI単独表示)	L3-S	AVG曜日別	-	日次レポート.売上（税抜）, 日次レポート.売上（税抜）		month,quarter,year	月次	shop × month	60M	nightly + monthly_finalize	batch	翌日日次確定
トランザクション	個別	S327	平均客数	客数系	店長	-	🟢 既実装	小	🟢 制限なし	そのまま集計可能	metric	FLOW	画面内	客数分析	客数推移	客数の前年比/曜日傾向、集客施策の効果検証 (KPI単独表示)	L3-S	AVG曜日別	head_office_connected_service_sales_logs.customers	時間帯別売上分析.客数		month,quarter,year	月次	shop × month	60M	nightly + monthly_finalize	batch	翌日日次確定
トランザクション	個別	S328	平均客数（税抜）	客数系	店長	-	🟢 既実装	小	🟢 制限なし	そのまま集計可能	metric	FLOW	画面内	客数分析	客数推移	客数の前年比/曜日傾向、集客施策の効果検証 (KPI単独表示)	L3-S	AVG曜日別	head_office_connected_service_sales_logs.customers	時間帯別売上分析.客数		month,quarter,year	月次	shop × month	60M	nightly + monthly_finalize	batch	翌日日次確定
トランザクション	個別	S330	原価率	原価系	店長	-	🟢 既実装	小	🟡 加重平均	率指標は加重平均	metric	FLOW	画面内	原価管理	原価率	原価率の月次推移、商品ミックス変更による改善余地探索 (KPI単独表示)	L3-S	原価÷売上×100	z_totals.sales_excluded	当月実績.売上（税抜）	売上(税抜)	month,quarter,year	月次	shop × month	-	nightly + monthly_finalize	hybrid	確定なし
トランザクション	個別	S54	固定費用予算	予実系	店長	-	🟢 既実装	小	🟡 予測値	確定値と区別必要	metric	FORECAST	画面内	予実管理	経費予実	経費の予算超過リスク検知、削減ポイント特定 (KPI単独表示)	L3-S	SUM(費用設定.設定タイプ=固定費用予算) + IF(地代家賃設定.賃料体系=固定賃料 THEN COALESCE(単月費用設定.単月地代家賃, 地代家賃設定.固定賃料) ELSE 0)	monthly_costs.value, rent_settings.fixed_rent, monthly_rent_settings.rent_value	費用設定.固定費用予算, 地代家賃設定.固定賃料, 地代家賃設定.賃料体系, 単月費用設定.単月地代家賃			オンデマンド	-	-	on_demand	on_demand	予算確定後
トランザクション	個別	S73c	変動費用予算	予実系	店長	-	🟢 既実装	小	🟡 予測値	確定値と区別必要	metric	FORECAST	画面内	予実管理	経費予実	経費の予算超過リスク検知、削減ポイント特定 (KPI単独表示)	L3-S	SUM(費用設定.設定タイプ=変動費用予算) + IF(地代家賃設定.賃料体系≠固定賃料 THEN COALESCE(単月費用設定.単月地代家賃, 地代家賃設定.地代家賃シミュレーション金額) ELSE 0)	monthly_costs.value, rent_settings.*, monthly_rent_settings.rent_value	費用設定.変動費用予算, 地代家賃設定.固定賃料, 地代家賃設定.歩合率, 地代家賃設定.最低保証額, 地代家賃設定.地代家賃シミュレーション金額, 地代家賃設定.賃料体系, 単月費用設定.単月地代家賃			オンデマンド	-	-	on_demand	on_demand	予算確定後
トランザクション	個別	S340	客単価（税抜）	客数系	店長	-	🟢 既実装	小	🟡 加重平均	率指標は加重平均	metric	FLOW	画面内	客数分析	客単価	客単価の月次推移/商品ミックス影響、アップセル戦略立案 (KPI単独表示)	L3-S	売上÷客数	head_office_connected_service_sales_logs.sales_excluded, head_office_connected_service_sales_logs.customers	当月実績.売上（税抜）, 感度分析.客数	客数	month,quarter,year	月次	shop × month	60M	nightly + monthly_finalize	batch	翌日日次確定
トランザクション	個別	S341	変動費単価	その他	店長	-	🟢 既実装	小	🟡 加重平均	率指標は加重平均	metric	FLOW	画面内	売上分析	店舗別売上	店舗ごとの売上推移を比較し、伸長/落ち込み店舗を早期発見、施策効果検証 (KPI単独表示)	L3-S	変動費÷客数	z_totals.customers	感度分析.変動費, 感度分析.客数		month,quarter,year	月次	shop × month	60M	nightly + monthly_finalize	batch	確定なし
トランザクション	個別	S342	変動費率	その他	店長	-	🟢 既実装	小	🟡 加重平均	率指標は加重平均	metric	FLOW	画面内	売上分析	店舗別売上	店舗ごとの売上推移を比較し、伸長/落ち込み店舗を早期発見、施策効果検証 (KPI単独表示)	L3-S	変動費÷売上×100	z_totals.sales_excluded	感度分析.変動費, 当月実績.売上（税抜）	売上(税抜)	month,quarter,year	月次	shop × month	60M	nightly + monthly_finalize	batch	確定なし
トランザクション	個別	S343	仕入費率	原価系	店長	-	🟢 既実装	小	🟡 加重平均	率指標は加重平均	metric	FLOW	画面内	原価管理	FD率分析	FD率の推移把握、ロス削減/原価コントロール優先順位 (KPI単独表示)	L3-S	仕入÷売上×100	infomart_transactions.total_tax_excluded, head_office_connected_service_sales_logs.sales_excluded	予実対比.FD仕入, 当月実績.売上（税抜）	売上(税抜)	month,quarter,year	月次	shop × month	60M	nightly + monthly_finalize	batch	納品確定後
トランザクション	個別	S344	PA人件費率	人件費系	店長	-	🟢 既実装	小	🟡 加重平均	率指標は加重平均	metric	FLOW	画面内	人件費効率	PA率分析	PA率の店舗/業態比較、人件費効率改善の優先順位 (KPI単独表示)	L3-S	PA人件費÷売上×100	head_office_employee_working_records.daily_cost, head_office_connected_service_sales_logs.sales_excluded	予実対比.PA人件費, 当月実績.売上（税抜）	売上(税抜)	month,quarter,year	月次	shop × month	60M	monthly_payroll_finalize	batch	月次給与確定後
トランザクション	個別	S345	粗利単価	収益性	店長	-	🟢 既実装	小	🟡 加重平均	率指標は加重平均	metric	FLOW	画面内	利益分析	店舗別利益	店舗別の利益貢献を可視化、低収益店舗の改善優先順位付け (KPI単独表示)	L3-S	(売上-原価)÷客数	head_office_connected_service_sales_logs.sales_excluded, z_totals.customers	当月実績.売上（税抜）, 感度分析.客数		month,quarter,year	月次	shop × month	60M	nightly + monthly_finalize	batch	確定なし
トランザクション	個別	S346	粗利率	収益性	店長	-	🟢 既実装	小	🟡 加重平均	率指標は加重平均	metric	FLOW	画面内	利益分析	店舗別利益	店舗別の利益貢献を可視化、低収益店舗の改善優先順位付け (KPI単独表示)	L3-S	(売上-原価)÷売上×100	head_office_connected_service_sales_logs.sales_excluded	当月実績.売上（税抜）	売上(税抜)	month,quarter,year	月次	shop × month	60M	nightly + monthly_finalize	batch	確定なし
トランザクション	個別	S347	その他変動費率	その他	店長	-	🟢 既実装	小	🟡 加重平均	率指標は加重平均	metric	FLOW	画面内	売上分析	店舗別売上	店舗ごとの売上推移を比較し、伸長/落ち込み店舗を早期発見、施策効果検証 (KPI単独表示)	L3-S	その他変動費÷売上×100	monthly_costs.value, head_office_connected_service_sales_logs.sales_excluded	当月実績.売上（税抜）	売上(税抜)	month,quarter,year	月次	shop × month	60M	nightly + monthly_finalize	batch	確定なし
トランザクション	個別	S348	変動費	その他	店長	-	🟢 既実装	小	🟢 制限なし	そのまま集計可能	metric	FLOW	画面内	売上分析	店舗別売上	店舗ごとの売上推移を比較し、伸長/落ち込み店舗を早期発見、施策効果検証 (KPI単独表示)	L3-S	売上-粗利	head_office_connected_service_sales_logs.sales_excluded	月次集計.粗利, 当月実績.売上（税抜）		month,quarter,year	月次	shop × month	60M	nightly + monthly_finalize	batch	確定なし
トランザクション	個別	S349	粗利	収益性	店長	-	🟢 既実装	小	🟢 制限なし	そのまま集計可能	metric	FLOW	画面内	利益分析	店舗別利益	店舗別の利益貢献を可視化、低収益店舗の改善優先順位付け (KPI単独表示)	L3-S	売上-変動費	head_office_connected_service_sales_logs.sales_excluded	月次集計.変動費, 当月実績.売上（税抜）		month,quarter,year	月次	shop × month, shop × month × product, shop × date × product	60M	nightly + monthly_finalize	batch	確定なし
トランザクション	個別	S353	テーブル回転数	その他	店長	-	🟢 既実装	小	🟢 制限なし	そのまま集計可能	metric	FLOW	画面内	売上分析	店舗別売上	店舗ごとの売上推移を比較し、伸長/落ち込み店舗を早期発見、施策効果検証 (KPI単独表示)	L3-S	組数÷総卓数	head_office_connected_service_sales_logs.customers, shops.total_tables	時間帯別売上分析.客数		month,quarter,year	月次	shop × month	60M	nightly + monthly_finalize	batch	確定なし
トランザクション	個別	S354	テーブル稼働率	その他	店長	-	🟢 既実装	小	🟡 加重平均	率指標は加重平均	metric	FLOW	画面内	売上分析	店舗別売上	店舗ごとの売上推移を比較し、伸長/落ち込み店舗を早期発見、施策効果検証 (KPI単独表示)	L3-S	予約卓÷総卓×100	shops.total_tables	流入分析.予約客数	売上(税抜)	month,quarter,year	月次	shop × month	60M	nightly + monthly_finalize	batch	確定なし
トランザクション	個別	S355	予約売上	売上系	店長	-	🟢 既実装	小	🟢 制限なし	そのまま集計可能	metric	FLOW	画面内	売上分析	店舗別売上	店舗ごとの売上推移を比較し、伸長/落ち込み店舗を早期発見、施策効果検証 (KPI単独表示)	L3-S	予約客売上	head_office_connected_service_sales_logs.sales_excluded	当月実績.売上（税抜）, 流入分析.予約客数, 感度分析.客数		month,quarter,year	月次	shop × month	60M	nightly + monthly_finalize	batch	翌日日次確定
トランザクション	個別	S358	ウォークイン売上	売上系	店長	-	🟢 既実装	小	🟢 制限なし	そのまま集計可能	metric	FLOW	画面内	売上分析	店舗別売上	店舗ごとの売上推移を比較し、伸長/落ち込み店舗を早期発見、施策効果検証 (KPI単独表示)	L3-S	総売上-予約売上	head_office_connected_service_sales_logs.sales_excluded	流入分析.予約売上, 予実対比.総売上		month,quarter,year	月次	shop × month	60M	nightly + monthly_finalize	batch	翌日日次確定
トランザクション	個別	S359	ウォークイン客数	客数系	店長	-	🟢 既実装	小	🟢 制限なし	そのまま集計可能	metric	FLOW	画面内	客数分析	客数推移	客数の前年比/曜日傾向、集客施策の効果検証 (KPI単独表示)	L3-S	総客数-予約客数	head_office_connected_service_sales_logs.customers, reservations.customers	感度分析.客数, 流入分析.予約客数		month,quarter,year	月次	shop × month	60M	nightly + monthly_finalize	batch	翌日日次確定
トランザクション	個別	S365	予約売上合計	売上系	店長	-	🟢 既実装	小	🟢 制限なし	そのまま集計可能	metric	FLOW	画面内	売上分析	店舗別売上	店舗ごとの売上推移を比較し、伸長/落ち込み店舗を早期発見、施策効果検証 (KPI単独表示)	L3-S	SUM予約	head_office_connected_service_sales_logs.sales_excluded	当月実績.売上（税抜）		month,quarter,year	月次	shop × month	60M	nightly + monthly_finalize	batch	翌日日次確定
トランザクション	個別	S366	ウォークイン売上合計	売上系	店長	-	🟢 既実装	小	🟢 制限なし	そのまま集計可能	metric	FLOW	画面内	売上分析	店舗別売上	店舗ごとの売上推移を比較し、伸長/落ち込み店舗を早期発見、施策効果検証 (KPI単独表示)	L3-S	総売上-予約売上	head_office_connected_service_sales_logs.sales_excluded	流入分析.予約売上合計, 予実対比.総売上		month,quarter,year	月次	shop × month	60M	nightly + monthly_finalize	batch	翌日日次確定
トランザクション	個別	SS-10	シフト充足率	人件費系	店長	-	🔴 後続開発_長期_未来指標_外部連携	中	🟢 制限なし	そのまま集計可能	metric	FLOW	画面内	人件費効率	PA率分析	PA率の店舗/業態比較、人件費効率改善の優先順位 (KPI単独表示)	L4(提案)	実シフト時間 ÷ 計画シフト時間 × 100	-	実シフト時間(1次 要追加), 計画シフト時間(1次 要追加)			オンデマンド	-	-	on_demand	hybrid	確定なし
トランザクション	個別	SST-13	死に筋商品検出	その他	店長	-	🔵 後続開発_短期実装	中	🟢 制限なし	そのまま集計可能	metric	FLOW	画面内	売上分析	店舗別売上	店舗ごとの売上推移を比較し、伸長/落ち込み店舗を早期発見、施策効果検証 (KPI単独表示)	L4(提案)	月間販売数下位20%の商品リスト	-	POS商品別売上(2次), 商品マスタ(1次)			オンデマンド	-	-	on_demand	hybrid	確定なし
トランザクション	個別	SST-15	商品ABC分析	その他	店長	-	🔵 後続開発_短期実装	中	🟢 制限なし	そのまま集計可能	metric	FLOW	画面内	売上分析	店舗別売上	店舗ごとの売上推移を比較し、伸長/落ち込み店舗を早期発見、施策効果検証 (KPI単独表示)	L4(提案)	商品を売上累積構成比でA(0-70%)/B(70-90%)/C(90-100%)分類	-	POS商品別売上(2次)			オンデマンド	-	-	on_demand	hybrid	確定なし
トランザクション	個別	SST-11	売れ筋TOP10(売上ベース)	売上系	店長	-	🔵 後続開発_短期実装	中	🟢 制限なし	そのまま集計可能	metric	FLOW	画面内	売上分析	店舗別売上	店舗ごとの売上推移を比較し、伸長/落ち込み店舗を早期発見、施策効果検証 (KPI単独表示)	L4(提案)	商品別売上ランキング上位10	-	POS商品別売上(2次)			オンデマンド	-	-	on_demand	hybrid	翌日日次確定
トランザクション	個別	SST-12	売れ筋TOP10(利益ベース)	収益性	店長	-	🔵 後続開発_短期実装	中	🟢 制限なし	そのまま集計可能	metric	FLOW	画面内	利益分析	店舗別利益	店舗別の利益貢献を可視化、低収益店舗の改善優先順位付け (KPI単独表示)	L4(提案)	商品別粗利ランキング上位10	-	POS商品別売上(2次), 商品原価(2次)			オンデマンド	-	-	on_demand	hybrid	確定なし
トランザクション	個別	SST-14	商品別貢献利益	収益性	店長	-	🔵 後続開発_短期実装	中	🟢 制限なし	そのまま集計可能	metric	FLOW	画面内	利益分析	店舗別利益	店舗別の利益貢献を可視化、低収益店舗の改善優先順位付け (KPI単独表示)	L4(提案)	(売価 - 原価) × 販売数	-	POS商品別売上(2次), 商品原価(2次), 販売数(1次)			オンデマンド	-	-	on_demand	hybrid	確定なし
トランザクション	個別	SS-04	FL率	効率性	店長	-	🟢 既実装	小	🟢 制限なし	そのまま集計可能	metric	FLOW	画面内	効率改善	FL率	FL率の月次推移/業態比較、コストマネジメント評価 (KPI単独表示)	L4(提案)	(食材原価 + 人件費) ÷ 売上（税抜） × 100	-	FD仕入(2次), 人件費(2次), 売上（税抜）(2次)			オンデマンド	-	-	on_demand	hybrid	月次給与確定後
トランザクション	個別	SS-08	廃棄率	その他	店長	-	🟠 後続開発_長期_未来指標_データ整備	中	🟢 制限なし	そのまま集計可能	metric	FLOW	画面内	売上分析	店舗別売上	店舗ごとの売上推移を比較し、伸長/落ち込み店舗を早期発見、施策効果検証 (KPI単独表示)	L4(提案)	廃棄金額 ÷ 仕入金額 × 100	-	廃棄金額(1次 要追加), 仕入金額(2次)			オンデマンド	-	-	on_demand	hybrid	確定なし
トランザクション	個別	SS-07	レジ誤差率	その他	店長	-	🟠 後続開発_長期_未来指標_データ整備	中	🟢 制限なし	そのまま集計可能	metric	FLOW	画面内	売上分析	店舗別売上	店舗ごとの売上推移を比較し、伸長/落ち込み店舗を早期発見、施策効果検証 (KPI単独表示)	L4(提案)	レジ誤差金額 ÷ POS売上 × 100	-	レジ実金(1次 要追加), POS売上(1次)			オンデマンド	-	-	on_demand	hybrid	確定なし
トランザクション	個別	SS-12	客単価変動率	客数系	店長	-	🟢 既実装	小	🟢 制限なし	そのまま集計可能	metric	FLOW	画面内	客数分析	客単価	客単価の月次推移/商品ミックス影響、アップセル戦略立案 (KPI単独表示)	L4(提案)	(当月客単価 - 前月客単価) ÷ 前月客単価 × 100	-	客単価(2次), 前月客単価(3次時系列)			オンデマンド	-	-	on_demand	hybrid	翌日日次確定
トランザクション	個別	SST-43	費目別予実差異TOP3	その他	店長	-	🔵 後続開発_短期実装	中	🟢 制限なし	そのまま集計可能	metric	FLOW	画面内	売上分析	店舗別売上	店舗ごとの売上推移を比較し、伸長/落ち込み店舗を早期発見、施策効果検証 (KPI単独表示)	L4(提案)	費目別予実差額 ÷ 予算 のランキングTOP3	-	費目別実績(2次), 費目別予算(3次)			オンデマンド	-	-	on_demand	hybrid	確定なし
トランザクション	個別	SS-15	仕入商品単価変動	原価系	店長	-	🟢 既実装	小	🟢 制限なし	そのまま集計可能	metric	FLOW	画面内	原価管理	FD率分析	FD率の推移把握、ロス削減/原価コントロール優先順位 (KPI単独表示)	L4(提案)	(今月平均単価 - 先月平均単価) ÷ 先月平均単価 × 100	-	仕入単価(2次:商品仕入単価), 時系列比較(3次)			オンデマンド	-	-	on_demand	hybrid	納品確定後
トランザクション	個別	SST-16	商品別原価率偏差	原価系	店長	-	🔵 後続開発_短期実装	中	🟢 制限なし	そのまま集計可能	metric	FLOW	画面内	原価管理	原価率	原価率の月次推移、商品ミックス変更による改善余地探索 (KPI単独表示)	L4(提案)	(実際原価率 - 理論原価率) の商品別	-	POS商品別売上(2次), 商品別仕入(2次), レシピマスタ(1次)			オンデマンド	-	-	on_demand	hybrid	確定なし
トランザクション	個別	SST-17	商品別価格帯分布	売上系	店長	-	🔵 後続開発_短期実装	中	🟢 制限なし	そのまま集計可能	metric	FLOW	画面内	売上分析	店舗別売上	店舗ごとの売上推移を比較し、伸長/落ち込み店舗を早期発見、施策効果検証 (KPI単独表示)	L4(提案)	販売価格帯(500円刻み)の販売数分布	-	POS商品別売上(2次), 商品単価(2次)			オンデマンド	-	-	on_demand	hybrid	確定なし
トランザクション	個別	SST-18	新メニュー投入効果	その他	店長	-	🔵 後続開発_短期実装	中	🟢 制限なし	そのまま集計可能	metric	FLOW	画面内	売上分析	店舗別売上	店舗ごとの売上推移を比較し、伸長/落ち込み店舗を早期発見、施策効果検証 (KPI単独表示)	L4(提案)	(投入後月商 - 投入前月商) ÷ 投入前月商 × 100	-	POS商品別売上(2次), 商品マスタ投入日(1次)			オンデマンド	-	-	on_demand	hybrid	確定なし
トランザクション	個別	SST-09	売上標準偏差(月内変動)	売上系	店長	-	🔵 後続開発_短期実装	中	🟢 制限なし	そのまま集計可能	metric	FLOW	画面内	売上分析	店舗別売上	店舗ごとの売上推移を比較し、伸長/落ち込み店舗を早期発見、施策効果検証 (KPI単独表示)	L4(提案)	STDEV(日次売上) ÷ AVG(日次売上)	-	POS日別売上(1次)			オンデマンド	-	-	on_demand	hybrid	翌日日次確定
トランザクション	個別	SST-27	客数×客単価4象限	客数系	店長	-	🔵 後続開発_短期実装	中	🟢 制限なし	そのまま集計可能	metric	FLOW	画面内	客数分析	客単価	客単価の月次推移/商品ミックス影響、アップセル戦略立案 (KPI単独表示)	L4(提案)	客数と客単価のマトリクスプロット	-	客数(1次), 客単価(2次)			オンデマンド	-	-	on_demand	hybrid	翌日日次確定
トランザクション	個別	SST-31	客単価弾性	客数系	店長	-	🔵 後続開発_短期実装	中	🟢 制限なし	そのまま集計可能	metric	FLOW	画面内	客数分析	客単価	客単価の月次推移/商品ミックス影響、アップセル戦略立案 (KPI単独表示)	L4(提案)	(客数変化率) ÷ (客単価変化率)	-	客数(1次), 客単価(2次)			オンデマンド	-	-	on_demand	hybrid	翌日日次確定
トランザクション	個別	SS-02	人時売上高	売上系	店長	-	🔴 後続開発_長期_未来指標_外部連携	中	🟢 制限なし	そのまま集計可能	metric	FLOW	画面内	売上分析	店舗別売上	店舗ごとの売上推移を比較し、伸長/落ち込み店舗を早期発見、施策効果検証 (KPI単独表示)	L4(提案)	売上（税抜）÷ 総労働時間	-	売上（税抜）(2次), 人件費(2次)			オンデマンド	-	-	on_demand	hybrid	翌日日次確定
トランザクション	個別	SS-06	時間帯別売上構成比	売上系	店長	-	🟢 既実装	小	🟢 制限なし	そのまま集計可能	metric	FLOW	画面内	売上分析	店舗別売上	店舗ごとの売上推移を比較し、伸長/落ち込み店舗を早期発見、施策効果検証 (KPI単独表示)	L4(提案)	時間帯別売上 ÷ 日次総売上 × 100	-	POS売上時間別(1次)			オンデマンド	-	-	on_demand	hybrid	翌日日次確定
トランザクション	個別	SS-14	アイドル時間人件費率	人件費系	店長	-	🟠 後続開発_長期_未来指標_データ整備	中	🟢 制限なし	そのまま集計可能	metric	FLOW	画面内	人件費効率	PA率分析	PA率の店舗/業態比較、人件費効率改善の優先順位 (KPI単独表示)	L4(提案)	アイドル時間人件費 ÷ アイドル時間売上 × 100	-	時間帯別人件費(2次), 時間帯別売上(2次)			オンデマンド	-	-	on_demand	hybrid	月次給与確定後
トランザクション	個別	SST-30	繁忙時間検出	その他	店長	-	🔵 後続開発_短期実装	中	🟢 制限なし	そのまま集計可能	metric	FLOW	画面内	売上分析	店舗別売上	店舗ごとの売上推移を比較し、伸長/落ち込み店舗を早期発見、施策効果検証 (KPI単独表示)	L4(提案)	時間帯別客数が平均の1.5倍を超える時間	-	POS時間別客数(1次)			オンデマンド	-	-	on_demand	hybrid	確定なし
トランザクション	個別	SS-05	テーブル回転率	その他	店長	-	🟠 後続開発_長期_未来指標_データ整備	中	🟢 制限なし	そのまま集計可能	metric	FLOW	画面内	売上分析	店舗別売上	店舗ごとの売上推移を比較し、伸長/落ち込み店舗を早期発見、施策効果検証 (KPI単独表示)	L4(提案)	客数 ÷ 席数 ÷ 営業時間	-	客数(1次), 席数(マスタ:1次), 営業時間(マスタ:1次)			オンデマンド	-	-	on_demand	hybrid	確定なし
トランザクション	個別	SST-38	人件費対売上相関	人件費系	店長	-	🔵 後続開発_短期実装	中	🟢 制限なし	そのまま集計可能	metric	FLOW	画面内	人件費効率	スタッフ別人件費	スタッフ別の人時生産性評価、教育投資/シフト配置最適化 (KPI単独表示)	L4(提案)	相関係数(月次人件費, 月次売上)	-	人件費(2次), 売上(2次)			オンデマンド	-	-	on_demand	hybrid	翌日日次確定
トランザクション	個別	SS-03	人時粗利	収益性	店長	-	🟠 後続開発_長期_未来指標_データ整備	中	🟢 制限なし	そのまま集計可能	metric	FLOW	画面内	利益分析	店舗別利益	店舗別の利益貢献を可視化、低収益店舗の改善優先順位付け (KPI単独表示)	L4(提案)	粗利 ÷ 総労働時間	-	粗利(3次), 人件費(2次)			オンデマンド	-	-	on_demand	hybrid	確定なし
トランザクション	個別	SST-26	在庫金額月内変動	その他	店長	-	🔵 後続開発_短期実装	中	🟡 STOCK指標	期末値、SUM不可	metric	STOCK	画面内	在庫・棚卸	棚卸金額	棚卸金額の月次推移、在庫過剰/欠品リスク管理 (KPI単独表示)	L4(提案)	STDEV(期中棚卸金額) ÷ AVG(期中棚卸金額)	-	棚卸金額(3次)			オンデマンド	-	-	on_demand	hybrid	確定なし
トランザクション	個別	SS-01	食材ロス率	その他	店長	-	🟠 後続開発_長期_未来指標_データ整備	中	🟢 制限なし	そのまま集計可能	metric	FLOW	画面内	売上分析	店舗別売上	店舗ごとの売上推移を比較し、伸長/落ち込み店舗を早期発見、施策効果検証 (KPI単独表示)	L4(提案)	食材ロス金額 ÷ 食材仕入金額 × 100	-	仕入金額(2次), 棚卸金額(3次), 売上原価(3次)			オンデマンド	-	-	on_demand	hybrid	確定なし
トランザクション	個別	SS-09	賄い比率	その他	店長	-	🟠 後続開発_長期_未来指標_データ整備	中	🟢 制限なし	そのまま集計可能	metric	FLOW	画面内	売上分析	店舗別売上	店舗ごとの売上推移を比較し、伸長/落ち込み店舗を早期発見、施策効果検証 (KPI単独表示)	L4(提案)	賄い食材費 ÷ 仕入金額 × 100	-	賄い食材費(1次 要追加), 仕入金額(2次)			オンデマンド	-	-	on_demand	hybrid	確定なし
トランザクション	個別	SST-32	日次客数標準偏差	客数系	店長	-	🔵 後続開発_短期実装	中	🟢 制限なし	そのまま集計可能	metric	FLOW	画面内	客数分析	客数推移	客数の前年比/曜日傾向、集客施策の効果検証 (KPI単独表示)	L4(提案)	STDEV(日次客数) ÷ AVG(日次客数)	-	日次客数(1次)			オンデマンド	-	-	on_demand	hybrid	翌日日次確定
トランザクション	個別	SS-13	クーポン利用率	その他	店長	-	🟠 後続開発_長期_未来指標_データ整備	中	🟢 制限なし	そのまま集計可能	metric	FLOW	画面内	売上分析	店舗別売上	店舗ごとの売上推移を比較し、伸長/落ち込み店舗を早期発見、施策効果検証 (KPI単独表示)	L4(提案)	クーポン利用客数 ÷ 総客数 × 100	-	クーポン利用客数(1次 要追加), 客数(1次)			オンデマンド	-	-	on_demand	hybrid	確定なし
トランザクション	個別	SST-24	商品別発注精度	その他	店長	-	🔵 後続開発_短期実装	中	🟢 制限なし	そのまま集計可能	metric	FLOW	画面内	売上分析	店舗別売上	店舗ごとの売上推移を比較し、伸長/落ち込み店舗を早期発見、施策効果検証 (KPI単独表示)	L4(提案)	|発注数 - 実販売数| ÷ 発注数 × 100	-	発注書(1次), 販売数(1次)			オンデマンド	-	-	on_demand	hybrid	納品確定後
トランザクション	個別	SS-11	発注差異率	その他	店長	-	🟠 後続開発_長期_未来指標_データ整備	中	🟢 制限なし	そのまま集計可能	metric	FLOW	画面内	売上分析	店舗別売上	店舗ごとの売上推移を比較し、伸長/落ち込み店舗を早期発見、施策効果検証 (KPI単独表示)	L4(提案)	(納品数 - 発注数) ÷ 発注数 × 100	-	発注数(1次), 納品数(1次:納品書撮影)			オンデマンド	-	-	on_demand	hybrid	納品確定後
トランザクション	個別	SST-44	販促費売上連動性	売上系	店長	-	🔵 後続開発_短期実装	中	🟢 制限なし	そのまま集計可能	metric	FLOW	画面内	売上分析	店舗別売上	店舗ごとの売上推移を比較し、伸長/落ち込み店舗を早期発見、施策効果検証 (KPI単独表示)	L4(提案)	(販促費増加月の売上増加) ÷ 販促費増加額	-	販促費(2次), 売上(2次)			オンデマンド	-	-	on_demand	hybrid	翌日日次確定
トランザクション	個別	S814	時間帯別売上	売上系	店長	-	🔵 後続開発_短期実装	中	🟢 制限なし	そのまま集計可能	metric	FLOW	画面内	売上分析	店舗別売上	店舗ごとの売上推移を比較し、伸長/落ち込み店舗を早期発見、施策効果検証 (KPI単独表示)	L2-S	Σ(売上 WHERE 時刻IN時間帯)	-	売上(2次), 時間帯ラベル名, 時間帯開始, 時間帯終了		month,quarter,year	月次	shop × month × time_slot	60M	nightly + monthly_finalize	batch	翌日日次確定
トランザクション	個別	S815	時間帯別客数	客数系	店長	-	🔵 後続開発_短期実装	中	🟢 制限なし	そのまま集計可能	metric	FLOW	画面内	客数分析	客数推移	客数の前年比/曜日傾向、集客施策の効果検証 (KPI単独表示)	L2-S	Σ(客数 WHERE 時刻IN時間帯)	-	客数(1次), 時間帯ラベル名		month,quarter,year	月次	shop × month × time_slot	60M	nightly + monthly_finalize	batch	翌日日次確定
トランザクション	個別	S816	時間帯別客単価	客数系	店長	-	🔵 後続開発_短期実装	中	🟡 加重平均	率指標は加重平均	metric	FLOW	画面内	客数分析	客単価	客単価の月次推移/商品ミックス影響、アップセル戦略立案 (KPI単独表示)	L2-S	時間帯別売上÷時間帯別客数	-	時間帯別売上, 時間帯別客数	客数	month,quarter,year	月次	shop × month × time_slot	60M	nightly + monthly_finalize	batch	翌日日次確定
トランザクション	個別	S817	時間帯別粗利率	収益性	店長	-	🔵 後続開発_短期実装	中	🟡 加重平均	率指標は加重平均	metric	FLOW	画面内	利益分析	店舗別利益	店舗別の利益貢献を可視化、低収益店舗の改善優先順位付け (KPI単独表示)	L2-S	(時間帯別売上-時間帯別原価)÷時間帯別売上	-	時間帯別売上, 原価(商品×時間帯按分)	売上(税抜)	month,quarter,year	月次	shop × month × time_slot	60M	nightly + monthly_finalize	batch	確定なし
トランザクション	個別	S818	曜日別売上	売上系	店長	-	🔵 後続開発_短期実装	中	🟢 制限なし	そのまま集計可能	metric	FLOW	画面内	売上分析	店舗別売上	店舗ごとの売上推移を比較し、伸長/落ち込み店舗を早期発見、施策効果検証 (KPI単独表示)	L2-S	Σ(売上 WHERE 曜日IN曜日ラベル)	-	売上(2次), 曜日ラベル名, 曜日bitmap		month,quarter,year	日次	shop × date × weekday	13M	nightly	batch	翌日日次確定
トランザクション	個別	S819	曜日別客数	客数系	店長	-	🔵 後続開発_短期実装	中	🟢 制限なし	そのまま集計可能	metric	FLOW	画面内	客数分析	客数推移	客数の前年比/曜日傾向、集客施策の効果検証 (KPI単独表示)	L2-S	Σ(客数 WHERE 曜日IN曜日ラベル)	-	客数(1次), 曜日ラベル名		month,quarter,year	日次	shop × date × weekday	13M	nightly	batch	翌日日次確定
トランザクション	個別	S820	曜日別客単価	客数系	店長	-	🔵 後続開発_短期実装	中	🟡 加重平均	率指標は加重平均	metric	FLOW	画面内	客数分析	客単価	客単価の月次推移/商品ミックス影響、アップセル戦略立案 (KPI単独表示)	L2-S	曜日別売上÷曜日別客数	-	曜日別売上, 曜日別客数	客数	month,quarter,year	日次	shop × date × weekday	13M	nightly	batch	翌日日次確定
トランザクション	個別	S821	商品グループ別売上	売上系	店長	-	🔵 後続開発_短期実装	中	🟢 制限なし	そのまま集計可能	metric	FLOW	画面内	売上分析	店舗別売上	店舗ごとの売上推移を比較し、伸長/落ち込み店舗を早期発見、施策効果検証 (KPI単独表示)	L2-S	Σ(売上 WHERE 商品IN商品グループ)	-	売上(2次), 商品グループ名, 商品グループ含有商品		month,quarter,year	月次	shop × month × product	60M	nightly + monthly_finalize	batch	翌日日次確定
トランザクション	個別	S822	商品グループ別粗利	収益性	店長	-	🔵 後続開発_短期実装	中	🟢 制限なし	そのまま集計可能	metric	FLOW	画面内	利益分析	店舗別利益	店舗別の利益貢献を可視化、低収益店舗の改善優先順位付け (KPI単独表示)	L2-S	Σ(売上-原価 WHERE 商品IN商品グループ)	-	商品グループ別売上, 原価(商品別)		month,quarter,year	月次	shop × month × product	60M	nightly + monthly_finalize	batch	確定なし
トランザクション	個別	S823	商品グループ別粗利率	収益性	店長	-	🔵 後続開発_短期実装	中	🟡 加重平均	率指標は加重平均	metric	FLOW	画面内	利益分析	店舗別利益	店舗別の利益貢献を可視化、低収益店舗の改善優先順位付け (KPI単独表示)	L2-S	商品グループ別粗利÷商品グループ別売上	-	商品グループ別売上, 商品グループ別粗利	売上(税抜)	month,quarter,year	月次	shop × month × product	60M	nightly + monthly_finalize	batch	確定なし
トランザクション	個別	S824	仕入先別仕入金額	原価系	店長	-	🔵 後続開発_短期実装	中	🟢 制限なし	そのまま集計可能	metric	FLOW	画面内	原価管理	FD率分析	FD率の推移把握、ロス削減/原価コントロール優先順位 (KPI単独表示)	L2-S	Σ(仕入金額 WHERE 仕入先IN仕入先ラベル)	-	仕入金額(2次), 仕入先ラベル名, 仕入先ラベル含有仕入先		month,quarter,year	月次	shop × month × supplier	60M	nightly + monthly_finalize	batch	納品確定後
トランザクション	個別	S825	仕入先別構成比	原価系	店長	-	🔵 後続開発_短期実装	中	🟡 加重平均	率指標は加重平均	metric	FLOW	画面内	原価管理	FD率分析	FD率の推移把握、ロス削減/原価コントロール優先順位 (KPI単独表示)	L2-S	仕入先別仕入金額÷Σ(全仕入金額)	-	仕入先別仕入金額	仕入金額(全体)	month,quarter,year	月次	shop × month × supplier	60M	nightly + monthly_finalize	batch	納品確定後
トランザクション	個別	S826	スタッフ別シフト人件費	人件費系	店長	-	🔴 後続開発_長期_未来指標_外部連携	中	🟢 制限なし	そのまま集計可能	metric	FLOW	画面内	人件費効率	スタッフ別人件費	スタッフ別の人時生産性評価、教育投資/シフト配置最適化 (KPI単独表示)	L2-S	Σ(時給×勤怠時間 WHERE スタッフINラベル)	-	スタッフラベル名, スタッフラベル含有スタッフ, 勤怠時間, 時給		month,quarter,year	月次	shop × month × staff	60M	nightly + monthly_finalize	batch	確定なし
トランザクション	個別	S827	スタッフ別担当売上	売上系	店長	-	🟣 後続開発_運用整備	中	🟢 制限なし	そのまま集計可能	metric	FLOW	画面内	売上分析	店舗別売上	店舗ごとの売上推移を比較し、伸長/落ち込み店舗を早期発見、施策効果検証 (KPI単独表示)	L2-S	Σ(売上 WHERE 担当者INラベル)	-	スタッフラベル名, 売上(POS担当者), スタッフラベル含有スタッフ		month,quarter,year	月次	shop × month × staff	60M	nightly + monthly_finalize	batch	翌日日次確定
トランザクション	個別	S828	時間帯別予算達成率	予実系	店長	-	🟠 後続開発_長期_未来指標_データ整備	中	🟡 加重平均	率指標は加重平均	metric	FORECAST	画面内	予実管理	売上予実	売上の達成率/進捗率モニタリング、月中の早期是正アクション (KPI単独表示)	L2-S	時間帯別売上÷(月予算×時間帯按分)	-	時間帯別売上, 売上予算	売上予算	month,quarter,year	月次	shop × month × time_slot	36M	nightly + on_budget_update	hybrid	当月確定後（売上+予算）
トランザクション	個別	S829	曜日別予算達成率	予実系	店長	-	🔵 後続開発_短期実装	中	🟡 加重平均	率指標は加重平均	metric	FORECAST	画面内	予実管理	売上予実	売上の達成率/進捗率モニタリング、月中の早期是正アクション (KPI単独表示)	L2-S	曜日別売上÷(月予算×曜日数按分)	-	曜日別売上, 売上予算	売上予算	month,quarter,year	日次	shop × date × weekday	13M	nightly + on_budget_update	hybrid	当月確定後（売上+予算）
トランザクション	個別	S830	時間帯効率最適化スコア	効率性	店長	-	🟠 後続開発_長期_未来指標_データ整備	中	🟡 加重平均	率指標は加重平均	metric	FLOW	画面内	効率改善	坪月商	坪月商の業態比較/月次推移、店舗パフォーマンス評価 (KPI単独表示)	L3-S	【運営】時間帯別の効率最適化指数	-	時間帯別粗利率, 時間帯別売上, 売上(2次)	売上(税抜)	month,quarter,year	月次	shop × month × time_slot	60M	nightly + monthly_finalize	batch	依存元指標確定後
設定項目	個別	S10	ラベル名1	ユーザー入力単独	店長	-	⚪ 対象外	-	🟢 制限なし	設定値	config	-	画面内	-	-	ウィジェット設定値（ドラッグ対象外）	-	-	-	-	-	-	-	-	-	-	-	-
設定項目	個別	S11	ラベル名2	ユーザー入力単独	店長	-	⚪ 対象外	-	🟢 制限なし	設定値	config	-	画面内	-	-	ウィジェット設定値（ドラッグ対象外）	-	-	-	-	-	-	-	-	-	-	-	-
設定項目	個別	S12	ラベル名3	ユーザー入力単独	店長	-	⚪ 対象外	-	🟢 制限なし	設定値	config	-	画面内	-	-	ウィジェット設定値（ドラッグ対象外）	-	-	-	-	-	-	-	-	-	-	-	-
設定項目	個別	S13	ラベル名4	ユーザー入力単独	店長	-	⚪ 対象外	-	🟢 制限なし	設定値	config	-	画面内	-	-	ウィジェット設定値（ドラッグ対象外）	-	-	-	-	-	-	-	-	-	-	-	-
設定項目	個別	S14	ラベル名5	ユーザー入力単独	店長	-	⚪ 対象外	-	🟢 制限なし	設定値	config	-	画面内	-	-	ウィジェット設定値（ドラッグ対象外）	-	-	-	-	-	-	-	-	-	-	-	-
設定項目	個別	S15	ラベル名6	ユーザー入力単独	店長	-	⚪ 対象外	-	🟢 制限なし	設定値	config	-	画面内	-	-	ウィジェット設定値（ドラッグ対象外）	-	-	-	-	-	-	-	-	-	-	-	-
設定項目	個別	S16	ラベル名7	ユーザー入力単独	店長	-	⚪ 対象外	-	🟢 制限なし	設定値	config	-	画面内	-	-	ウィジェット設定値（ドラッグ対象外）	-	-	-	-	-	-	-	-	-	-	-	-
設定項目	個別	S17	ラベル名8	ユーザー入力単独	店長	-	⚪ 対象外	-	🟢 制限なし	設定値	config	-	画面内	-	-	ウィジェット設定値（ドラッグ対象外）	-	-	-	-	-	-	-	-	-	-	-	-
設定項目	個別	S18	ラベル名9	ユーザー入力単独	店長	-	⚪ 対象外	-	🟢 制限なし	設定値	config	-	画面内	-	-	ウィジェット設定値（ドラッグ対象外）	-	-	-	-	-	-	-	-	-	-	-	-
設定項目	個別	S19	ラベル名10	ユーザー入力単独	店長	-	⚪ 対象外	-	🟢 制限なし	設定値	config	-	画面内	-	-	ウィジェット設定値（ドラッグ対象外）	-	-	-	-	-	-	-	-	-	-	-	-
設定項目	個別	S77	定休日（曜日）	ユーザー入力単独	店長	-	⚪ 対象外	-	🟢 制限なし	設定値	config	-	画面内	-	-	ウィジェット設定値（ドラッグ対象外）	-	-	-	-	-	-	-	-	-	-	-	-
設定項目	個別	S78	日付指定	ユーザー入力単独	店長	-	⚪ 対象外	-	🟢 制限なし	設定値	config	-	画面内	-	-	ウィジェット設定値（ドラッグ対象外）	-	-	-	-	-	-	-	-	-	-	-	-
設定項目	個別	S79a	単月地代家賃	ユーザー入力単独	店長	-	⚪ 対象外	-	🟢 制限なし	設定値	config	-	画面内	-	-	ウィジェット設定値（ドラッグ対象外）	-	-	-	-	-	-	-	-	-	-	-	-
設定項目	個別	S80	対売上比（変動費用デフォルト値）	ユーザー入力単独	店長	-	⚪ 対象外	-	🟢 制限なし	設定値	config	-	画面内	-	-	ウィジェット設定値（ドラッグ対象外）	-	-	-	-	-	-	-	-	-	-	-	-
設定項目	個別	S81	金額（固定費用デフォルト値）	ユーザー入力単独	店長	-	⚪ 対象外	-	🟢 制限なし	設定値	config	-	画面内	-	-	ウィジェット設定値（ドラッグ対象外）	-	-	-	-	-	-	-	-	-	-	-	-
設定項目	個別	SP1	賃料体系	ユーザー入力単独	店長	-	⚪ 対象外	-	🟢 制限なし	設定値	config	-	画面内	-	-	ウィジェット設定値（ドラッグ対象外）	-	-	-	-	-	-	-	-	-	-	-	-
設定項目	個別	SP10	売上上限（2段目）	ユーザー入力単独	店長	-	⚪ 対象外	-	🟢 制限なし	設定値	config	-	画面内	-	-	ウィジェット設定値（ドラッグ対象外）	-	-	-	-	-	-	-	-	-	-	-	-
設定項目	個別	SP11	売上歩合率（2段目）	ユーザー入力単独	店長	-	⚪ 対象外	-	🟢 制限なし	設定値	config	-	画面内	-	-	ウィジェット設定値（ドラッグ対象外）	-	-	-	-	-	-	-	-	-	-	-	-
設定項目	個別	SP12	売上下限（3段目）	ユーザー入力単独	店長	-	⚪ 対象外	-	🟢 制限なし	設定値	config	-	画面内	-	-	ウィジェット設定値（ドラッグ対象外）	-	-	-	-	-	-	-	-	-	-	-	-
設定項目	個別	SP13	売上上限（3段目）	ユーザー入力単独	店長	-	⚪ 対象外	-	🟢 制限なし	設定値	config	-	画面内	-	-	ウィジェット設定値（ドラッグ対象外）	-	-	-	-	-	-	-	-	-	-	-	-
設定項目	個別	SP14	売上歩合率（3段目）	ユーザー入力単独	店長	-	⚪ 対象外	-	🟢 制限なし	設定値	config	-	画面内	-	-	ウィジェット設定値（ドラッグ対象外）	-	-	-	-	-	-	-	-	-	-	-	-
設定項目	個別	SP15	上限なし（フラグ）	ユーザー入力単独	店長	-	⚪ 対象外	-	🟢 制限なし	設定値	config	-	画面内	-	-	ウィジェット設定値（ドラッグ対象外）	-	-	-	-	-	-	-	-	-	-	-	-
設定項目	個別	SP16	最低保証額	ユーザー入力単独	店長	-	⚪ 対象外	-	🟢 制限なし	設定値	config	-	画面内	-	-	ウィジェット設定値（ドラッグ対象外）	-	-	-	-	-	-	-	-	-	-	-	-
設定項目	個別	SP17	売上閾値	ユーザー入力単独	店長	-	⚪ 対象外	-	🟢 制限なし	設定値	config	-	画面内	-	-	ウィジェット設定値（ドラッグ対象外）	-	-	-	-	-	-	-	-	-	-	-	-
設定項目	個別	SP18	売上歩合対象率	ユーザー入力単独	店長	-	⚪ 対象外	-	🟢 制限なし	設定値	config	-	画面内	-	-	ウィジェット設定値（ドラッグ対象外）	-	-	-	-	-	-	-	-	-	-	-	-
設定項目	個別	SP19	適用開始日	ユーザー入力単独	店長	-	⚪ 対象外	-	🟢 制限なし	設定値	config	-	画面内	-	-	ウィジェット設定値（ドラッグ対象外）	-	-	-	-	-	-	-	-	-	-	-	-
設定項目	個別	SP2	条件選択	ユーザー入力単独	店長	-	⚪ 対象外	-	🟢 制限なし	設定値	config	-	画面内	-	-	ウィジェット設定値（ドラッグ対象外）	-	-	-	-	-	-	-	-	-	-	-	-
設定項目	個別	SP20	月額売上予算（シミュレーション入力）	ユーザー入力単独	店長	-	⚪ 対象外	-	🟢 制限なし	設定値	config	-	画面内	-	-	ウィジェット設定値（ドラッグ対象外）	-	-	-	-	-	-	-	-	-	-	-	-
設定項目	個別	SP3	段階数	ユーザー入力単独	店長	-	⚪ 対象外	-	🟢 制限なし	設定値	config	-	画面内	-	-	ウィジェット設定値（ドラッグ対象外）	-	-	-	-	-	-	-	-	-	-	-	-
設定項目	個別	SP4	固定賃料	ユーザー入力単独	店長	-	⚪ 対象外	-	🟢 制限なし	設定値	config	-	画面内	-	-	ウィジェット設定値（ドラッグ対象外）	-	-	-	-	-	-	-	-	-	-	-	-
設定項目	個別	SP5	歩合率	ユーザー入力単独	店長	-	⚪ 対象外	-	🟢 制限なし	設定値	config	-	画面内	-	-	ウィジェット設定値（ドラッグ対象外）	-	-	-	-	-	-	-	-	-	-	-	-
設定項目	個別	SP6	売上下限（1段目）	ユーザー入力単独	店長	-	⚪ 対象外	-	🟢 制限なし	設定値	config	-	画面内	-	-	ウィジェット設定値（ドラッグ対象外）	-	-	-	-	-	-	-	-	-	-	-	-
設定項目	個別	SP7	売上上限（1段目）	ユーザー入力単独	店長	-	⚪ 対象外	-	🟢 制限なし	設定値	config	-	画面内	-	-	ウィジェット設定値（ドラッグ対象外）	-	-	-	-	-	-	-	-	-	-	-	-
設定項目	個別	SP8	売上歩合率（1段目）	ユーザー入力単独	店長	-	⚪ 対象外	-	🟢 制限なし	設定値	config	-	画面内	-	-	ウィジェット設定値（ドラッグ対象外）	-	-	-	-	-	-	-	-	-	-	-	-
設定項目	個別	SP9	売上下限（2段目）	ユーザー入力単独	店長	-	⚪ 対象外	-	🟢 制限なし	設定値	config	-	画面内	-	-	ウィジェット設定値（ドラッグ対象外）	-	-	-	-	-	-	-	-	-	-	-	-
設定項目	個別	S72	ランチ比率	ユーザー入力単独	店長	-	⚪ 対象外	-	🟢 制限なし	設定値	config	-	画面内	-	-	ウィジェット設定値（ドラッグ対象外）	-	-	-	-	-	-	-	-	-	-	-	-
設定項目	個別	S73	ディナー比率	ユーザー入力単独	店長	-	⚪ 対象外	-	🟢 制限なし	設定値	config	-	画面内	-	-	ウィジェット設定値（ドラッグ対象外）	-	-	-	-	-	-	-	-	-	-	-	-
設定項目	個別	S74	フード構成比	ユーザー入力単独	店長	-	⚪ 対象外	-	🟢 制限なし	設定値	config	-	画面内	-	-	ウィジェット設定値（ドラッグ対象外）	-	-	-	-	-	-	-	-	-	-	-	-
設定項目	個別	S75	ドリンク構成比	ユーザー入力単独	店長	-	⚪ 対象外	-	🟢 制限なし	設定値	config	-	画面内	-	-	ウィジェット設定値（ドラッグ対象外）	-	-	-	-	-	-	-	-	-	-	-	-
設定項目	個別	S76	その他構成比	ユーザー入力単独	店長	-	⚪ 対象外	-	🟢 制限なし	設定値	config	-	画面内	-	-	ウィジェット設定値（ドラッグ対象外）	-	-	-	-	-	-	-	-	-	-	-	-
設定項目	個別	S776	店内売上（標準税率）税抜	ユーザー入力単独	店長	-	⚪ 対象外	-	🟢 制限なし	設定値	config	-	画面内	-	-	ウィジェット設定値（ドラッグ対象外）	-	-	-	-	-	-	-	-	-	-	-	-
設定項目	個別	S778	店外売上（軽減税率）税抜	ユーザー入力単独	店長	-	⚪ 対象外	-	🟢 制限なし	設定値	config	-	画面内	-	-	ウィジェット設定値（ドラッグ対象外）	-	-	-	-	-	-	-	-	-	-	-	-
設定項目	個別	S780	客数	ユーザー入力単独	店長	-	⚪ 対象外	-	🟢 制限なし	設定値	config	-	画面内	-	-	ウィジェット設定値（ドラッグ対象外）	-	-	-	-	-	-	-	-	-	-	-	-
設定項目	個別	S781	人件費（概算人件費集計）	ユーザー入力単独	店長	-	⚪ 対象外	-	🟢 制限なし	設定値	config	-	画面内	-	-	ウィジェット設定値（ドラッグ対象外）	-	-	-	-	-	-	-	-	-	-	-	-
設定項目	個別	S82	支払先	ユーザー入力単独	店長	-	⚪ 対象外	-	🟢 制限なし	設定値	config	-	画面内	-	-	ウィジェット設定値（ドラッグ対象外）	-	-	-	-	-	-	-	-	-	-	-	-
設定項目	個別	S83	経費項目	ユーザー入力単独	店長	-	⚪ 対象外	-	🟢 制限なし	設定値	config	-	画面内	-	-	ウィジェット設定値（ドラッグ対象外）	-	-	-	-	-	-	-	-	-	-	-	-
設定項目	個別	S84	出勤額	ユーザー入力単独	店長	-	⚪ 対象外	-	🟢 制限なし	設定値	config	-	画面内	-	-	ウィジェット設定値（ドラッグ対象外）	-	-	-	-	-	-	-	-	-	-	-	-
設定項目	個別	S85	入金額	ユーザー入力単独	店長	-	⚪ 対象外	-	🟢 制限なし	設定値	config	-	画面内	-	-	ウィジェット設定値（ドラッグ対象外）	-	-	-	-	-	-	-	-	-	-	-	-
設定項目	個別	S87	内容	ユーザー入力単独	店長	-	⚪ 対象外	-	🟢 制限なし	設定値	config	-	画面内	-	-	ウィジェット設定値（ドラッグ対象外）	-	-	-	-	-	-	-	-	-	-	-	-
設定項目	個別	S89	税区分	ユーザー入力単独	店長	-	⚪ 対象外	-	🟢 制限なし	設定値	config	-	画面内	-	-	ウィジェット設定値（ドラッグ対象外）	-	-	-	-	-	-	-	-	-	-	-	-
設定項目	個別	S36	建物	ユーザー入力単独	店長	-	⚪ 対象外	-	🟢 制限なし	設定値	config	-	画面内	-	-	ウィジェット設定値（ドラッグ対象外）	-	-	-	-	-	-	-	-	-	-	-	-
設定項目	個別	S37	業種	ユーザー入力単独	店長	-	⚪ 対象外	-	🟢 制限なし	設定値	config	-	画面内	-	-	ウィジェット設定値（ドラッグ対象外）	-	-	-	-	-	-	-	-	-	-	-	-
設定項目	個別	S39	総卓数	ユーザー入力単独	店長	-	⚪ 対象外	-	🟢 制限なし	設定値	config	-	画面内	-	-	ウィジェット設定値（ドラッグ対象外）	-	-	-	-	-	-	-	-	-	-	-	-
設定項目	個別	S40	総席数	ユーザー入力単独	店長	-	⚪ 対象外	-	🟢 制限なし	設定値	config	-	画面内	-	-	ウィジェット設定値（ドラッグ対象外）	-	-	-	-	-	-	-	-	-	-	-	-
設定項目	個別	S41	坪数	ユーザー入力単独	店長	-	⚪ 対象外	-	🟢 制限なし	設定値	config	-	画面内	-	-	ウィジェット設定値（ドラッグ対象外）	-	-	-	-	-	-	-	-	-	-	-	-
設定項目	個別	S42	初期投資額	ユーザー入力単独	店長	-	⚪ 対象外	-	🟢 制限なし	設定値	config	-	画面内	-	-	ウィジェット設定値（ドラッグ対象外）	-	-	-	-	-	-	-	-	-	-	-	-
設定項目	個別	S91	相手店舗	ユーザー入力単独	店長	-	⚪ 対象外	-	🟢 制限なし	設定値	config	-	画面内	-	-	ウィジェット設定値（ドラッグ対象外）	-	-	-	-	-	-	-	-	-	-	-	-
設定項目	個別	S92	仕入金額（税抜）	ユーザー入力単独	店長	-	⚪ 対象外	-	🟢 制限なし	設定値	config	-	画面内	-	-	ウィジェット設定値（ドラッグ対象外）	-	-	-	-	-	-	-	-	-	-	-	-
設定項目	個別	S93	提供金額（税抜）	ユーザー入力単独	店長	-	⚪ 対象外	-	🟢 制限なし	設定値	config	-	画面内	-	-	ウィジェット設定値（ドラッグ対象外）	-	-	-	-	-	-	-	-	-	-	-	-
設定項目	個別	S43	目標月次利益	ユーザー入力単独	店長	-	⚪ 対象外	-	🟢 制限なし	設定値	config	-	画面内	-	-	ウィジェット設定値（ドラッグ対象外）	-	-	-	-	-	-	-	-	-	-	-	-
設定項目	個別	S44	FD仕入比率	ユーザー入力単独	店長	-	⚪ 対象外	-	🟢 制限なし	設定値	config	-	画面内	-	-	ウィジェット設定値（ドラッグ対象外）	-	-	-	-	-	-	-	-	-	-	-	-
設定項目	個別	S45	PA人件費率	ユーザー入力単独	店長	-	⚪ 対象外	-	🟢 制限なし	設定値	config	-	画面内	-	-	ウィジェット設定値（ドラッグ対象外）	-	-	-	-	-	-	-	-	-	-	-	-
設定項目	個別	S46	目標客単価（税抜）	ユーザー入力単独	店長	-	⚪ 対象外	-	🟢 制限なし	設定値	config	-	画面内	-	-	ウィジェット設定値（ドラッグ対象外）	-	-	-	-	-	-	-	-	-	-	-	-
設定項目	個別	S95	棚卸商品	ユーザー入力単独	店長	-	⚪ 対象外	-	🟢 制限なし	設定値	config	-	画面内	-	-	ウィジェット設定値（ドラッグ対象外）	-	-	-	-	-	-	-	-	-	-	-	-
設定項目	個別	S96	在庫数量	ユーザー入力単独	店長	-	⚪ 対象外	-	🟢 制限なし	設定値	config	-	画面内	-	-	ウィジェット設定値（ドラッグ対象外）	-	-	-	-	-	-	-	-	-	-	-	-
設定項目	個別	S97	商品単価	ユーザー入力単独	店長	-	⚪ 対象外	-	🟢 制限なし	設定値	config	-	画面内	-	-	ウィジェット設定値（ドラッグ対象外）	-	-	-	-	-	-	-	-	-	-	-	-
設定項目	個別	S773	在庫数量	ユーザー入力単独	店長	-	⚪ 対象外	-	🟢 制限なし	設定値	config	-	画面内	-	-	ウィジェット設定値（ドラッグ対象外）	-	-	-	-	-	-	-	-	-	-	-	-
設定項目	個別	S774	単価（税抜）	ユーザー入力単独	店長	-	⚪ 対象外	-	🟢 制限なし	設定値	config	-	画面内	-	-	ウィジェット設定値（ドラッグ対象外）	-	-	-	-	-	-	-	-	-	-	-	-
設定項目	個別	S59	単位	ユーザー入力単独	店長	-	⚪ 対象外	-	🟢 制限なし	設定値	config	-	画面内	-	-	ウィジェット設定値（ドラッグ対象外）	-	-	-	-	-	-	-	-	-	-	-	-
設定項目	個別	S60	税区分	ユーザー入力単独	店長	-	⚪ 対象外	-	🟢 制限なし	設定値	config	-	画面内	-	-	ウィジェット設定値（ドラッグ対象外）	-	-	-	-	-	-	-	-	-	-	-	-
設定項目	個別	S61	発注先	ユーザー入力単独	店長	-	⚪ 対象外	-	🟢 制限なし	設定値	config	-	画面内	-	-	ウィジェット設定値（ドラッグ対象外）	-	-	-	-	-	-	-	-	-	-	-	-
設定項目	個別	S65	カテゴリ	ユーザー入力単独	店長	-	⚪ 対象外	-	🟢 制限なし	設定値	config	-	画面内	-	-	ウィジェット設定値（ドラッグ対象外）	-	-	-	-	-	-	-	-	-	-	-	-
設定項目	個別	SR1	単月地代家賃	ユーザー入力単独	店長	-	⚪ 対象外	-	🟢 制限なし	設定値	config	-	画面内	-	-	ウィジェット設定値（ドラッグ対象外）	-	-	-	-	-	-	-	-	-	-	-	-
設定項目	個別	SR10	電気代	ユーザー入力単独	店長	-	⚪ 対象外	-	🟢 制限なし	設定値	config	-	画面内	-	-	ウィジェット設定値（ドラッグ対象外）	-	-	-	-	-	-	-	-	-	-	-	-
設定項目	個別	SR11	ガス代	ユーザー入力単独	店長	-	⚪ 対象外	-	🟢 制限なし	設定値	config	-	画面内	-	-	ウィジェット設定値（ドラッグ対象外）	-	-	-	-	-	-	-	-	-	-	-	-
設定項目	個別	SR12	水道代	ユーザー入力単独	店長	-	⚪ 対象外	-	🟢 制限なし	設定値	config	-	画面内	-	-	ウィジェット設定値（ドラッグ対象外）	-	-	-	-	-	-	-	-	-	-	-	-
設定項目	個別	SR13	消耗品費	ユーザー入力単独	店長	-	⚪ 対象外	-	🟢 制限なし	設定値	config	-	画面内	-	-	ウィジェット設定値（ドラッグ対象外）	-	-	-	-	-	-	-	-	-	-	-	-
設定項目	個別	SR14	保守修繕費	ユーザー入力単独	店長	-	⚪ 対象外	-	🟢 制限なし	設定値	config	-	画面内	-	-	ウィジェット設定値（ドラッグ対象外）	-	-	-	-	-	-	-	-	-	-	-	-
設定項目	個別	SR15	租税公課	ユーザー入力単独	店長	-	⚪ 対象外	-	🟢 制限なし	設定値	config	-	画面内	-	-	ウィジェット設定値（ドラッグ対象外）	-	-	-	-	-	-	-	-	-	-	-	-
設定項目	個別	SR16	接待交際費	ユーザー入力単独	店長	-	⚪ 対象外	-	🟢 制限なし	設定値	config	-	画面内	-	-	ウィジェット設定値（ドラッグ対象外）	-	-	-	-	-	-	-	-	-	-	-	-
設定項目	個別	SR17	旅費交通費	ユーザー入力単独	店長	-	⚪ 対象外	-	🟢 制限なし	設定値	config	-	画面内	-	-	ウィジェット設定値（ドラッグ対象外）	-	-	-	-	-	-	-	-	-	-	-	-
設定項目	個別	SR18	通信費	ユーザー入力単独	店長	-	⚪ 対象外	-	🟢 制限なし	設定値	config	-	画面内	-	-	ウィジェット設定値（ドラッグ対象外）	-	-	-	-	-	-	-	-	-	-	-	-
設定項目	個別	SR19	ｸﾚｼﾞｯﾄ手数料	ユーザー入力単独	店長	-	⚪ 対象外	-	🟢 制限なし	設定値	config	-	画面内	-	-	ウィジェット設定値（ドラッグ対象外）	-	-	-	-	-	-	-	-	-	-	-	-
設定項目	個別	SR2	固定人件費	ユーザー入力単独	店長	-	⚪ 対象外	-	🟢 制限なし	設定値	config	-	画面内	-	-	ウィジェット設定値（ドラッグ対象外）	-	-	-	-	-	-	-	-	-	-	-	-
設定項目	個別	SR20	支払手数料	ユーザー入力単独	店長	-	⚪ 対象外	-	🟢 制限なし	設定値	config	-	画面内	-	-	ウィジェット設定値（ドラッグ対象外）	-	-	-	-	-	-	-	-	-	-	-	-
設定項目	個別	SR21	会議費	ユーザー入力単独	店長	-	⚪ 対象外	-	🟢 制限なし	設定値	config	-	画面内	-	-	ウィジェット設定値（ドラッグ対象外）	-	-	-	-	-	-	-	-	-	-	-	-
設定項目	個別	SR22	諸会費	ユーザー入力単独	店長	-	⚪ 対象外	-	🟢 制限なし	設定値	config	-	画面内	-	-	ウィジェット設定値（ドラッグ対象外）	-	-	-	-	-	-	-	-	-	-	-	-
設定項目	個別	SR23	図書教育費	ユーザー入力単独	店長	-	⚪ 対象外	-	🟢 制限なし	設定値	config	-	画面内	-	-	ウィジェット設定値（ドラッグ対象外）	-	-	-	-	-	-	-	-	-	-	-	-
設定項目	個別	SR24	研修費	ユーザー入力単独	店長	-	⚪ 対象外	-	🟢 制限なし	設定値	config	-	画面内	-	-	ウィジェット設定値（ドラッグ対象外）	-	-	-	-	-	-	-	-	-	-	-	-
設定項目	個別	SR25	業態研究費	ユーザー入力単独	店長	-	⚪ 対象外	-	🟢 制限なし	設定値	config	-	画面内	-	-	ウィジェット設定値（ドラッグ対象外）	-	-	-	-	-	-	-	-	-	-	-	-
設定項目	個別	SR26	採用費	ユーザー入力単独	店長	-	⚪ 対象外	-	🟢 制限なし	設定値	config	-	画面内	-	-	ウィジェット設定値（ドラッグ対象外）	-	-	-	-	-	-	-	-	-	-	-	-
設定項目	個別	SR27	IT費	ユーザー入力単独	店長	-	⚪ 対象外	-	🟢 制限なし	設定値	config	-	画面内	-	-	ウィジェット設定値（ドラッグ対象外）	-	-	-	-	-	-	-	-	-	-	-	-
設定項目	個別	SR28	外注費	ユーザー入力単独	店長	-	⚪ 対象外	-	🟢 制限なし	設定値	config	-	画面内	-	-	ウィジェット設定値（ドラッグ対象外）	-	-	-	-	-	-	-	-	-	-	-	-
設定項目	個別	SR29	雑費	ユーザー入力単独	店長	-	⚪ 対象外	-	🟢 制限なし	設定値	config	-	画面内	-	-	ウィジェット設定値（ドラッグ対象外）	-	-	-	-	-	-	-	-	-	-	-	-
設定項目	個別	SR3	減価償却費	ユーザー入力単独	店長	-	⚪ 対象外	-	🟢 制限なし	設定値	config	-	画面内	-	-	ウィジェット設定値（ドラッグ対象外）	-	-	-	-	-	-	-	-	-	-	-	-
設定項目	個別	SR4	資材費	ユーザー入力単独	店長	-	⚪ 対象外	-	🟢 制限なし	設定値	config	-	画面内	-	-	ウィジェット設定値（ドラッグ対象外）	-	-	-	-	-	-	-	-	-	-	-	-
設定項目	個別	SR5	販売促進費	ユーザー入力単独	店長	-	⚪ 対象外	-	🟢 制限なし	設定値	config	-	画面内	-	-	ウィジェット設定値（ドラッグ対象外）	-	-	-	-	-	-	-	-	-	-	-	-
設定項目	個別	SR6	メニューコピー	ユーザー入力単独	店長	-	⚪ 対象外	-	🟢 制限なし	設定値	config	-	画面内	-	-	ウィジェット設定値（ドラッグ対象外）	-	-	-	-	-	-	-	-	-	-	-	-
設定項目	個別	SR7	調査費	ユーザー入力単独	店長	-	⚪ 対象外	-	🟢 制限なし	設定値	config	-	画面内	-	-	ウィジェット設定値（ドラッグ対象外）	-	-	-	-	-	-	-	-	-	-	-	-
設定項目	個別	SR8	衛生費	ユーザー入力単独	店長	-	⚪ 対象外	-	🟢 制限なし	設定値	config	-	画面内	-	-	ウィジェット設定値（ドラッグ対象外）	-	-	-	-	-	-	-	-	-	-	-	-
設定項目	個別	SR9	サービス費	ユーザー入力単独	店長	-	⚪ 対象外	-	🟢 制限なし	設定値	config	-	画面内	-	-	ウィジェット設定値（ドラッグ対象外）	-	-	-	-	-	-	-	-	-	-	-	-
設定項目	個別	S67	設定タイプ（固定費用予算、変動費用予算）	ユーザー入力単独	店長	-	⚪ 対象外	-	🟢 制限なし	設定値	config	-	画面内	-	-	ウィジェット設定値（ドラッグ対象外）	-	-	-	-	-	-	-	-	-	-	-	-
設定項目	個別	S68	固定費用予算デフォルト数値	ユーザー入力単独	店長	-	⚪ 対象外	-	🟢 制限なし	設定値	config	-	画面内	-	-	ウィジェット設定値（ドラッグ対象外）	-	-	-	-	-	-	-	-	-	-	-	-
設定項目	個別	S71	デフォルト数値	ユーザー入力単独	店長	-	⚪ 対象外	-	🟢 制限なし	設定値	config	-	画面内	-	-	ウィジェット設定値（ドラッグ対象外）	-	-	-	-	-	-	-	-	-	-	-	-
設定項目	個別	S808	商品グループ動的ルール	ユーザー入力単独	店長	-	⚪ 対象外	-	🟢 制限なし	設定値	config	-	画面内	-	-	ウィジェット設定値（ドラッグ対象外）	-	-	-	-	-	-	-	-	-	-	-	-
設定項目	個別	S831	ビュー名(店舗)	ユーザー入力単独	店長	-	⚪ 対象外	-	🟢 制限なし	設定値	config	-	画面内	-	-	ウィジェット設定値（ドラッグ対象外）	-	-	-	-	-	-	-	-	-	-	-	-
設定項目	個別	S832	行ディメン設定(店舗)	ユーザー入力単独	店長	-	⚪ 対象外	-	🟢 制限なし	設定値	config	-	画面内	-	-	ウィジェット設定値（ドラッグ対象外）	-	-	-	-	-	-	-	-	-	-	-	-
設定項目	個別	S833	列ディメン設定(店舗)	ユーザー入力単独	店長	-	⚪ 対象外	-	🟢 制限なし	設定値	config	-	画面内	-	-	ウィジェット設定値（ドラッグ対象外）	-	-	-	-	-	-	-	-	-	-	-	-
設定項目	個別	S834	期間設定(店舗)	ユーザー入力単独	店長	-	⚪ 対象外	-	🟢 制限なし	設定値	config	-	画面内	-	-	ウィジェット設定値（ドラッグ対象外）	-	-	-	-	-	-	-	-	-	-	-	-
設定項目	個別	S835	時系列粒度(店舗)	ユーザー入力単独	店長	-	⚪ 対象外	-	🟢 制限なし	設定値	config	-	画面内	-	-	ウィジェット設定値（ドラッグ対象外）	-	-	-	-	-	-	-	-	-	-	-	-
設定項目	個別	S836	比較期間設定(店舗)	ユーザー入力単独	店長	-	⚪ 対象外	-	🟢 制限なし	設定値	config	-	画面内	-	-	ウィジェット設定値（ドラッグ対象外）	-	-	-	-	-	-	-	-	-	-	-	-
設定項目	個別	S837	並び順ルール(店舗)	ユーザー入力単独	店長	-	⚪ 対象外	-	🟢 制限なし	設定値	config	-	画面内	-	-	ウィジェット設定値（ドラッグ対象外）	-	-	-	-	-	-	-	-	-	-	-	-
設定項目	個別	S838	選択指標列(店舗)	ユーザー入力単独	店長	-	⚪ 対象外	-	🟢 制限なし	設定値	config	-	画面内	-	-	ウィジェット設定値（ドラッグ対象外）	-	-	-	-	-	-	-	-	-	-	-	-
設定項目	個別	S839	列グループ(店舗)	ユーザー入力単独	店長	-	⚪ 対象外	-	🟢 制限なし	設定値	config	-	画面内	-	-	ウィジェット設定値（ドラッグ対象外）	-	-	-	-	-	-	-	-	-	-	-	-
設定項目	個別	S840	ハイライトルール(店舗)	ユーザー入力単独	店長	-	⚪ 対象外	-	🟢 制限なし	設定値	config	-	画面内	-	-	ウィジェット設定値（ドラッグ対象外）	-	-	-	-	-	-	-	-	-	-	-	-
設定項目	個別	S841	ビュー公開範囲(店舗)	ユーザー入力単独	店長	-	⚪ 対象外	-	🟢 制限なし	設定値	config	-	画面内	-	-	ウィジェット設定値（ドラッグ対象外）	-	-	-	-	-	-	-	-	-	-	-	-
設定項目	個別	S842	ビュー説明(店舗)	ユーザー入力単独	店長	-	⚪ 対象外	-	🟢 制限なし	設定値	config	-	画面内	-	-	ウィジェット設定値（ドラッグ対象外）	-	-	-	-	-	-	-	-	-	-	-	-
トランザクション	個別	S843	売上前年比	予実系	店長	-	🟢 既実装	小	🟡 加重平均	率指標は加重平均	metric	FLOW	画面内	予実管理	売上予実	売上の前年同期比較	L3-S	参照表示	store_sales_logs.sales_excluded(前年/当年)	当月実績.売上（税抜）, 前年実績.売上（税抜）	売上（税抜）	month,quarter,year	月次	store × month × product, shop × month × product, shop × date × product	60M	nightly + monthly_finalize	batch	翌日日次確定
トランザクション	個別	S844	人件費前年比	予実系	店長	-	🟢 既実装	小	🟡 加重平均	率指標は加重平均	metric	FLOW	画面内	予実管理	人件費予実	人件費の前年同期比較	L3-S	参照表示	store_monthly_actuals.labor_cost(前年/当年)	当月実績.人件費 計, 前年実績.人件費 計	人件費 計	month,quarter,year	月次	store × month × product, shop × month × product, shop × date × product	60M	nightly + monthly_finalize	batch	翌日日次確定
トランザクション	個別	S845	FD仕入前年比	予実系	店長	-	🟢 既実装	小	🟡 加重平均	率指標は加重平均	metric	FLOW	画面内	予実管理	原価予実	FD仕入の前年同期比較	L3-S	参照表示	store_monthly_actuals.fd_purchase(前年/当年)	当月実績.FD仕入 計, 前年実績.FD仕入 計	FD仕入 計	month,quarter,year	月次	store × month × product, shop × month × product, shop × date × product	60M	nightly + monthly_finalize	batch	翌日日次確定
トランザクション	個別	S846	営業利益前年比	予実系	店長	-	🟢 既実装	小	🟡 加重平均	率指標は加重平均	metric	FLOW	画面内	予実管理	収益性予実	営業利益の前年同期比較	L3-S	参照表示	store_monthly_actuals.operating_profit(前年/当年)	当月実績.営業利益, 前年実績.営業利益	営業利益	month,quarter,year	月次	store × month × product, shop × month × product, shop × date × product	60M	nightly + monthly_finalize	batch	翌日日次確定
