大項目	区分	ID	名称	カテゴリ/種別	ターゲット	互換ディメン	実装ステータス	開発コスト	マッチング制限	制限補足	粒度	期間属性	スコープ	主要目的_大項目	主要目的_中項目	ユースケース	計算レイヤー	演算ロジック_詳細	データソース	依存先指標	weighted_avg_denominator	aggregable_grains	snapshot_grain	snapshot_axes	retention_period	recompute_trigger	compute_mode	freeze_condition
集計	全ウィジェット数	-	118549	-	-	-	-	-	-	-	-	-	-	-	-	-	-	-	-	-	-	-	-	-	-	-	-	-
集計	ディメン数(統合)	-	171	-	-	-	-	-	-	-	-	-	-	-	-	-	-	-	-	-	-	-	-	-	-	-	-	-
集計	└ 親ディメン数	-	18	-	-	-	-	-	-	-	-	-	-	-	-	-	-	-	-	-	-	-	-	-	-	-	-	-
集計	└ カスタムタグ数	-	8	-	-	-	-	-	-	-	-	-	-	-	-	-	-	-	-	-	-	-	-	-	-	-	-	-
集計	└ 属性ディメン数	-	145	-	-	-	-	-	-	-	-	-	-	-	-	-	-	-	-	-	-	-	-	-	-	-	-	-
集計	トランザクション数	-	1210	-	-	-	-	-	-	-	-	-	-	-	-	-	-	-	-	-	-	-	-	-	-	-	-	-
集計	設定項目数	-	149	-	-	-	-	-	-	-	-	-	-	-	-	-	-	-	-	-	-	-	-	-	-	-	-	-
集計	単軸マッピング	-	16519	-	-	-	-	-	-	-	-	-	-	-	-	-	-	-	-	-	-	-	-	-	-	-	-	-
集計	2軸マッピング	-	100500	-	-	-	-	-	-	-	-	-	-	-	-	-	-	-	-	-	-	-	-	-	-	-	-	-
集計	粒度ブロック数(2軸組合せ)	-	15	-	-	-	-	-	-	-	-	-	-	-	-	-	-	-	-	-	-	-	-	-	-	-	-	-
ディメン	個別	dim_date	日	time	共通	-	-	小	🟢 制限なし	システムディメン	date	FLOW	画面内	-	-	ドロップ可能な軸として、行/列/フィルタにドラッグして使用	-	-	-	-	-	-	-	-	-	-	-	-
ディメン	個別	dim_week	週	time	共通	-	-	小	🟢 制限なし	システムディメン	week	FLOW	画面内	-	-	ドロップ可能な軸として、行/列/フィルタにドラッグして使用	-	-	-	-	-	-	-	-	-	-	-	-
ディメン	個別	dim_month	月	time	共通	-	-	小	🟢 制限なし	システムディメン	month	FLOW	画面内	-	-	ドロップ可能な軸として、行/列/フィルタにドラッグして使用	-	-	-	-	-	-	-	-	-	-	-	-
ディメン	個別	dim_quarter	四半期	time	共通	-	-	小	🟢 制限なし	システムディメン	quarter	FLOW	画面内	-	-	ドロップ可能な軸として、行/列/フィルタにドラッグして使用	-	-	-	-	-	-	-	-	-	-	-	-
ディメン	個別	dim_year	年	time	共通	-	-	小	🟢 制限なし	システムディメン	year	FLOW	画面内	-	-	ドロップ可能な軸として、行/列/フィルタにドラッグして使用	-	-	-	-	-	-	-	-	-	-	-	-
ディメン	個別	dim_shop	店舗	entity	本部管理者	-	-	小	🟢 制限なし	システムディメン	shop_id	FLOW	画面内	-	-	ドロップ可能な軸として、行/列/フィルタにドラッグして使用	-	-	-	-	-	-	-	-	-	-	-	-
ディメン	個別	dim_product	商品	entity	共通	-	-	小	🟢 制限なし	システムディメン	product_id	FLOW	画面内	-	-	ドロップ可能な軸として、行/列/フィルタにドラッグして使用	-	-	-	-	-	-	-	-	-	-	-	-
ディメン	個別	dim_supplier	仕入先	entity	共通	-	-	大	🔴 連携必要	システムディメン(外部連携)	supplier_id	FLOW	外部依存	-	-	ドロップ可能な軸として、行/列/フィルタにドラッグして使用	-	-	-	-	-	-	-	-	-	-	-	-
ディメン	個別	dim_label	店舗ラベル	taxonomy	本部管理者	-	-	小	🟢 制限なし	システムディメン	shop_label_id	MASTER	画面内	-	-	ドロップ可能な軸として、行/列/フィルタにドラッグして使用	-	-	-	-	-	-	-	-	-	-	-	-
ディメン	個別	dim_label_group	ラベルグループ	taxonomy	本部管理者	-	-	小	🟢 制限なし	システムディメン	label_group_id	MASTER	画面内	-	-	ドロップ可能な軸として、行/列/フィルタにドラッグして使用	-	-	-	-	-	-	-	-	-	-	-	-
ディメン	個別	dim_business_type	業態	category	本部管理者	-	-	小	🟢 制限なし	システムディメン	format_id	MASTER	画面内	-	-	ドロップ可能な軸として、行/列/フィルタにドラッグして使用	-	-	-	-	-	-	-	-	-	-	-	-
ディメン	個別	dim_expense_cat	費目	taxonomy	共通	-	-	小	🟢 制限なし	システムディメン	expense_item_id	FLOW	画面内	-	-	ドロップ可能な軸として、行/列/フィルタにドラッグして使用	-	-	-	-	-	-	-	-	-	-	-	-
ディメン	カスタムタグ	tag_indicator_bundle	指標バンドルタグ	tag_indicator	共通	-	-	中	🟡 タグ次第	タグメンバー次第で制限変動	metric_id[]	FLOW	画面内	-	-	ドロップ可能な軸として、行/列/フィルタにドラッグして使用	-	-	-	-	-	-	-	-	-	-	-	-
ディメン	カスタムタグ	tag_shop_bundle	店舗バンドルタグ	tag_shop	本部管理者	-	-	中	🟡 タグ次第	タグメンバー次第で制限変動	shop_id[]	FLOW	画面内	-	-	ドロップ可能な軸として、行/列/フィルタにドラッグして使用	-	-	-	-	-	-	-	-	-	-	-	-
ディメン	カスタムタグ	tag_product_bundle	商品バンドルタグ	tag_product	共通	-	-	中	🟡 タグ次第	タグメンバー次第で制限変動	product_id[]	FLOW	画面内	-	-	ドロップ可能な軸として、行/列/フィルタにドラッグして使用	-	-	-	-	-	-	-	-	-	-	-	-
ディメン	カスタムタグ	tag_supplier_bundle	仕入先バンドルタグ	tag_supplier	共通	-	-	中	🟡 タグ次第	タグメンバー次第で制限変動	supplier_id[]	FLOW	外部依存	-	-	ドロップ可能な軸として、行/列/フィルタにドラッグして使用	-	-	-	-	-	-	-	-	-	-	-	-
ディメン	カスタムタグ	tag_period_bundle	期間バンドルタグ	tag_period	共通	-	-	中	🟡 タグ次第	タグメンバー次第で制限変動	date_range[]	FLOW	画面内	-	-	ドロップ可能な軸として、行/列/フィルタにドラッグして使用	-	-	-	-	-	-	-	-	-	-	-	-
ディメン	カスタムタグ	tag_label_group	ラベルグループタグ	tag_label_group	本部管理者	-	-	中	🟡 タグ次第	タグメンバー次第で制限変動	label_group_id[]	FLOW	画面内	-	-	ドロップ可能な軸として、行/列/フィルタにドラッグして使用	-	-	-	-	-	-	-	-	-	-	-	-
ディメン	属性ディメン	C1	ラクミーID	ユーザー入力単独	本部管理者	-	⚪ 対象外	-	🟢 制限なし	マスタ参照系ディメン (店舗ID/商品等の属性軸)	master	MASTER	画面内	-	-	ドロップ可能な軸として、行/列/フィルタにドラッグして使用	-	-	-	-	-	-	-	-	-	-	-	-
ディメン	属性ディメン	C2	氏名	ユーザー入力単独	本部管理者	-	⚪ 対象外	-	🟢 制限なし	マスタ参照系ディメン (店舗ID/商品等の属性軸)	master	MASTER	画面内	-	-	ドロップ可能な軸として、行/列/フィルタにドラッグして使用	-	-	-	-	-	-	-	-	-	-	-	-
ディメン	属性ディメン	C3	電話番号	ユーザー入力単独	本部管理者	-	⚪ 対象外	-	🟢 制限なし	マスタ参照系ディメン (店舗ID/商品等の属性軸)	master	MASTER	画面内	-	-	ドロップ可能な軸として、行/列/フィルタにドラッグして使用	-	-	-	-	-	-	-	-	-	-	-	-
ディメン	属性ディメン	C4	ユーザー識別（本部、一般）	ユーザー入力単独	本部管理者	-	⚪ 対象外	-	🟢 制限なし	マスタ参照系ディメン (店舗ID/商品等の属性軸)	master	MASTER	画面内	-	-	ドロップ可能な軸として、行/列/フィルタにドラッグして使用	-	-	-	-	-	-	-	-	-	-	-	-
ディメン	属性ディメン	C5	ステータス	ユーザー入力単独	本部管理者	-	⚪ 対象外	-	🟢 制限なし	マスタ参照系ディメン (店舗ID/商品等の属性軸)	master	MASTER	画面内	-	-	ドロップ可能な軸として、行/列/フィルタにドラッグして使用	-	-	-	-	-	-	-	-	-	-	-	-
ディメン	属性ディメン	C159	店舗ID	マスタ参照表示	本部管理者	-	🟢 既実装	小	🟢 制限なし	マスタ参照系ディメン (店舗ID/商品等の属性軸)	master	MASTER	画面内	-	-	ドロップ可能な軸として、行/列/フィルタにドラッグして使用	-	-	-	-	-	-	-	-	-	-	-	-
ディメン	属性ディメン	C160	店舗名	マスタ参照表示	本部管理者	-	🟢 既実装	小	🟢 制限なし	マスタ参照系ディメン (店舗ID/商品等の属性軸)	master	MASTER	画面内	-	-	ドロップ可能な軸として、行/列/フィルタにドラッグして使用	-	-	-	-	-	-	-	-	-	-	-	-
ディメン	属性ディメン	C161	ラベル名	マスタ参照表示	本部管理者	-	🟢 既実装	小	🟢 制限なし	マスタ参照系ディメン (店舗ID/商品等の属性軸)	master	MASTER	画面内	-	-	ドロップ可能な軸として、行/列/フィルタにドラッグして使用	-	-	-	-	-	-	-	-	-	-	-	-
ディメン	属性ディメン	C6	ラベルID	ユーザー入力単独	本部管理者	-	⚪ 対象外	-	🟢 制限なし	マスタ参照系ディメン (店舗ID/商品等の属性軸)	master	MASTER	画面内	-	-	ドロップ可能な軸として、行/列/フィルタにドラッグして使用	-	-	-	-	-	-	-	-	-	-	-	-
ディメン	属性ディメン	C7	ラベル名	ユーザー入力単独	本部管理者	-	⚪ 対象外	-	🟢 制限なし	マスタ参照系ディメン (店舗ID/商品等の属性軸)	master	MASTER	画面内	-	-	ドロップ可能な軸として、行/列/フィルタにドラッグして使用	-	-	-	-	-	-	-	-	-	-	-	-
ディメン	属性ディメン	C8	棚卸し	ユーザー入力単独	本部管理者	-	⚪ 対象外	-	🟢 制限なし	マスタ参照系ディメン (店舗ID/商品等の属性軸)	master	MASTER	画面内	-	-	ドロップ可能な軸として、行/列/フィルタにドラッグして使用	-	-	-	-	-	-	-	-	-	-	-	-
ディメン	属性ディメン	C9	ステータスフラグ	ユーザー入力単独	本部管理者	-	⚪ 対象外	-	🟢 制限なし	マスタ参照系ディメン (店舗ID/商品等の属性軸)	master	MASTER	画面内	-	-	ドロップ可能な軸として、行/列/フィルタにドラッグして使用	-	-	-	-	-	-	-	-	-	-	-	-
ディメン	属性ディメン	C10	店舗ID	ユーザー入力単独	本部管理者	-	⚪ 対象外	-	🟢 制限なし	マスタ参照系ディメン (店舗ID/商品等の属性軸)	master	MASTER	画面内	-	-	ドロップ可能な軸として、行/列/フィルタにドラッグして使用	-	-	-	-	-	-	-	-	-	-	-	-
ディメン	属性ディメン	C11	店舗名	ユーザー入力単独	本部管理者	-	⚪ 対象外	-	🟢 制限なし	マスタ参照系ディメン (店舗ID/商品等の属性軸)	master	MASTER	画面内	-	-	ドロップ可能な軸として、行/列/フィルタにドラッグして使用	-	-	-	-	-	-	-	-	-	-	-	-
ディメン	属性ディメン	C12	ラベル名	ユーザー入力単独	本部管理者	-	⚪ 対象外	-	🟢 制限なし	マスタ参照系ディメン (店舗ID/商品等の属性軸)	master	MASTER	画面内	-	-	ドロップ可能な軸として、行/列/フィルタにドラッグして使用	-	-	-	-	-	-	-	-	-	-	-	-
ディメン	属性ディメン	C13	ステータスフラグ	ユーザー入力単独	本部管理者	-	⚪ 対象外	-	🟢 制限なし	マスタ参照系ディメン (店舗ID/商品等の属性軸)	master	MASTER	画面内	-	-	ドロップ可能な軸として、行/列/フィルタにドラッグして使用	-	-	-	-	-	-	-	-	-	-	-	-
ディメン	属性ディメン	C14	店舗名	ユーザー入力単独	本部管理者	-	⚪ 対象外	-	🟢 制限なし	マスタ参照系ディメン (店舗ID/商品等の属性軸)	master	MASTER	画面内	-	-	ドロップ可能な軸として、行/列/フィルタにドラッグして使用	-	-	-	-	-	-	-	-	-	-	-	-
ディメン	属性ディメン	C15	電話番号	ユーザー入力単独	本部管理者	-	⚪ 対象外	-	🟢 制限なし	マスタ参照系ディメン (店舗ID/商品等の属性軸)	master	MASTER	画面内	-	-	ドロップ可能な軸として、行/列/フィルタにドラッグして使用	-	-	-	-	-	-	-	-	-	-	-	-
ディメン	属性ディメン	C16	郵便番号	ユーザー入力単独	本部管理者	-	⚪ 対象外	-	🟢 制限なし	マスタ参照系ディメン (店舗ID/商品等の属性軸)	master	MASTER	画面内	-	-	ドロップ可能な軸として、行/列/フィルタにドラッグして使用	-	-	-	-	-	-	-	-	-	-	-	-
ディメン	属性ディメン	C17	都道府県	ユーザー入力単独	本部管理者	-	⚪ 対象外	-	🟢 制限なし	マスタ参照系ディメン (店舗ID/商品等の属性軸)	master	MASTER	画面内	-	-	ドロップ可能な軸として、行/列/フィルタにドラッグして使用	-	-	-	-	-	-	-	-	-	-	-	-
ディメン	属性ディメン	C18	住所	ユーザー入力単独	本部管理者	-	⚪ 対象外	-	🟢 制限なし	マスタ参照系ディメン (店舗ID/商品等の属性軸)	master	MASTER	画面内	-	-	ドロップ可能な軸として、行/列/フィルタにドラッグして使用	-	-	-	-	-	-	-	-	-	-	-	-
ディメン	属性ディメン	C21	業態	ユーザー入力単独	本部管理者	-	⚪ 対象外	-	🟢 制限なし	マスタ参照系ディメン (店舗ID/商品等の属性軸)	master	MASTER	画面内	-	-	ドロップ可能な軸として、行/列/フィルタにドラッグして使用	-	-	-	-	-	-	-	-	-	-	-	-
ディメン	属性ディメン	C25	家賃種別	ユーザー入力単独	本部管理者	-	⚪ 対象外	-	🟢 制限なし	マスタ参照系ディメン (店舗ID/商品等の属性軸)	master	MASTER	画面内	-	-	ドロップ可能な軸として、行/列/フィルタにドラッグして使用	-	-	-	-	-	-	-	-	-	-	-	-
ディメン	属性ディメン	C28	従業員コード	ユーザー入力単独	本部管理者	-	⚪ 対象外	-	🟢 制限なし	マスタ参照系ディメン (店舗ID/商品等の属性軸)	master	MASTER	画面内	-	-	ドロップ可能な軸として、行/列/フィルタにドラッグして使用	-	-	-	-	-	-	-	-	-	-	-	-
ディメン	属性ディメン	C29	所属コード	ユーザー入力単独	本部管理者	-	⚪ 対象外	-	🟢 制限なし	マスタ参照系ディメン (店舗ID/商品等の属性軸)	master	MASTER	画面内	-	-	ドロップ可能な軸として、行/列/フィルタにドラッグして使用	-	-	-	-	-	-	-	-	-	-	-	-
ディメン	属性ディメン	C30	店舗ID	ユーザー入力単独	本部管理者	-	⚪ 対象外	-	🟢 制限なし	マスタ参照系ディメン (店舗ID/商品等の属性軸)	master	MASTER	画面内	-	-	ドロップ可能な軸として、行/列/フィルタにドラッグして使用	-	-	-	-	-	-	-	-	-	-	-	-
ディメン	属性ディメン	C31	店舗名	ユーザー入力単独	本部管理者	-	⚪ 対象外	-	🟢 制限なし	マスタ参照系ディメン (店舗ID/商品等の属性軸)	master	MASTER	画面内	-	-	ドロップ可能な軸として、行/列/フィルタにドラッグして使用	-	-	-	-	-	-	-	-	-	-	-	-
ディメン	属性ディメン	C149	店舗名	マスタ参照表示	本部管理者	-	🟢 既実装	小	🟢 制限なし	マスタ参照系ディメン (店舗ID/商品等の属性軸)	master	MASTER	画面内	-	-	ドロップ可能な軸として、行/列/フィルタにドラッグして使用	-	-	-	-	-	-	-	-	-	-	-	-
ディメン	属性ディメン	C168	カテゴリ	マスタ参照表示	本部管理者	-	🟢 既実装	小	🟢 制限なし	マスタ参照系ディメン (店舗ID/商品等の属性軸)	master	MASTER	画面内	-	-	ドロップ可能な軸として、行/列/フィルタにドラッグして使用	-	-	-	-	-	-	-	-	-	-	-	-
ディメン	属性ディメン	C169	ラベル	マスタ参照表示	本部管理者	-	🟢 既実装	小	🟢 制限なし	マスタ参照系ディメン (店舗ID/商品等の属性軸)	master	MASTER	画面内	-	-	ドロップ可能な軸として、行/列/フィルタにドラッグして使用	-	-	-	-	-	-	-	-	-	-	-	-
ディメン	属性ディメン	C176	店舗名	マスタ参照表示	本部管理者	-	🟢 既実装	小	🟢 制限なし	マスタ参照系ディメン (店舗ID/商品等の属性軸)	master	MASTER	画面内	-	-	ドロップ可能な軸として、行/列/フィルタにドラッグして使用	-	-	-	-	-	-	-	-	-	-	-	-
ディメン	属性ディメン	C37	経費コード	ユーザー入力単独	本部管理者	-	⚪ 対象外	-	🟢 制限なし	マスタ参照系ディメン (店舗ID/商品等の属性軸)	master	MASTER	画面内	-	-	ドロップ可能な軸として、行/列/フィルタにドラッグして使用	-	-	-	-	-	-	-	-	-	-	-	-
ディメン	属性ディメン	C151	費目	マスタ参照表示	本部管理者	-	🟢 既実装	小	🟢 制限なし	マスタ参照系ディメン (店舗ID/商品等の属性軸)	master	MASTER	画面内	-	-	ドロップ可能な軸として、行/列/フィルタにドラッグして使用	-	-	-	-	-	-	-	-	-	-	-	-
ディメン	属性ディメン	C44	商品	外部連携単独	本部管理者	-	🟢 既実装	小	🟢 制限なし	マスタ参照系ディメン (店舗ID/商品等の属性軸)	master	MASTER	画面内	-	-	ドロップ可能な軸として、行/列/フィルタにドラッグして使用	-	-	-	-	-	-	-	-	-	-	-	-
ディメン	属性ディメン	C73	商品	外部連携単独	本部管理者	-	🟢 既実装	小	🟢 制限なし	マスタ参照系ディメン (店舗ID/商品等の属性軸)	master	MASTER	画面内	-	-	ドロップ可能な軸として、行/列/フィルタにドラッグして使用	-	-	-	-	-	-	-	-	-	-	-	-
ディメン	属性ディメン	C173	納品書ID	外部データ参照	本部管理者	-	🟢 既実装	小	🟢 制限なし	マスタ参照系ディメン (店舗ID/商品等の属性軸)	master	MASTER	画面内	-	-	ドロップ可能な軸として、行/列/フィルタにドラッグして使用	-	-	-	-	-	-	-	-	-	-	-	-
ディメン	属性ディメン	C177	処理ステータス	外部データ参照	本部管理者	-	🟢 既実装	小	🟢 制限なし	マスタ参照系ディメン (店舗ID/商品等の属性軸)	master	MASTER	画面内	-	-	ドロップ可能な軸として、行/列/フィルタにドラッグして使用	-	-	-	-	-	-	-	-	-	-	-	-
ディメン	属性ディメン	C179	納品書ID	外部データ参照	本部管理者	-	🟢 既実装	小	🟢 制限なし	マスタ参照系ディメン (店舗ID/商品等の属性軸)	master	MASTER	画面内	-	-	ドロップ可能な軸として、行/列/フィルタにドラッグして使用	-	-	-	-	-	-	-	-	-	-	-	-
ディメン	属性ディメン	C182	処理ステータス	外部データ参照	本部管理者	-	🟢 既実装	小	🟢 制限なし	マスタ参照系ディメン (店舗ID/商品等の属性軸)	master	MASTER	画面内	-	-	ドロップ可能な軸として、行/列/フィルタにドラッグして使用	-	-	-	-	-	-	-	-	-	-	-	-
ディメン	属性ディメン	C38	費目	ユーザー入力単独（マスタ選択）	本部管理者	-	🟢 既実装	小	🟢 制限なし	マスタ参照系ディメン (店舗ID/商品等の属性軸)	master	MASTER	画面内	-	-	ドロップ可能な軸として、行/列/フィルタにドラッグして使用	-	-	-	-	-	-	-	-	-	-	-	-
ディメン	属性ディメン	C41	移動元店舗	ユーザー入力単独（マスタ選択）	本部管理者	-	🟢 既実装	小	🟢 制限なし	マスタ参照系ディメン (店舗ID/商品等の属性軸)	master	MASTER	画面内	-	-	ドロップ可能な軸として、行/列/フィルタにドラッグして使用	-	-	-	-	-	-	-	-	-	-	-	-
ディメン	属性ディメン	C43	移動先店舗	ユーザー入力単独（マスタ選択）	本部管理者	-	🟢 既実装	小	🟢 制限なし	マスタ参照系ディメン (店舗ID/商品等の属性軸)	master	MASTER	画面内	-	-	ドロップ可能な軸として、行/列/フィルタにドラッグして使用	-	-	-	-	-	-	-	-	-	-	-	-
ディメン	属性ディメン	C487	ラベルグループ名	ユーザー入力単独	本部管理者	-	⚪ 対象外	-	🟢 制限なし	マスタ参照系ディメン (店舗ID/商品等の属性軸)	master	MASTER	画面内	-	-	ドロップ可能な軸として、行/列/フィルタにドラッグして使用	-	-	-	-	-	-	-	-	-	-	-	-
ディメン	属性ディメン	C488	ラベルグループ含有ラベル	マスタ参照	本部管理者	-	⚪ 対象外	-	🟢 制限なし	マスタ参照系ディメン (店舗ID/商品等の属性軸)	master	MASTER	画面内	-	-	ドロップ可能な軸として、行/列/フィルタにドラッグして使用	-	-	-	-	-	-	-	-	-	-	-	-
ディメン	属性ディメン	C489	ラベルグループ表示順	ユーザー入力単独	本部管理者	-	⚪ 対象外	-	🟢 制限なし	マスタ参照系ディメン (店舗ID/商品等の属性軸)	master	MASTER	画面内	-	-	ドロップ可能な軸として、行/列/フィルタにドラッグして使用	-	-	-	-	-	-	-	-	-	-	-	-
トランザクション	個別	C45	売上（税抜）	売上系	本部管理者	-	🟢 既実装	小	🟢 制限なし	そのまま集計可能	metric	FLOW	画面内	売上分析	店舗別売上	店舗ごとの売上推移を比較し、伸長/落ち込み店舗を早期発見、施策効果検証 (KPI単独表示)	L1	SUM商品別	head_office_item_sales_logs.sales_excluded	[外部]TITEM.sales_excluded		date,week,month,quarter,year	日次	shop × date	13M	nightly	batch	翌日日次確定
トランザクション	個別	C46	売上構成比率	売上系	本部管理者	-	🟢 既実装	小	🟡 加重平均	率指標は加重平均	metric	FLOW	画面内	売上分析	店舗別売上	店舗ごとの売上推移を比較し、伸長/落ち込み店舗を早期発見、施策効果検証 (KPI単独表示)	L1	商品÷総売上×100	head_office_item_sales_logs.sales_excluded, head_office_connected_service_sales_logs.sales_excluded	ABC分析.売上（税抜）, 当月実績.売上（税抜）	売上(税抜)	date,week,month,quarter,year	日次	shop × date	13M	nightly	batch	翌日日次確定
トランザクション	個別	C47	販売点数	客数系	本部管理者	-	🟢 既実装	小	🟢 制限なし	そのまま集計可能	metric	FLOW	画面内	客数分析	客数推移	客数の前年比/曜日傾向、集客施策の効果検証 (KPI単独表示)	L1	SUM商品別	head_office_item_sales_logs.quantity	[外部]TITEM.quantity		date,week,month,quarter,year	日次	shop × date	13M	nightly	batch	確定なし
トランザクション	個別	C48	販売点数構成比率	客数系	本部管理者	-	🟢 既実装	小	🟡 加重平均	率指標は加重平均	metric	FLOW	画面内	客数分析	客数推移	客数の前年比/曜日傾向、集客施策の効果検証 (KPI単独表示)	L1	商品数÷総数×100	head_office_item_sales_logs.quantity	ABC分析.販売点数	売上(税抜)	date,week,month,quarter,year	日次	shop × date	13M	nightly	batch	確定なし
トランザクション	個別	C49	価格	売上系	本部管理者	-	🟢 既実装	小	🟢 制限なし	そのまま集計可能	metric	FLOW	画面内	売上分析	店舗別売上	店舗ごとの売上推移を比較し、伸長/落ち込み店舗を早期発見、施策効果検証 (KPI単独表示)	L1	売上÷数量	head_office_item_sales_logs.sales_excluded, head_office_item_sales_logs.quantity	ABC分析.売上（税抜）, ABC分析.販売点数		date,week,month,quarter,year	日次	shop × date	13M	nightly	batch	確定なし
トランザクション	個別	C50	目標PA人件費率	人件費系	本部管理者	-	🟢 既実装	小	🟢 制限なし	そのまま集計可能	metric	FLOW	画面内	人件費効率	PA率分析	PA率の店舗/業態比較、人件費効率改善の優先順位 (KPI単独表示)	L1	マスタ参照	monthly_budgets.food_cost_rate（またはlabor_cost_rate）, monthly_budgets.profit	[入力]monthly_budgets.food_cost_rate（またはlabor_cost_rate）			オンデマンド	-	-	on_demand	on_demand	月次給与確定後
トランザクション	個別	C100	FD仕入　計	原価系	本部管理者	-	🟢 既実装	小	🟢 制限なし	そのまま集計可能	metric	FLOW	画面内	原価管理	FD率分析	FD率の推移把握、ロス削減/原価コントロール優先順位 (KPI単独表示)	L1	SUM	infomart_transactions.total_tax_excluded	[外部]infomart_transactions.total_tax_excluded		date,week,month,quarter,year	日次	shop × date	13M	nightly	batch	納品確定後
トランザクション	個別	C101	人件費　計	人件費系	本部管理者	-	🟢 既実装	小	🟢 制限なし	そのまま集計可能	metric	FLOW	画面内	人件費効率	スタッフ別人件費	スタッフ別の人時生産性評価、教育投資/シフト配置最適化 (KPI単独表示)	L1	SUM	head_office_connected_service_labor_costs_logs.labor_costs	[外部]head_office_connected_service_labor_costs_logs.labor_costs		date,week,month,quarter,year	日次	shop × date	13M	nightly	batch	確定なし
トランザクション	個別	C102	その他経費　計	その他	本部管理者	-	🟢 既実装	小	🟢 制限なし	そのまま集計可能	metric	FLOW	画面内	売上分析	店舗別売上	店舗ごとの売上推移を比較し、伸長/落ち込み店舗を早期発見、施策効果検証 (KPI単独表示)	L1	SUM	monthly_costs.value	-		date,week,month,quarter,year	日次	shop × date	13M	nightly	batch	確定なし
トランザクション	個別	C103	ラクミー利用料	その他	本部管理者	-	🟢 既実装	小	🟢 制限なし	そのまま集計可能	metric	FLOW	画面内	売上分析	店舗別売上	店舗ごとの売上推移を比較し、伸長/落ち込み店舗を早期発見、施策効果検証 (KPI単独表示)	L1	費目フィルタ	monthly_costs.value	-		date,week,month,quarter,year	日次	shop × date	13M	nightly	batch	確定なし
トランザクション	個別	C104	レジ利用料	その他	本部管理者	-	🟢 既実装	小	🟢 制限なし	そのまま集計可能	metric	FLOW	画面内	売上分析	店舗別売上	店舗ごとの売上推移を比較し、伸長/落ち込み店舗を早期発見、施策効果検証 (KPI単独表示)	L1	費目フィルタ	monthly_costs.value	-		date,week,month,quarter,year	日次	shop × date	13M	nightly	batch	確定なし
トランザクション	個別	C105	借入金返済	その他	本部管理者	-	🟢 既実装	小	🟢 制限なし	そのまま集計可能	metric	FLOW	画面内	売上分析	店舗別売上	店舗ごとの売上推移を比較し、伸長/落ち込み店舗を早期発見、施策効果検証 (KPI単独表示)	L1	費目フィルタ	monthly_costs.value	-		date,week,month,quarter,year	日次	shop × date	13M	nightly	batch	確定なし
トランザクション	個別	C106	フード売上ランチ	売上系	本部管理者	-	🟢 既実装	小	🟢 制限なし	そのまま集計可能	metric	FLOW	画面内	売上分析	店舗別売上	店舗ごとの売上推移を比較し、伸長/落ち込み店舗を早期発見、施策効果検証 (KPI単独表示)	L1	SUM(フードかつ時間フィルタ)	head_office_item_sales_logs.sales_excluded	[外部]TITEM.sales_excluded		date,week,month,quarter,year	日次	shop × date × time_slot × product	13M	nightly	batch	翌日日次確定
トランザクション	個別	C107	フード売上ディナー	売上系	本部管理者	-	🟢 既実装	小	🟢 制限なし	そのまま集計可能	metric	FLOW	画面内	売上分析	店舗別売上	店舗ごとの売上推移を比較し、伸長/落ち込み店舗を早期発見、施策効果検証 (KPI単独表示)	L1	SUM(フードかつ時間フィルタ)	head_office_item_sales_logs.sales_excluded	[外部]TITEM.sales_excluded		date,week,month,quarter,year	日次	shop × date × time_slot × product	13M	nightly	batch	翌日日次確定
トランザクション	個別	C108	ドリンク売上ランチ	売上系	本部管理者	-	🟢 既実装	小	🟢 制限なし	そのまま集計可能	metric	FLOW	画面内	売上分析	店舗別売上	店舗ごとの売上推移を比較し、伸長/落ち込み店舗を早期発見、施策効果検証 (KPI単独表示)	L1	SUM(ドリンクかつ時間フィルタ)	head_office_item_sales_logs.sales_excluded	[外部]TITEM.sales_excluded		date,week,month,quarter,year	日次	shop × date × time_slot × product	13M	nightly	batch	翌日日次確定
トランザクション	個別	C109	ドリンク売上ディナー	売上系	本部管理者	-	🟢 既実装	小	🟢 制限なし	そのまま集計可能	metric	FLOW	画面内	売上分析	店舗別売上	店舗ごとの売上推移を比較し、伸長/落ち込み店舗を早期発見、施策効果検証 (KPI単独表示)	L1	SUM(ドリンクかつ時間フィルタ)	head_office_item_sales_logs.sales_excluded	[外部]TITEM.sales_excluded		date,week,month,quarter,year	日次	shop × date × time_slot × product	13M	nightly	batch	翌日日次確定
トランザクション	個別	C110	フード仕入	原価系	本部管理者	-	🟢 既実装	小	🟢 制限なし	そのまま集計可能	metric	FLOW	画面内	原価管理	FD率分析	FD率の推移把握、ロス削減/原価コントロール優先順位 (KPI単独表示)	L1	SUMフード	infomart_transactions.total_tax_excluded	[外部]infomart_transactions.total_tax_excluded		date,week,month,quarter,year	日次	shop × date	13M	nightly	batch	納品確定後
トランザクション	個別	C111	ドリンク仕入	原価系	本部管理者	-	🟢 既実装	小	🟢 制限なし	そのまま集計可能	metric	FLOW	画面内	原価管理	FD率分析	FD率の推移把握、ロス削減/原価コントロール優先順位 (KPI単独表示)	L1	SUMドリンク	infomart_transactions.total_tax_excluded	[外部]infomart_transactions.total_tax_excluded		date,week,month,quarter,year	日次	shop × date	13M	nightly	batch	納品確定後
トランザクション	個別	C112	固定人件費	人件費系	本部管理者	-	🟢 既実装	小	🟢 制限なし	そのまま集計可能	metric	FLOW	画面内	人件費効率	スタッフ別人件費	スタッフ別の人時生産性評価、教育投資/シフト配置最適化 (KPI単独表示)	L1	SUM月給者	head_office_connected_service_labor_costs_logs.labor_costs	[外部]head_office_connected_service_labor_costs_logs.labor_costs		date,week,month,quarter,year	日次	shop × date	13M	nightly	batch	確定なし
トランザクション	個別	C113	PA人件費	人件費系	本部管理者	-	🟢 既実装	小	🟢 制限なし	そのまま集計可能	metric	FLOW	画面内	人件費効率	PA率分析	PA率の店舗/業態比較、人件費効率改善の優先順位 (KPI単独表示)	L1	SUM年間	head_office_employee_working_records.daily_cost	[外部]head_office_employee_working_records.daily_cost		date,week,month,quarter,year	日次	shop × date	13M	nightly	batch	確定なし
トランザクション	個別	C114	ヘルプ人件費	人件費系	本部管理者	-	🟢 既実装	小	🟢 制限なし	そのまま集計可能	metric	FLOW	画面内	人件費効率	スタッフ別人件費	スタッフ別の人時生産性評価、教育投資/シフト配置最適化 (KPI単独表示)	L1	help_costs-help_costs_minus	head_office_connected_service_labor_costs_logs.help_costs, head_office_connected_service_labor_costs_logs.help_costs_minus	SUM(紐づく店舗.予実対比.ヘルプ人件費)		date,week,month,quarter,year	日次	shop × date	13M	nightly	batch	確定なし
トランザクション	個別	C115	地代家賃	その他	本部管理者	-	🟢 既実装	小	🟢 制限なし	そのまま集計可能	metric	FLOW	画面内	売上分析	店舗別売上	店舗ごとの売上推移を比較し、伸長/落ち込み店舗を早期発見、施策効果検証 (KPI単独表示)	L1	費目=家賃	monthly_costs.value	-		date,week,month,quarter,year	日次	shop × date	13M	nightly	batch	確定なし
トランザクション	個別	C116	資材費	その他	本部管理者	-	🟢 既実装	小	🟢 制限なし	そのまま集計可能	metric	FLOW	画面内	売上分析	店舗別売上	店舗ごとの売上推移を比較し、伸長/落ち込み店舗を早期発見、施策効果検証 (KPI単独表示)	L1	費目=資材費	monthly_costs.value	-		date,week,month,quarter,year	日次	shop × date	13M	nightly	batch	確定なし
トランザクション	個別	C117	水道光熱費	その他	本部管理者	-	🟢 既実装	小	🟢 制限なし	そのまま集計可能	metric	FLOW	画面内	売上分析	店舗別売上	店舗ごとの売上推移を比較し、伸長/落ち込み店舗を早期発見、施策効果検証 (KPI単独表示)	L1	費目=水道光熱費	monthly_costs.value	-		date,week,month,quarter,year	日次	shop × date	13M	nightly	batch	確定なし
トランザクション	個別	C118	減価償却費	その他	本部管理者	-	🟢 既実装	小	🟢 制限なし	そのまま集計可能	metric	FLOW	画面内	売上分析	店舗別売上	店舗ごとの売上推移を比較し、伸長/落ち込み店舗を早期発見、施策効果検証 (KPI単独表示)	L1	費目=減価償却費	monthly_costs.value	-		date,week,month,quarter,year	日次	shop × date	13M	nightly	batch	確定なし
トランザクション	個別	C119	販促費	その他	本部管理者	-	🟢 既実装	小	🟢 制限なし	そのまま集計可能	metric	FLOW	画面内	売上分析	店舗別売上	店舗ごとの売上推移を比較し、伸長/落ち込み店舗を早期発見、施策効果検証 (KPI単独表示)	L1	費目=販促費	monthly_costs.value	-		date,week,month,quarter,year	日次	shop × date	13M	nightly	batch	確定なし
トランザクション	個別	C51	総売上	売上系	本部管理者	-	🟢 既実装	小	🟢 制限なし	そのまま集計可能	metric	FLOW	画面内	売上分析	店舗別売上	店舗ごとの売上推移を比較し、伸長/落ち込み店舗を早期発見、施策効果検証 (KPI単独表示)	L1	SUM	head_office_connected_service_sales_logs.sales_excluded	[外部]ZTOTAL.sales_excluded		date,week,month,quarter,year	日次	shop × date	13M	nightly	batch	翌日日次確定
トランザクション	個別	C52	フード売上	売上系	本部管理者	-	🟢 既実装	小	🟢 制限なし	そのまま集計可能	metric	FLOW	画面内	売上分析	店舗別売上	店舗ごとの売上推移を比較し、伸長/落ち込み店舗を早期発見、施策効果検証 (KPI単独表示)	L1	SUMフード	head_office_item_sales_logs.sales_excluded	[外部]TITEM.sales_excluded		date,week,month,quarter,year	日次	shop × date × product	13M	nightly	batch	翌日日次確定
トランザクション	個別	C53	フード売上ランチ	売上系	本部管理者	-	🟢 既実装	小	🟢 制限なし	そのまま集計可能	metric	FLOW	画面内	売上分析	店舗別売上	店舗ごとの売上推移を比較し、伸長/落ち込み店舗を早期発見、施策効果検証 (KPI単独表示)	L1	SUM(フードかつ時間フィルタ)	head_office_item_sales_logs.sales_excluded	[外部]TITEM.sales_excluded		date,week,month,quarter,year	日次	shop × date × time_slot × product	13M	nightly	batch	翌日日次確定
トランザクション	個別	C54	フード売上ディナー	売上系	本部管理者	-	🟢 既実装	小	🟢 制限なし	そのまま集計可能	metric	FLOW	画面内	売上分析	店舗別売上	店舗ごとの売上推移を比較し、伸長/落ち込み店舗を早期発見、施策効果検証 (KPI単独表示)	L1	SUM(フードかつ時間フィルタ)	head_office_item_sales_logs.sales_excluded	[外部]TITEM.sales_excluded		date,week,month,quarter,year	日次	shop × date × time_slot × product	13M	nightly	batch	翌日日次確定
トランザクション	個別	C55	ドリンク売上	売上系	本部管理者	-	🟢 既実装	小	🟢 制限なし	そのまま集計可能	metric	FLOW	画面内	売上分析	店舗別売上	店舗ごとの売上推移を比較し、伸長/落ち込み店舗を早期発見、施策効果検証 (KPI単独表示)	L1	SUMドリンク	head_office_item_sales_logs.sales_excluded	[外部]TITEM.sales_excluded		date,week,month,quarter,year	日次	shop × date × product	13M	nightly	batch	翌日日次確定
トランザクション	個別	C56	ドリンク売上ランチ	売上系	本部管理者	-	🟢 既実装	小	🟢 制限なし	そのまま集計可能	metric	FLOW	画面内	売上分析	店舗別売上	店舗ごとの売上推移を比較し、伸長/落ち込み店舗を早期発見、施策効果検証 (KPI単独表示)	L1	SUM(ドリンクかつ時間フィルタ)	head_office_item_sales_logs.sales_excluded	[外部]TITEM.sales_excluded		date,week,month,quarter,year	日次	shop × date × time_slot × product	13M	nightly	batch	翌日日次確定
トランザクション	個別	C57	ドリンク売上ディナー	売上系	本部管理者	-	🟢 既実装	小	🟢 制限なし	そのまま集計可能	metric	FLOW	画面内	売上分析	店舗別売上	店舗ごとの売上推移を比較し、伸長/落ち込み店舗を早期発見、施策効果検証 (KPI単独表示)	L1	SUM(ドリンクかつ時間フィルタ)	head_office_item_sales_logs.sales_excluded	[外部]TITEM.sales_excluded		date,week,month,quarter,year	日次	shop × date × time_slot × product	13M	nightly	batch	翌日日次確定
トランザクション	個別	C58	割引・値引きなど	その他	本部管理者	-	🟢 既実装	小	🟢 制限なし	そのまま集計可能	metric	FLOW	画面内	売上分析	店舗別売上	店舗ごとの売上推移を比較し、伸長/落ち込み店舗を早期発見、施策効果検証 (KPI単独表示)	L1	SUM	z_totals.discount	[外部]ZTOTAL.discount		date,week,month,quarter,year	日次	shop × date	13M	nightly	batch	確定なし
トランザクション	個別	C59	FD仕入	原価系	本部管理者	-	🟢 既実装	小	🟢 制限なし	そのまま集計可能	metric	FLOW	画面内	原価管理	FD率分析	FD率の推移把握、ロス削減/原価コントロール優先順位 (KPI単独表示)	L1	SUMFD	infomart_transactions.total_tax_excluded	[外部]infomart_transactions.total_tax_excluded		date,week,month,quarter,year	日次	shop × date	13M	nightly	batch	納品確定後
トランザクション	個別	C60	フード仕入	原価系	本部管理者	-	🟢 既実装	小	🟢 制限なし	そのまま集計可能	metric	FLOW	画面内	原価管理	FD率分析	FD率の推移把握、ロス削減/原価コントロール優先順位 (KPI単独表示)	L1	SUMフード	infomart_transactions.total_tax_excluded	[外部]infomart_transactions.total_tax_excluded		date,week,month,quarter,year	日次	shop × date	13M	nightly	batch	納品確定後
トランザクション	個別	C61	ドリンク仕入	原価系	本部管理者	-	🟢 既実装	小	🟢 制限なし	そのまま集計可能	metric	FLOW	画面内	原価管理	FD率分析	FD率の推移把握、ロス削減/原価コントロール優先順位 (KPI単独表示)	L1	SUMドリンク	infomart_transactions.total_tax_excluded	[外部]infomart_transactions.total_tax_excluded		date,week,month,quarter,year	日次	shop × date	13M	nightly	batch	納品確定後
トランザクション	個別	C62	人件費	人件費系	本部管理者	-	🟢 既実装	小	🟢 制限なし	そのまま集計可能	metric	FLOW	画面内	人件費効率	スタッフ別人件費	スタッフ別の人時生産性評価、教育投資/シフト配置最適化 (KPI単独表示)	L1	SUM	head_office_connected_service_labor_costs_logs.labor_costs	[外部]head_office_connected_service_labor_costs_logs.labor_costs		date,week,month,quarter,year	日次	shop × date	13M	nightly	batch	確定なし
トランザクション	個別	C63	固定人件費	人件費系	本部管理者	-	🟢 既実装	小	🟢 制限なし	そのまま集計可能	metric	FLOW	画面内	人件費効率	スタッフ別人件費	スタッフ別の人時生産性評価、教育投資/シフト配置最適化 (KPI単独表示)	L1	SUM月給者	head_office_connected_service_labor_costs_logs.labor_costs	[外部]head_office_connected_service_labor_costs_logs.labor_costs		date,week,month,quarter,year	日次	shop × date	13M	nightly	batch	確定なし
トランザクション	個別	C64	PA人件費	人件費系	本部管理者	-	🟢 既実装	小	🟢 制限なし	そのまま集計可能	metric	FLOW	画面内	人件費効率	PA率分析	PA率の店舗/業態比較、人件費効率改善の優先順位 (KPI単独表示)	L1	SUM時給者	head_office_employee_working_records.daily_cost	[外部]head_office_employee_working_records.daily_cost		date,week,month,quarter,year	日次	shop × date	13M	nightly	batch	確定なし
トランザクション	個別	C65	その他売上（サービス料等）	売上系	本部管理者	-	🟢 既実装	小	🟢 制限なし	そのまま集計可能	metric	FLOW	画面内	売上分析	店舗別売上	店舗ごとの売上推移を比較し、伸長/落ち込み店舗を早期発見、施策効果検証 (KPI単独表示)	L1	SUM	z_totals.service_charge_1	[外部]ZTOTAL.service_charge_1		date,week,month,quarter,year	日次	shop × date	13M	nightly	batch	翌日日次確定
トランザクション	個別	C66	その他売上ランチ	売上系	本部管理者	-	🟢 既実装	小	🟢 制限なし	そのまま集計可能	metric	FLOW	画面内	売上分析	店舗別売上	店舗ごとの売上推移を比較し、伸長/落ち込み店舗を早期発見、施策効果検証 (KPI単独表示)	L1	SUM(その他かつ時間フィルタ)	head_office_item_sales_logs.sales_excluded	[外部]TITEM.sales_excluded		date,week,month,quarter,year	日次	shop × date × time_slot	13M	nightly	batch	翌日日次確定
トランザクション	個別	C67	その他売上ディナー	売上系	本部管理者	-	🟢 既実装	小	🟢 制限なし	そのまま集計可能	metric	FLOW	画面内	売上分析	店舗別売上	店舗ごとの売上推移を比較し、伸長/落ち込み店舗を早期発見、施策効果検証 (KPI単独表示)	L1	SUM(その他かつ時間フィルタ)	head_office_item_sales_logs.sales_excluded	[外部]TITEM.sales_excluded		date,week,month,quarter,year	日次	shop × date × time_slot	13M	nightly	batch	翌日日次確定
トランザクション	個別	C88	FD仕入額	原価系	本部管理者	-	🟢 既実装	小	🟢 制限なし	そのまま集計可能	metric	FLOW	画面内	原価管理	FD率分析	FD率の推移把握、ロス削減/原価コントロール優先順位 (KPI単独表示)	L1	SUM年間	infomart_transactions.total_tax_excluded	[外部]infomart_transactions.total_tax_excluded		date,week,month,quarter,year	日次	shop × date	13M	nightly	batch	納品確定後
トランザクション	個別	C89	人件費額	人件費系	本部管理者	-	🟢 既実装	小	🟢 制限なし	そのまま集計可能	metric	FLOW	画面内	人件費効率	スタッフ別人件費	スタッフ別の人時生産性評価、教育投資/シフト配置最適化 (KPI単独表示)	L1	SUM年間	head_office_connected_service_labor_costs_logs.labor_costs	[外部]head_office_connected_service_labor_costs_logs.labor_costs		date,week,month,quarter,year	日次	shop × date	13M	nightly	batch	確定なし
トランザクション	個別	C90	客単価	客数系	本部管理者	-	🟢 既実装	小	🟡 加重平均	率指標は加重平均	metric	FLOW	画面内	客数分析	客単価	客単価の月次推移/商品ミックス影響、アップセル戦略立案 (KPI単独表示)	L1	売上÷客数	head_office_connected_service_sales_logs.sales_excluded, head_office_connected_service_sales_logs.customers	当月実績.売上（税抜）, 客数.当月客数	客数	date,week,month,quarter,year	日次	shop × date	13M	nightly	batch	翌日日次確定
トランザクション	個別	C91	客単価（ランチ）	客数系	本部管理者	-	🟢 既実装	小	🟡 加重平均	率指標は加重平均	metric	FLOW	画面内	客数分析	客単価	客単価の月次推移/商品ミックス影響、アップセル戦略立案 (KPI単独表示)	L1	売上÷客数(11-15時フィルタ)	head_office_item_sales_logs.sales_excluded, head_office_connected_service_sales_logs.customers	時間帯別売上分析.ランチ売上（税抜）, 時間帯別売上分析.客数	客数	date,week,month,quarter,year	日次	shop × date × time_slot	13M	nightly	batch	翌日日次確定
トランザクション	個別	C92	客単価（ディナー）	客数系	本部管理者	-	🟢 既実装	小	🟡 加重平均	率指標は加重平均	metric	FLOW	画面内	客数分析	客単価	客単価の月次推移/商品ミックス影響、アップセル戦略立案 (KPI単独表示)	L1	売上÷客数(17-23時フィルタ)	head_office_item_sales_logs.sales_excluded, head_office_connected_service_sales_logs.customers	時間帯別売上分析.ディナー売上（税抜）, 時間帯別売上分析.客数	客数	date,week,month,quarter,year	日次	shop × date × time_slot	13M	nightly	batch	翌日日次確定
トランザクション	個別	C93	総売上　計	売上系	本部管理者	-	🟢 既実装	小	🟢 制限なし	そのまま集計可能	metric	FLOW	画面内	売上分析	店舗別売上	店舗ごとの売上推移を比較し、伸長/落ち込み店舗を早期発見、施策効果検証 (KPI単独表示)	L1	SUM	head_office_connected_service_sales_logs.sales_excluded	[外部]ZTOTAL.sales_excluded		date,week,month,quarter,year	日次	shop × date	13M	nightly	batch	翌日日次確定
トランザクション	個別	C94	フード売上 計	売上系	本部管理者	-	🟢 既実装	小	🟢 制限なし	そのまま集計可能	metric	FLOW	画面内	売上分析	店舗別売上	店舗ごとの売上推移を比較し、伸長/落ち込み店舗を早期発見、施策効果検証 (KPI単独表示)	L1	SUMフード	head_office_item_sales_logs.sales_excluded	[外部]TITEM.sales_excluded		date,week,month,quarter,year	日次	shop × date × product	13M	nightly	batch	翌日日次確定
トランザクション	個別	C95	ドリンク売上　計	売上系	本部管理者	-	🟢 既実装	小	🟢 制限なし	そのまま集計可能	metric	FLOW	画面内	売上分析	店舗別売上	店舗ごとの売上推移を比較し、伸長/落ち込み店舗を早期発見、施策効果検証 (KPI単独表示)	L1	SUMドリンク	head_office_item_sales_logs.sales_excluded	[外部]TITEM.sales_excluded		date,week,month,quarter,year	日次	shop × date × product	13M	nightly	batch	翌日日次確定
トランザクション	個別	C96	その他売上 計 （サービス料等）	売上系	本部管理者	-	🟢 既実装	小	🟢 制限なし	そのまま集計可能	metric	FLOW	画面内	売上分析	店舗別売上	店舗ごとの売上推移を比較し、伸長/落ち込み店舗を早期発見、施策効果検証 (KPI単独表示)	L1	SUM	z_totals.service_charge_1	[外部]ZTOTAL.service_charge_1		date,week,month,quarter,year	日次	shop × date	13M	nightly	batch	翌日日次確定
トランザクション	個別	C97	その他売上ランチ	売上系	本部管理者	-	🟢 既実装	小	🟢 制限なし	そのまま集計可能	metric	FLOW	画面内	売上分析	店舗別売上	店舗ごとの売上推移を比較し、伸長/落ち込み店舗を早期発見、施策効果検証 (KPI単独表示)	L1	SUM(その他かつ時間フィルタ)	head_office_item_sales_logs.sales_excluded	[外部]TITEM.sales_excluded		date,week,month,quarter,year	日次	shop × date × time_slot	13M	nightly	batch	翌日日次確定
トランザクション	個別	C98	その他売上ディナー	売上系	本部管理者	-	🟢 既実装	小	🟢 制限なし	そのまま集計可能	metric	FLOW	画面内	売上分析	店舗別売上	店舗ごとの売上推移を比較し、伸長/落ち込み店舗を早期発見、施策効果検証 (KPI単独表示)	L1	SUM(その他かつ時間フィルタ)	head_office_item_sales_logs.sales_excluded	[外部]TITEM.sales_excluded		date,week,month,quarter,year	日次	shop × date × time_slot	13M	nightly	batch	翌日日次確定
トランザクション	個別	C99	FLコスト　計	その他	本部管理者	-	🟢 既実装	小	🟢 制限なし	そのまま集計可能	metric	FLOW	画面内	売上分析	店舗別売上	店舗ごとの売上推移を比較し、伸長/落ち込み店舗を早期発見、施策効果検証 (KPI単独表示)	L1	SUM	infomart_transactions.total_tax_excluded, head_office_connected_service_labor_costs_logs.labor_costs	-		date,week,month,quarter,year	日次	shop × date	13M	nightly	batch	確定なし
トランザクション	個別	C68	仕入れ先	原価系	本部管理者	-	🟢 既実装	小	🟢 制限なし	そのまま集計可能	metric	FLOW	画面内	原価管理	FD率分析	FD率の推移把握、ロス削減/原価コントロール優先順位 (KPI単独表示)	L1	マスタ参照	infomart_orders.client_name	[外部]member_name_partner.client_name		date,week,month,quarter,year	日次	shop × date	13M	nightly	batch	納品確定後
トランザクション	個別	C69	金額（税抜）	その他	本部管理者	-	🟢 既実装	小	🟢 制限なし	そのまま集計可能	metric	FLOW	画面内	売上分析	店舗別売上	店舗ごとの売上推移を比較し、伸長/落ち込み店舗を早期発見、施策効果検証 (KPI単独表示)	L1	SUM仕入先別	infomart_transactions.total_tax_excluded	[外部]infomart_transactions.total_tax_excluded		date,week,month,quarter,year	日次	shop × date	13M	nightly	batch	確定なし
トランザクション	個別	C70	比率	その他	本部管理者	-	🟢 既実装	小	🟡 加重平均	率指標は加重平均	metric	FLOW	画面内	売上分析	店舗別売上	店舗ごとの売上推移を比較し、伸長/落ち込み店舗を早期発見、施策効果検証 (KPI単独表示)	L1	仕入先÷総仕入×100	infomart_transactions.total_tax_excluded	-	売上(税抜)	date,week,month,quarter,year	日次	shop × date	13M	nightly	batch	確定なし
トランザクション	個別	C71	目標仕入費率	原価系	本部管理者	-	🟢 既実装	小	🟢 制限なし	そのまま集計可能	metric	FLOW	画面内	原価管理	FD率分析	FD率の推移把握、ロス削減/原価コントロール優先順位 (KPI単独表示)	L1	マスタ参照	monthly_budgets.food_cost_rate（またはlabor_cost_rate）, monthly_budgets.profit	[入力]monthly_budgets.food_cost_rate（またはlabor_cost_rate）			オンデマンド	-	-	on_demand	on_demand	納品確定後
トランザクション	個別	C72	目標利益率	収益性	本部管理者	-	🟢 既実装	小	🟢 制限なし	そのまま集計可能	metric	FLOW	画面内	利益分析	店舗別利益	店舗別の利益貢献を可視化、低収益店舗の改善優先順位付け (KPI単独表示)	L1	マスタ参照	monthly_budgets.food_cost_rate（またはlabor_cost_rate）, monthly_budgets.profit	[入力]monthly_budgets.food_cost_rate（またはlabor_cost_rate）			オンデマンド	-	-	on_demand	on_demand	確定なし
トランザクション	個別	C74	仕入れ先	原価系	本部管理者	-	🟢 既実装	小	🟢 制限なし	そのまま集計可能	metric	FLOW	画面内	原価管理	FD率分析	FD率の推移把握、ロス削減/原価コントロール優先順位 (KPI単独表示)	L1	マスタ参照	infomart_orders.client_name	[外部]member_name_partner.client_name		date,week,month,quarter,year	日次	shop × date	13M	nightly	batch	納品確定後
トランザクション	個別	C75	金額（税抜）	その他	本部管理者	-	🟢 既実装	小	🟢 制限なし	そのまま集計可能	metric	FLOW	画面内	売上分析	店舗別売上	店舗ごとの売上推移を比較し、伸長/落ち込み店舗を早期発見、施策効果検証 (KPI単独表示)	L1	SUM商品別	infomart_order_details.price	[外部]detail_list.price		date,week,month,quarter,year	日次	shop × date	13M	nightly	batch	確定なし
トランザクション	個別	C76	比率	その他	本部管理者	-	🟢 既実装	小	🟡 加重平均	率指標は加重平均	metric	FLOW	画面内	売上分析	店舗別売上	店舗ごとの売上推移を比較し、伸長/落ち込み店舗を早期発見、施策効果検証 (KPI単独表示)	L1	商品÷総仕入×100	infomart_order_details.price	-	売上(税抜)	date,week,month,quarter,year	日次	shop × date	13M	nightly	batch	確定なし
トランザクション	個別	C77	商品単価（税抜）	その他	本部管理者	-	🟢 既実装	小	🟡 加重平均	率指標は加重平均	metric	FLOW	画面内	売上分析	店舗別売上	店舗ごとの売上推移を比較し、伸長/落ち込み店舗を早期発見、施策効果検証 (KPI単独表示)	L1	売上÷数量	head_office_item_sales_logs.sales_excluded, head_office_item_sales_logs.quantity	商品別売上分析.販売数量		date,week,month,quarter,year	日次	shop × date	13M	nightly	batch	確定なし
トランザクション	個別	C78	商品単価（税込）	その他	本部管理者	-	🟢 既実装	小	🟡 加重平均	率指標は加重平均	metric	FLOW	画面内	売上分析	店舗別売上	店舗ごとの売上推移を比較し、伸長/落ち込み店舗を早期発見、施策効果検証 (KPI単独表示)	L1	売上÷数量	t_items.sales, head_office_item_sales_logs.quantity	商品別売上分析.販売数量		date,week,month,quarter,year	日次	shop × date	13M	nightly	batch	確定なし
トランザクション	個別	C79	販売数量	その他	本部管理者	-	🟢 既実装	小	🟢 制限なし	そのまま集計可能	metric	FLOW	画面内	売上分析	店舗別売上	店舗ごとの売上推移を比較し、伸長/落ち込み店舗を早期発見、施策効果検証 (KPI単独表示)	L1	SUM商品別	head_office_item_sales_logs.quantity	[外部]TITEM.quantity		date,week,month,quarter,year	日次	shop × date	13M	nightly	batch	確定なし
トランザクション	個別	C80	当月客単価（税抜）	客数系	本部管理者	-	🟢 既実装	小	🟡 加重平均	率指標は加重平均	metric	FLOW	画面内	客数分析	客単価	客単価の月次推移/商品ミックス影響、アップセル戦略立案 (KPI単独表示)	L1	売上÷客数	head_office_connected_service_sales_logs.sales_excluded, head_office_connected_service_sales_logs.customers	当月実績.売上（税抜）, 客数.当月客数	客数	date,week,month,quarter,year	月次	shop × month	60M	nightly + monthly_finalize	batch	翌日日次確定
トランザクション	個別	C81	当月客数	客数系	本部管理者	-	🟢 既実装	小	🟢 制限なし	そのまま集計可能	metric	FLOW	画面内	客数分析	客数推移	客数の前年比/曜日傾向、集客施策の効果検証 (KPI単独表示)	L1	SUM月別	head_office_connected_service_sales_logs.customers	[外部]ZTOTAL.customers		date,week,month,quarter,year	月次	shop × month	60M	nightly + monthly_finalize	batch	翌日日次確定
トランザクション	個別	C82	仕入商品ラベル	原価系	本部管理者	-	🟢 既実装	小	🟢 制限なし	そのまま集計可能	metric	FLOW	画面内	原価管理	FD率分析	FD率の推移把握、ロス削減/原価コントロール優先順位 (KPI単独表示)	L1	ラベルマスタ	infomart_order_details.item_name	[外部]detail_list.item_name		date,week,month,quarter,year	日次	shop × date	13M	nightly	batch	納品確定後
トランザクション	個別	C83	仕入金額（税抜）	原価系	本部管理者	-	🟢 既実装	小	🟢 制限なし	そのまま集計可能	metric	FLOW	画面内	原価管理	FD率分析	FD率の推移把握、ロス削減/原価コントロール優先順位 (KPI単独表示)	L1	SUM月別	infomart_order_details.price	[外部]detail_list.price		date,week,month,quarter,year	日次	shop × date	13M	nightly	batch	納品確定後
トランザクション	個別	C84	数量	その他	本部管理者	-	🟢 既実装	小	🟢 制限なし	そのまま集計可能	metric	FLOW	画面内	売上分析	店舗別売上	店舗ごとの売上推移を比較し、伸長/落ち込み店舗を早期発見、施策効果検証 (KPI単独表示)	L1	SUM月別	infomart_order_details.num	[外部]detail_list.num		date,week,month,quarter,year	日次	shop × date	13M	nightly	batch	確定なし
トランザクション	個別	C85	平均単価	その他	本部管理者	-	🟢 既実装	小	🟡 加重平均	率指標は加重平均	metric	FLOW	画面内	売上分析	店舗別売上	店舗ごとの売上推移を比較し、伸長/落ち込み店舗を早期発見、施策効果検証 (KPI単独表示)	L1	金額÷数量	infomart_order_details.price, infomart_order_details.num	平均単価推移.数量		date,week,month,quarter,year	日次	shop × date	13M	nightly	batch	確定なし
トランザクション	個別	C253	月次実績_総売上 計	売上系	本部管理者	-	🟢 既実装	小	🟢 制限なし	そのまま集計可能	metric	FLOW	画面内	売上分析	店舗別売上	店舗ごとの売上推移を比較し、伸長/落ち込み店舗を早期発見、施策効果検証 (KPI単独表示)	L1	SUM月次	head_office_connected_service_sales_logs.sales_excluded	[外部]ZTOTAL.sales_excluded		date,week,month,quarter,year	月次	shop × month	36M	nightly + monthly_finalize	hybrid	翌日日次確定
トランザクション	個別	C254	月次実績_フード売上 計	売上系	本部管理者	-	🟢 既実装	小	🟢 制限なし	そのまま集計可能	metric	FLOW	画面内	売上分析	店舗別売上	店舗ごとの売上推移を比較し、伸長/落ち込み店舗を早期発見、施策効果検証 (KPI単独表示)	L1	SUMフード月次	head_office_item_sales_logs.sales_excluded	[外部]TITEM.sales_excluded		date,week,month,quarter,year	月次	shop × month × product	36M	nightly + monthly_finalize	hybrid	翌日日次確定
トランザクション	個別	C255	月次実績_ドリンク売上 計	売上系	本部管理者	-	🟢 既実装	小	🟢 制限なし	そのまま集計可能	metric	FLOW	画面内	売上分析	店舗別売上	店舗ごとの売上推移を比較し、伸長/落ち込み店舗を早期発見、施策効果検証 (KPI単独表示)	L1	SUMドリンク月次	head_office_item_sales_logs.sales_excluded	[外部]TITEM.sales_excluded		date,week,month,quarter,year	月次	shop × month × product	36M	nightly + monthly_finalize	hybrid	翌日日次確定
トランザクション	個別	C256	月次実績_その他売上 計	売上系	本部管理者	-	🟢 既実装	小	🟢 制限なし	そのまま集計可能	metric	FLOW	画面内	売上分析	店舗別売上	店舗ごとの売上推移を比較し、伸長/落ち込み店舗を早期発見、施策効果検証 (KPI単独表示)	L1	SUMその他月次	z_totals.service_charge_1	[外部]ZTOTAL.service_charge_1		date,week,month,quarter,year	月次	shop × month	36M	nightly + monthly_finalize	hybrid	翌日日次確定
トランザクション	個別	C258	月次実績_FD仕入 計	原価系	本部管理者	-	🟢 既実装	小	🟢 制限なし	そのまま集計可能	metric	FLOW	画面内	原価管理	FD率分析	FD率の推移把握、ロス削減/原価コントロール優先順位 (KPI単独表示)	L1	SUMFD月次	-	インフォマート（仕入）		date,week,month,quarter,year	月次	shop × month	36M	nightly + monthly_finalize	hybrid	納品確定後
トランザクション	個別	C259	月次実績_人件費 計	人件費系	本部管理者	-	🟢 既実装	小	🟢 制限なし	そのまま集計可能	metric	FLOW	画面内	人件費効率	スタッフ別人件費	スタッフ別の人時生産性評価、教育投資/シフト配置最適化 (KPI単独表示)	L1	SUM月次	head_office_employee_working_records.daily_cost	[外部]head_office_employee_working_records.daily_cost		date,week,month,quarter,year	月次	shop × month	36M	nightly + monthly_finalize	hybrid	確定なし
トランザクション	個別	C260	月次実績_その他経費 計	その他	本部管理者	-	🟢 既実装	小	🟢 制限なし	そのまま集計可能	metric	FLOW	画面内	売上分析	店舗別売上	店舗ごとの売上推移を比較し、伸長/落ち込み店舗を早期発見、施策効果検証 (KPI単独表示)	L1	SUM経費月次	monthly_costs.value	[入力]monthly_costs.value		date,week,month,quarter,year	月次	shop × month	36M	nightly + monthly_finalize	hybrid	確定なし
トランザクション	個別	C262	月次予算_総売上 計	予実系	本部管理者	-	🟢 既実装	小	🟡 予測値	確定値と区別必要	metric	FORECAST	画面内	予実管理	売上予実	売上の達成率/進捗率モニタリング、月中の早期是正アクション (KPI単独表示)	L1	月次予算	月次予算値	月次予算設定.売上（税抜）		month,quarter,year	月次	shop × month	36M	on_budget_update	hybrid	予算確定後
トランザクション	個別	C263	月次予算_フード売上 計	予実系	本部管理者	-	🟢 既実装	小	🟡 予測値	確定値と区別必要	metric	FORECAST	画面内	予実管理	売上予実	売上の達成率/進捗率モニタリング、月中の早期是正アクション (KPI単独表示)	L1	月次予算_総売上 計 × 売上構成比設定.フード構成比	monthly_budgets.target_sales, budget_sales_compositions.food_ratio	月次予算設定.月次フード売上		month,quarter,year	月次	shop × month × product	36M	on_budget_update	batch	予算確定後
トランザクション	個別	C264	月次予算_ドリンク売上 計	予実系	本部管理者	-	🟢 既実装	小	🟡 予測値	確定値と区別必要	metric	FORECAST	画面内	予実管理	売上予実	売上の達成率/進捗率モニタリング、月中の早期是正アクション (KPI単独表示)	L1	月次予算_総売上 計 × 売上構成比設定.ドリンク構成比	monthly_budgets.target_sales, budget_sales_compositions.drink_ratio	月次予算設定.月次ドリンク売上		month,quarter,year	月次	shop × month × product	36M	on_budget_update	batch	予算確定後
トランザクション	個別	C265	月次予算_その他売上 計	予実系	本部管理者	-	🟢 既実装	小	🟡 予測値	確定値と区別必要	metric	FORECAST	画面内	予実管理	売上予実	売上の達成率/進捗率モニタリング、月中の早期是正アクション (KPI単独表示)	L1	月次予算_総売上 計 × 売上構成比設定.その他構成比	monthly_budgets.target_sales, budget_sales_compositions.other_ratio	月次予算設定.月次その他売上		month,quarter,year	月次	shop × month	36M	on_budget_update	batch	予算確定後
トランザクション	個別	C267	月次予算_FD仕入 計	原価系	本部管理者	-	🟢 既実装	小	🟡 予測値	確定値と区別必要	metric	FORECAST	画面内	予実管理	売上予実	売上の達成率/進捗率モニタリング、月中の早期是正アクション (KPI単独表示)	L1	月次予算設定.売上（税抜） × 月次予算設定.FD仕入比率	monthly_budgets.target_sales, monthly_budgets.food_cost_rate	月次予算設定.月次FD仕入		month,quarter,year	月次	shop × month	36M	on_budget_update	batch	予算確定後
トランザクション	個別	C268	月次予算_人件費 計	人件費系	本部管理者	-	🟢 既実装	小	🟡 予測値	確定値と区別必要	metric	FORECAST	画面内	人件費効率	スタッフ別人件費	スタッフ別の人時生産性評価、教育投資/シフト配置最適化 (KPI単独表示)	L1	月次予算設定.売上 × PA人件費率 + 固定人件費予算	monthly_budgets.target_sales, monthly_budgets.labor_cost_rate, 固定人件費予算	月次予算設定.月次人件費		month,quarter,year	月次	shop × month	36M	on_budget_update	batch	予算確定後
トランザクション	個別	C269	月次予算_その他経費 計	予実系	本部管理者	-	🟢 既実装	小	🟡 予測値	確定値と区別必要	metric	FORECAST	画面内	予実管理	経費予実	経費の予算超過リスク検知、削減ポイント特定 (KPI単独表示)	L1	費用設定.その他経費予算合計	monthly_costs.その他経費合計	月次予算設定.月次その他経費		month,quarter,year	月次	shop × month	36M	on_budget_update	hybrid	予算確定後
トランザクション	個別	C250	FD仕入額	原価系	本部管理者	-	🟢 既実装	小	🟢 制限なし	そのまま集計可能	metric	FLOW	画面内	原価管理	FD率分析	FD率の推移把握、ロス削減/原価コントロール優先順位 (KPI単独表示)	L1	参照表示	infomart_transactions.total_tax_excluded	[外部]infomart_transactions.total_tax_excluded			オンデマンド	-	-	on_demand	on_demand	納品確定後
トランザクション	個別	C251	人件費額	人件費系	本部管理者	-	🟢 既実装	小	🟢 制限なし	そのまま集計可能	metric	FLOW	画面内	人件費効率	スタッフ別人件費	スタッフ別の人時生産性評価、教育投資/シフト配置最適化 (KPI単独表示)	L1	参照表示	head_office_connected_service_labor_costs_logs.labor_costs	[外部]head_office_connected_service_labor_costs_logs.labor_costs			オンデマンド	-	-	on_demand	on_demand	確定なし
トランザクション	個別	C211	年間実績_総売上 計	売上系	本部管理者	-	🟢 既実装	小	🟢 制限なし	そのまま集計可能	metric	FLOW	画面内	売上分析	店舗別売上	店舗ごとの売上推移を比較し、伸長/落ち込み店舗を早期発見、施策効果検証 (KPI単独表示)	L1	SUM	head_office_connected_service_sales_logs.sales_excluded	[外部]ZTOTAL.sales_excluded		year	月次	shop × month	60M	nightly + monthly_finalize	batch	翌日日次確定
トランザクション	個別	C212	年間実績_フード売上 計	売上系	本部管理者	-	🟢 既実装	小	🟢 制限なし	そのまま集計可能	metric	FLOW	画面内	売上分析	店舗別売上	店舗ごとの売上推移を比較し、伸長/落ち込み店舗を早期発見、施策効果検証 (KPI単独表示)	L1	SUMフード	head_office_item_sales_logs.sales_excluded	[外部]TITEM.sales_excluded		year	月次	shop × month × product	60M	nightly + monthly_finalize	batch	翌日日次確定
トランザクション	個別	C213	年間実績_ドリンク売上 計	売上系	本部管理者	-	🟢 既実装	小	🟢 制限なし	そのまま集計可能	metric	FLOW	画面内	売上分析	店舗別売上	店舗ごとの売上推移を比較し、伸長/落ち込み店舗を早期発見、施策効果検証 (KPI単独表示)	L1	SUMドリンク	head_office_item_sales_logs.sales_excluded	[外部]TITEM.sales_excluded		year	月次	shop × month × product	60M	nightly + monthly_finalize	batch	翌日日次確定
トランザクション	個別	C214	年間実績_その他売上 計	売上系	本部管理者	-	🟢 既実装	小	🟢 制限なし	そのまま集計可能	metric	FLOW	画面内	売上分析	店舗別売上	店舗ごとの売上推移を比較し、伸長/落ち込み店舗を早期発見、施策効果検証 (KPI単独表示)	L1	SUM	z_totals.service_charge_1	[外部]ZTOTAL.service_charge_1		year	月次	shop × month	60M	nightly + monthly_finalize	batch	翌日日次確定
トランザクション	個別	C215	年間実績_その他売上ランチ	売上系	本部管理者	-	🟢 既実装	小	🟢 制限なし	そのまま集計可能	metric	FLOW	画面内	売上分析	店舗別売上	店舗ごとの売上推移を比較し、伸長/落ち込み店舗を早期発見、施策効果検証 (KPI単独表示)	L1	SUM(その他かつ時間フィルタ)	head_office_item_sales_logs.sales_excluded	[外部]TITEM.sales_excluded		year	月次	shop × month × time_slot	60M	nightly + monthly_finalize	batch	翌日日次確定
トランザクション	個別	C216	年間実績_その他売上ディナー	売上系	本部管理者	-	🟢 既実装	小	🟢 制限なし	そのまま集計可能	metric	FLOW	画面内	売上分析	店舗別売上	店舗ごとの売上推移を比較し、伸長/落ち込み店舗を早期発見、施策効果検証 (KPI単独表示)	L1	SUM(その他かつ時間フィルタ)	head_office_item_sales_logs.sales_excluded	[外部]TITEM.sales_excluded		year	月次	shop × month × time_slot	60M	nightly + monthly_finalize	batch	翌日日次確定
トランザクション	個別	C218	年間実績_FD仕入 計	原価系	本部管理者	-	🟢 既実装	小	🟢 制限なし	そのまま集計可能	metric	FLOW	画面内	原価管理	FD率分析	FD率の推移把握、ロス削減/原価コントロール優先順位 (KPI単独表示)	L1	SUMFD	infomart_transactions.total_tax_excluded	[外部]infomart_transactions.total_tax_excluded		year	月次	shop × month	60M	nightly + monthly_finalize	batch	納品確定後
トランザクション	個別	C219	年間実績_人件費 計	人件費系	本部管理者	-	🟢 既実装	小	🟢 制限なし	そのまま集計可能	metric	FLOW	画面内	人件費効率	スタッフ別人件費	スタッフ別の人時生産性評価、教育投資/シフト配置最適化 (KPI単独表示)	L1	SUM	head_office_connected_service_labor_costs_logs.labor_costs	[外部]head_office_connected_service_labor_costs_logs.labor_costs		year	月次	shop × month	60M	nightly + monthly_finalize	batch	確定なし
トランザクション	個別	C220	年間実績_その他経費 計	その他	本部管理者	-	🟢 既実装	小	🟢 制限なし	そのまま集計可能	metric	FLOW	画面内	売上分析	店舗別売上	店舗ごとの売上推移を比較し、伸長/落ち込み店舗を早期発見、施策効果検証 (KPI単独表示)	L1	SUM	monthly_costs.value	-		year	月次	shop × month	60M	nightly + monthly_finalize	batch	確定なし
トランザクション	個別	C221	年間実績_ラクミー利用料	その他	本部管理者	-	🟢 既実装	小	🟢 制限なし	そのまま集計可能	metric	FLOW	画面内	売上分析	店舗別売上	店舗ごとの売上推移を比較し、伸長/落ち込み店舗を早期発見、施策効果検証 (KPI単独表示)	L1	費目フィルタ	monthly_costs.value	-		year	月次	shop × month	60M	nightly + monthly_finalize	batch	確定なし
トランザクション	個別	C222	年間実績_IT費用	その他	本部管理者	-	🟢 既実装	小	🟢 制限なし	そのまま集計可能	metric	FLOW	画面内	売上分析	店舗別売上	店舗ごとの売上推移を比較し、伸長/落ち込み店舗を早期発見、施策効果検証 (KPI単独表示)	L1	費目フィルタ	monthly_costs.value	-		year	月次	shop × month	60M	nightly + monthly_finalize	batch	確定なし
トランザクション	個別	C223	年間実績_お花代	その他	本部管理者	-	🟢 既実装	小	🟢 制限なし	そのまま集計可能	metric	FLOW	画面内	売上分析	店舗別売上	店舗ごとの売上推移を比較し、伸長/落ち込み店舗を早期発見、施策効果検証 (KPI単独表示)	L1	費目フィルタ	monthly_costs.value	-		year	月次	shop × month	60M	nightly + monthly_finalize	batch	確定なし
トランザクション	個別	C224	年間実績_ガス代	その他	本部管理者	-	🟢 既実装	小	🟢 制限なし	そのまま集計可能	metric	FLOW	画面内	売上分析	店舗別売上	店舗ごとの売上推移を比較し、伸長/落ち込み店舗を早期発見、施策効果検証 (KPI単独表示)	L1	費目フィルタ	monthly_costs.value	-		year	月次	shop × month	60M	nightly + monthly_finalize	batch	確定なし
トランザクション	個別	C225	年間実績_クレジットカード手数料	その他	本部管理者	-	🟢 既実装	小	🟢 制限なし	そのまま集計可能	metric	FLOW	画面内	売上分析	店舗別売上	店舗ごとの売上推移を比較し、伸長/落ち込み店舗を早期発見、施策効果検証 (KPI単独表示)	L1	費目フィルタ	monthly_costs.value	-		year	月次	shop × month	60M	nightly + monthly_finalize	batch	確定なし
トランザクション	個別	C226	年間実績_レジ利用料	その他	本部管理者	-	🟢 既実装	小	🟢 制限なし	そのまま集計可能	metric	FLOW	画面内	売上分析	店舗別売上	店舗ごとの売上推移を比較し、伸長/落ち込み店舗を早期発見、施策効果検証 (KPI単独表示)	L1	費目フィルタ	monthly_costs.value	-		year	月次	shop × month	60M	nightly + monthly_finalize	batch	確定なし
トランザクション	個別	C227	年間実績_借入金返済	その他	本部管理者	-	🟢 既実装	小	🟢 制限なし	そのまま集計可能	metric	FLOW	画面内	売上分析	店舗別売上	店舗ごとの売上推移を比較し、伸長/落ち込み店舗を早期発見、施策効果検証 (KPI単独表示)	L1	費目フィルタ	monthly_costs.value	-		year	月次	shop × month	60M	nightly + monthly_finalize	batch	確定なし
トランザクション	個別	C228	年間実績_家賃（変動分）	その他	本部管理者	-	🟢 既実装	小	🟢 制限なし	そのまま集計可能	metric	FLOW	画面内	売上分析	店舗別売上	店舗ごとの売上推移を比較し、伸長/落ち込み店舗を早期発見、施策効果検証 (KPI単独表示)	L1	費目フィルタ	monthly_costs.value	-		year	月次	shop × month	60M	nightly + monthly_finalize	batch	確定なし
トランザクション	個別	C229	年間実績_水道代	その他	本部管理者	-	🟢 既実装	小	🟢 制限なし	そのまま集計可能	metric	FLOW	画面内	売上分析	店舗別売上	店舗ごとの売上推移を比較し、伸長/落ち込み店舗を早期発見、施策効果検証 (KPI単独表示)	L1	費目フィルタ	monthly_costs.value	-		year	月次	shop × month	60M	nightly + monthly_finalize	batch	確定なし
トランザクション	個別	C230	年間実績_社員人件費	人件費系	本部管理者	-	🟢 既実装	小	🟢 制限なし	そのまま集計可能	metric	FLOW	画面内	人件費効率	スタッフ別人件費	スタッフ別の人時生産性評価、教育投資/シフト配置最適化 (KPI単独表示)	L1	SUM月給者	head_office_connected_service_labor_costs_logs.labor_costs	[外部]head_office_connected_service_labor_costs_logs.labor_costs		year	月次	shop × month	60M	nightly + monthly_finalize	batch	確定なし
トランザクション	個別	C231	年間実績_電気代	その他	本部管理者	-	🟢 既実装	小	🟢 制限なし	そのまま集計可能	metric	FLOW	画面内	売上分析	店舗別売上	店舗ごとの売上推移を比較し、伸長/落ち込み店舗を早期発見、施策効果検証 (KPI単独表示)	L1	費目フィルタ	monthly_costs.value	-		year	月次	shop × month	60M	nightly + monthly_finalize	batch	確定なし
トランザクション	個別	C233	年間実績_フード売上ランチ	売上系	本部管理者	-	🟢 既実装	小	🟢 制限なし	そのまま集計可能	metric	FLOW	画面内	売上分析	店舗別売上	店舗ごとの売上推移を比較し、伸長/落ち込み店舗を早期発見、施策効果検証 (KPI単独表示)	L1	SUM(フードかつ時間フィルタ)	head_office_item_sales_logs.sales_excluded	[外部]TITEM.sales_excluded		year	月次	shop × month × time_slot × product	60M	nightly + monthly_finalize	batch	翌日日次確定
トランザクション	個別	C234	年間実績_フード売上ディナー	売上系	本部管理者	-	🟢 既実装	小	🟢 制限なし	そのまま集計可能	metric	FLOW	画面内	売上分析	店舗別売上	店舗ごとの売上推移を比較し、伸長/落ち込み店舗を早期発見、施策効果検証 (KPI単独表示)	L1	SUM(フードかつ時間フィルタ)	head_office_item_sales_logs.sales_excluded	[外部]TITEM.sales_excluded		year	月次	shop × month × time_slot × product	60M	nightly + monthly_finalize	batch	翌日日次確定
トランザクション	個別	C235	年間実績_ドリンク売上ランチ	売上系	本部管理者	-	🟢 既実装	小	🟢 制限なし	そのまま集計可能	metric	FLOW	画面内	売上分析	店舗別売上	店舗ごとの売上推移を比較し、伸長/落ち込み店舗を早期発見、施策効果検証 (KPI単独表示)	L1	SUM(ドリンクかつ時間フィルタ)	head_office_item_sales_logs.sales_excluded	[外部]TITEM.sales_excluded		year	月次	shop × month × time_slot × product	60M	nightly + monthly_finalize	batch	翌日日次確定
トランザクション	個別	C236	年間実績_ドリンク売上ディナー	売上系	本部管理者	-	🟢 既実装	小	🟢 制限なし	そのまま集計可能	metric	FLOW	画面内	売上分析	店舗別売上	店舗ごとの売上推移を比較し、伸長/落ち込み店舗を早期発見、施策効果検証 (KPI単独表示)	L1	SUM(ドリンクかつ時間フィルタ)	head_office_item_sales_logs.sales_excluded	[外部]TITEM.sales_excluded		year	月次	shop × month × time_slot × product	60M	nightly + monthly_finalize	batch	翌日日次確定
トランザクション	個別	C237	年間実績_フード仕入	原価系	本部管理者	-	🟢 既実装	小	🟢 制限なし	そのまま集計可能	metric	FLOW	画面内	原価管理	FD率分析	FD率の推移把握、ロス削減/原価コントロール優先順位 (KPI単独表示)	L1	SUMフード	infomart_transactions.total_tax_excluded	[外部]infomart_transactions.total_tax_excluded		year	月次	shop × month	60M	nightly + monthly_finalize	batch	納品確定後
トランザクション	個別	C238	年間実績_ドリンク仕入	原価系	本部管理者	-	🟢 既実装	小	🟢 制限なし	そのまま集計可能	metric	FLOW	画面内	原価管理	FD率分析	FD率の推移把握、ロス削減/原価コントロール優先順位 (KPI単独表示)	L1	SUMドリンク	infomart_transactions.total_tax_excluded	[外部]infomart_transactions.total_tax_excluded		year	月次	shop × month	60M	nightly + monthly_finalize	batch	納品確定後
トランザクション	個別	C239	年間実績_固定人件費	人件費系	本部管理者	-	🟢 既実装	小	🟢 制限なし	そのまま集計可能	metric	FLOW	画面内	人件費効率	スタッフ別人件費	スタッフ別の人時生産性評価、教育投資/シフト配置最適化 (KPI単独表示)	L1	SUM月給者	head_office_connected_service_labor_costs_logs.labor_costs	[外部]head_office_connected_service_labor_costs_logs.labor_costs		year	月次	shop × month	60M	nightly + monthly_finalize	batch	確定なし
トランザクション	個別	C240	年間実績_PA人件費	人件費系	本部管理者	-	🟢 既実装	小	🟢 制限なし	そのまま集計可能	metric	FLOW	画面内	人件費効率	PA率分析	PA率の店舗/業態比較、人件費効率改善の優先順位 (KPI単独表示)	L1	SUM	head_office_employee_working_records.daily_cost	[外部]head_office_employee_working_records.daily_cost		year	月次	shop × month	60M	nightly + monthly_finalize	batch	確定なし
トランザクション	個別	C242	年間実績_地代家賃	その他	本部管理者	-	🟢 既実装	小	🟢 制限なし	そのまま集計可能	metric	FLOW	画面内	売上分析	店舗別売上	店舗ごとの売上推移を比較し、伸長/落ち込み店舗を早期発見、施策効果検証 (KPI単独表示)	L1	費目=家賃	monthly_costs.value	-		year	月次	shop × month	60M	nightly + monthly_finalize	batch	確定なし
トランザクション	個別	C243	年間実績_資材費	その他	本部管理者	-	🟢 既実装	小	🟢 制限なし	そのまま集計可能	metric	FLOW	画面内	売上分析	店舗別売上	店舗ごとの売上推移を比較し、伸長/落ち込み店舗を早期発見、施策効果検証 (KPI単独表示)	L1	費目=資材費	monthly_costs.value	-		year	月次	shop × month	60M	nightly + monthly_finalize	batch	確定なし
トランザクション	個別	C244	年間実績_水道光熱費	その他	本部管理者	-	🟢 既実装	小	🟢 制限なし	そのまま集計可能	metric	FLOW	画面内	売上分析	店舗別売上	店舗ごとの売上推移を比較し、伸長/落ち込み店舗を早期発見、施策効果検証 (KPI単独表示)	L1	費目=水道光熱費	monthly_costs.value	-		year	月次	shop × month	60M	nightly + monthly_finalize	batch	確定なし
トランザクション	個別	C245	年間実績_減価償却費	その他	本部管理者	-	🟢 既実装	小	🟢 制限なし	そのまま集計可能	metric	FLOW	画面内	売上分析	店舗別売上	店舗ごとの売上推移を比較し、伸長/落ち込み店舗を早期発見、施策効果検証 (KPI単独表示)	L1	費目=減価償却費	monthly_costs.value	-		year	月次	shop × month	60M	nightly + monthly_finalize	batch	確定なし
トランザクション	個別	C246	年間実績_販促費	その他	本部管理者	-	🟢 既実装	小	🟢 制限なし	そのまま集計可能	metric	FLOW	画面内	売上分析	店舗別売上	店舗ごとの売上推移を比較し、伸長/落ち込み店舗を早期発見、施策効果検証 (KPI単独表示)	L1	費目=販促費	monthly_costs.value	-		year	月次	shop × month	60M	nightly + monthly_finalize	batch	確定なし
トランザクション	個別	C307	年間予算_総売上 計	予実系	本部管理者	-	🟢 既実装	小	🟡 予測値	確定値と区別必要	metric	FORECAST	画面内	予実管理	売上予実	売上の達成率/進捗率モニタリング、月中の早期是正アクション (KPI単独表示)	L1	SUM月次予算	monthly_budgets.target_sales	月次予算設定.年間総売上		year	月次	shop × month	60M	on_budget_update	batch	予算確定後
トランザクション	個別	C308	年間予算_フード売上 計	予実系	本部管理者	-	🟢 既実装	小	🟡 予測値	確定値と区別必要	metric	FORECAST	画面内	予実管理	売上予実	売上の達成率/進捗率モニタリング、月中の早期是正アクション (KPI単独表示)	L1	年間予算_総売上 計 × 売上構成比設定.フード構成比	monthly_budgets.target_sales, budget_sales_compositions.food_ratio	月次予算設定.年間フード売上		year	月次	shop × month × product	60M	on_budget_update	batch	予算確定後
トランザクション	個別	C309	年間予算_フード売上ランチ	予実系	本部管理者	-	🟢 既実装	小	🟡 予測値	確定値と区別必要	metric	FORECAST	画面内	予実管理	売上予実	売上の達成率/進捗率モニタリング、月中の早期是正アクション (KPI単独表示)	L1	年間予算_フード売上 計 × 売上構成比設定.ランチ比率	monthly_budgets.target_sales, budget_sales_compositions.lunch_ratio	月次予算設定.年間フード売上ランチ		year	月次	shop × month × time_slot × product	60M	on_budget_update	batch	予算確定後
トランザクション	個別	C310	年間予算_フード売上ディナー	予実系	本部管理者	-	🟢 既実装	小	🟡 予測値	確定値と区別必要	metric	FORECAST	画面内	予実管理	売上予実	売上の達成率/進捗率モニタリング、月中の早期是正アクション (KPI単独表示)	L1	年間予算_フード売上 計 × 売上構成比設定.ディナー比率	monthly_budgets.target_sales, budget_sales_compositions.dinner_ratio	月次予算設定.年間フード売上ディナー		year	月次	shop × month × time_slot × product	60M	on_budget_update	batch	予算確定後
トランザクション	個別	C311	年間予算_ドリンク売上 計	予実系	本部管理者	-	🟢 既実装	小	🟡 予測値	確定値と区別必要	metric	FORECAST	画面内	予実管理	売上予実	売上の達成率/進捗率モニタリング、月中の早期是正アクション (KPI単独表示)	L1	年間予算_総売上 計 × 売上構成比設定.ドリンク構成比	monthly_budgets.target_sales, budget_sales_compositions.drink_ratio	月次予算設定.年間ドリンク売上		year	月次	shop × month × product	60M	on_budget_update	batch	予算確定後
トランザクション	個別	C312	年間予算_ドリンク売上ランチ	予実系	本部管理者	-	🟢 既実装	小	🟡 予測値	確定値と区別必要	metric	FORECAST	画面内	予実管理	売上予実	売上の達成率/進捗率モニタリング、月中の早期是正アクション (KPI単独表示)	L1	年間予算_ドリンク売上 計 × 売上構成比設定.ランチ比率	monthly_budgets.target_sales, budget_sales_compositions.lunch_ratio	月次予算設定.年間ドリンク売上ランチ		year	月次	shop × month × time_slot × product	60M	on_budget_update	batch	予算確定後
トランザクション	個別	C313	年間予算_ドリンク売上ディナー	予実系	本部管理者	-	🟢 既実装	小	🟡 予測値	確定値と区別必要	metric	FORECAST	画面内	予実管理	売上予実	売上の達成率/進捗率モニタリング、月中の早期是正アクション (KPI単独表示)	L1	年間予算_ドリンク売上 計 × 売上構成比設定.ディナー比率	monthly_budgets.target_sales, budget_sales_compositions.dinner_ratio	月次予算設定.年間ドリンク売上ディナー		year	月次	shop × month × time_slot × product	60M	on_budget_update	batch	予算確定後
トランザクション	個別	C314	年間予算_その他売上 計（サービス料等）	予実系	本部管理者	-	🟢 既実装	小	🟡 予測値	確定値と区別必要	metric	FORECAST	画面内	予実管理	売上予実	売上の達成率/進捗率モニタリング、月中の早期是正アクション (KPI単独表示)	L1	年間予算_総売上 計 × 売上構成比設定.その他構成比	monthly_budgets.target_sales, budget_sales_compositions.other_ratio	月次予算設定.年間その他売上（サービス料等）		year	月次	shop × month	60M	on_budget_update	batch	予算確定後
トランザクション	個別	C315	年間予算_その他売上ランチ	予実系	本部管理者	-	🟢 既実装	小	🟡 予測値	確定値と区別必要	metric	FORECAST	画面内	予実管理	売上予実	売上の達成率/進捗率モニタリング、月中の早期是正アクション (KPI単独表示)	L1	年間予算_その他売上 計 × 売上構成比設定.ランチ比率	monthly_budgets.target_sales, budget_sales_compositions.lunch_ratio	月次予算設定.年間その他売上ランチ		year	月次	shop × month × time_slot	60M	on_budget_update	batch	予算確定後
トランザクション	個別	C316	年間予算_その他売上ディナー	予実系	本部管理者	-	🟢 既実装	小	🟡 予測値	確定値と区別必要	metric	FORECAST	画面内	予実管理	売上予実	売上の達成率/進捗率モニタリング、月中の早期是正アクション (KPI単独表示)	L1	年間予算_その他売上 計 × 売上構成比設定.ディナー比率	monthly_budgets.target_sales, budget_sales_compositions.dinner_ratio	月次予算設定.年間その他売上ディナー		year	月次	shop × month × time_slot	60M	on_budget_update	batch	予算確定後
トランザクション	個別	C318	年間予算_FD仕入 計	原価系	本部管理者	-	🟢 既実装	小	🟡 予測値	確定値と区別必要	metric	FORECAST	画面内	予実管理	売上予実	売上の達成率/進捗率モニタリング、月中の早期是正アクション (KPI単独表示)	L1	SUM(monthly_budgets.target_sales × monthly_budgets.food_cost_rate) GROUP BY year	monthly_budgets.target_sales, monthly_budgets.food_cost_rate	月次予算設定.年間FD仕入		year	月次	shop × month	60M	on_budget_update	batch	予算確定後
トランザクション	個別	C319	年間予算_フード仕入	原価系	本部管理者	-	🟢 既実装	小	🟡 予測値	確定値と区別必要	metric	FORECAST	画面内	予実管理	売上予実	売上の達成率/進捗率モニタリング、月中の早期是正アクション (KPI単独表示)	L1	年間予算_FD仕入 計 × FD構成比設定.フード比率	monthly_budgets.food_cost_rate, fd_compositions.food_ratio	月次予算設定.年間フード仕入		year	月次	shop × month	60M	on_budget_update	batch	予算確定後
トランザクション	個別	C320	年間予算_ドリンク仕入	原価系	本部管理者	-	🟢 既実装	小	🟡 予測値	確定値と区別必要	metric	FORECAST	画面内	予実管理	売上予実	売上の達成率/進捗率モニタリング、月中の早期是正アクション (KPI単独表示)	L1	年間予算_FD仕入 計 × FD構成比設定.ドリンク比率	monthly_budgets.food_cost_rate, fd_compositions.drink_ratio	月次予算設定.年間ドリンク仕入		year	月次	shop × month	60M	on_budget_update	batch	予算確定後
トランザクション	個別	C321	年間予算_人件費 計	人件費系	本部管理者	-	🟢 既実装	小	🟡 予測値	確定値と区別必要	metric	FORECAST	画面内	人件費効率	スタッフ別人件費	スタッフ別の人時生産性評価、教育投資/シフト配置最適化 (KPI単独表示)	L1	SUM(monthly_budgets.target_sales × monthly_budgets.labor_cost_rate + 固定人件費) GROUP BY year	monthly_budgets.target_sales, monthly_budgets.labor_cost_rate, 固定人件費予算	月次予算設定.年間人件費		year	月次	shop × month	60M	on_budget_update	batch	予算確定後
トランザクション	個別	C323	年間予算_PA人件費	人件費系	本部管理者	-	🟢 既実装	小	🟡 予測値	確定値と区別必要	metric	FORECAST	画面内	人件費効率	PA率分析	PA率の店舗/業態比較、人件費効率改善の優先順位 (KPI単独表示)	L1	SUM(monthly_budgets.target_sales × monthly_budgets.labor_cost_rate) GROUP BY year	monthly_budgets.target_sales, monthly_budgets.labor_cost_rate	月次予算設定.年間PA人件費		year	月次	shop × month	60M	on_budget_update	batch	予算確定後
トランザクション	個別	C190	売上目標	売上系	本部管理者	-	🟢 既実装	小	🟢 制限なし	そのまま集計可能	metric	FLOW	画面内	売上分析	店舗別売上	店舗ごとの売上推移を比較し、伸長/落ち込み店舗を早期発見、施策効果検証 (KPI単独表示)	L1	マスタ参照	monthly_budgets.profit	[入力]monthly_budgets.profit			オンデマンド	-	-	on_demand	on_demand	翌日日次確定
トランザクション	個別	C197	売上目標	売上系	本部管理者	-	🟢 既実装	小	🟢 制限なし	そのまま集計可能	metric	FLOW	画面内	売上分析	店舗別売上	店舗ごとの売上推移を比較し、伸長/落ち込み店舗を早期発見、施策効果検証 (KPI単独表示)	L1	マスタ参照	monthly_budgets.profit	[入力]monthly_budgets.profit			オンデマンド	-	-	on_demand	on_demand	翌日日次確定
トランザクション	個別	C121	売上（税込）	売上系	本部管理者	-	🟢 既実装	小	🟢 制限なし	そのまま集計可能	metric	FLOW	画面内	売上分析	店舗別売上	店舗ごとの売上推移を比較し、伸長/落ち込み店舗を早期発見、施策効果検証 (KPI単独表示)	L1	SUM支払別	head_office_payment_method_sales_logs.sales	[外部]TTEND.sales		date,week,month,quarter,year	日次	shop × date	13M	nightly	batch	翌日日次確定
トランザクション	個別	C122	売上比率	売上系	本部管理者	-	🟢 既実装	小	🟡 加重平均	率指標は加重平均	metric	FLOW	画面内	売上分析	店舗別売上	店舗ごとの売上推移を比較し、伸長/落ち込み店舗を早期発見、施策効果検証 (KPI単独表示)	L1	支払÷総売上×100	head_office_payment_method_sales_logs.sales, head_office_connected_service_sales_logs.sales_excluded	当月実績.売上（税抜）	売上(税抜)	date,week,month,quarter,year	日次	shop × date	13M	nightly	batch	翌日日次確定
トランザクション	個別	C128	売上（税込）	売上系	本部管理者	-	🟢 既実装	小	🟢 制限なし	そのまま集計可能	metric	FLOW	画面内	売上分析	店舗別売上	店舗ごとの売上推移を比較し、伸長/落ち込み店舗を早期発見、施策効果検証 (KPI単独表示)	L1	日別集計	z_totals.sales	[外部]ZTOTAL.sales		date,week,month,quarter,year	日次	shop × date	13M	nightly	batch	翌日日次確定
トランザクション	個別	C129	売上（税抜）	売上系	本部管理者	-	🟢 既実装	小	🟢 制限なし	そのまま集計可能	metric	FLOW	画面内	売上分析	店舗別売上	店舗ごとの売上推移を比較し、伸長/落ち込み店舗を早期発見、施策効果検証 (KPI単独表示)	L1	日別集計	head_office_connected_service_sales_logs.sales_excluded	[外部]ZTOTAL.sales_excluded		date,week,month,quarter,year	日次	shop × date	13M	nightly	batch	翌日日次確定
トランザクション	個別	C130	仕入（税込）	原価系	本部管理者	-	🟢 既実装	小	🟢 制限なし	そのまま集計可能	metric	FLOW	画面内	原価管理	FD率分析	FD率の推移把握、ロス削減/原価コントロール優先順位 (KPI単独表示)	L1	日別集計	infomart_orders.trade_total	[外部]trade_total.total		date,week,month,quarter,year	日次	shop × date	13M	nightly	batch	納品確定後
トランザクション	個別	C131	仕入（税抜）	原価系	本部管理者	-	🟢 既実装	小	🟢 制限なし	そのまま集計可能	metric	FLOW	画面内	原価管理	FD率分析	FD率の推移把握、ロス削減/原価コントロール優先順位 (KPI単独表示)	L1	日別集計	infomart_transactions.total_tax_excluded	[外部]infomart_transactions.total_tax_excluded		date,week,month,quarter,year	日次	shop × date	13M	nightly	batch	納品確定後
トランザクション	個別	C132	PA人件費	人件費系	本部管理者	-	🟢 既実装	小	🟢 制限なし	そのまま集計可能	metric	FLOW	画面内	人件費効率	PA率分析	PA率の店舗/業態比較、人件費効率改善の優先順位 (KPI単独表示)	L1	日別集計	head_office_employee_working_records.daily_cost	[外部]head_office_employee_working_records.daily_cost		date,week,month,quarter,year	日次	shop × date	13M	nightly	batch	確定なし
トランザクション	個別	C133	売上（税抜）	売上系	本部管理者	-	🟢 既実装	小	🟢 制限なし	そのまま集計可能	metric	FLOW	画面内	売上分析	店舗別売上	店舗ごとの売上推移を比較し、伸長/落ち込み店舗を早期発見、施策効果検証 (KPI単独表示)	L1	日別集計	head_office_connected_service_sales_logs.sales_excluded	[外部]ZTOTAL.sales_excluded		date,week,month,quarter,year	日次	shop × date	13M	nightly	batch	翌日日次確定
トランザクション	個別	C134	仕入費	原価系	本部管理者	-	🟢 既実装	小	🟢 制限なし	そのまま集計可能	metric	FLOW	画面内	原価管理	FD率分析	FD率の推移把握、ロス削減/原価コントロール優先順位 (KPI単独表示)	L1	日別集計	infomart_transactions.total_tax_excluded	[外部]infomart_transactions.total_tax_excluded		date,week,month,quarter,year	日次	shop × date	13M	nightly	batch	納品確定後
トランザクション	個別	C135	PA人件費	人件費系	本部管理者	-	🟢 既実装	小	🟢 制限なし	そのまま集計可能	metric	FLOW	画面内	人件費効率	PA率分析	PA率の店舗/業態比較、人件費効率改善の優先順位 (KPI単独表示)	L1	日別集計	head_office_connected_service_labor_costs_logs.labor_costs	[外部]head_office_connected_service_labor_costs_logs.labor_costs		date,week,month,quarter,year	日次	shop × date	13M	nightly	batch	確定なし
トランザクション	個別	C136	ランチ売上（税抜）	売上系	本部管理者	-	🟢 既実装	小	🟢 制限なし	そのまま集計可能	metric	FLOW	画面内	売上分析	店舗別売上	店舗ごとの売上推移を比較し、伸長/落ち込み店舗を早期発見、施策効果検証 (KPI単独表示)	L1	SUM(時間フィルタ)	head_office_item_sales_logs.sales_excluded	[外部]TITEM.sales_excluded		date,week,month,quarter,year	日次	shop × date × time_slot	13M	nightly	batch	翌日日次確定
トランザクション	個別	C137	ディナー売上（税抜）	売上系	本部管理者	-	🟢 既実装	小	🟢 制限なし	そのまま集計可能	metric	FLOW	画面内	売上分析	店舗別売上	店舗ごとの売上推移を比較し、伸長/落ち込み店舗を早期発見、施策効果検証 (KPI単独表示)	L1	SUM(時間フィルタ)	head_office_item_sales_logs.sales_excluded	[外部]TITEM.sales_excluded		date,week,month,quarter,year	日次	shop × date × time_slot	13M	nightly	batch	翌日日次確定
トランザクション	個別	C138	客数	客数系	本部管理者	-	🟢 既実装	小	🟢 制限なし	そのまま集計可能	metric	FLOW	画面内	客数分析	客数推移	客数の前年比/曜日傾向、集客施策の効果検証 (KPI単独表示)	L1	SUM時間帯別	head_office_connected_service_sales_logs.customers	[外部]ZTOTAL.customers		date,week,month,quarter,year	日次	shop × date	13M	nightly	batch	翌日日次確定
トランザクション	個別	C139	客単価（税抜）	客数系	本部管理者	-	🟢 既実装	小	🟡 加重平均	率指標は加重平均	metric	FLOW	画面内	客数分析	客単価	客単価の月次推移/商品ミックス影響、アップセル戦略立案 (KPI単独表示)	L1	売上÷客数	head_office_connected_service_sales_logs.sales_excluded, head_office_connected_service_sales_logs.customers	当月実績.売上（税抜）, 時間帯別売上分析.客数	客数	date,week,month,quarter,year	日次	shop × date	13M	nightly	batch	翌日日次確定
トランザクション	個別	C207	営業利益予算	予実系	本部管理者	-	🟢 既実装	小	🟡 予測値	確定値と区別必要	metric	FORECAST	画面内	予実管理	売上予実	売上の達成率/進捗率モニタリング、月中の早期是正アクション (KPI単独表示)	L1	参照表示	monthly_budgets.profit	SUM(紐づく店舗.月次予算設定.営業利益予算)		month,quarter,year	月次	shop × month	60M	on_budget_update	batch	予算確定後
トランザクション	個別	C209	売上予算	予実系	本部管理者	-	🟢 既実装	小	🟡 予測値	確定値と区別必要	metric	FORECAST	画面内	予実管理	売上予実	売上の達成率/進捗率モニタリング、月中の早期是正アクション (KPI単独表示)	L1	参照表示	monthly_budgets.sales	SUM(紐づく店舗.月次予算設定.売上予算)		month,quarter,year	月次	shop × month	60M	on_budget_update	batch	予算確定後
トランザクション	個別	C120	支払方法	その他	本部管理者	-	🟢 既実装	小	🟢 制限なし	そのまま集計可能	metric	FLOW	画面内	売上分析	店舗別売上	店舗ごとの売上推移を比較し、伸長/落ち込み店舗を早期発見、施策効果検証 (KPI単独表示)	L1	マスタ参照	t_tends.head_office_payment_method_id	[外部]TTEND.head_office_payment_method_id		date,week,month,quarter,year	日次	shop × date	13M	nightly	batch	確定なし
トランザクション	個別	C123	クレジットカード合計売上	売上系	本部管理者	-	🟢 既実装	小	🟢 制限なし	そのまま集計可能	metric	FLOW	画面内	売上分析	店舗別売上	店舗ごとの売上推移を比較し、伸長/落ち込み店舗を早期発見、施策効果検証 (KPI単独表示)	L1	SUM(支払種別フィルタ)	head_office_payment_method_sales_logs.sales	[外部]TTEND.sales		date,week,month,quarter,year	日次	shop × date	13M	nightly	batch	翌日日次確定
トランザクション	個別	C124	QR決済合計売上	売上系	本部管理者	-	🟢 既実装	小	🟢 制限なし	そのまま集計可能	metric	FLOW	画面内	売上分析	店舗別売上	店舗ごとの売上推移を比較し、伸長/落ち込み店舗を早期発見、施策効果検証 (KPI単独表示)	L1	SUM(支払種別フィルタ)	head_office_payment_method_sales_logs.sales	[外部]TTEND.sales		date,week,month,quarter,year	日次	shop × date	13M	nightly	batch	翌日日次確定
トランザクション	個別	C125	MUGENファミリーカード合計売上	売上系	本部管理者	-	🟢 既実装	小	🟢 制限なし	そのまま集計可能	metric	FLOW	画面内	売上分析	店舗別売上	店舗ごとの売上推移を比較し、伸長/落ち込み店舗を早期発見、施策効果検証 (KPI単独表示)	L1	SUM(支払種別フィルタ)	head_office_payment_method_sales_logs.sales	[外部]TTEND.sales		date,week,month,quarter,year	日次	shop × date	13M	nightly	batch	翌日日次確定
トランザクション	個別	C126	売掛合計売上	売上系	本部管理者	-	🟢 既実装	小	🟢 制限なし	そのまま集計可能	metric	FLOW	画面内	売上分析	店舗別売上	店舗ごとの売上推移を比較し、伸長/落ち込み店舗を早期発見、施策効果検証 (KPI単独表示)	L1	SUM(支払種別フィルタ)	head_office_payment_method_sales_logs.sales	[外部]TTEND.sales		date,week,month,quarter,year	日次	shop × date	13M	nightly	batch	翌日日次確定
トランザクション	個別	C127	交通系IC合計売上	売上系	本部管理者	-	🟢 既実装	小	🟢 制限なし	そのまま集計可能	metric	FLOW	画面内	売上分析	店舗別売上	店舗ごとの売上推移を比較し、伸長/落ち込み店舗を早期発見、施策効果検証 (KPI単独表示)	L1	SUM(支払種別フィルタ)	head_office_payment_method_sales_logs.sales	[外部]TTEND.sales		date,week,month,quarter,year	日次	shop × date	13M	nightly	batch	翌日日次確定
トランザクション	個別	C140	曜日	その他	本部管理者	-	🟢 既実装	小	🟢 制限なし	そのまま集計可能	metric	FLOW	画面内	売上分析	店舗別売上	店舗ごとの売上推移を比較し、伸長/落ち込み店舗を早期発見、施策効果検証 (KPI単独表示)	L1	曜日抽出	z_totals.date	[外部]ZTOTAL.date		date,week,month,quarter,year	日次	shop × date × weekday	13M	nightly	batch	確定なし
トランザクション	個別	C141	平均売上（税抜）	売上系	本部管理者	-	🟢 既実装	小	🟢 制限なし	そのまま集計可能	metric	FLOW	画面内	売上分析	店舗別売上	店舗ごとの売上推移を比較し、伸長/落ち込み店舗を早期発見、施策効果検証 (KPI単独表示)	L1	AVG曜日別	-	日次推移.売上（税抜）, 日次推移.売上（税抜）		date,week,month,quarter,year	日次	shop × date	13M	nightly	batch	翌日日次確定
トランザクション	個別	C142	平均客数	客数系	本部管理者	-	🟢 既実装	小	🟢 制限なし	そのまま集計可能	metric	FLOW	画面内	客数分析	客数推移	客数の前年比/曜日傾向、集客施策の効果検証 (KPI単独表示)	L1	AVG曜日別	head_office_connected_service_sales_logs.customers	時間帯別売上分析.客数		date,week,month,quarter,year	日次	shop × date	13M	nightly	batch	翌日日次確定
トランザクション	個別	C143	平均客数（税抜）	客数系	本部管理者	-	🟢 既実装	小	🟢 制限なし	そのまま集計可能	metric	FLOW	画面内	客数分析	客数推移	客数の前年比/曜日傾向、集客施策の効果検証 (KPI単独表示)	L1	AVG曜日別	head_office_connected_service_sales_logs.customers	時間帯別売上分析.客数		date,week,month,quarter,year	日次	shop × date	13M	nightly	batch	翌日日次確定
トランザクション	個別	C145	原価率	原価系	本部管理者	-	🟢 既実装	小	🟡 加重平均	率指標は加重平均	metric	FLOW	画面内	原価管理	原価率	原価率の月次推移、商品ミックス変更による改善余地探索 (KPI単独表示)	L1	原価÷売上×100	z_totals.sales_excluded	当月実績.売上（税抜）	売上(税抜)	date,week,month,quarter,year	日次	shop × date	13M	nightly	hybrid	確定なし
トランザクション	個別	C147	仕入総額	原価系	本部管理者	-	🟢 既実装	小	🟢 制限なし	そのまま集計可能	metric	FLOW	画面内	原価管理	FD率分析	FD率の推移把握、ロス削減/原価コントロール優先順位 (KPI単独表示)	L1	SUM	infomart_transactions.total_tax_excluded	[外部]tax_excluded_total.amount		date,week,month,quarter,year	日次	shop × date	13M	nightly	batch	納品確定後
トランザクション	個別	C150	売上合計（税抜）	売上系	本部管理者	-	🟢 既実装	小	🟢 制限なし	そのまま集計可能	metric	FLOW	画面内	売上分析	店舗別売上	店舗ごとの売上推移を比較し、伸長/落ち込み店舗を早期発見、施策効果検証 (KPI単独表示)	L1	SUM月間	head_office_connected_service_sales_logs.sales_excluded	[外部]ZTOTAL.sales_excluded		date,week,month,quarter,year	日次	shop × date	13M	nightly	batch	翌日日次確定
トランザクション	個別	C152	金額（税抜）	その他	本部管理者	-	🟢 既実装	小	🟢 制限なし	そのまま集計可能	metric	FLOW	画面内	売上分析	店舗別売上	店舗ごとの売上推移を比較し、伸長/落ち込み店舗を早期発見、施策効果検証 (KPI単独表示)	L1	SUM費目別	monthly_costs.value	-			オンデマンド	-	-	on_demand	on_demand	確定なし
トランザクション	個別	C87	営業利益	収益性	本部管理者	-	🟢 既実装	小	🟢 制限なし	そのまま集計可能	metric	FLOW	画面内	利益分析	店舗別利益	店舗別の利益貢献を可視化、低収益店舗の改善優先順位付け (KPI単独表示)	L2-C	売上-仕入-人件費-経費	head_office_connected_service_sales_logs.sales_excluded, infomart_transactions.total_tax_excluded, head_office_connected_service_labor_costs_logs.labor_costs, monthly_costs.value	当月実績.売上（税抜）, 予実対比.FD仕入, 予実対比.人件費		month,quarter,year	月次	shop × month	60M	nightly + monthly_finalize	batch	月次締め後（全費目確定）
トランザクション	個別	C162	アイテム	その他	本部管理者	-	🟢 既実装	小	🟢 制限なし	そのまま集計可能	metric	FLOW	画面内	売上分析	店舗別売上	店舗ごとの売上推移を比較し、伸長/落ち込み店舗を早期発見、施策効果検証 (KPI単独表示)	L2-C	参照表示	infomart_order_details.item_name	[外部]detail_list.item_name			オンデマンド	-	-	on_demand	on_demand	確定なし
トランザクション	個別	C163	金額（税抜）	その他	本部管理者	-	🟢 既実装	小	🟢 制限なし	そのまま集計可能	metric	FLOW	画面内	売上分析	店舗別売上	店舗ごとの売上推移を比較し、伸長/落ち込み店舗を早期発見、施策効果検証 (KPI単独表示)	L2-C	参照表示	infomart_order_details.price	[外部]detail_list.price			オンデマンド	-	-	on_demand	on_demand	確定なし
トランザクション	個別	C164	数量	その他	本部管理者	-	🟢 既実装	小	🟢 制限なし	そのまま集計可能	metric	FLOW	画面内	売上分析	店舗別売上	店舗ごとの売上推移を比較し、伸長/落ち込み店舗を早期発見、施策効果検証 (KPI単独表示)	L2-C	参照表示	infomart_order_details.num	[外部]detail_list.num			オンデマンド	-	-	on_demand	on_demand	確定なし
トランザクション	個別	C165	単価	その他	本部管理者	-	🟢 既実装	小	🟢 制限なし	そのまま集計可能	metric	FLOW	画面内	売上分析	店舗別売上	店舗ごとの売上推移を比較し、伸長/落ち込み店舗を早期発見、施策効果検証 (KPI単独表示)	L2-C	参照表示	infomart_order_details.price, infomart_order_details.num	商品仕入単価.数量			オンデマンド	-	-	on_demand	on_demand	確定なし
トランザクション	個別	C86	平均単価推移	その他	本部管理者	-	🟢 既実装	小	🟡 加重平均	率指標は加重平均	metric	FLOW	画面内	売上分析	店舗別売上	店舗ごとの売上推移を比較し、伸長/落ち込み店舗を早期発見、施策効果検証 (KPI単独表示)	L2-C	直近6ヶ月の平均単価推移	-	平均単価推移.平均単価		month,quarter,year	月次	shop × month	60M	nightly + monthly_finalize	batch	確定なし
トランザクション	個別	C257	月次実績_FLコスト 計	その他	本部管理者	-	🟢 既実装	小	🟢 制限なし	そのまま集計可能	metric	FLOW	画面内	売上分析	店舗別売上	店舗ごとの売上推移を比較し、伸長/落ち込み店舗を早期発見、施策効果検証 (KPI単独表示)	L2-S	月次実績_FD仕入 計 + 月次実績_人件費 計	-	年間予実対比.月次実績_FD仕入 計, 年間予実対比.月次実績_人件費 計		month,quarter,year	月次	shop × month	36M	nightly + monthly_finalize	hybrid	確定なし
トランザクション	個別	C261	月次実績_営業利益	収益性	本部管理者	-	🟢 既実装	小	🟢 制限なし	そのまま集計可能	metric	FLOW	画面内	利益分析	店舗別利益	店舗別の利益貢献を可視化、低収益店舗の改善優先順位付け (KPI単独表示)	L2-S	月次実績_総売上 計 - 月次実績_FLコスト 計 - 月次実績_その他経費 計	-	年間予実対比.月次実績_総売上 計, 年間予実対比.月次実績_FLコスト 計, 年間予実対比.月次実績_その他経費 計		month,quarter,year	月次	shop × month	36M	nightly + monthly_finalize	hybrid	月次締め後（全費目確定）
トランザクション	個別	C266	月次予算_FLコスト 計	予実系	本部管理者	-	🟢 既実装	小	🟡 予測値	確定値と区別必要	metric	FORECAST	画面内	予実管理	売上予実	売上の達成率/進捗率モニタリング、月中の早期是正アクション (KPI単独表示)	L2-S	月次予算_FD仕入 計 + 月次予算_人件費 計	-	年間予実対比.月次予算_FD仕入 計, 年間予実対比.月次予算_人件費 計		month,quarter,year	月次	shop × month	36M	on_budget_update	hybrid	予算確定後
トランザクション	個別	C270	月次予算_営業利益	予実系	本部管理者	-	🟢 既実装	小	🟡 予測値	確定値と区別必要	metric	FORECAST	画面内	予実管理	売上予実	売上の達成率/進捗率モニタリング、月中の早期是正アクション (KPI単独表示)	L2-S	月次予算_総売上 計 - 月次予算_FLコスト 計 - 月次予算_その他経費 計	-	年間予実対比.月次予算_総売上 計, 年間予実対比.月次予算_FLコスト 計, 年間予実対比.月次予算_その他経費 計		month,quarter,year	月次	shop × month	36M	on_budget_update	hybrid	予算確定後
トランザクション	個別	C271	予算構成比_総売上 計	予実系	本部管理者	-	🟢 既実装	小	🟡 加重平均	率指標は加重平均	metric	FORECAST	画面内	予実管理	売上予実	売上の達成率/進捗率モニタリング、月中の早期是正アクション (KPI単独表示)	L2-S	月次予算_総売上 計 ÷ 月次予算_総売上 計 × 100	-	年間予実対比.月次予算_総売上 計	売上(税抜)	month,quarter,year	月次	shop × month × product	36M	on_budget_update	hybrid	予算確定後
トランザクション	個別	C272	予算構成比_フード売上 計	予実系	本部管理者	-	🟢 既実装	小	🟡 加重平均	率指標は加重平均	metric	FORECAST	画面内	予実管理	売上予実	売上の達成率/進捗率モニタリング、月中の早期是正アクション (KPI単独表示)	L2-S	月次予算_フード売上 計 ÷ 月次予算_総売上 計 × 100	-	年間予実対比.月次予算_フード売上 計, 年間予実対比.月次予算_総売上 計	売上(税抜)	month,quarter,year	月次	shop × month × product	36M	on_budget_update	hybrid	予算確定後
トランザクション	個別	C273	予算構成比_ドリンク売上 計	予実系	本部管理者	-	🟢 既実装	小	🟡 加重平均	率指標は加重平均	metric	FORECAST	画面内	予実管理	売上予実	売上の達成率/進捗率モニタリング、月中の早期是正アクション (KPI単独表示)	L2-S	月次予算_ドリンク売上 計 ÷ 月次予算_総売上 計 × 100	-	年間予実対比.月次予算_ドリンク売上 計, 年間予実対比.月次予算_総売上 計	売上(税抜)	month,quarter,year	月次	shop × month × product	36M	on_budget_update	hybrid	予算確定後
トランザクション	個別	C274	予算構成比_その他売上 計	予実系	本部管理者	-	🟢 既実装	小	🟡 加重平均	率指標は加重平均	metric	FORECAST	画面内	予実管理	売上予実	売上の達成率/進捗率モニタリング、月中の早期是正アクション (KPI単独表示)	L2-S	月次予算_その他売上 計 ÷ 月次予算_総売上 計 × 100	-	年間予実対比.月次予算_その他売上 計, 年間予実対比.月次予算_総売上 計	売上(税抜)	month,quarter,year	月次	shop × month	36M	on_budget_update	hybrid	予算確定後
トランザクション	個別	C275	予算構成比_FLコスト 計	予実系	本部管理者	-	🟢 既実装	小	🟡 加重平均	率指標は加重平均	metric	FORECAST	画面内	予実管理	売上予実	売上の達成率/進捗率モニタリング、月中の早期是正アクション (KPI単独表示)	L2-S	月次予算_FLコスト 計 ÷ 月次予算_総売上 計 × 100	-	年間予実対比.月次予算_FLコスト 計, 年間予実対比.月次予算_総売上 計	売上(税抜)	month,quarter,year	月次	shop × month × product	36M	on_budget_update	hybrid	予算確定後
トランザクション	個別	C276	予算構成比_FD仕入 計	原価系	本部管理者	-	🟢 既実装	小	🟡 加重平均	率指標は加重平均	metric	FORECAST	画面内	予実管理	売上予実	売上の達成率/進捗率モニタリング、月中の早期是正アクション (KPI単独表示)	L2-S	月次予算_FD仕入 計 ÷ 月次予算_総売上 計 × 100	-	年間予実対比.月次予算_FD仕入 計, 年間予実対比.月次予算_総売上 計	仕入金額(全体)	month,quarter,year	月次	shop × month × product	36M	on_budget_update	hybrid	予算確定後
トランザクション	個別	C277	予算構成比_人件費 計	人件費系	本部管理者	-	🟢 既実装	小	🟡 加重平均	率指標は加重平均	metric	FORECAST	画面内	人件費効率	スタッフ別人件費	スタッフ別の人時生産性評価、教育投資/シフト配置最適化 (KPI単独表示)	L2-S	月次予算_人件費 計 ÷ 月次予算_総売上 計 × 100	-	年間予実対比.月次予算_人件費 計, 年間予実対比.月次予算_総売上 計	売上(税抜)	month,quarter,year	月次	shop × month × product	36M	on_budget_update	hybrid	予算確定後
トランザクション	個別	C278	予算構成比_その他経費 計	予実系	本部管理者	-	🟢 既実装	小	🟡 加重平均	率指標は加重平均	metric	FORECAST	画面内	予実管理	経費予実	経費の予算超過リスク検知、削減ポイント特定 (KPI単独表示)	L2-S	月次予算_その他経費 計 ÷ 月次予算_総売上 計 × 100	-	年間予実対比.月次予算_その他経費 計, 年間予実対比.月次予算_総売上 計	売上(税抜)	month,quarter,year	月次	shop × month × product	36M	on_budget_update	hybrid	予算確定後
トランザクション	個別	C279	予算構成比_営業利益	予実系	本部管理者	-	🟢 既実装	小	🟡 加重平均	率指標は加重平均	metric	FORECAST	画面内	予実管理	売上予実	売上の達成率/進捗率モニタリング、月中の早期是正アクション (KPI単独表示)	L2-S	月次予算_営業利益 ÷ 月次予算_総売上 計 × 100	-	年間予実対比.月次予算_営業利益, 年間予実対比.月次予算_総売上 計	売上(税抜)	month,quarter,year	月次	shop × month × product	36M	on_budget_update	hybrid	予算確定後
トランザクション	個別	C280	予実差額_総売上 計	売上系	本部管理者	-	🟢 既実装	小	🟢 制限なし	そのまま集計可能	metric	FLOW	画面内	売上分析	店舗別売上	店舗ごとの売上推移を比較し、伸長/落ち込み店舗を早期発見、施策効果検証 (KPI単独表示)	L2-S	月次実績_総売上 計 - 月次予算_総売上 計	-	年間予実対比.月次実績_総売上 計, 年間予実対比.月次予算_総売上 計		month,quarter,year	月次	shop × month × product	36M	nightly + monthly_finalize	hybrid	翌日日次確定
トランザクション	個別	C281	予実差額_フード売上 計	売上系	本部管理者	-	🟢 既実装	小	🟢 制限なし	そのまま集計可能	metric	FLOW	画面内	売上分析	店舗別売上	店舗ごとの売上推移を比較し、伸長/落ち込み店舗を早期発見、施策効果検証 (KPI単独表示)	L2-S	月次実績_フード売上 計 - 月次予算_フード売上 計	-	年間予実対比.月次実績_フード売上 計, 年間予実対比.月次予算_フード売上 計		month,quarter,year	月次	shop × month × product	36M	nightly + monthly_finalize	hybrid	翌日日次確定
トランザクション	個別	C282	予実差額_ドリンク売上 計	売上系	本部管理者	-	🟢 既実装	小	🟢 制限なし	そのまま集計可能	metric	FLOW	画面内	売上分析	店舗別売上	店舗ごとの売上推移を比較し、伸長/落ち込み店舗を早期発見、施策効果検証 (KPI単独表示)	L2-S	月次実績_ドリンク売上 計 - 月次予算_ドリンク売上 計	-	年間予実対比.月次実績_ドリンク売上 計, 年間予実対比.月次予算_ドリンク売上 計		month,quarter,year	月次	shop × month × product	36M	nightly + monthly_finalize	hybrid	翌日日次確定
トランザクション	個別	C283	予実差額_その他売上 計	売上系	本部管理者	-	🟢 既実装	小	🟢 制限なし	そのまま集計可能	metric	FLOW	画面内	売上分析	店舗別売上	店舗ごとの売上推移を比較し、伸長/落ち込み店舗を早期発見、施策効果検証 (KPI単独表示)	L2-S	月次実績_その他売上 計 - 月次予算_その他売上 計	-	年間予実対比.月次実績_その他売上 計, 年間予実対比.月次予算_その他売上 計		month,quarter,year	月次	shop × month	36M	nightly + monthly_finalize	hybrid	翌日日次確定
トランザクション	個別	C284	予実差額_FLコスト 計	その他	本部管理者	-	🟢 既実装	小	🟢 制限なし	そのまま集計可能	metric	FLOW	画面内	売上分析	店舗別売上	店舗ごとの売上推移を比較し、伸長/落ち込み店舗を早期発見、施策効果検証 (KPI単独表示)	L2-S	月次実績_FLコスト 計 - 月次予算_FLコスト 計	-	年間予実対比.月次実績_FLコスト 計, 年間予実対比.月次予算_FLコスト 計		month,quarter,year	月次	shop × month × product	36M	nightly + monthly_finalize	hybrid	確定なし
トランザクション	個別	C285	予実差額_FD仕入 計	原価系	本部管理者	-	🟢 既実装	小	🟢 制限なし	そのまま集計可能	metric	FLOW	画面内	原価管理	FD率分析	FD率の推移把握、ロス削減/原価コントロール優先順位 (KPI単独表示)	L2-S	月次実績_FD仕入 計 - 月次予算_FD仕入 計	-	年間予実対比.月次実績_FD仕入 計, 年間予実対比.月次予算_FD仕入 計		month,quarter,year	月次	shop × month	36M	nightly + monthly_finalize	hybrid	納品確定後
トランザクション	個別	C286	予実差額_人件費 計	人件費系	本部管理者	-	🟢 既実装	小	🟢 制限なし	そのまま集計可能	metric	FLOW	画面内	人件費効率	スタッフ別人件費	スタッフ別の人時生産性評価、教育投資/シフト配置最適化 (KPI単独表示)	L2-S	月次実績_人件費 計 - 月次予算_人件費 計	-	年間予実対比.月次実績_人件費 計, 年間予実対比.月次予算_人件費 計		month,quarter,year	月次	shop × month × product	36M	nightly + monthly_finalize	hybrid	確定なし
トランザクション	個別	C287	予実差額_その他経費 計	その他	本部管理者	-	🟢 既実装	小	🟢 制限なし	そのまま集計可能	metric	FLOW	画面内	売上分析	店舗別売上	店舗ごとの売上推移を比較し、伸長/落ち込み店舗を早期発見、施策効果検証 (KPI単独表示)	L2-S	月次実績_その他経費 計 - 月次予算_その他経費 計	-	年間予実対比.月次実績_その他経費 計, 年間予実対比.月次予算_その他経費 計		month,quarter,year	月次	shop × month × product	36M	nightly + monthly_finalize	hybrid	確定なし
トランザクション	個別	C288	予実差額_営業利益	収益性	本部管理者	-	🟢 既実装	小	🟢 制限なし	そのまま集計可能	metric	FLOW	画面内	利益分析	店舗別利益	店舗別の利益貢献を可視化、低収益店舗の改善優先順位付け (KPI単独表示)	L2-S	月次実績_営業利益 - 月次予算_営業利益	-	年間予実対比.月次実績_営業利益, 年間予実対比.月次予算_営業利益		month,quarter,year	月次	shop × month × product	36M	nightly + monthly_finalize	hybrid	月次締め後（全費目確定）
トランザクション	個別	C289	予算対比率_総売上 計	予実系	本部管理者	-	🟢 既実装	小	🟡 加重平均	率指標は加重平均	metric	FORECAST	画面内	予実管理	売上予実	売上の達成率/進捗率モニタリング、月中の早期是正アクション (KPI単独表示)	L2-S	月次実績_総売上 計 ÷ 月次予算_総売上 計 × 100	-	年間予実対比.月次実績_総売上 計, 年間予実対比.月次予算_総売上 計	売上(税抜)	month,quarter,year	月次	shop × month × product	36M	on_budget_update	hybrid	予算確定後
トランザクション	個別	C290	予算対比率_フード売上 計	予実系	本部管理者	-	🟢 既実装	小	🟡 加重平均	率指標は加重平均	metric	FORECAST	画面内	予実管理	売上予実	売上の達成率/進捗率モニタリング、月中の早期是正アクション (KPI単独表示)	L2-S	月次実績_フード売上 計 ÷ 月次予算_フード売上 計 × 100	-	年間予実対比.月次実績_フード売上 計, 年間予実対比.月次予算_フード売上 計	売上(税抜)	month,quarter,year	月次	shop × month × product	36M	on_budget_update	hybrid	予算確定後
トランザクション	個別	C291	予算対比率_ドリンク売上 計	予実系	本部管理者	-	🟢 既実装	小	🟡 加重平均	率指標は加重平均	metric	FORECAST	画面内	予実管理	売上予実	売上の達成率/進捗率モニタリング、月中の早期是正アクション (KPI単独表示)	L2-S	月次実績_ドリンク売上 計 ÷ 月次予算_ドリンク売上 計 × 100	-	年間予実対比.月次実績_ドリンク売上 計, 年間予実対比.月次予算_ドリンク売上 計	売上(税抜)	month,quarter,year	月次	shop × month × product	36M	on_budget_update	hybrid	予算確定後
トランザクション	個別	C292	予算対比率_その他売上 計	予実系	本部管理者	-	🟢 既実装	小	🟡 加重平均	率指標は加重平均	metric	FORECAST	画面内	予実管理	売上予実	売上の達成率/進捗率モニタリング、月中の早期是正アクション (KPI単独表示)	L2-S	月次実績_その他売上 計 ÷ 月次予算_その他売上 計 × 100	-	年間予実対比.月次実績_その他売上 計, 年間予実対比.月次予算_その他売上 計	売上(税抜)	month,quarter,year	月次	shop × month	36M	on_budget_update	hybrid	予算確定後
トランザクション	個別	C293	予算対比率_FLコスト 計	予実系	本部管理者	-	🟢 既実装	小	🟡 加重平均	率指標は加重平均	metric	FORECAST	画面内	予実管理	売上予実	売上の達成率/進捗率モニタリング、月中の早期是正アクション (KPI単独表示)	L2-S	月次実績_FLコスト 計 ÷ 月次予算_FLコスト 計 × 100	-	年間予実対比.月次実績_FLコスト 計, 年間予実対比.月次予算_FLコスト 計	売上(税抜)	month,quarter,year	月次	shop × month × product	36M	on_budget_update	hybrid	予算確定後
トランザクション	個別	C294	予算対比率_FD仕入 計	原価系	本部管理者	-	🟢 既実装	小	🟡 加重平均	率指標は加重平均	metric	FORECAST	画面内	予実管理	売上予実	売上の達成率/進捗率モニタリング、月中の早期是正アクション (KPI単独表示)	L2-S	月次実績_FD仕入 計 ÷ 月次予算_FD仕入 計 × 100	-	年間予実対比.月次実績_FD仕入 計, 年間予実対比.月次予算_FD仕入 計	売上(税抜)	month,quarter,year	月次	shop × month	36M	on_budget_update	hybrid	予算確定後
トランザクション	個別	C295	予算対比率_人件費 計	人件費系	本部管理者	-	🟢 既実装	小	🟡 加重平均	率指標は加重平均	metric	FORECAST	画面内	人件費効率	PA率分析	PA率の店舗/業態比較、人件費効率改善の優先順位 (KPI単独表示)	L2-S	月次実績_人件費 計 ÷ 月次予算_人件費 計 × 100	-	年間予実対比.月次実績_人件費 計, 年間予実対比.月次予算_人件費 計	売上(税抜)	month,quarter,year	月次	shop × month × product	36M	on_budget_update	hybrid	予算確定後
トランザクション	個別	C296	予算対比率_その他経費 計	予実系	本部管理者	-	🟢 既実装	小	🟡 加重平均	率指標は加重平均	metric	FORECAST	画面内	予実管理	経費予実	経費の予算超過リスク検知、削減ポイント特定 (KPI単独表示)	L2-S	月次実績_その他経費 計 ÷ 月次予算_その他経費 計 × 100	-	年間予実対比.月次実績_その他経費 計, 年間予実対比.月次予算_その他経費 計	売上(税抜)	month,quarter,year	月次	shop × month × product	36M	on_budget_update	hybrid	予算確定後
トランザクション	個別	C297	予算対比率_営業利益	予実系	本部管理者	-	🟢 既実装	小	🟡 加重平均	率指標は加重平均	metric	FORECAST	画面内	予実管理	売上予実	売上の達成率/進捗率モニタリング、月中の早期是正アクション (KPI単独表示)	L2-S	月次実績_営業利益 ÷ 月次予算_営業利益 × 100	-	年間予実対比.月次実績_営業利益, 年間予実対比.月次予算_営業利益	売上(税抜)	month,quarter,year	月次	shop × month × product	36M	on_budget_update	hybrid	予算確定後
トランザクション	個別	C298	構成比_総売上 計	売上系	本部管理者	-	🟢 既実装	小	🟡 加重平均	率指標は加重平均	metric	FLOW	画面内	売上分析	店舗別売上	店舗ごとの売上推移を比較し、伸長/落ち込み店舗を早期発見、施策効果検証 (KPI単独表示)	L2-S	月次実績_総売上 計 ÷ 月次実績_総売上 計 × 100	-	年間予実対比.月次実績_総売上 計	売上(税抜)	month,quarter,year	月次	shop × month × product	36M	nightly + monthly_finalize	hybrid	翌日日次確定
トランザクション	個別	C299	構成比_フード売上 計	売上系	本部管理者	-	🟢 既実装	小	🟡 加重平均	率指標は加重平均	metric	FLOW	画面内	売上分析	店舗別売上	店舗ごとの売上推移を比較し、伸長/落ち込み店舗を早期発見、施策効果検証 (KPI単独表示)	L2-S	月次実績_フード売上 計 ÷ 月次実績_総売上 計 × 100	-	年間予実対比.月次実績_フード売上 計, 年間予実対比.月次実績_総売上 計	売上(税抜)	month,quarter,year	月次	shop × month × product	36M	nightly + monthly_finalize	hybrid	翌日日次確定
トランザクション	個別	C300	構成比_ドリンク売上 計	売上系	本部管理者	-	🟢 既実装	小	🟡 加重平均	率指標は加重平均	metric	FLOW	画面内	売上分析	店舗別売上	店舗ごとの売上推移を比較し、伸長/落ち込み店舗を早期発見、施策効果検証 (KPI単独表示)	L2-S	月次実績_ドリンク売上 計 ÷ 月次実績_総売上 計 × 100	-	年間予実対比.月次実績_ドリンク売上 計, 年間予実対比.月次実績_総売上 計	売上(税抜)	month,quarter,year	月次	shop × month × product	36M	nightly + monthly_finalize	hybrid	翌日日次確定
トランザクション	個別	C301	構成比_その他売上 計	売上系	本部管理者	-	🟢 既実装	小	🟡 加重平均	率指標は加重平均	metric	FLOW	画面内	売上分析	店舗別売上	店舗ごとの売上推移を比較し、伸長/落ち込み店舗を早期発見、施策効果検証 (KPI単独表示)	L2-S	月次実績_その他売上 計 ÷ 月次実績_総売上 計 × 100	-	年間予実対比.月次実績_その他売上 計, 年間予実対比.月次実績_総売上 計	売上(税抜)	month,quarter,year	月次	shop × month	36M	nightly + monthly_finalize	hybrid	翌日日次確定
トランザクション	個別	C302	構成比_FLコスト 計	その他	本部管理者	-	🟢 既実装	小	🟡 加重平均	率指標は加重平均	metric	FLOW	画面内	売上分析	店舗別売上	店舗ごとの売上推移を比較し、伸長/落ち込み店舗を早期発見、施策効果検証 (KPI単独表示)	L2-S	月次実績_FLコスト 計 ÷ 月次実績_総売上 計 × 100	-	年間予実対比.月次実績_FLコスト 計, 年間予実対比.月次実績_総売上 計	売上(税抜)	month,quarter,year	月次	shop × month × product	36M	nightly + monthly_finalize	hybrid	確定なし
トランザクション	個別	C303	構成比_FD仕入 計	原価系	本部管理者	-	🟢 既実装	小	🟡 加重平均	率指標は加重平均	metric	FLOW	画面内	原価管理	FD率分析	FD率の推移把握、ロス削減/原価コントロール優先順位 (KPI単独表示)	L2-S	月次実績_FD仕入 計 ÷ 月次実績_総売上 計 × 100	-	年間予実対比.月次実績_FD仕入 計, 年間予実対比.月次実績_総売上 計	仕入金額(全体)	month,quarter,year	月次	shop × month × product	36M	nightly + monthly_finalize	hybrid	納品確定後
トランザクション	個別	C304	構成比_人件費 計	人件費系	本部管理者	-	🟢 既実装	小	🟡 加重平均	率指標は加重平均	metric	FLOW	画面内	人件費効率	スタッフ別人件費	スタッフ別の人時生産性評価、教育投資/シフト配置最適化 (KPI単独表示)	L2-S	月次実績_人件費 計 ÷ 月次実績_総売上 計 × 100	-	年間予実対比.月次実績_人件費 計, 年間予実対比.月次実績_総売上 計	売上(税抜)	month,quarter,year	月次	shop × month × product	36M	nightly + monthly_finalize	hybrid	確定なし
トランザクション	個別	C305	構成比_その他経費 計	その他	本部管理者	-	🟢 既実装	小	🟡 加重平均	率指標は加重平均	metric	FLOW	画面内	売上分析	店舗別売上	店舗ごとの売上推移を比較し、伸長/落ち込み店舗を早期発見、施策効果検証 (KPI単独表示)	L2-S	月次実績_その他経費 計 ÷ 月次実績_総売上 計 × 100	-	年間予実対比.月次実績_その他経費 計, 年間予実対比.月次実績_総売上 計	売上(税抜)	month,quarter,year	月次	shop × month × product	36M	nightly + monthly_finalize	hybrid	確定なし
トランザクション	個別	C306	構成比_営業利益	収益性	本部管理者	-	🟢 既実装	小	🟡 加重平均	率指標は加重平均	metric	FLOW	画面内	利益分析	店舗別利益	店舗別の利益貢献を可視化、低収益店舗の改善優先順位付け (KPI単独表示)	L2-S	月次実績_営業利益 ÷ 月次実績_総売上 計 × 100	-	年間予実対比.月次実績_営業利益, 年間予実対比.月次実績_総売上 計	売上(税抜)	month,quarter,year	月次	shop × month × product	36M	nightly + monthly_finalize	hybrid	月次締め後（全費目確定）
トランザクション	個別	C217	年間実績_FLコスト 計	その他	本部管理者	-	🟢 既実装	小	🟢 制限なし	そのまま集計可能	metric	FLOW	画面内	売上分析	店舗別売上	店舗ごとの売上推移を比較し、伸長/落ち込み店舗を早期発見、施策効果検証 (KPI単独表示)	L2-S	SUM	infomart_transactions.total_tax_excluded, head_office_connected_service_labor_costs_logs.labor_costs	-		year	月次	shop × month	60M	nightly + monthly_finalize	batch	確定なし
トランザクション	個別	C232	年間実績_営業利益	収益性	本部管理者	-	🟢 既実装	小	🟢 制限なし	そのまま集計可能	metric	FLOW	画面内	利益分析	店舗別利益	店舗別の利益貢献を可視化、低収益店舗の改善優先順位付け (KPI単独表示)	L2-S	売上-FLコスト-経費	monthly_costs.value	-		year	月次	shop × month	60M	nightly + monthly_finalize	batch	月次締め後（全費目確定）
トランザクション	個別	C317	年間予算_FLコスト 計	予実系	本部管理者	-	🟢 既実装	小	🟡 予測値	確定値と区別必要	metric	FORECAST	画面内	予実管理	売上予実	売上の達成率/進捗率モニタリング、月中の早期是正アクション (KPI単独表示)	L2-S	年間予算_FD仕入 計 + 年間予算_人件費 計	-	年間予実対比（予実対比）.年間予算_FD仕入 計, 年間予実対比（予実対比）.年間予算_人件費 計		year	月次	shop × month	60M	on_budget_update	batch	予算確定後
トランザクション	個別	C342	年間予算_営業利益	予実系	本部管理者	-	🟢 既実装	小	🟡 予測値	確定値と区別必要	metric	FORECAST	画面内	予実管理	売上予実	売上の達成率/進捗率モニタリング、月中の早期是正アクション (KPI単独表示)	L2-S	年間予算_総売上 計 - 年間予算_FLコスト 計 - 年間予算_その他経費 計	-	年間予実対比（予実対比）.年間予算_総売上 計, 年間予実対比（予実対比）.年間予算_FLコスト 計, 年間予実対比（予実対比）.年間予算_その他経費 計		year	月次	shop × month	60M	on_budget_update	batch	予算確定後
トランザクション	個別	C343	年間予実差額_総売上 計	売上系	本部管理者	-	🟢 既実装	小	🟢 制限なし	そのまま集計可能	metric	FLOW	画面内	売上分析	店舗別売上	店舗ごとの売上推移を比較し、伸長/落ち込み店舗を早期発見、施策効果検証 (KPI単独表示)	L2-S	年間実績_総売上 計 - 年間予算_総売上 計	-	年間予実対比（予実対比）.年間実績_総売上 計, 年間予実対比（予実対比）.年間予算_総売上 計		year	月次	shop × month × product	60M	nightly + monthly_finalize	batch	翌日日次確定
トランザクション	個別	C344	年間予実差額_フード売上 計	売上系	本部管理者	-	🟢 既実装	小	🟢 制限なし	そのまま集計可能	metric	FLOW	画面内	売上分析	店舗別売上	店舗ごとの売上推移を比較し、伸長/落ち込み店舗を早期発見、施策効果検証 (KPI単独表示)	L2-S	年間実績_フード売上 計 - 年間予算_フード売上 計	-	年間予実対比（予実対比）.年間実績_フード売上 計, 年間予実対比（予実対比）.年間予算_フード売上 計		year	月次	shop × month × product	60M	nightly + monthly_finalize	batch	翌日日次確定
トランザクション	個別	C345	年間予実差額_フード売上ランチ	売上系	本部管理者	-	🟢 既実装	小	🟢 制限なし	そのまま集計可能	metric	FLOW	画面内	売上分析	店舗別売上	店舗ごとの売上推移を比較し、伸長/落ち込み店舗を早期発見、施策効果検証 (KPI単独表示)	L2-S	年間実績_フード売上ランチ - 年間予算_フード売上ランチ	-	年間予実対比（予実対比）.年間実績_フード売上ランチ, 年間予実対比（予実対比）.年間予算_フード売上ランチ		year	月次	shop × month × time_slot × product	60M	nightly + monthly_finalize	batch	翌日日次確定
トランザクション	個別	C346	年間予実差額_フード売上ディナー	売上系	本部管理者	-	🟢 既実装	小	🟢 制限なし	そのまま集計可能	metric	FLOW	画面内	売上分析	店舗別売上	店舗ごとの売上推移を比較し、伸長/落ち込み店舗を早期発見、施策効果検証 (KPI単独表示)	L2-S	年間実績_フード売上ディナー - 年間予算_フード売上ディナー	-	年間予実対比（予実対比）.年間実績_フード売上ディナー, 年間予実対比（予実対比）.年間予算_フード売上ディナー		year	月次	shop × month × time_slot × product	60M	nightly + monthly_finalize	batch	翌日日次確定
トランザクション	個別	C347	年間予実差額_ドリンク売上 計	売上系	本部管理者	-	🟢 既実装	小	🟢 制限なし	そのまま集計可能	metric	FLOW	画面内	売上分析	店舗別売上	店舗ごとの売上推移を比較し、伸長/落ち込み店舗を早期発見、施策効果検証 (KPI単独表示)	L2-S	年間実績_ドリンク売上 計 - 年間予算_ドリンク売上 計	-	年間予実対比（予実対比）.年間実績_ドリンク売上 計, 年間予実対比（予実対比）.年間予算_ドリンク売上 計		year	月次	shop × month × product	60M	nightly + monthly_finalize	batch	翌日日次確定
トランザクション	個別	C348	年間予実差額_ドリンク売上ランチ	売上系	本部管理者	-	🟢 既実装	小	🟢 制限なし	そのまま集計可能	metric	FLOW	画面内	売上分析	店舗別売上	店舗ごとの売上推移を比較し、伸長/落ち込み店舗を早期発見、施策効果検証 (KPI単独表示)	L2-S	年間実績_ドリンク売上ランチ - 年間予算_ドリンク売上ランチ	-	年間予実対比（予実対比）.年間実績_ドリンク売上ランチ, 年間予実対比（予実対比）.年間予算_ドリンク売上ランチ		year	月次	shop × month × time_slot × product	60M	nightly + monthly_finalize	batch	翌日日次確定
トランザクション	個別	C349	年間予実差額_ドリンク売上ディナー	売上系	本部管理者	-	🟢 既実装	小	🟢 制限なし	そのまま集計可能	metric	FLOW	画面内	売上分析	店舗別売上	店舗ごとの売上推移を比較し、伸長/落ち込み店舗を早期発見、施策効果検証 (KPI単独表示)	L2-S	年間実績_ドリンク売上ディナー - 年間予算_ドリンク売上ディナー	-	年間予実対比（予実対比）.年間実績_ドリンク売上ディナー, 年間予実対比（予実対比）.年間予算_ドリンク売上ディナー		year	月次	shop × month × time_slot × product	60M	nightly + monthly_finalize	batch	翌日日次確定
トランザクション	個別	C350	年間予実差額_その他売上 計	売上系	本部管理者	-	🟢 既実装	小	🟢 制限なし	そのまま集計可能	metric	FLOW	画面内	売上分析	店舗別売上	店舗ごとの売上推移を比較し、伸長/落ち込み店舗を早期発見、施策効果検証 (KPI単独表示)	L2-S	年間実績_その他売上 計 - 年間予算_その他売上 計	-	年間予実対比（予実対比）.年間実績_その他売上 計, 年間予実対比（予実対比）.年間予算_その他売上 計		year	月次	shop × month	60M	nightly + monthly_finalize	batch	翌日日次確定
トランザクション	個別	C351	年間予実差額_その他売上ランチ	売上系	本部管理者	-	🟢 既実装	小	🟢 制限なし	そのまま集計可能	metric	FLOW	画面内	売上分析	店舗別売上	店舗ごとの売上推移を比較し、伸長/落ち込み店舗を早期発見、施策効果検証 (KPI単独表示)	L2-S	年間実績_その他売上ランチ - 年間予算_その他売上ランチ	-	年間予実対比（予実対比）.年間実績_その他売上ランチ, 年間予実対比（予実対比）.年間予算_その他売上ランチ		year	月次	shop × month × time_slot	60M	nightly + monthly_finalize	batch	翌日日次確定
トランザクション	個別	C352	年間予実差額_その他売上ディナー	売上系	本部管理者	-	🟢 既実装	小	🟢 制限なし	そのまま集計可能	metric	FLOW	画面内	売上分析	店舗別売上	店舗ごとの売上推移を比較し、伸長/落ち込み店舗を早期発見、施策効果検証 (KPI単独表示)	L2-S	年間実績_その他売上ディナー - 年間予算_その他売上ディナー	-	年間予実対比（予実対比）.年間実績_その他売上ディナー, 年間予実対比（予実対比）.年間予算_その他売上ディナー		year	月次	shop × month × time_slot	60M	nightly + monthly_finalize	batch	翌日日次確定
トランザクション	個別	C353	年間予実差額_FLコスト 計	その他	本部管理者	-	🟢 既実装	小	🟢 制限なし	そのまま集計可能	metric	FLOW	画面内	売上分析	店舗別売上	店舗ごとの売上推移を比較し、伸長/落ち込み店舗を早期発見、施策効果検証 (KPI単独表示)	L2-S	年間実績_FLコスト 計 - 年間予算_FLコスト 計	-	年間予実対比（予実対比）.年間実績_FLコスト 計, 年間予実対比（予実対比）.年間予算_FLコスト 計		year	月次	shop × month × product	60M	nightly + monthly_finalize	batch	確定なし
トランザクション	個別	C354	年間予実差額_FD仕入 計	原価系	本部管理者	-	🟢 既実装	小	🟢 制限なし	そのまま集計可能	metric	FLOW	画面内	原価管理	FD率分析	FD率の推移把握、ロス削減/原価コントロール優先順位 (KPI単独表示)	L2-S	年間実績_FD仕入 計 - 年間予算_FD仕入 計	-	年間予実対比（予実対比）.年間実績_FD仕入 計, 年間予実対比（予実対比）.年間予算_FD仕入 計		year	月次	shop × month	60M	nightly + monthly_finalize	batch	納品確定後
トランザクション	個別	C355	年間予実差額_フード仕入	原価系	本部管理者	-	🟢 既実装	小	🟢 制限なし	そのまま集計可能	metric	FLOW	画面内	原価管理	FD率分析	FD率の推移把握、ロス削減/原価コントロール優先順位 (KPI単独表示)	L2-S	年間実績_フード仕入 - 年間予算_フード仕入	-	年間予実対比（予実対比）.年間実績_フード仕入, 年間予実対比（予実対比）.年間予算_フード仕入		year	月次	shop × month	60M	nightly + monthly_finalize	batch	納品確定後
トランザクション	個別	C356	年間予実差額_ドリンク仕入	原価系	本部管理者	-	🟢 既実装	小	🟢 制限なし	そのまま集計可能	metric	FLOW	画面内	原価管理	FD率分析	FD率の推移把握、ロス削減/原価コントロール優先順位 (KPI単独表示)	L2-S	年間実績_ドリンク仕入 - 年間予算_ドリンク仕入	-	年間予実対比（予実対比）.年間実績_ドリンク仕入, 年間予実対比（予実対比）.年間予算_ドリンク仕入		year	月次	shop × month	60M	nightly + monthly_finalize	batch	納品確定後
トランザクション	個別	C357	年間予実差額_人件費 計	人件費系	本部管理者	-	🟢 既実装	小	🟢 制限なし	そのまま集計可能	metric	FLOW	画面内	人件費効率	スタッフ別人件費	スタッフ別の人時生産性評価、教育投資/シフト配置最適化 (KPI単独表示)	L2-S	年間実績_人件費 計 - 年間予算_人件費 計	-	年間予実対比（予実対比）.年間実績_人件費 計, 年間予実対比（予実対比）.年間予算_人件費 計		year	月次	shop × month × product	60M	nightly + monthly_finalize	batch	確定なし
トランザクション	個別	C358	年間予実差額_固定人件費	人件費系	本部管理者	-	🟢 既実装	小	🟢 制限なし	そのまま集計可能	metric	FLOW	画面内	人件費効率	スタッフ別人件費	スタッフ別の人時生産性評価、教育投資/シフト配置最適化 (KPI単独表示)	L2-S	年間実績_固定人件費 - 年間予算_固定人件費	-	年間予実対比（予実対比）.年間実績_固定人件費, 年間予実対比（予実対比）.年間予算_固定人件費		year	月次	shop × month	60M	nightly + monthly_finalize	batch	確定なし
トランザクション	個別	C359	年間予実差額_PA人件費	人件費系	本部管理者	-	🟢 既実装	小	🟢 制限なし	そのまま集計可能	metric	FLOW	画面内	人件費効率	PA率分析	PA率の店舗/業態比較、人件費効率改善の優先順位 (KPI単独表示)	L2-S	年間実績_PA人件費 - 年間予算_PA人件費	-	年間予実対比（予実対比）.年間実績_PA人件費, 年間予実対比（予実対比）.年間予算_PA人件費		year	月次	shop × month	60M	nightly + monthly_finalize	batch	確定なし
トランザクション	個別	C360	年間予実差額_社員人件費	人件費系	本部管理者	-	🟢 既実装	小	🟢 制限なし	そのまま集計可能	metric	FLOW	画面内	人件費効率	スタッフ別人件費	スタッフ別の人時生産性評価、教育投資/シフト配置最適化 (KPI単独表示)	L2-S	年間実績_社員人件費 - 年間予算_社員人件費	-	年間予実対比（予実対比）.年間実績_社員人件費, 年間予実対比（予実対比）.年間予算_社員人件費		year	月次	shop × month	60M	nightly + monthly_finalize	batch	確定なし
トランザクション	個別	C361	年間予実差額_ヘルプ人件費	人件費系	本部管理者	-	🟢 既実装	小	🟢 制限なし	そのまま集計可能	metric	FLOW	画面内	人件費効率	スタッフ別人件費	スタッフ別の人時生産性評価、教育投資/シフト配置最適化 (KPI単独表示)	L2-S	年間実績_ヘルプ人件費 - 年間予算_ヘルプ人件費	-	年間予実対比（予実対比）.年間実績_ヘルプ人件費, 年間予実対比（予実対比）.年間予算_ヘルプ人件費		year	月次	shop × month	60M	nightly + monthly_finalize	batch	確定なし
トランザクション	個別	C362	年間予実差額_その他経費 計	その他	本部管理者	-	🟢 既実装	小	🟢 制限なし	そのまま集計可能	metric	FLOW	画面内	売上分析	店舗別売上	店舗ごとの売上推移を比較し、伸長/落ち込み店舗を早期発見、施策効果検証 (KPI単独表示)	L2-S	年間実績_その他経費 計 - 年間予算_その他経費 計	-	年間予実対比（予実対比）.年間実績_その他経費 計, 年間予実対比（予実対比）.年間予算_その他経費 計		year	月次	shop × month × product	60M	nightly + monthly_finalize	batch	確定なし
トランザクション	個別	C363	年間予実差額_地代家賃	その他	本部管理者	-	🟢 既実装	小	🟢 制限なし	そのまま集計可能	metric	FLOW	画面内	売上分析	店舗別売上	店舗ごとの売上推移を比較し、伸長/落ち込み店舗を早期発見、施策効果検証 (KPI単独表示)	L2-S	年間実績_地代家賃 - 年間予算_地代家賃	-	年間予実対比（予実対比）.年間実績_地代家賃, 年間予実対比（予実対比）.年間予算_地代家賃		year	月次	shop × month	60M	nightly + monthly_finalize	batch	確定なし
トランザクション	個別	C364	年間予実差額_家賃（変動分）	その他	本部管理者	-	🟢 既実装	小	🟢 制限なし	そのまま集計可能	metric	FLOW	画面内	売上分析	店舗別売上	店舗ごとの売上推移を比較し、伸長/落ち込み店舗を早期発見、施策効果検証 (KPI単独表示)	L2-S	年間実績_家賃（変動分） - 年間予算_家賃（変動分）	-	年間予実対比（予実対比）.年間実績_家賃（変動分）, 年間予実対比（予実対比）.年間予算_家賃（変動分）		year	月次	shop × month	60M	nightly + monthly_finalize	batch	確定なし
トランザクション	個別	C365	年間予実差額_水道光熱費	その他	本部管理者	-	🟢 既実装	小	🟢 制限なし	そのまま集計可能	metric	FLOW	画面内	売上分析	店舗別売上	店舗ごとの売上推移を比較し、伸長/落ち込み店舗を早期発見、施策効果検証 (KPI単独表示)	L2-S	年間実績_水道光熱費 - 年間予算_水道光熱費	-	年間予実対比（予実対比）.年間実績_水道光熱費, 年間予実対比（予実対比）.年間予算_水道光熱費		year	月次	shop × month	60M	nightly + monthly_finalize	batch	確定なし
トランザクション	個別	C366	年間予実差額_電気代	その他	本部管理者	-	🟢 既実装	小	🟢 制限なし	そのまま集計可能	metric	FLOW	画面内	売上分析	店舗別売上	店舗ごとの売上推移を比較し、伸長/落ち込み店舗を早期発見、施策効果検証 (KPI単独表示)	L2-S	年間実績_電気代 - 年間予算_電気代	-	年間予実対比（予実対比）.年間実績_電気代, 年間予実対比（予実対比）.年間予算_電気代		year	月次	shop × month	60M	nightly + monthly_finalize	batch	確定なし
トランザクション	個別	C367	年間予実差額_ガス代	その他	本部管理者	-	🟢 既実装	小	🟢 制限なし	そのまま集計可能	metric	FLOW	画面内	売上分析	店舗別売上	店舗ごとの売上推移を比較し、伸長/落ち込み店舗を早期発見、施策効果検証 (KPI単独表示)	L2-S	年間実績_ガス代 - 年間予算_ガス代	-	年間予実対比（予実対比）.年間実績_ガス代, 年間予実対比（予実対比）.年間予算_ガス代		year	月次	shop × month	60M	nightly + monthly_finalize	batch	確定なし
トランザクション	個別	C368	年間予実差額_水道代	その他	本部管理者	-	🟢 既実装	小	🟢 制限なし	そのまま集計可能	metric	FLOW	画面内	売上分析	店舗別売上	店舗ごとの売上推移を比較し、伸長/落ち込み店舗を早期発見、施策効果検証 (KPI単独表示)	L2-S	年間実績_水道代 - 年間予算_水道代	-	年間予実対比（予実対比）.年間実績_水道代, 年間予実対比（予実対比）.年間予算_水道代		year	月次	shop × month	60M	nightly + monthly_finalize	batch	確定なし
トランザクション	個別	C369	年間予実差額_減価償却費	その他	本部管理者	-	🟢 既実装	小	🟢 制限なし	そのまま集計可能	metric	FLOW	画面内	売上分析	店舗別売上	店舗ごとの売上推移を比較し、伸長/落ち込み店舗を早期発見、施策効果検証 (KPI単独表示)	L2-S	年間実績_減価償却費 - 年間予算_減価償却費	-	年間予実対比（予実対比）.年間実績_減価償却費, 年間予実対比（予実対比）.年間予算_減価償却費		year	月次	shop × month	60M	nightly + monthly_finalize	batch	確定なし
トランザクション	個別	C370	年間予実差額_販促費	その他	本部管理者	-	🟢 既実装	小	🟢 制限なし	そのまま集計可能	metric	FLOW	画面内	売上分析	店舗別売上	店舗ごとの売上推移を比較し、伸長/落ち込み店舗を早期発見、施策効果検証 (KPI単独表示)	L2-S	年間実績_販促費 - 年間予算_販促費	-	年間予実対比（予実対比）.年間実績_販促費, 年間予実対比（予実対比）.年間予算_販促費		year	月次	shop × month	60M	nightly + monthly_finalize	batch	確定なし
トランザクション	個別	C371	年間予実差額_資材費	その他	本部管理者	-	🟢 既実装	小	🟢 制限なし	そのまま集計可能	metric	FLOW	画面内	売上分析	店舗別売上	店舗ごとの売上推移を比較し、伸長/落ち込み店舗を早期発見、施策効果検証 (KPI単独表示)	L2-S	年間実績_資材費 - 年間予算_資材費	-	年間予実対比（予実対比）.年間実績_資材費, 年間予実対比（予実対比）.年間予算_資材費		year	月次	shop × month	60M	nightly + monthly_finalize	batch	確定なし
トランザクション	個別	C372	年間予実差額_借入金返済	その他	本部管理者	-	🟢 既実装	小	🟢 制限なし	そのまま集計可能	metric	FLOW	画面内	売上分析	店舗別売上	店舗ごとの売上推移を比較し、伸長/落ち込み店舗を早期発見、施策効果検証 (KPI単独表示)	L2-S	年間実績_借入金返済 - 年間予算_借入金返済	-	年間予実対比（予実対比）.年間実績_借入金返済, 年間予実対比（予実対比）.年間予算_借入金返済		year	月次	shop × month	60M	nightly + monthly_finalize	batch	確定なし
トランザクション	個別	C373	年間予実差額_IT費用	その他	本部管理者	-	🟢 既実装	小	🟢 制限なし	そのまま集計可能	metric	FLOW	画面内	売上分析	店舗別売上	店舗ごとの売上推移を比較し、伸長/落ち込み店舗を早期発見、施策効果検証 (KPI単独表示)	L2-S	年間実績_IT費用 - 年間予算_IT費用	-	年間予実対比（予実対比）.年間実績_IT費用, 年間予実対比（予実対比）.年間予算_IT費用		year	月次	shop × month	60M	nightly + monthly_finalize	batch	確定なし
トランザクション	個別	C374	年間予実差額_ラクミー利用料	その他	本部管理者	-	🟢 既実装	小	🟢 制限なし	そのまま集計可能	metric	FLOW	画面内	売上分析	店舗別売上	店舗ごとの売上推移を比較し、伸長/落ち込み店舗を早期発見、施策効果検証 (KPI単独表示)	L2-S	年間実績_ラクミー利用料 - 年間予算_ラクミー利用料	-	年間予実対比（予実対比）.年間実績_ラクミー利用料, 年間予実対比（予実対比）.年間予算_ラクミー利用料		year	月次	shop × month	60M	nightly + monthly_finalize	batch	確定なし
トランザクション	個別	C375	年間予実差額_レジ利用料	その他	本部管理者	-	🟢 既実装	小	🟢 制限なし	そのまま集計可能	metric	FLOW	画面内	売上分析	店舗別売上	店舗ごとの売上推移を比較し、伸長/落ち込み店舗を早期発見、施策効果検証 (KPI単独表示)	L2-S	年間実績_レジ利用料 - 年間予算_レジ利用料	-	年間予実対比（予実対比）.年間実績_レジ利用料, 年間予実対比（予実対比）.年間予算_レジ利用料		year	月次	shop × month	60M	nightly + monthly_finalize	batch	確定なし
トランザクション	個別	C376	年間予実差額_クレジットカード手数料	その他	本部管理者	-	🟢 既実装	小	🟢 制限なし	そのまま集計可能	metric	FLOW	画面内	売上分析	店舗別売上	店舗ごとの売上推移を比較し、伸長/落ち込み店舗を早期発見、施策効果検証 (KPI単独表示)	L2-S	年間実績_クレジットカード手数料 - 年間予算_クレジットカード手数料	-	年間予実対比（予実対比）.年間実績_クレジットカード手数料, 年間予実対比（予実対比）.年間予算_クレジットカード手数料		year	月次	shop × month	60M	nightly + monthly_finalize	batch	確定なし
トランザクション	個別	C377	年間予実差額_お花代	その他	本部管理者	-	🟢 既実装	小	🟢 制限なし	そのまま集計可能	metric	FLOW	画面内	売上分析	店舗別売上	店舗ごとの売上推移を比較し、伸長/落ち込み店舗を早期発見、施策効果検証 (KPI単独表示)	L2-S	年間実績_お花代 - 年間予算_お花代	-	年間予実対比（予実対比）.年間実績_お花代, 年間予実対比（予実対比）.年間予算_お花代		year	月次	shop × month	60M	nightly + monthly_finalize	batch	確定なし
トランザクション	個別	C378	年間予実差額_営業利益	収益性	本部管理者	-	🟢 既実装	小	🟢 制限なし	そのまま集計可能	metric	FLOW	画面内	利益分析	店舗別利益	店舗別の利益貢献を可視化、低収益店舗の改善優先順位付け (KPI単独表示)	L2-S	年間実績_営業利益 - 年間予算_営業利益	-	年間予実対比（予実対比）.年間実績_営業利益, 年間予実対比（予実対比）.年間予算_営業利益		year	月次	shop × month × product	60M	nightly + monthly_finalize	batch	月次締め後（全費目確定）
トランザクション	個別	C379	年間予算対比率_総売上 計	予実系	本部管理者	-	🟢 既実装	小	🟡 加重平均	率指標は加重平均	metric	FORECAST	画面内	予実管理	売上予実	売上の達成率/進捗率モニタリング、月中の早期是正アクション (KPI単独表示)	L2-S	年間実績_総売上 計 ÷ 年間予算_総売上 計 × 100	-	年間予実対比（予実対比）.年間実績_総売上 計, 年間予実対比（予実対比）.年間予算_総売上 計	売上(税抜)	year	月次	shop × month × product	60M	on_budget_update	batch	予算確定後
トランザクション	個別	C380	年間予算対比率_フード売上 計	予実系	本部管理者	-	🟢 既実装	小	🟡 加重平均	率指標は加重平均	metric	FORECAST	画面内	予実管理	売上予実	売上の達成率/進捗率モニタリング、月中の早期是正アクション (KPI単独表示)	L2-S	年間実績_フード売上 計 ÷ 年間予算_フード売上 計 × 100	-	年間予実対比（予実対比）.年間実績_フード売上 計, 年間予実対比（予実対比）.年間予算_フード売上 計	売上(税抜)	year	月次	shop × month × product	60M	on_budget_update	batch	予算確定後
トランザクション	個別	C381	年間予算対比率_フード売上ランチ	予実系	本部管理者	-	🟢 既実装	小	🟡 加重平均	率指標は加重平均	metric	FORECAST	画面内	予実管理	売上予実	売上の達成率/進捗率モニタリング、月中の早期是正アクション (KPI単独表示)	L2-S	年間実績_フード売上ランチ ÷ 年間予算_フード売上ランチ × 100	-	年間予実対比（予実対比）.年間実績_フード売上ランチ, 年間予実対比（予実対比）.年間予算_フード売上ランチ	売上(税抜)	year	月次	shop × month × time_slot × product	60M	on_budget_update	batch	予算確定後
トランザクション	個別	C382	年間予算対比率_フード売上ディナー	予実系	本部管理者	-	🟢 既実装	小	🟡 加重平均	率指標は加重平均	metric	FORECAST	画面内	予実管理	売上予実	売上の達成率/進捗率モニタリング、月中の早期是正アクション (KPI単独表示)	L2-S	年間実績_フード売上ディナー ÷ 年間予算_フード売上ディナー × 100	-	年間予実対比（予実対比）.年間実績_フード売上ディナー, 年間予実対比（予実対比）.年間予算_フード売上ディナー	売上(税抜)	year	月次	shop × month × time_slot × product	60M	on_budget_update	batch	予算確定後
トランザクション	個別	C383	年間予算対比率_ドリンク売上 計	予実系	本部管理者	-	🟢 既実装	小	🟡 加重平均	率指標は加重平均	metric	FORECAST	画面内	予実管理	売上予実	売上の達成率/進捗率モニタリング、月中の早期是正アクション (KPI単独表示)	L2-S	年間実績_ドリンク売上 計 ÷ 年間予算_ドリンク売上 計 × 100	-	年間予実対比（予実対比）.年間実績_ドリンク売上 計, 年間予実対比（予実対比）.年間予算_ドリンク売上 計	売上(税抜)	year	月次	shop × month × product	60M	on_budget_update	batch	予算確定後
トランザクション	個別	C384	年間予算対比率_ドリンク売上ランチ	予実系	本部管理者	-	🟢 既実装	小	🟡 加重平均	率指標は加重平均	metric	FORECAST	画面内	予実管理	売上予実	売上の達成率/進捗率モニタリング、月中の早期是正アクション (KPI単独表示)	L2-S	年間実績_ドリンク売上ランチ ÷ 年間予算_ドリンク売上ランチ × 100	-	年間予実対比（予実対比）.年間実績_ドリンク売上ランチ, 年間予実対比（予実対比）.年間予算_ドリンク売上ランチ	売上(税抜)	year	月次	shop × month × time_slot × product	60M	on_budget_update	batch	予算確定後
トランザクション	個別	C385	年間予算対比率_ドリンク売上ディナー	予実系	本部管理者	-	🟢 既実装	小	🟡 加重平均	率指標は加重平均	metric	FORECAST	画面内	予実管理	売上予実	売上の達成率/進捗率モニタリング、月中の早期是正アクション (KPI単独表示)	L2-S	年間実績_ドリンク売上ディナー ÷ 年間予算_ドリンク売上ディナー × 100	-	年間予実対比（予実対比）.年間実績_ドリンク売上ディナー, 年間予実対比（予実対比）.年間予算_ドリンク売上ディナー	売上(税抜)	year	月次	shop × month × time_slot × product	60M	on_budget_update	batch	予算確定後
トランザクション	個別	C386	年間予算対比率_その他売上 計	予実系	本部管理者	-	🟢 既実装	小	🟡 加重平均	率指標は加重平均	metric	FORECAST	画面内	予実管理	売上予実	売上の達成率/進捗率モニタリング、月中の早期是正アクション (KPI単独表示)	L2-S	年間実績_その他売上 計 ÷ 年間予算_その他売上 計 × 100	-	年間予実対比（予実対比）.年間実績_その他売上 計, 年間予実対比（予実対比）.年間予算_その他売上 計	売上(税抜)	year	月次	shop × month	60M	on_budget_update	batch	予算確定後
トランザクション	個別	C387	年間予算対比率_その他売上ランチ	予実系	本部管理者	-	🟢 既実装	小	🟡 加重平均	率指標は加重平均	metric	FORECAST	画面内	予実管理	売上予実	売上の達成率/進捗率モニタリング、月中の早期是正アクション (KPI単独表示)	L2-S	年間実績_その他売上ランチ ÷ 年間予算_その他売上ランチ × 100	-	年間予実対比（予実対比）.年間実績_その他売上ランチ, 年間予実対比（予実対比）.年間予算_その他売上ランチ	売上(税抜)	year	月次	shop × month × time_slot	60M	on_budget_update	batch	予算確定後
トランザクション	個別	C388	年間予算対比率_その他売上ディナー	予実系	本部管理者	-	🟢 既実装	小	🟡 加重平均	率指標は加重平均	metric	FORECAST	画面内	予実管理	売上予実	売上の達成率/進捗率モニタリング、月中の早期是正アクション (KPI単独表示)	L2-S	年間実績_その他売上ディナー ÷ 年間予算_その他売上ディナー × 100	-	年間予実対比（予実対比）.年間実績_その他売上ディナー, 年間予実対比（予実対比）.年間予算_その他売上ディナー	売上(税抜)	year	月次	shop × month × time_slot	60M	on_budget_update	batch	予算確定後
トランザクション	個別	C389	年間予算対比率_FLコスト 計	予実系	本部管理者	-	🟢 既実装	小	🟡 加重平均	率指標は加重平均	metric	FORECAST	画面内	予実管理	売上予実	売上の達成率/進捗率モニタリング、月中の早期是正アクション (KPI単独表示)	L2-S	年間実績_FLコスト 計 ÷ 年間予算_FLコスト 計 × 100	-	年間予実対比（予実対比）.年間実績_FLコスト 計, 年間予実対比（予実対比）.年間予算_FLコスト 計	売上(税抜)	year	月次	shop × month × product	60M	on_budget_update	batch	予算確定後
トランザクション	個別	C390	年間予算対比率_FD仕入 計	原価系	本部管理者	-	🟢 既実装	小	🟡 加重平均	率指標は加重平均	metric	FORECAST	画面内	予実管理	売上予実	売上の達成率/進捗率モニタリング、月中の早期是正アクション (KPI単独表示)	L2-S	年間実績_FD仕入 計 ÷ 年間予算_FD仕入 計 × 100	-	年間予実対比（予実対比）.年間実績_FD仕入 計, 年間予実対比（予実対比）.年間予算_FD仕入 計	売上(税抜)	year	月次	shop × month	60M	on_budget_update	batch	予算確定後
トランザクション	個別	C391	年間予算対比率_フード仕入	原価系	本部管理者	-	🟢 既実装	小	🟡 加重平均	率指標は加重平均	metric	FORECAST	画面内	予実管理	売上予実	売上の達成率/進捗率モニタリング、月中の早期是正アクション (KPI単独表示)	L2-S	年間実績_フード仕入 ÷ 年間予算_フード仕入 × 100	-	年間予実対比（予実対比）.年間実績_フード仕入, 年間予実対比（予実対比）.年間予算_フード仕入	売上(税抜)	year	月次	shop × month	60M	on_budget_update	batch	予算確定後
トランザクション	個別	C392	年間予算対比率_ドリンク仕入	原価系	本部管理者	-	🟢 既実装	小	🟡 加重平均	率指標は加重平均	metric	FORECAST	画面内	予実管理	売上予実	売上の達成率/進捗率モニタリング、月中の早期是正アクション (KPI単独表示)	L2-S	年間実績_ドリンク仕入 ÷ 年間予算_ドリンク仕入 × 100	-	年間予実対比（予実対比）.年間実績_ドリンク仕入, 年間予実対比（予実対比）.年間予算_ドリンク仕入	売上(税抜)	year	月次	shop × month	60M	on_budget_update	batch	予算確定後
トランザクション	個別	C393	年間予算対比率_人件費 計	人件費系	本部管理者	-	🟢 既実装	小	🟡 加重平均	率指標は加重平均	metric	FORECAST	画面内	人件費効率	PA率分析	PA率の店舗/業態比較、人件費効率改善の優先順位 (KPI単独表示)	L2-S	年間実績_人件費 計 ÷ 年間予算_人件費 計 × 100	-	年間予実対比（予実対比）.年間実績_人件費 計, 年間予実対比（予実対比）.年間予算_人件費 計	売上(税抜)	year	月次	shop × month × product	60M	on_budget_update	batch	予算確定後
トランザクション	個別	C394	年間予算対比率_固定人件費	人件費系	本部管理者	-	🟢 既実装	小	🟡 加重平均	率指標は加重平均	metric	FORECAST	画面内	人件費効率	PA率分析	PA率の店舗/業態比較、人件費効率改善の優先順位 (KPI単独表示)	L2-S	年間実績_固定人件費 ÷ 年間予算_固定人件費 × 100	-	年間予実対比（予実対比）.年間実績_固定人件費, 年間予実対比（予実対比）.年間予算_固定人件費	売上(税抜)	year	月次	shop × month	60M	on_budget_update	batch	予算確定後
トランザクション	個別	C395	年間予算対比率_PA人件費	人件費系	本部管理者	-	🟢 既実装	小	🟡 加重平均	率指標は加重平均	metric	FORECAST	画面内	人件費効率	PA率分析	PA率の店舗/業態比較、人件費効率改善の優先順位 (KPI単独表示)	L2-S	年間実績_PA人件費 ÷ 年間予算_PA人件費 × 100	-	年間予実対比（予実対比）.年間実績_PA人件費, 年間予実対比（予実対比）.年間予算_PA人件費	売上(税抜)	year	月次	shop × month	60M	on_budget_update	batch	予算確定後
トランザクション	個別	C396	年間予算対比率_社員人件費	人件費系	本部管理者	-	🟢 既実装	小	🟡 加重平均	率指標は加重平均	metric	FORECAST	画面内	人件費効率	PA率分析	PA率の店舗/業態比較、人件費効率改善の優先順位 (KPI単独表示)	L2-S	年間実績_社員人件費 ÷ 年間予算_社員人件費 × 100	-	年間予実対比（予実対比）.年間実績_社員人件費, 年間予実対比（予実対比）.年間予算_社員人件費	売上(税抜)	year	月次	shop × month	60M	on_budget_update	batch	予算確定後
トランザクション	個別	C397	年間予算対比率_ヘルプ人件費	人件費系	本部管理者	-	🟢 既実装	小	🟡 加重平均	率指標は加重平均	metric	FORECAST	画面内	人件費効率	PA率分析	PA率の店舗/業態比較、人件費効率改善の優先順位 (KPI単独表示)	L2-S	年間実績_ヘルプ人件費 ÷ 年間予算_ヘルプ人件費 × 100	-	年間予実対比（予実対比）.年間実績_ヘルプ人件費, 年間予実対比（予実対比）.年間予算_ヘルプ人件費	売上(税抜)	year	月次	shop × month	60M	on_budget_update	batch	予算確定後
トランザクション	個別	C398	年間予算対比率_その他経費 計	予実系	本部管理者	-	🟢 既実装	小	🟡 加重平均	率指標は加重平均	metric	FORECAST	画面内	予実管理	経費予実	経費の予算超過リスク検知、削減ポイント特定 (KPI単独表示)	L2-S	年間実績_その他経費 計 ÷ 年間予算_その他経費 計 × 100	-	年間予実対比（予実対比）.年間実績_その他経費 計, 年間予実対比（予実対比）.年間予算_その他経費 計	売上(税抜)	year	月次	shop × month × product	60M	on_budget_update	batch	予算確定後
トランザクション	個別	C399	年間予算対比率_地代家賃	予実系	本部管理者	-	🟢 既実装	小	🟡 加重平均	率指標は加重平均	metric	FORECAST	画面内	予実管理	売上予実	売上の達成率/進捗率モニタリング、月中の早期是正アクション (KPI単独表示)	L2-S	年間実績_地代家賃 ÷ 年間予算_地代家賃 × 100	-	年間予実対比（予実対比）.年間実績_地代家賃, 年間予実対比（予実対比）.年間予算_地代家賃	売上(税抜)	year	月次	shop × month	60M	on_budget_update	batch	予算確定後
トランザクション	個別	C400	年間予算対比率_家賃（変動分）	予実系	本部管理者	-	🟢 既実装	小	🟡 加重平均	率指標は加重平均	metric	FORECAST	画面内	予実管理	売上予実	売上の達成率/進捗率モニタリング、月中の早期是正アクション (KPI単独表示)	L2-S	年間実績_家賃（変動分） ÷ 年間予算_家賃（変動分） × 100	-	年間予実対比（予実対比）.年間実績_家賃（変動分）, 年間予実対比（予実対比）.年間予算_家賃（変動分）	売上(税抜)	year	月次	shop × month	60M	on_budget_update	batch	予算確定後
トランザクション	個別	C401	年間予算対比率_水道光熱費	予実系	本部管理者	-	🟢 既実装	小	🟡 加重平均	率指標は加重平均	metric	FORECAST	画面内	予実管理	経費予実	経費の予算超過リスク検知、削減ポイント特定 (KPI単独表示)	L2-S	年間実績_水道光熱費 ÷ 年間予算_水道光熱費 × 100	-	年間予実対比（予実対比）.年間実績_水道光熱費, 年間予実対比（予実対比）.年間予算_水道光熱費	売上(税抜)	year	月次	shop × month	60M	on_budget_update	batch	予算確定後
トランザクション	個別	C402	年間予算対比率_電気代	予実系	本部管理者	-	🟢 既実装	小	🟡 加重平均	率指標は加重平均	metric	FORECAST	画面内	予実管理	売上予実	売上の達成率/進捗率モニタリング、月中の早期是正アクション (KPI単独表示)	L2-S	年間実績_電気代 ÷ 年間予算_電気代 × 100	-	年間予実対比（予実対比）.年間実績_電気代, 年間予実対比（予実対比）.年間予算_電気代	売上(税抜)	year	月次	shop × month	60M	on_budget_update	batch	予算確定後
トランザクション	個別	C403	年間予算対比率_ガス代	予実系	本部管理者	-	🟢 既実装	小	🟡 加重平均	率指標は加重平均	metric	FORECAST	画面内	予実管理	売上予実	売上の達成率/進捗率モニタリング、月中の早期是正アクション (KPI単独表示)	L2-S	年間実績_ガス代 ÷ 年間予算_ガス代 × 100	-	年間予実対比（予実対比）.年間実績_ガス代, 年間予実対比（予実対比）.年間予算_ガス代	売上(税抜)	year	月次	shop × month	60M	on_budget_update	batch	予算確定後
トランザクション	個別	C404	年間予算対比率_水道代	予実系	本部管理者	-	🟢 既実装	小	🟡 加重平均	率指標は加重平均	metric	FORECAST	画面内	予実管理	売上予実	売上の達成率/進捗率モニタリング、月中の早期是正アクション (KPI単独表示)	L2-S	年間実績_水道代 ÷ 年間予算_水道代 × 100	-	年間予実対比（予実対比）.年間実績_水道代, 年間予実対比（予実対比）.年間予算_水道代	売上(税抜)	year	月次	shop × month	60M	on_budget_update	batch	予算確定後
トランザクション	個別	C405	年間予算対比率_減価償却費	予実系	本部管理者	-	🟢 既実装	小	🟡 加重平均	率指標は加重平均	metric	FORECAST	画面内	予実管理	経費予実	経費の予算超過リスク検知、削減ポイント特定 (KPI単独表示)	L2-S	年間実績_減価償却費 ÷ 年間予算_減価償却費 × 100	-	年間予実対比（予実対比）.年間実績_減価償却費, 年間予実対比（予実対比）.年間予算_減価償却費	売上(税抜)	year	月次	shop × month	60M	on_budget_update	batch	予算確定後
トランザクション	個別	C406	年間予算対比率_販促費	予実系	本部管理者	-	🟢 既実装	小	🟡 加重平均	率指標は加重平均	metric	FORECAST	画面内	予実管理	経費予実	経費の予算超過リスク検知、削減ポイント特定 (KPI単独表示)	L2-S	年間実績_販促費 ÷ 年間予算_販促費 × 100	-	年間予実対比（予実対比）.年間実績_販促費, 年間予実対比（予実対比）.年間予算_販促費	売上(税抜)	year	月次	shop × month	60M	on_budget_update	batch	予算確定後
トランザクション	個別	C407	年間予算対比率_資材費	予実系	本部管理者	-	🟢 既実装	小	🟡 加重平均	率指標は加重平均	metric	FORECAST	画面内	予実管理	経費予実	経費の予算超過リスク検知、削減ポイント特定 (KPI単独表示)	L2-S	年間実績_資材費 ÷ 年間予算_資材費 × 100	-	年間予実対比（予実対比）.年間実績_資材費, 年間予実対比（予実対比）.年間予算_資材費	売上(税抜)	year	月次	shop × month	60M	on_budget_update	batch	予算確定後
トランザクション	個別	C408	年間予算対比率_借入金返済	予実系	本部管理者	-	🟢 既実装	小	🟡 加重平均	率指標は加重平均	metric	FORECAST	画面内	予実管理	売上予実	売上の達成率/進捗率モニタリング、月中の早期是正アクション (KPI単独表示)	L2-S	年間実績_借入金返済 ÷ 年間予算_借入金返済 × 100	-	年間予実対比（予実対比）.年間実績_借入金返済, 年間予実対比（予実対比）.年間予算_借入金返済	売上(税抜)	year	月次	shop × month	60M	on_budget_update	batch	予算確定後
トランザクション	個別	C409	年間予算対比率_IT費用	予実系	本部管理者	-	🟢 既実装	小	🟡 加重平均	率指標は加重平均	metric	FORECAST	画面内	予実管理	経費予実	経費の予算超過リスク検知、削減ポイント特定 (KPI単独表示)	L2-S	年間実績_IT費用 ÷ 年間予算_IT費用 × 100	-	年間予実対比（予実対比）.年間実績_IT費用, 年間予実対比（予実対比）.年間予算_IT費用	売上(税抜)	year	月次	shop × month	60M	on_budget_update	batch	予算確定後
トランザクション	個別	C410	年間予算対比率_ラクミー利用料	予実系	本部管理者	-	🟢 既実装	小	🟡 加重平均	率指標は加重平均	metric	FORECAST	画面内	予実管理	売上予実	売上の達成率/進捗率モニタリング、月中の早期是正アクション (KPI単独表示)	L2-S	年間実績_ラクミー利用料 ÷ 年間予算_ラクミー利用料 × 100	-	年間予実対比（予実対比）.年間実績_ラクミー利用料, 年間予実対比（予実対比）.年間予算_ラクミー利用料	売上(税抜)	year	月次	shop × month	60M	on_budget_update	batch	予算確定後
トランザクション	個別	C411	年間予算対比率_レジ利用料	予実系	本部管理者	-	🟢 既実装	小	🟡 加重平均	率指標は加重平均	metric	FORECAST	画面内	予実管理	売上予実	売上の達成率/進捗率モニタリング、月中の早期是正アクション (KPI単独表示)	L2-S	年間実績_レジ利用料 ÷ 年間予算_レジ利用料 × 100	-	年間予実対比（予実対比）.年間実績_レジ利用料, 年間予実対比（予実対比）.年間予算_レジ利用料	売上(税抜)	year	月次	shop × month	60M	on_budget_update	batch	予算確定後
トランザクション	個別	C412	年間予算対比率_クレジットカード手数料	予実系	本部管理者	-	🟢 既実装	小	🟡 加重平均	率指標は加重平均	metric	FORECAST	画面内	予実管理	売上予実	売上の達成率/進捗率モニタリング、月中の早期是正アクション (KPI単独表示)	L2-S	年間実績_クレジットカード手数料 ÷ 年間予算_クレジットカード手数料 × 100	-	年間予実対比（予実対比）.年間実績_クレジットカード手数料, 年間予実対比（予実対比）.年間予算_クレジットカード手数料	売上(税抜)	year	月次	shop × month	60M	on_budget_update	batch	予算確定後
トランザクション	個別	C413	年間予算対比率_お花代	予実系	本部管理者	-	🟢 既実装	小	🟡 加重平均	率指標は加重平均	metric	FORECAST	画面内	予実管理	売上予実	売上の達成率/進捗率モニタリング、月中の早期是正アクション (KPI単独表示)	L2-S	年間実績_お花代 ÷ 年間予算_お花代 × 100	-	年間予実対比（予実対比）.年間実績_お花代, 年間予実対比（予実対比）.年間予算_お花代	売上(税抜)	year	月次	shop × month	60M	on_budget_update	batch	予算確定後
トランザクション	個別	C414	年間予算対比率_営業利益	予実系	本部管理者	-	🟢 既実装	小	🟡 加重平均	率指標は加重平均	metric	FORECAST	画面内	予実管理	売上予実	売上の達成率/進捗率モニタリング、月中の早期是正アクション (KPI単独表示)	L2-S	年間実績_営業利益 ÷ 年間予算_営業利益 × 100	-	年間予実対比（予実対比）.年間実績_営業利益, 年間予実対比（予実対比）.年間予算_営業利益	売上(税抜)	year	月次	shop × month × product	60M	on_budget_update	batch	予算確定後
トランザクション	個別	C415	年間予算構成比_総売上 計	予実系	本部管理者	-	🟢 既実装	小	🟡 加重平均	率指標は加重平均	metric	FORECAST	画面内	予実管理	売上予実	売上の達成率/進捗率モニタリング、月中の早期是正アクション (KPI単独表示)	L2-S	年間予算_総売上 計 ÷ 年間予算_総売上 計 × 100	-	年間予実対比（予実対比）.年間予算_総売上 計, 年間予実対比（予実対比）.年間予算_総売上 計	売上(税抜)	year	月次	shop × month × product	60M	on_budget_update	batch	予算確定後
トランザクション	個別	C416	年間予算構成比_フード売上 計	予実系	本部管理者	-	🟢 既実装	小	🟡 加重平均	率指標は加重平均	metric	FORECAST	画面内	予実管理	売上予実	売上の達成率/進捗率モニタリング、月中の早期是正アクション (KPI単独表示)	L2-S	年間予算_フード売上 計 ÷ 年間予算_総売上 計 × 100	-	年間予実対比（予実対比）.年間予算_フード売上 計, 年間予実対比（予実対比）.年間予算_総売上 計	売上(税抜)	year	月次	shop × month × product	60M	on_budget_update	batch	予算確定後
トランザクション	個別	C417	年間予算構成比_フード売上ランチ	予実系	本部管理者	-	🟢 既実装	小	🟡 加重平均	率指標は加重平均	metric	FORECAST	画面内	予実管理	売上予実	売上の達成率/進捗率モニタリング、月中の早期是正アクション (KPI単独表示)	L2-S	年間予算_フード売上ランチ ÷ 年間予算_総売上 計 × 100	-	年間予実対比（予実対比）.年間予算_フード売上ランチ, 年間予実対比（予実対比）.年間予算_総売上 計	売上(税抜)	year	月次	shop × month × time_slot × product	60M	on_budget_update	batch	予算確定後
トランザクション	個別	C418	年間予算構成比_フード売上ディナー	予実系	本部管理者	-	🟢 既実装	小	🟡 加重平均	率指標は加重平均	metric	FORECAST	画面内	予実管理	売上予実	売上の達成率/進捗率モニタリング、月中の早期是正アクション (KPI単独表示)	L2-S	年間予算_フード売上ディナー ÷ 年間予算_総売上 計 × 100	-	年間予実対比（予実対比）.年間予算_フード売上ディナー, 年間予実対比（予実対比）.年間予算_総売上 計	売上(税抜)	year	月次	shop × month × time_slot × product	60M	on_budget_update	batch	予算確定後
トランザクション	個別	C419	年間予算構成比_ドリンク売上 計	予実系	本部管理者	-	🟢 既実装	小	🟡 加重平均	率指標は加重平均	metric	FORECAST	画面内	予実管理	売上予実	売上の達成率/進捗率モニタリング、月中の早期是正アクション (KPI単独表示)	L2-S	年間予算_ドリンク売上 計 ÷ 年間予算_総売上 計 × 100	-	年間予実対比（予実対比）.年間予算_ドリンク売上 計, 年間予実対比（予実対比）.年間予算_総売上 計	売上(税抜)	year	月次	shop × month × product	60M	on_budget_update	batch	予算確定後
トランザクション	個別	C420	年間予算構成比_ドリンク売上ランチ	予実系	本部管理者	-	🟢 既実装	小	🟡 加重平均	率指標は加重平均	metric	FORECAST	画面内	予実管理	売上予実	売上の達成率/進捗率モニタリング、月中の早期是正アクション (KPI単独表示)	L2-S	年間予算_ドリンク売上ランチ ÷ 年間予算_総売上 計 × 100	-	年間予実対比（予実対比）.年間予算_ドリンク売上ランチ, 年間予実対比（予実対比）.年間予算_総売上 計	売上(税抜)	year	月次	shop × month × time_slot × product	60M	on_budget_update	batch	予算確定後
トランザクション	個別	C421	年間予算構成比_ドリンク売上ディナー	予実系	本部管理者	-	🟢 既実装	小	🟡 加重平均	率指標は加重平均	metric	FORECAST	画面内	予実管理	売上予実	売上の達成率/進捗率モニタリング、月中の早期是正アクション (KPI単独表示)	L2-S	年間予算_ドリンク売上ディナー ÷ 年間予算_総売上 計 × 100	-	年間予実対比（予実対比）.年間予算_ドリンク売上ディナー, 年間予実対比（予実対比）.年間予算_総売上 計	売上(税抜)	year	月次	shop × month × time_slot × product	60M	on_budget_update	batch	予算確定後
トランザクション	個別	C422	年間予算構成比_その他売上 計	予実系	本部管理者	-	🟢 既実装	小	🟡 加重平均	率指標は加重平均	metric	FORECAST	画面内	予実管理	売上予実	売上の達成率/進捗率モニタリング、月中の早期是正アクション (KPI単独表示)	L2-S	年間予算_その他売上 計 ÷ 年間予算_総売上 計 × 100	-	年間予実対比（予実対比）.年間予算_その他売上 計, 年間予実対比（予実対比）.年間予算_総売上 計	売上(税抜)	year	月次	shop × month	60M	on_budget_update	batch	予算確定後
トランザクション	個別	C423	年間予算構成比_その他売上ランチ	予実系	本部管理者	-	🟢 既実装	小	🟡 加重平均	率指標は加重平均	metric	FORECAST	画面内	予実管理	売上予実	売上の達成率/進捗率モニタリング、月中の早期是正アクション (KPI単独表示)	L2-S	年間予算_その他売上ランチ ÷ 年間予算_総売上 計 × 100	-	年間予実対比（予実対比）.年間予算_その他売上ランチ, 年間予実対比（予実対比）.年間予算_総売上 計	売上(税抜)	year	月次	shop × month × time_slot	60M	on_budget_update	batch	予算確定後
トランザクション	個別	C424	年間予算構成比_その他売上ディナー	予実系	本部管理者	-	🟢 既実装	小	🟡 加重平均	率指標は加重平均	metric	FORECAST	画面内	予実管理	売上予実	売上の達成率/進捗率モニタリング、月中の早期是正アクション (KPI単独表示)	L2-S	年間予算_その他売上ディナー ÷ 年間予算_総売上 計 × 100	-	年間予実対比（予実対比）.年間予算_その他売上ディナー, 年間予実対比（予実対比）.年間予算_総売上 計	売上(税抜)	year	月次	shop × month × time_slot	60M	on_budget_update	batch	予算確定後
トランザクション	個別	C425	年間予算構成比_FLコスト 計	予実系	本部管理者	-	🟢 既実装	小	🟡 加重平均	率指標は加重平均	metric	FORECAST	画面内	予実管理	売上予実	売上の達成率/進捗率モニタリング、月中の早期是正アクション (KPI単独表示)	L2-S	年間予算_FLコスト 計 ÷ 年間予算_総売上 計 × 100	-	年間予実対比（予実対比）.年間予算_FLコスト 計, 年間予実対比（予実対比）.年間予算_総売上 計	売上(税抜)	year	月次	shop × month × product	60M	on_budget_update	batch	予算確定後
トランザクション	個別	C426	年間予算構成比_FD仕入 計	原価系	本部管理者	-	🟢 既実装	小	🟡 加重平均	率指標は加重平均	metric	FORECAST	画面内	予実管理	売上予実	売上の達成率/進捗率モニタリング、月中の早期是正アクション (KPI単独表示)	L2-S	年間予算_FD仕入 計 ÷ 年間予算_総売上 計 × 100	-	年間予実対比（予実対比）.年間予算_FD仕入 計, 年間予実対比（予実対比）.年間予算_総売上 計	仕入金額(全体)	year	月次	shop × month × product	60M	on_budget_update	batch	予算確定後
トランザクション	個別	C427	年間予算構成比_フード仕入	原価系	本部管理者	-	🟢 既実装	小	🟡 加重平均	率指標は加重平均	metric	FORECAST	画面内	予実管理	売上予実	売上の達成率/進捗率モニタリング、月中の早期是正アクション (KPI単独表示)	L2-S	年間予算_フード仕入 ÷ 年間予算_総売上 計 × 100	-	年間予実対比（予実対比）.年間予算_フード仕入, 年間予実対比（予実対比）.年間予算_総売上 計	仕入金額(全体)	year	月次	shop × month	60M	on_budget_update	batch	予算確定後
トランザクション	個別	C428	年間予算構成比_ドリンク仕入	原価系	本部管理者	-	🟢 既実装	小	🟡 加重平均	率指標は加重平均	metric	FORECAST	画面内	予実管理	売上予実	売上の達成率/進捗率モニタリング、月中の早期是正アクション (KPI単独表示)	L2-S	年間予算_ドリンク仕入 ÷ 年間予算_総売上 計 × 100	-	年間予実対比（予実対比）.年間予算_ドリンク仕入, 年間予実対比（予実対比）.年間予算_総売上 計	仕入金額(全体)	year	月次	shop × month	60M	on_budget_update	batch	予算確定後
トランザクション	個別	C429	年間予算構成比_人件費 計	人件費系	本部管理者	-	🟢 既実装	小	🟡 加重平均	率指標は加重平均	metric	FORECAST	画面内	人件費効率	スタッフ別人件費	スタッフ別の人時生産性評価、教育投資/シフト配置最適化 (KPI単独表示)	L2-S	年間予算_人件費 計 ÷ 年間予算_総売上 計 × 100	-	年間予実対比（予実対比）.年間予算_人件費 計, 年間予実対比（予実対比）.年間予算_総売上 計	売上(税抜)	year	月次	shop × month × product	60M	on_budget_update	batch	予算確定後
トランザクション	個別	C430	年間予算構成比_固定人件費	人件費系	本部管理者	-	🟢 既実装	小	🟡 加重平均	率指標は加重平均	metric	FORECAST	画面内	人件費効率	スタッフ別人件費	スタッフ別の人時生産性評価、教育投資/シフト配置最適化 (KPI単独表示)	L2-S	年間予算_固定人件費 ÷ 年間予算_総売上 計 × 100	-	年間予実対比（予実対比）.年間予算_固定人件費, 年間予実対比（予実対比）.年間予算_総売上 計	売上(税抜)	year	月次	shop × month	60M	on_budget_update	batch	予算確定後
トランザクション	個別	C431	年間予算構成比_PA人件費	人件費系	本部管理者	-	🟢 既実装	小	🟡 加重平均	率指標は加重平均	metric	FORECAST	画面内	人件費効率	PA率分析	PA率の店舗/業態比較、人件費効率改善の優先順位 (KPI単独表示)	L2-S	年間予算_PA人件費 ÷ 年間予算_総売上 計 × 100	-	年間予実対比（予実対比）.年間予算_PA人件費, 年間予実対比（予実対比）.年間予算_総売上 計	売上(税抜)	year	月次	shop × month	60M	on_budget_update	batch	予算確定後
トランザクション	個別	C432	年間予算構成比_社員人件費	人件費系	本部管理者	-	🟢 既実装	小	🟡 加重平均	率指標は加重平均	metric	FORECAST	画面内	人件費効率	スタッフ別人件費	スタッフ別の人時生産性評価、教育投資/シフト配置最適化 (KPI単独表示)	L2-S	年間予算_社員人件費 ÷ 年間予算_総売上 計 × 100	-	年間予実対比（予実対比）.年間予算_社員人件費, 年間予実対比（予実対比）.年間予算_総売上 計	売上(税抜)	year	月次	shop × month	60M	on_budget_update	batch	予算確定後
トランザクション	個別	C433	年間予算構成比_ヘルプ人件費	人件費系	本部管理者	-	🟢 既実装	小	🟡 加重平均	率指標は加重平均	metric	FORECAST	画面内	人件費効率	スタッフ別人件費	スタッフ別の人時生産性評価、教育投資/シフト配置最適化 (KPI単独表示)	L2-S	年間予算_ヘルプ人件費 ÷ 年間予算_総売上 計 × 100	-	年間予実対比（予実対比）.年間予算_ヘルプ人件費, 年間予実対比（予実対比）.年間予算_総売上 計	売上(税抜)	year	月次	shop × month	60M	on_budget_update	batch	予算確定後
トランザクション	個別	C434	年間予算構成比_その他経費 計	予実系	本部管理者	-	🟢 既実装	小	🟡 加重平均	率指標は加重平均	metric	FORECAST	画面内	予実管理	経費予実	経費の予算超過リスク検知、削減ポイント特定 (KPI単独表示)	L2-S	年間予算_その他経費 計 ÷ 年間予算_総売上 計 × 100	-	年間予実対比（予実対比）.年間予算_その他経費 計, 年間予実対比（予実対比）.年間予算_総売上 計	売上(税抜)	year	月次	shop × month × product	60M	on_budget_update	batch	予算確定後
トランザクション	個別	C435	年間予算構成比_地代家賃	予実系	本部管理者	-	🟢 既実装	小	🟡 加重平均	率指標は加重平均	metric	FORECAST	画面内	予実管理	売上予実	売上の達成率/進捗率モニタリング、月中の早期是正アクション (KPI単独表示)	L2-S	年間予算_地代家賃 ÷ 年間予算_総売上 計 × 100	-	年間予実対比（予実対比）.年間予算_地代家賃, 年間予実対比（予実対比）.年間予算_総売上 計	売上(税抜)	year	月次	shop × month	60M	on_budget_update	batch	予算確定後
トランザクション	個別	C436	年間予算構成比_家賃（変動分）	予実系	本部管理者	-	🟢 既実装	小	🟡 加重平均	率指標は加重平均	metric	FORECAST	画面内	予実管理	売上予実	売上の達成率/進捗率モニタリング、月中の早期是正アクション (KPI単独表示)	L2-S	年間予算_家賃（変動分） ÷ 年間予算_総売上 計 × 100	-	年間予実対比（予実対比）.年間予算_家賃（変動分）, 年間予実対比（予実対比）.年間予算_総売上 計	売上(税抜)	year	月次	shop × month	60M	on_budget_update	batch	予算確定後
トランザクション	個別	C437	年間予算構成比_水道光熱費	予実系	本部管理者	-	🟢 既実装	小	🟡 加重平均	率指標は加重平均	metric	FORECAST	画面内	予実管理	経費予実	経費の予算超過リスク検知、削減ポイント特定 (KPI単独表示)	L2-S	年間予算_水道光熱費 ÷ 年間予算_総売上 計 × 100	-	年間予実対比（予実対比）.年間予算_水道光熱費, 年間予実対比（予実対比）.年間予算_総売上 計	売上(税抜)	year	月次	shop × month	60M	on_budget_update	batch	予算確定後
トランザクション	個別	C438	年間予算構成比_電気代	予実系	本部管理者	-	🟢 既実装	小	🟡 加重平均	率指標は加重平均	metric	FORECAST	画面内	予実管理	売上予実	売上の達成率/進捗率モニタリング、月中の早期是正アクション (KPI単独表示)	L2-S	年間予算_電気代 ÷ 年間予算_総売上 計 × 100	-	年間予実対比（予実対比）.年間予算_電気代, 年間予実対比（予実対比）.年間予算_総売上 計	売上(税抜)	year	月次	shop × month	60M	on_budget_update	batch	予算確定後
トランザクション	個別	C439	年間予算構成比_ガス代	予実系	本部管理者	-	🟢 既実装	小	🟡 加重平均	率指標は加重平均	metric	FORECAST	画面内	予実管理	売上予実	売上の達成率/進捗率モニタリング、月中の早期是正アクション (KPI単独表示)	L2-S	年間予算_ガス代 ÷ 年間予算_総売上 計 × 100	-	年間予実対比（予実対比）.年間予算_ガス代, 年間予実対比（予実対比）.年間予算_総売上 計	売上(税抜)	year	月次	shop × month	60M	on_budget_update	batch	予算確定後
トランザクション	個別	C440	年間予算構成比_水道代	予実系	本部管理者	-	🟢 既実装	小	🟡 加重平均	率指標は加重平均	metric	FORECAST	画面内	予実管理	売上予実	売上の達成率/進捗率モニタリング、月中の早期是正アクション (KPI単独表示)	L2-S	年間予算_水道代 ÷ 年間予算_総売上 計 × 100	-	年間予実対比（予実対比）.年間予算_水道代, 年間予実対比（予実対比）.年間予算_総売上 計	売上(税抜)	year	月次	shop × month	60M	on_budget_update	batch	予算確定後
トランザクション	個別	C441	年間予算構成比_減価償却費	予実系	本部管理者	-	🟢 既実装	小	🟡 加重平均	率指標は加重平均	metric	FORECAST	画面内	予実管理	経費予実	経費の予算超過リスク検知、削減ポイント特定 (KPI単独表示)	L2-S	年間予算_減価償却費 ÷ 年間予算_総売上 計 × 100	-	年間予実対比（予実対比）.年間予算_減価償却費, 年間予実対比（予実対比）.年間予算_総売上 計	売上(税抜)	year	月次	shop × month	60M	on_budget_update	batch	予算確定後
トランザクション	個別	C442	年間予算構成比_販促費	予実系	本部管理者	-	🟢 既実装	小	🟡 加重平均	率指標は加重平均	metric	FORECAST	画面内	予実管理	経費予実	経費の予算超過リスク検知、削減ポイント特定 (KPI単独表示)	L2-S	年間予算_販促費 ÷ 年間予算_総売上 計 × 100	-	年間予実対比（予実対比）.年間予算_販促費, 年間予実対比（予実対比）.年間予算_総売上 計	売上(税抜)	year	月次	shop × month	60M	on_budget_update	batch	予算確定後
トランザクション	個別	C443	年間予算構成比_資材費	予実系	本部管理者	-	🟢 既実装	小	🟡 加重平均	率指標は加重平均	metric	FORECAST	画面内	予実管理	経費予実	経費の予算超過リスク検知、削減ポイント特定 (KPI単独表示)	L2-S	年間予算_資材費 ÷ 年間予算_総売上 計 × 100	-	年間予実対比（予実対比）.年間予算_資材費, 年間予実対比（予実対比）.年間予算_総売上 計	売上(税抜)	year	月次	shop × month	60M	on_budget_update	batch	予算確定後
トランザクション	個別	C444	年間予算構成比_借入金返済	予実系	本部管理者	-	🟢 既実装	小	🟡 加重平均	率指標は加重平均	metric	FORECAST	画面内	予実管理	売上予実	売上の達成率/進捗率モニタリング、月中の早期是正アクション (KPI単独表示)	L2-S	年間予算_借入金返済 ÷ 年間予算_総売上 計 × 100	-	年間予実対比（予実対比）.年間予算_借入金返済, 年間予実対比（予実対比）.年間予算_総売上 計	売上(税抜)	year	月次	shop × month	60M	on_budget_update	batch	予算確定後
トランザクション	個別	C445	年間予算構成比_IT費用	予実系	本部管理者	-	🟢 既実装	小	🟡 加重平均	率指標は加重平均	metric	FORECAST	画面内	予実管理	経費予実	経費の予算超過リスク検知、削減ポイント特定 (KPI単独表示)	L2-S	年間予算_IT費用 ÷ 年間予算_総売上 計 × 100	-	年間予実対比（予実対比）.年間予算_IT費用, 年間予実対比（予実対比）.年間予算_総売上 計	売上(税抜)	year	月次	shop × month	60M	on_budget_update	batch	予算確定後
トランザクション	個別	C446	年間予算構成比_ラクミー利用料	予実系	本部管理者	-	🟢 既実装	小	🟡 加重平均	率指標は加重平均	metric	FORECAST	画面内	予実管理	売上予実	売上の達成率/進捗率モニタリング、月中の早期是正アクション (KPI単独表示)	L2-S	年間予算_ラクミー利用料 ÷ 年間予算_総売上 計 × 100	-	年間予実対比（予実対比）.年間予算_ラクミー利用料, 年間予実対比（予実対比）.年間予算_総売上 計	売上(税抜)	year	月次	shop × month	60M	on_budget_update	batch	予算確定後
トランザクション	個別	C447	年間予算構成比_レジ利用料	予実系	本部管理者	-	🟢 既実装	小	🟡 加重平均	率指標は加重平均	metric	FORECAST	画面内	予実管理	売上予実	売上の達成率/進捗率モニタリング、月中の早期是正アクション (KPI単独表示)	L2-S	年間予算_レジ利用料 ÷ 年間予算_総売上 計 × 100	-	年間予実対比（予実対比）.年間予算_レジ利用料, 年間予実対比（予実対比）.年間予算_総売上 計	売上(税抜)	year	月次	shop × month	60M	on_budget_update	batch	予算確定後
トランザクション	個別	C448	年間予算構成比_クレジットカード手数料	予実系	本部管理者	-	🟢 既実装	小	🟡 加重平均	率指標は加重平均	metric	FORECAST	画面内	予実管理	売上予実	売上の達成率/進捗率モニタリング、月中の早期是正アクション (KPI単独表示)	L2-S	年間予算_クレジットカード手数料 ÷ 年間予算_総売上 計 × 100	-	年間予実対比（予実対比）.年間予算_クレジットカード手数料, 年間予実対比（予実対比）.年間予算_総売上 計	売上(税抜)	year	月次	shop × month	60M	on_budget_update	batch	予算確定後
トランザクション	個別	C449	年間予算構成比_お花代	予実系	本部管理者	-	🟢 既実装	小	🟡 加重平均	率指標は加重平均	metric	FORECAST	画面内	予実管理	売上予実	売上の達成率/進捗率モニタリング、月中の早期是正アクション (KPI単独表示)	L2-S	年間予算_お花代 ÷ 年間予算_総売上 計 × 100	-	年間予実対比（予実対比）.年間予算_お花代, 年間予実対比（予実対比）.年間予算_総売上 計	売上(税抜)	year	月次	shop × month	60M	on_budget_update	batch	予算確定後
トランザクション	個別	C450	年間予算構成比_営業利益	予実系	本部管理者	-	🟢 既実装	小	🟡 加重平均	率指標は加重平均	metric	FORECAST	画面内	予実管理	売上予実	売上の達成率/進捗率モニタリング、月中の早期是正アクション (KPI単独表示)	L2-S	年間予算_営業利益 ÷ 年間予算_総売上 計 × 100	-	年間予実対比（予実対比）.年間予算_営業利益, 年間予実対比（予実対比）.年間予算_総売上 計	売上(税抜)	year	月次	shop × month × product	60M	on_budget_update	batch	予算確定後
トランザクション	個別	C451	年間構成比_総売上 計	売上系	本部管理者	-	🟢 既実装	小	🟡 加重平均	率指標は加重平均	metric	FLOW	画面内	売上分析	店舗別売上	店舗ごとの売上推移を比較し、伸長/落ち込み店舗を早期発見、施策効果検証 (KPI単独表示)	L2-S	年間実績_総売上 計 ÷ 年間実績_総売上 計 × 100	-	年間予実対比（予実対比）.年間実績_総売上 計, 年間予実対比（予実対比）.年間実績_総売上 計	売上(税抜)	year	月次	shop × month × product	60M	nightly + monthly_finalize	batch	翌日日次確定
トランザクション	個別	C452	年間構成比_フード売上 計	売上系	本部管理者	-	🟢 既実装	小	🟡 加重平均	率指標は加重平均	metric	FLOW	画面内	売上分析	店舗別売上	店舗ごとの売上推移を比較し、伸長/落ち込み店舗を早期発見、施策効果検証 (KPI単独表示)	L2-S	年間実績_フード売上 計 ÷ 年間実績_総売上 計 × 100	-	年間予実対比（予実対比）.年間実績_フード売上 計, 年間予実対比（予実対比）.年間実績_総売上 計	売上(税抜)	year	月次	shop × month × product	60M	nightly + monthly_finalize	batch	翌日日次確定
トランザクション	個別	C453	年間構成比_フード売上ランチ	売上系	本部管理者	-	🟢 既実装	小	🟡 加重平均	率指標は加重平均	metric	FLOW	画面内	売上分析	店舗別売上	店舗ごとの売上推移を比較し、伸長/落ち込み店舗を早期発見、施策効果検証 (KPI単独表示)	L2-S	年間実績_フード売上ランチ ÷ 年間実績_総売上 計 × 100	-	年間予実対比（予実対比）.年間実績_フード売上ランチ, 年間予実対比（予実対比）.年間実績_総売上 計	売上(税抜)	year	月次	shop × month × time_slot × product	60M	nightly + monthly_finalize	batch	翌日日次確定
トランザクション	個別	C454	年間構成比_フード売上ディナー	売上系	本部管理者	-	🟢 既実装	小	🟡 加重平均	率指標は加重平均	metric	FLOW	画面内	売上分析	店舗別売上	店舗ごとの売上推移を比較し、伸長/落ち込み店舗を早期発見、施策効果検証 (KPI単独表示)	L2-S	年間実績_フード売上ディナー ÷ 年間実績_総売上 計 × 100	-	年間予実対比（予実対比）.年間実績_フード売上ディナー, 年間予実対比（予実対比）.年間実績_総売上 計	売上(税抜)	year	月次	shop × month × time_slot × product	60M	nightly + monthly_finalize	batch	翌日日次確定
トランザクション	個別	C455	年間構成比_ドリンク売上 計	売上系	本部管理者	-	🟢 既実装	小	🟡 加重平均	率指標は加重平均	metric	FLOW	画面内	売上分析	店舗別売上	店舗ごとの売上推移を比較し、伸長/落ち込み店舗を早期発見、施策効果検証 (KPI単独表示)	L2-S	年間実績_ドリンク売上 計 ÷ 年間実績_総売上 計 × 100	-	年間予実対比（予実対比）.年間実績_ドリンク売上 計, 年間予実対比（予実対比）.年間実績_総売上 計	売上(税抜)	year	月次	shop × month × product	60M	nightly + monthly_finalize	batch	翌日日次確定
トランザクション	個別	C456	年間構成比_ドリンク売上ランチ	売上系	本部管理者	-	🟢 既実装	小	🟡 加重平均	率指標は加重平均	metric	FLOW	画面内	売上分析	店舗別売上	店舗ごとの売上推移を比較し、伸長/落ち込み店舗を早期発見、施策効果検証 (KPI単独表示)	L2-S	年間実績_ドリンク売上ランチ ÷ 年間実績_総売上 計 × 100	-	年間予実対比（予実対比）.年間実績_ドリンク売上ランチ, 年間予実対比（予実対比）.年間実績_総売上 計	売上(税抜)	year	月次	shop × month × time_slot × product	60M	nightly + monthly_finalize	batch	翌日日次確定
トランザクション	個別	C457	年間構成比_ドリンク売上ディナー	売上系	本部管理者	-	🟢 既実装	小	🟡 加重平均	率指標は加重平均	metric	FLOW	画面内	売上分析	店舗別売上	店舗ごとの売上推移を比較し、伸長/落ち込み店舗を早期発見、施策効果検証 (KPI単独表示)	L2-S	年間実績_ドリンク売上ディナー ÷ 年間実績_総売上 計 × 100	-	年間予実対比（予実対比）.年間実績_ドリンク売上ディナー, 年間予実対比（予実対比）.年間実績_総売上 計	売上(税抜)	year	月次	shop × month × time_slot × product	60M	nightly + monthly_finalize	batch	翌日日次確定
トランザクション	個別	C458	年間構成比_その他売上 計	売上系	本部管理者	-	🟢 既実装	小	🟡 加重平均	率指標は加重平均	metric	FLOW	画面内	売上分析	店舗別売上	店舗ごとの売上推移を比較し、伸長/落ち込み店舗を早期発見、施策効果検証 (KPI単独表示)	L2-S	年間実績_その他売上 計 ÷ 年間実績_総売上 計 × 100	-	年間予実対比（予実対比）.年間実績_その他売上 計, 年間予実対比（予実対比）.年間実績_総売上 計	売上(税抜)	year	月次	shop × month	60M	nightly + monthly_finalize	batch	翌日日次確定
トランザクション	個別	C459	年間構成比_その他売上ランチ	売上系	本部管理者	-	🟢 既実装	小	🟡 加重平均	率指標は加重平均	metric	FLOW	画面内	売上分析	店舗別売上	店舗ごとの売上推移を比較し、伸長/落ち込み店舗を早期発見、施策効果検証 (KPI単独表示)	L2-S	年間実績_その他売上ランチ ÷ 年間実績_総売上 計 × 100	-	年間予実対比（予実対比）.年間実績_その他売上ランチ, 年間予実対比（予実対比）.年間実績_総売上 計	売上(税抜)	year	月次	shop × month × time_slot	60M	nightly + monthly_finalize	batch	翌日日次確定
トランザクション	個別	C460	年間構成比_その他売上ディナー	売上系	本部管理者	-	🟢 既実装	小	🟡 加重平均	率指標は加重平均	metric	FLOW	画面内	売上分析	店舗別売上	店舗ごとの売上推移を比較し、伸長/落ち込み店舗を早期発見、施策効果検証 (KPI単独表示)	L2-S	年間実績_その他売上ディナー ÷ 年間実績_総売上 計 × 100	-	年間予実対比（予実対比）.年間実績_その他売上ディナー, 年間予実対比（予実対比）.年間実績_総売上 計	売上(税抜)	year	月次	shop × month × time_slot	60M	nightly + monthly_finalize	batch	翌日日次確定
トランザクション	個別	C461	年間構成比_FLコスト 計	その他	本部管理者	-	🟢 既実装	小	🟡 加重平均	率指標は加重平均	metric	FLOW	画面内	売上分析	店舗別売上	店舗ごとの売上推移を比較し、伸長/落ち込み店舗を早期発見、施策効果検証 (KPI単独表示)	L2-S	年間実績_FLコスト 計 ÷ 年間実績_総売上 計 × 100	-	年間予実対比（予実対比）.年間実績_FLコスト 計, 年間予実対比（予実対比）.年間実績_総売上 計	売上(税抜)	year	月次	shop × month × product	60M	nightly + monthly_finalize	batch	確定なし
トランザクション	個別	C462	年間構成比_FD仕入 計	原価系	本部管理者	-	🟢 既実装	小	🟡 加重平均	率指標は加重平均	metric	FLOW	画面内	原価管理	FD率分析	FD率の推移把握、ロス削減/原価コントロール優先順位 (KPI単独表示)	L2-S	年間実績_FD仕入 計 ÷ 年間実績_総売上 計 × 100	-	年間予実対比（予実対比）.年間実績_FD仕入 計, 年間予実対比（予実対比）.年間実績_総売上 計	仕入金額(全体)	year	月次	shop × month × product	60M	nightly + monthly_finalize	batch	納品確定後
トランザクション	個別	C463	年間構成比_フード仕入	原価系	本部管理者	-	🟢 既実装	小	🟡 加重平均	率指標は加重平均	metric	FLOW	画面内	原価管理	FD率分析	FD率の推移把握、ロス削減/原価コントロール優先順位 (KPI単独表示)	L2-S	年間実績_フード仕入 ÷ 年間実績_総売上 計 × 100	-	年間予実対比（予実対比）.年間実績_フード仕入, 年間予実対比（予実対比）.年間実績_総売上 計	仕入金額(全体)	year	月次	shop × month	60M	nightly + monthly_finalize	batch	納品確定後
トランザクション	個別	C464	年間構成比_ドリンク仕入	原価系	本部管理者	-	🟢 既実装	小	🟡 加重平均	率指標は加重平均	metric	FLOW	画面内	原価管理	FD率分析	FD率の推移把握、ロス削減/原価コントロール優先順位 (KPI単独表示)	L2-S	年間実績_ドリンク仕入 ÷ 年間実績_総売上 計 × 100	-	年間予実対比（予実対比）.年間実績_ドリンク仕入, 年間予実対比（予実対比）.年間実績_総売上 計	仕入金額(全体)	year	月次	shop × month	60M	nightly + monthly_finalize	batch	納品確定後
トランザクション	個別	C465	年間構成比_人件費 計	人件費系	本部管理者	-	🟢 既実装	小	🟡 加重平均	率指標は加重平均	metric	FLOW	画面内	人件費効率	スタッフ別人件費	スタッフ別の人時生産性評価、教育投資/シフト配置最適化 (KPI単独表示)	L2-S	年間実績_人件費 計 ÷ 年間実績_総売上 計 × 100	-	年間予実対比（予実対比）.年間実績_人件費 計, 年間予実対比（予実対比）.年間実績_総売上 計	売上(税抜)	year	月次	shop × month × product	60M	nightly + monthly_finalize	batch	確定なし
トランザクション	個別	C466	年間構成比_固定人件費	人件費系	本部管理者	-	🟢 既実装	小	🟡 加重平均	率指標は加重平均	metric	FLOW	画面内	人件費効率	スタッフ別人件費	スタッフ別の人時生産性評価、教育投資/シフト配置最適化 (KPI単独表示)	L2-S	年間実績_固定人件費 ÷ 年間実績_総売上 計 × 100	-	年間予実対比（予実対比）.年間実績_固定人件費, 年間予実対比（予実対比）.年間実績_総売上 計	売上(税抜)	year	月次	shop × month	60M	nightly + monthly_finalize	batch	確定なし
トランザクション	個別	C467	年間構成比_PA人件費	人件費系	本部管理者	-	🟢 既実装	小	🟡 加重平均	率指標は加重平均	metric	FLOW	画面内	人件費効率	PA率分析	PA率の店舗/業態比較、人件費効率改善の優先順位 (KPI単独表示)	L2-S	年間実績_PA人件費 ÷ 年間実績_総売上 計 × 100	-	年間予実対比（予実対比）.年間実績_PA人件費, 年間予実対比（予実対比）.年間実績_総売上 計	売上(税抜)	year	月次	shop × month	60M	nightly + monthly_finalize	batch	確定なし
トランザクション	個別	C468	年間構成比_社員人件費	人件費系	本部管理者	-	🟢 既実装	小	🟡 加重平均	率指標は加重平均	metric	FLOW	画面内	人件費効率	スタッフ別人件費	スタッフ別の人時生産性評価、教育投資/シフト配置最適化 (KPI単独表示)	L2-S	年間実績_社員人件費 ÷ 年間実績_総売上 計 × 100	-	年間予実対比（予実対比）.年間実績_社員人件費, 年間予実対比（予実対比）.年間実績_総売上 計	売上(税抜)	year	月次	shop × month	60M	nightly + monthly_finalize	batch	確定なし
トランザクション	個別	C469	年間構成比_ヘルプ人件費	人件費系	本部管理者	-	🟢 既実装	小	🟡 加重平均	率指標は加重平均	metric	FLOW	画面内	人件費効率	スタッフ別人件費	スタッフ別の人時生産性評価、教育投資/シフト配置最適化 (KPI単独表示)	L2-S	年間実績_ヘルプ人件費 ÷ 年間実績_総売上 計 × 100	-	年間予実対比（予実対比）.年間実績_ヘルプ人件費, 年間予実対比（予実対比）.年間実績_総売上 計	売上(税抜)	year	月次	shop × month	60M	nightly + monthly_finalize	batch	確定なし
トランザクション	個別	C470	年間構成比_その他経費 計	その他	本部管理者	-	🟢 既実装	小	🟡 加重平均	率指標は加重平均	metric	FLOW	画面内	売上分析	店舗別売上	店舗ごとの売上推移を比較し、伸長/落ち込み店舗を早期発見、施策効果検証 (KPI単独表示)	L2-S	年間実績_その他経費 計 ÷ 年間実績_総売上 計 × 100	-	年間予実対比（予実対比）.年間実績_その他経費 計, 年間予実対比（予実対比）.年間実績_総売上 計	売上(税抜)	year	月次	shop × month × product	60M	nightly + monthly_finalize	batch	確定なし
トランザクション	個別	C471	年間構成比_地代家賃	その他	本部管理者	-	🟢 既実装	小	🟡 加重平均	率指標は加重平均	metric	FLOW	画面内	売上分析	店舗別売上	店舗ごとの売上推移を比較し、伸長/落ち込み店舗を早期発見、施策効果検証 (KPI単独表示)	L2-S	年間実績_地代家賃 ÷ 年間実績_総売上 計 × 100	-	年間予実対比（予実対比）.年間実績_地代家賃, 年間予実対比（予実対比）.年間実績_総売上 計	売上(税抜)	year	月次	shop × month	60M	nightly + monthly_finalize	batch	確定なし
トランザクション	個別	C472	年間構成比_家賃（変動分）	その他	本部管理者	-	🟢 既実装	小	🟡 加重平均	率指標は加重平均	metric	FLOW	画面内	売上分析	店舗別売上	店舗ごとの売上推移を比較し、伸長/落ち込み店舗を早期発見、施策効果検証 (KPI単独表示)	L2-S	年間実績_家賃（変動分） ÷ 年間実績_総売上 計 × 100	-	年間予実対比（予実対比）.年間実績_家賃（変動分）, 年間予実対比（予実対比）.年間実績_総売上 計	売上(税抜)	year	月次	shop × month	60M	nightly + monthly_finalize	batch	確定なし
トランザクション	個別	C473	年間構成比_水道光熱費	その他	本部管理者	-	🟢 既実装	小	🟡 加重平均	率指標は加重平均	metric	FLOW	画面内	売上分析	店舗別売上	店舗ごとの売上推移を比較し、伸長/落ち込み店舗を早期発見、施策効果検証 (KPI単独表示)	L2-S	年間実績_水道光熱費 ÷ 年間実績_総売上 計 × 100	-	年間予実対比（予実対比）.年間実績_水道光熱費, 年間予実対比（予実対比）.年間実績_総売上 計	売上(税抜)	year	月次	shop × month	60M	nightly + monthly_finalize	batch	確定なし
トランザクション	個別	C474	年間構成比_電気代	その他	本部管理者	-	🟢 既実装	小	🟡 加重平均	率指標は加重平均	metric	FLOW	画面内	売上分析	店舗別売上	店舗ごとの売上推移を比較し、伸長/落ち込み店舗を早期発見、施策効果検証 (KPI単独表示)	L2-S	年間実績_電気代 ÷ 年間実績_総売上 計 × 100	-	年間予実対比（予実対比）.年間実績_電気代, 年間予実対比（予実対比）.年間実績_総売上 計	売上(税抜)	year	月次	shop × month	60M	nightly + monthly_finalize	batch	確定なし
トランザクション	個別	C475	年間構成比_ガス代	その他	本部管理者	-	🟢 既実装	小	🟡 加重平均	率指標は加重平均	metric	FLOW	画面内	売上分析	店舗別売上	店舗ごとの売上推移を比較し、伸長/落ち込み店舗を早期発見、施策効果検証 (KPI単独表示)	L2-S	年間実績_ガス代 ÷ 年間実績_総売上 計 × 100	-	年間予実対比（予実対比）.年間実績_ガス代, 年間予実対比（予実対比）.年間実績_総売上 計	売上(税抜)	year	月次	shop × month	60M	nightly + monthly_finalize	batch	確定なし
トランザクション	個別	C476	年間構成比_水道代	その他	本部管理者	-	🟢 既実装	小	🟡 加重平均	率指標は加重平均	metric	FLOW	画面内	売上分析	店舗別売上	店舗ごとの売上推移を比較し、伸長/落ち込み店舗を早期発見、施策効果検証 (KPI単独表示)	L2-S	年間実績_水道代 ÷ 年間実績_総売上 計 × 100	-	年間予実対比（予実対比）.年間実績_水道代, 年間予実対比（予実対比）.年間実績_総売上 計	売上(税抜)	year	月次	shop × month	60M	nightly + monthly_finalize	batch	確定なし
トランザクション	個別	C477	年間構成比_減価償却費	その他	本部管理者	-	🟢 既実装	小	🟡 加重平均	率指標は加重平均	metric	FLOW	画面内	売上分析	店舗別売上	店舗ごとの売上推移を比較し、伸長/落ち込み店舗を早期発見、施策効果検証 (KPI単独表示)	L2-S	年間実績_減価償却費 ÷ 年間実績_総売上 計 × 100	-	年間予実対比（予実対比）.年間実績_減価償却費, 年間予実対比（予実対比）.年間実績_総売上 計	売上(税抜)	year	月次	shop × month	60M	nightly + monthly_finalize	batch	確定なし
トランザクション	個別	C478	年間構成比_販促費	その他	本部管理者	-	🟢 既実装	小	🟡 加重平均	率指標は加重平均	metric	FLOW	画面内	売上分析	店舗別売上	店舗ごとの売上推移を比較し、伸長/落ち込み店舗を早期発見、施策効果検証 (KPI単独表示)	L2-S	年間実績_販促費 ÷ 年間実績_総売上 計 × 100	-	年間予実対比（予実対比）.年間実績_販促費, 年間予実対比（予実対比）.年間実績_総売上 計	売上(税抜)	year	月次	shop × month	60M	nightly + monthly_finalize	batch	確定なし
トランザクション	個別	C479	年間構成比_資材費	その他	本部管理者	-	🟢 既実装	小	🟡 加重平均	率指標は加重平均	metric	FLOW	画面内	売上分析	店舗別売上	店舗ごとの売上推移を比較し、伸長/落ち込み店舗を早期発見、施策効果検証 (KPI単独表示)	L2-S	年間実績_資材費 ÷ 年間実績_総売上 計 × 100	-	年間予実対比（予実対比）.年間実績_資材費, 年間予実対比（予実対比）.年間実績_総売上 計	売上(税抜)	year	月次	shop × month	60M	nightly + monthly_finalize	batch	確定なし
トランザクション	個別	C480	年間構成比_借入金返済	その他	本部管理者	-	🟢 既実装	小	🟡 加重平均	率指標は加重平均	metric	FLOW	画面内	売上分析	店舗別売上	店舗ごとの売上推移を比較し、伸長/落ち込み店舗を早期発見、施策効果検証 (KPI単独表示)	L2-S	年間実績_借入金返済 ÷ 年間実績_総売上 計 × 100	-	年間予実対比（予実対比）.年間実績_借入金返済, 年間予実対比（予実対比）.年間実績_総売上 計	売上(税抜)	year	月次	shop × month	60M	nightly + monthly_finalize	batch	確定なし
トランザクション	個別	C481	年間構成比_IT費用	その他	本部管理者	-	🟢 既実装	小	🟡 加重平均	率指標は加重平均	metric	FLOW	画面内	売上分析	店舗別売上	店舗ごとの売上推移を比較し、伸長/落ち込み店舗を早期発見、施策効果検証 (KPI単独表示)	L2-S	年間実績_IT費用 ÷ 年間実績_総売上 計 × 100	-	年間予実対比（予実対比）.年間実績_IT費用, 年間予実対比（予実対比）.年間実績_総売上 計	売上(税抜)	year	月次	shop × month	60M	nightly + monthly_finalize	batch	確定なし
トランザクション	個別	C482	年間構成比_ラクミー利用料	その他	本部管理者	-	🟢 既実装	小	🟡 加重平均	率指標は加重平均	metric	FLOW	画面内	売上分析	店舗別売上	店舗ごとの売上推移を比較し、伸長/落ち込み店舗を早期発見、施策効果検証 (KPI単独表示)	L2-S	年間実績_ラクミー利用料 ÷ 年間実績_総売上 計 × 100	-	年間予実対比（予実対比）.年間実績_ラクミー利用料, 年間予実対比（予実対比）.年間実績_総売上 計	売上(税抜)	year	月次	shop × month	60M	nightly + monthly_finalize	batch	確定なし
トランザクション	個別	C483	年間構成比_レジ利用料	その他	本部管理者	-	🟢 既実装	小	🟡 加重平均	率指標は加重平均	metric	FLOW	画面内	売上分析	店舗別売上	店舗ごとの売上推移を比較し、伸長/落ち込み店舗を早期発見、施策効果検証 (KPI単独表示)	L2-S	年間実績_レジ利用料 ÷ 年間実績_総売上 計 × 100	-	年間予実対比（予実対比）.年間実績_レジ利用料, 年間予実対比（予実対比）.年間実績_総売上 計	売上(税抜)	year	月次	shop × month	60M	nightly + monthly_finalize	batch	確定なし
トランザクション	個別	C484	年間構成比_クレジットカード手数料	その他	本部管理者	-	🟢 既実装	小	🟡 加重平均	率指標は加重平均	metric	FLOW	画面内	売上分析	店舗別売上	店舗ごとの売上推移を比較し、伸長/落ち込み店舗を早期発見、施策効果検証 (KPI単独表示)	L2-S	年間実績_クレジットカード手数料 ÷ 年間実績_総売上 計 × 100	-	年間予実対比（予実対比）.年間実績_クレジットカード手数料, 年間予実対比（予実対比）.年間実績_総売上 計	売上(税抜)	year	月次	shop × month	60M	nightly + monthly_finalize	batch	確定なし
トランザクション	個別	C485	年間構成比_お花代	その他	本部管理者	-	🟢 既実装	小	🟡 加重平均	率指標は加重平均	metric	FLOW	画面内	売上分析	店舗別売上	店舗ごとの売上推移を比較し、伸長/落ち込み店舗を早期発見、施策効果検証 (KPI単独表示)	L2-S	年間実績_お花代 ÷ 年間実績_総売上 計 × 100	-	年間予実対比（予実対比）.年間実績_お花代, 年間予実対比（予実対比）.年間実績_総売上 計	売上(税抜)	year	月次	shop × month	60M	nightly + monthly_finalize	batch	確定なし
トランザクション	個別	C486	年間構成比_営業利益	収益性	本部管理者	-	🟢 既実装	小	🟡 加重平均	率指標は加重平均	metric	FLOW	画面内	利益分析	店舗別利益	店舗別の利益貢献を可視化、低収益店舗の改善優先順位付け (KPI単独表示)	L2-S	年間実績_営業利益 ÷ 年間実績_総売上 計 × 100	-	年間予実対比（予実対比）.年間実績_営業利益, 年間予実対比（予実対比）.年間実績_総売上 計	売上(税抜)	year	月次	shop × month × product	60M	nightly + monthly_finalize	batch	月次締め後（全費目確定）
トランザクション	個別	C189	売上（税抜）	売上系	本部管理者	-	🟢 既実装	小	🟢 制限なし	そのまま集計可能	metric	FLOW	画面内	売上分析	店舗別売上	店舗ごとの売上推移を比較し、伸長/落ち込み店舗を早期発見、施策効果検証 (KPI単独表示)	L2-L	参照表示	head_office_connected_service_sales_logs.sales_excluded	[外部]ZTOTAL.sales_excluded			オンデマンド	-	-	on_demand	on_demand	翌日日次確定
トランザクション	個別	C196	売上（税抜）	売上系	本部管理者	-	🟢 既実装	小	🟢 制限なし	そのまま集計可能	metric	FLOW	画面内	売上分析	店舗別売上	店舗ごとの売上推移を比較し、伸長/落ち込み店舗を早期発見、施策効果検証 (KPI単独表示)	L2-C	参照表示	head_office_connected_service_sales_logs.sales_excluded	[外部]ZTOTAL.sales_excluded			オンデマンド	-	-	on_demand	on_demand	翌日日次確定
トランザクション	個別	C203	売上（税抜）	売上系	本部管理者	-	🟢 既実装	小	🟢 制限なし	そのまま集計可能	metric	FLOW	画面内	売上分析	店舗別売上	店舗ごとの売上推移を比較し、伸長/落ち込み店舗を早期発見、施策効果検証 (KPI単独表示)	L2-C	参照表示	head_office_connected_service_sales_logs.sales_excluded	[外部]ZTOTAL.sales_excluded		month,quarter,year	月次	shop × month	60M	nightly + monthly_finalize	batch	翌日日次確定
トランザクション	個別	C144	原価（金額）	原価系	本部管理者	-	🟢 既実装	小	🟢 制限なし	そのまま集計可能	metric	FLOW	画面内	原価管理	FD率分析	FD率の推移把握、ロス削減/原価コントロール優先順位 (KPI単独表示)	L2-C	前月在庫+仕入-当月在庫	shop_inventories.amount（棚卸入力）, infomart_transactions.total_tax_excluded	月次レポート.仕入総額		month,quarter,year	月次	shop × month	36M	nightly + monthly_finalize	hybrid	確定なし
トランザクション	個別	C146	対象前月在庫（金額）	その他	本部管理者	-	🟢 既実装	小	🟡 STOCK指標	期末値、SUM不可	metric	STOCK	画面内	在庫・棚卸	棚卸金額	棚卸金額の月次推移、在庫過剰/欠品リスク管理 (KPI単独表示)	L2-C	マスタ参照	shop_inventories.amount（棚卸入力）	-		month,quarter,year	月次	shop × month	36M	nightly + monthly_finalize	hybrid	確定なし
トランザクション	個別	C148	対象月在庫（金額）	その他	本部管理者	-	🟢 既実装	小	🟡 STOCK指標	期末値、SUM不可	metric	STOCK	画面内	在庫・棚卸	棚卸金額	棚卸金額の月次推移、在庫過剰/欠品リスク管理 (KPI単独表示)	L2-C	マスタ参照	shop_inventories.amount（棚卸入力）	-		month,quarter,year	月次	shop × month	36M	nightly + monthly_finalize	hybrid	確定なし
トランザクション	個別	C167	仕入れ先	原価系	本部管理者	-	🟢 既実装	小	🟢 制限なし	そのまま集計可能	metric	FLOW	画面内	原価管理	FD率分析	FD率の推移把握、ロス削減/原価コントロール優先順位 (KPI単独表示)	L2-C	参照表示	infomart_transactions.client_name	-			オンデマンド	-	-	on_demand	on_demand	納品確定後
トランザクション	個別	C172	小計	その他	本部管理者	-	🟢 既実装	小	🟢 制限なし	そのまま集計可能	metric	FLOW	画面内	売上分析	店舗別売上	店舗ごとの売上推移を比較し、伸長/落ち込み店舗を早期発見、施策効果検証 (KPI単独表示)	L2-C	参照表示	inventory_items.num, inventory_items.price	-			オンデマンド	-	-	on_demand	on_demand	確定なし
トランザクション	個別	C174	受付日付	その他	本部管理者	-	🟢 既実装	小	🟢 制限なし	そのまま集計可能	metric	FLOW	画面内	売上分析	店舗別売上	店舗ごとの売上推移を比較し、伸長/落ち込み店舗を早期発見、施策効果検証 (KPI単独表示)	L2-C	参照表示	infomart_transactions.received_at	-			オンデマンド	-	-	on_demand	on_demand	確定なし
トランザクション	個別	C175	納品日	その他	本部管理者	-	🟢 既実装	小	🟢 制限なし	そのまま集計可能	metric	FLOW	画面内	売上分析	店舗別売上	店舗ごとの売上推移を比較し、伸長/落ち込み店舗を早期発見、施策効果検証 (KPI単独表示)	L2-C	参照表示	infomart_transactions.delivery_date	-			オンデマンド	-	-	on_demand	on_demand	納品確定後
トランザクション	個別	C178	発注先	その他	本部管理者	-	🟢 既実装	小	🟢 制限なし	そのまま集計可能	metric	FLOW	画面内	売上分析	店舗別売上	店舗ごとの売上推移を比較し、伸長/落ち込み店舗を早期発見、施策効果検証 (KPI単独表示)	L2-C	参照表示	infomart_transactions.client_name	-			オンデマンド	-	-	on_demand	on_demand	納品確定後
トランザクション	個別	C180	発注者	その他	本部管理者	-	🟢 既実装	小	🟢 制限なし	そのまま集計可能	metric	FLOW	画面内	売上分析	店舗別売上	店舗ごとの売上推移を比較し、伸長/落ち込み店舗を早期発見、施策効果検証 (KPI単独表示)	L2-C	参照表示	infomart_transactions.orderer_name	-			オンデマンド	-	-	on_demand	on_demand	納品確定後
トランザクション	個別	C181	受注者	その他	本部管理者	-	🟢 既実装	小	🟢 制限なし	そのまま集計可能	metric	FLOW	画面内	売上分析	店舗別売上	店舗ごとの売上推移を比較し、伸長/落ち込み店舗を早期発見、施策効果検証 (KPI単独表示)	L2-C	参照表示	infomart_transactions.client_name	-			オンデマンド	-	-	on_demand	on_demand	確定なし
トランザクション	個別	C183	納品日	その他	本部管理者	-	🟢 既実装	小	🟢 制限なし	そのまま集計可能	metric	FLOW	画面内	売上分析	店舗別売上	店舗ごとの売上推移を比較し、伸長/落ち込み店舗を早期発見、施策効果検証 (KPI単独表示)	L2-C	参照表示	infomart_transactions.delivery_date	-			オンデマンド	-	-	on_demand	on_demand	納品確定後
トランザクション	個別	C153	比率	その他	本部管理者	-	🟢 既実装	小	🟢 制限なし	そのまま集計可能	metric	FLOW	画面内	売上分析	店舗別売上	店舗ごとの売上推移を比較し、伸長/落ち込み店舗を早期発見、施策効果検証 (KPI単独表示)	L2-C	費目÷総仕入×100	monthly_costs.value	-			オンデマンド	-	-	on_demand	on_demand	確定なし
トランザクション	個別	C154	利益進捗率	予実系	本部管理者	-	🟢 既実装	小	🟡 加重平均	率指標は加重平均	metric	FLOW	画面内	予実管理	売上予実	売上の達成率/進捗率モニタリング、月中の早期是正アクション (KPI単独表示)	L2-C	営業利益累計÷目標利益×100	monthly_budgets.value（予算設定画面）, monthly_budgets.profit	当月実績.営業利益	売上予算	month,quarter,year	月次	shop × month	60M	nightly + on_budget_update	batch	確定なし
トランザクション	個別	C155	売上進捗率	予実系	本部管理者	-	🟢 既実装	小	🟡 加重平均	率指標は加重平均	metric	FLOW	画面内	予実管理	売上予実	売上の達成率/進捗率モニタリング、月中の早期是正アクション (KPI単独表示)	L2-C	売上累計÷目標×100	head_office_connected_service_sales_logs.sales_excluded, monthly_budgets.profit	店舗別サマリー.売上（税抜）, 店舗別サマリー.売上目標	売上予算	month,quarter,year	月次	shop × month	60M	nightly + on_budget_update	batch	当月確定後（売上+予算）
トランザクション	個別	C156	達成率	予実系	本部管理者	-	🟢 既実装	小	🟡 加重平均	率指標は加重平均	metric	FLOW	画面内	予実管理	売上予実	売上の達成率/進捗率モニタリング、月中の早期是正アクション (KPI単独表示)	L2-C	実績÷目標×100	head_office_connected_service_sales_logs.sales_excluded, monthly_budgets.profit	当月実績.売上（税抜）	売上予算	month,quarter,year	月次	shop × month	60M	nightly + monthly_finalize	batch	確定なし
トランザクション	個別	C157	進捗率比較（前月）	予実系	本部管理者	-	🟢 既実装	小	🟡 加重平均	率指標は加重平均	metric	FLOW	画面内	予実管理	売上予実	売上の達成率/進捗率モニタリング、月中の早期是正アクション (KPI単独表示)	L2-C	前月比計算	head_office_connected_service_sales_logs.sales_excluded, monthly_budgets.profit	当月実績.売上（税抜）	売上予算	month,quarter,year	月次	shop × month	60M	nightly + on_budget_update	batch	確定なし
トランザクション	個別	C158	進捗率比較（前々月）	予実系	本部管理者	-	🟢 既実装	小	🟡 加重平均	率指標は加重平均	metric	FLOW	画面内	予実管理	売上予実	売上の達成率/進捗率モニタリング、月中の早期是正アクション (KPI単独表示)	L2-C	前々月比計算	head_office_connected_service_sales_logs.sales_excluded, monthly_budgets.profit	当月実績.売上（税抜）	売上予算	month,quarter,year	月次	shop × month	60M	nightly + on_budget_update	batch	確定なし
トランザクション	個別	C184	坪月商	効率性	本部管理者	-	🟢 既実装	小	🟢 制限なし	そのまま集計可能	metric	FLOW	画面内	効率改善	坪月商	坪月商の業態比較/月次推移、店舗パフォーマンス評価 (KPI単独表示)	L3-C	参照表示	head_office_connected_service_sales_logs.sales_excluded, shops.total_area_num	当月実績.売上（税抜）			オンデマンド	-	-	on_demand	on_demand	確定なし
トランザクション	個別	C185	営業利益率	収益性	本部管理者	-	🟢 既実装	小	🟢 制限なし	そのまま集計可能	metric	FLOW	画面内	利益分析	店舗別利益	店舗別の利益貢献を可視化、低収益店舗の改善優先順位付け (KPI単独表示)	L3-C	参照表示	z_totals.sales_excluded	当月実績.営業利益, 当月実績.売上（税抜）, 予実対比.FD仕入, 予実対比.人件費			オンデマンド	-	-	on_demand	on_demand	月次締め後（全費目確定）
トランザクション	個別	C186	家賃比率	その他	本部管理者	-	🟢 既実装	小	🟢 制限なし	そのまま集計可能	metric	FLOW	画面内	売上分析	店舗別売上	店舗ごとの売上推移を比較し、伸長/落ち込み店舗を早期発見、施策効果検証 (KPI単独表示)	L3-C	参照表示	monthly_costs.value, head_office_connected_service_sales_logs.sales_excluded	当月実績.売上（税抜）			オンデマンド	-	-	on_demand	on_demand	確定なし
トランザクション	個別	C187	ROI	効率性	本部管理者	-	🟢 既実装	小	🟢 制限なし	そのまま集計可能	metric	FLOW	画面内	効率改善	ROI	投資効率評価、業態別の出店判断/改装優先順位 (KPI単独表示)	L3-C	参照表示	monthly_budgets.value（予算設定画面）, monthly_budgets.profit	当月実績.営業利益			オンデマンド	-	-	on_demand	on_demand	確定なし
トランザクション	個別	C247	客単価（ランチ）	客数系	本部管理者	-	🟢 既実装	小	🟢 制限なし	そのまま集計可能	metric	FLOW	画面内	客数分析	客単価	客単価の月次推移/商品ミックス影響、アップセル戦略立案 (KPI単独表示)	L3-S	参照表示	head_office_item_sales_logs.sales_excluded, head_office_connected_service_sales_logs.customers	時間帯別売上分析.ランチ売上（税抜）, 時間帯別売上分析.客数			オンデマンド	-	-	on_demand	on_demand	翌日日次確定
トランザクション	個別	C248	客単価（ディナー）	客数系	本部管理者	-	🟢 既実装	小	🟢 制限なし	そのまま集計可能	metric	FLOW	画面内	客数分析	客単価	客単価の月次推移/商品ミックス影響、アップセル戦略立案 (KPI単独表示)	L3-S	参照表示	head_office_item_sales_logs.sales_excluded, head_office_connected_service_sales_logs.customers	時間帯別売上分析.ディナー売上（税抜）, 時間帯別売上分析.客数			オンデマンド	-	-	on_demand	on_demand	翌日日次確定
トランザクション	個別	C249	営業利益	収益性	本部管理者	-	🟢 既実装	小	🟢 制限なし	そのまま集計可能	metric	FLOW	画面内	利益分析	店舗別利益	店舗別の利益貢献を可視化、低収益店舗の改善優先順位付け (KPI単独表示)	L3-S	参照表示	monthly_costs.value	当月実績.売上（税抜）, 予実対比.FD仕入, 予実対比.人件費			オンデマンド	-	-	on_demand	on_demand	月次締め後（全費目確定）
トランザクション	個別	C252	客単価	客数系	本部管理者	-	🟢 既実装	小	🟢 制限なし	そのまま集計可能	metric	FLOW	画面内	客数分析	客単価	客単価の月次推移/商品ミックス影響、アップセル戦略立案 (KPI単独表示)	L3-S	参照表示	head_office_connected_service_sales_logs.sales_excluded, head_office_connected_service_sales_logs.customers	当月実績.売上（税抜）, 感度分析.客数			オンデマンド	-	-	on_demand	on_demand	翌日日次確定
トランザクション	個別	C241	年間実績_ヘルプ人件費	人件費系	本部管理者	-	🟢 既実装	小	🟢 制限なし	そのまま集計可能	metric	FLOW	画面内	人件費効率	スタッフ別人件費	スタッフ別の人時生産性評価、教育投資/シフト配置最適化 (KPI単独表示)	L3-S	help_costs-help_costs_minus	head_office_connected_service_labor_costs_logs.help_costs, head_office_connected_service_labor_costs_logs.help_costs_minus	[外部]勤怠連携（KOT/ジョブカン）.ヘルプ人件費		year	月次	shop × month	60M	nightly + monthly_finalize	batch	確定なし
トランザクション	個別	C322	年間予算_固定人件費	人件費系	本部管理者	-	🟢 既実装	小	🟡 予測値	確定値と区別必要	metric	FORECAST	画面内	人件費効率	スタッフ別人件費	スタッフ別の人時生産性評価、教育投資/シフト配置最適化 (KPI単独表示)	L3-S	SUM(費用設定.固定人件費予算) GROUP BY year	monthly_cost_items.value(固定人件費)	月次予算設定.年間固定人件費		year	月次	shop × month	60M	on_budget_update	batch	予算確定後
トランザクション	個別	C324	年間予算_社員人件費	人件費系	本部管理者	-	🟢 既実装	小	🟡 予測値	確定値と区別必要	metric	FORECAST	画面内	人件費効率	スタッフ別人件費	スタッフ別の人時生産性評価、教育投資/シフト配置最適化 (KPI単独表示)	L3-S	SUM(費用設定.社員人件費予算) GROUP BY year	monthly_cost_items.value(社員人件費)	月次予算設定.年間社員人件費		year	月次	shop × month	60M	on_budget_update	batch	予算確定後
トランザクション	個別	C325	年間予算_ヘルプ人件費	人件費系	本部管理者	-	🟢 既実装	小	🟡 予測値	確定値と区別必要	metric	FORECAST	画面内	人件費効率	スタッフ別人件費	スタッフ別の人時生産性評価、教育投資/シフト配置最適化 (KPI単独表示)	L3-S	SUM(費用設定.ヘルプ人件費予算) GROUP BY year	monthly_cost_items.value(ヘルプ人件費)	月次予算設定.年間ヘルプ人件費		year	月次	shop × month	60M	on_budget_update	batch	予算確定後
トランザクション	個別	C326	年間予算_その他経費 計	予実系	本部管理者	-	🟢 既実装	小	🟡 予測値	確定値と区別必要	metric	FORECAST	画面内	予実管理	経費予実	経費の予算超過リスク検知、削減ポイント特定 (KPI単独表示)	L3-S	SUM(費用設定.その他経費予算) GROUP BY year	monthly_cost_items.value(その他経費)	月次予算設定.年間その他経費		year	月次	shop × month	60M	on_budget_update	batch	予算確定後
トランザクション	個別	C327	年間予算_地代家賃	予実系	本部管理者	-	🟢 既実装	小	🟡 予測値	確定値と区別必要	metric	FORECAST	画面内	予実管理	売上予実	売上の達成率/進捗率モニタリング、月中の早期是正アクション (KPI単独表示)	L3-S	SUM(費用設定.地代家賃予算) GROUP BY year	monthly_cost_items.value(地代家賃)	月次予算設定.年間地代家賃		year	月次	shop × month	60M	on_budget_update	batch	予算確定後
トランザクション	個別	C328	年間予算_家賃（変動分）	予実系	本部管理者	-	🟢 既実装	小	🟡 予測値	確定値と区別必要	metric	FORECAST	画面内	予実管理	売上予実	売上の達成率/進捗率モニタリング、月中の早期是正アクション (KPI単独表示)	L3-S	SUM(費用設定.家賃（変動分）予算) GROUP BY year	monthly_cost_items.value(家賃変動分)	月次予算設定.年間家賃（変動分）		year	月次	shop × month	60M	on_budget_update	batch	予算確定後
トランザクション	個別	C329	年間予算_水道光熱費	予実系	本部管理者	-	🟢 既実装	小	🟡 予測値	確定値と区別必要	metric	FORECAST	画面内	予実管理	経費予実	経費の予算超過リスク検知、削減ポイント特定 (KPI単独表示)	L3-S	SUM(費用設定.水道光熱費予算) GROUP BY year	monthly_cost_items.value(水道光熱費)	月次予算設定.年間水道光熱費		year	月次	shop × month	60M	on_budget_update	batch	予算確定後
トランザクション	個別	C330	年間予算_電気代	予実系	本部管理者	-	🟢 既実装	小	🟡 予測値	確定値と区別必要	metric	FORECAST	画面内	予実管理	売上予実	売上の達成率/進捗率モニタリング、月中の早期是正アクション (KPI単独表示)	L3-S	SUM(費用設定.電気代予算) GROUP BY year	monthly_cost_items.value(電気代)	月次予算設定.年間電気代		year	月次	shop × month	60M	on_budget_update	batch	予算確定後
トランザクション	個別	C331	年間予算_ガス代	予実系	本部管理者	-	🟢 既実装	小	🟡 予測値	確定値と区別必要	metric	FORECAST	画面内	予実管理	売上予実	売上の達成率/進捗率モニタリング、月中の早期是正アクション (KPI単独表示)	L3-S	SUM(費用設定.ガス代予算) GROUP BY year	monthly_cost_items.value(ガス代)	月次予算設定.年間ガス代		year	月次	shop × month	60M	on_budget_update	batch	予算確定後
トランザクション	個別	C332	年間予算_水道代	予実系	本部管理者	-	🟢 既実装	小	🟡 予測値	確定値と区別必要	metric	FORECAST	画面内	予実管理	売上予実	売上の達成率/進捗率モニタリング、月中の早期是正アクション (KPI単独表示)	L3-S	SUM(費用設定.水道代予算) GROUP BY year	monthly_cost_items.value(水道代)	月次予算設定.年間水道代		year	月次	shop × month	60M	on_budget_update	batch	予算確定後
トランザクション	個別	C333	年間予算_減価償却費	予実系	本部管理者	-	🟢 既実装	小	🟡 予測値	確定値と区別必要	metric	FORECAST	画面内	予実管理	経費予実	経費の予算超過リスク検知、削減ポイント特定 (KPI単独表示)	L3-S	SUM(費用設定.減価償却費予算) GROUP BY year	monthly_cost_items.value(減価償却費)	月次予算設定.年間減価償却費		year	月次	shop × month	60M	on_budget_update	batch	予算確定後
トランザクション	個別	C334	年間予算_販促費	予実系	本部管理者	-	🟢 既実装	小	🟡 予測値	確定値と区別必要	metric	FORECAST	画面内	予実管理	経費予実	経費の予算超過リスク検知、削減ポイント特定 (KPI単独表示)	L3-S	SUM(費用設定.販促費予算) GROUP BY year	monthly_cost_items.value(販促費)	月次予算設定.年間販促費		year	月次	shop × month	60M	on_budget_update	batch	予算確定後
トランザクション	個別	C335	年間予算_資材費	予実系	本部管理者	-	🟢 既実装	小	🟡 予測値	確定値と区別必要	metric	FORECAST	画面内	予実管理	経費予実	経費の予算超過リスク検知、削減ポイント特定 (KPI単独表示)	L3-S	SUM(費用設定.資材費予算) GROUP BY year	monthly_cost_items.value(資材費)	月次予算設定.年間資材費		year	月次	shop × month	60M	on_budget_update	batch	予算確定後
トランザクション	個別	C336	年間予算_借入金返済	予実系	本部管理者	-	🟢 既実装	小	🟡 予測値	確定値と区別必要	metric	FORECAST	画面内	予実管理	売上予実	売上の達成率/進捗率モニタリング、月中の早期是正アクション (KPI単独表示)	L3-S	SUM(費用設定.借入金返済予算) GROUP BY year	monthly_cost_items.value(借入金返済)	月次予算設定.年間借入金返済		year	月次	shop × month	60M	on_budget_update	batch	予算確定後
トランザクション	個別	C337	年間予算_IT費用	予実系	本部管理者	-	🟢 既実装	小	🟡 予測値	確定値と区別必要	metric	FORECAST	画面内	予実管理	経費予実	経費の予算超過リスク検知、削減ポイント特定 (KPI単独表示)	L3-S	SUM(費用設定.IT費用予算) GROUP BY year	monthly_cost_items.value(IT費用)	月次予算設定.年間IT費用		year	月次	shop × month	60M	on_budget_update	batch	予算確定後
トランザクション	個別	C338	年間予算_ラクミー利用料	予実系	本部管理者	-	🟢 既実装	小	🟡 予測値	確定値と区別必要	metric	FORECAST	画面内	予実管理	売上予実	売上の達成率/進捗率モニタリング、月中の早期是正アクション (KPI単独表示)	L3-S	SUM(費用設定.ラクミー利用料予算) GROUP BY year	monthly_cost_items.value(ラクミー利用料)	月次予算設定.年間ラクミー利用料		year	月次	shop × month	60M	on_budget_update	batch	予算確定後
トランザクション	個別	C339	年間予算_レジ利用料	予実系	本部管理者	-	🟢 既実装	小	🟡 予測値	確定値と区別必要	metric	FORECAST	画面内	予実管理	売上予実	売上の達成率/進捗率モニタリング、月中の早期是正アクション (KPI単独表示)	L3-S	SUM(費用設定.レジ利用料予算) GROUP BY year	monthly_cost_items.value(レジ利用料)	月次予算設定.年間レジ利用料		year	月次	shop × month	60M	on_budget_update	batch	予算確定後
トランザクション	個別	C340	年間予算_クレジットカード手数料	予実系	本部管理者	-	🟢 既実装	小	🟡 予測値	確定値と区別必要	metric	FORECAST	画面内	予実管理	売上予実	売上の達成率/進捗率モニタリング、月中の早期是正アクション (KPI単独表示)	L3-S	SUM(費用設定.クレジットカード手数料予算) GROUP BY year	monthly_cost_items.value(クレジットカード手数料)	月次予算設定.年間クレジットカード手数料		year	月次	shop × month	60M	on_budget_update	batch	予算確定後
トランザクション	個別	C341	年間予算_お花代	予実系	本部管理者	-	🟢 既実装	小	🟡 予測値	確定値と区別必要	metric	FORECAST	画面内	予実管理	売上予実	売上の達成率/進捗率モニタリング、月中の早期是正アクション (KPI単独表示)	L3-S	SUM(費用設定.お花代予算) GROUP BY year	monthly_cost_items.value(お花代)	月次予算設定.年間お花代		year	月次	shop × month	60M	on_budget_update	batch	予算確定後
トランザクション	個別	C188	営業利益	収益性	本部管理者	-	🟢 既実装	小	🟢 制限なし	そのまま集計可能	metric	FLOW	画面内	利益分析	店舗別利益	店舗別の利益貢献を可視化、低収益店舗の改善優先順位付け (KPI単独表示)	L3-L	参照表示	head_office_connected_service_sales_logs.sales_excluded, infomart_transactions.total_tax_excluded, head_office_connected_service_labor_costs_logs.labor_costs, monthly_costs.value	店舗ラベル別サマリー.売上（税抜）, 予実対比.FD仕入, 予実対比.人件費			オンデマンド	-	-	on_demand	on_demand	月次締め後（全費目確定）
トランザクション	個別	C191	売上達成率	予実系	本部管理者	-	🟢 既実装	小	🟢 制限なし	そのまま集計可能	metric	FLOW	画面内	予実管理	売上予実	売上の達成率/進捗率モニタリング、月中の早期是正アクション (KPI単独表示)	L3-L	参照表示	head_office_connected_service_sales_logs.sales_excluded, monthly_budgets.profit	店舗ラベル別サマリー.売上（税抜）, 店舗ラベル別サマリー.売上目標			オンデマンド	shop × month × product	-	on_demand	on_demand	翌日日次確定
トランザクション	個別	C192	売上進捗率	予実系	本部管理者	-	🟢 既実装	小	🟢 制限なし	そのまま集計可能	metric	FLOW	画面内	予実管理	売上予実	売上の達成率/進捗率モニタリング、月中の早期是正アクション (KPI単独表示)	L3-L	参照表示	head_office_connected_service_sales_logs.sales_excluded, monthly_budgets.profit	店舗ラベル別サマリー.売上（税抜）, 店舗ラベル別サマリー.売上目標			オンデマンド	-	-	on_demand	on_demand	当月確定後（売上+予算）
トランザクション	個別	C193	FD仕入率	原価系	本部管理者	-	🟢 既実装	小	🟢 制限なし	そのまま集計可能	metric	FLOW	画面内	原価管理	FD率分析	FD率の推移把握、ロス削減/原価コントロール優先順位 (KPI単独表示)	L3-L	参照表示	infomart_transactions.total_tax_excluded, head_office_connected_service_sales_logs.sales_excluded	予実対比.FD仕入, 店舗ラベル別サマリー.売上（税抜）			オンデマンド	-	-	on_demand	on_demand	納品確定後
トランザクション	個別	C194	人件費率	人件費系	本部管理者	-	🟢 既実装	小	🟢 制限なし	そのまま集計可能	metric	FLOW	画面内	人件費効率	PA率分析	PA率の店舗/業態比較、人件費効率改善の優先順位 (KPI単独表示)	L3-L	参照表示	head_office_connected_service_labor_costs_logs.labor_costs, head_office_connected_service_sales_logs.sales_excluded	予実対比.人件費, 店舗ラベル別サマリー.売上（税抜）			オンデマンド	-	-	on_demand	on_demand	月次給与確定後
トランザクション	個別	C195	営業利益	収益性	本部管理者	-	🟢 既実装	小	🟢 制限なし	そのまま集計可能	metric	FLOW	画面内	利益分析	店舗別利益	店舗別の利益貢献を可視化、低収益店舗の改善優先順位付け (KPI単独表示)	L3-C	参照表示	head_office_connected_service_sales_logs.sales_excluded, infomart_transactions.total_tax_excluded, head_office_connected_service_labor_costs_logs.labor_costs, monthly_costs.value	店舗別サマリー.売上（税抜）, 予実対比.FD仕入, 予実対比.人件費			オンデマンド	-	-	on_demand	on_demand	月次締め後（全費目確定）
トランザクション	個別	C198	売上達成率	予実系	本部管理者	-	🟢 既実装	小	🟢 制限なし	そのまま集計可能	metric	FLOW	画面内	予実管理	売上予実	売上の達成率/進捗率モニタリング、月中の早期是正アクション (KPI単独表示)	L3-C	参照表示	head_office_connected_service_sales_logs.sales_excluded, monthly_budgets.profit	店舗別サマリー.売上（税抜）, 店舗別サマリー.売上目標			オンデマンド	shop × month × product	-	on_demand	on_demand	翌日日次確定
トランザクション	個別	C199	売上進捗率	予実系	本部管理者	-	🟢 既実装	小	🟢 制限なし	そのまま集計可能	metric	FLOW	画面内	予実管理	売上予実	売上の達成率/進捗率モニタリング、月中の早期是正アクション (KPI単独表示)	L3-C	参照表示	head_office_connected_service_sales_logs.sales_excluded, monthly_budgets.profit	店舗別サマリー.売上（税抜）, 店舗別サマリー.売上目標			オンデマンド	-	-	on_demand	on_demand	当月確定後（売上+予算）
トランザクション	個別	C200	FD仕入率	原価系	本部管理者	-	🟢 既実装	小	🟢 制限なし	そのまま集計可能	metric	FLOW	画面内	原価管理	FD率分析	FD率の推移把握、ロス削減/原価コントロール優先順位 (KPI単独表示)	L3-C	参照表示	infomart_transactions.total_tax_excluded, head_office_connected_service_sales_logs.sales_excluded	予実対比.FD仕入, 店舗別サマリー.売上（税抜）			オンデマンド	-	-	on_demand	on_demand	納品確定後
トランザクション	個別	C201	人件費率	人件費系	本部管理者	-	🟢 既実装	小	🟢 制限なし	そのまま集計可能	metric	FLOW	画面内	人件費効率	PA率分析	PA率の店舗/業態比較、人件費効率改善の優先順位 (KPI単独表示)	L3-C	参照表示	head_office_connected_service_labor_costs_logs.labor_costs, head_office_connected_service_sales_logs.sales_excluded	予実対比.人件費, 店舗別サマリー.売上（税抜）			オンデマンド	-	-	on_demand	on_demand	月次給与確定後
トランザクション	個別	C202	営業利益	収益性	本部管理者	-	🟢 既実装	小	🟢 制限なし	そのまま集計可能	metric	FLOW	画面内	利益分析	店舗別利益	店舗別の利益貢献を可視化、低収益店舗の改善優先順位付け (KPI単独表示)	L3-C	参照表示	head_office_connected_service_sales_logs.sales_excluded, infomart_transactions.total_tax_excluded, head_office_connected_service_labor_costs_logs.labor_costs, monthly_costs.value	当月実績.売上（税抜）, 予実対比.FD仕入, 予実対比.人件費		month,quarter,year	月次	shop × month	60M	nightly + monthly_finalize	batch	月次締め後（全費目確定）
トランザクション	個別	C204	FD仕入率	原価系	本部管理者	-	🟢 既実装	小	🟡 加重平均	率指標は加重平均	metric	FLOW	画面内	原価管理	FD率分析	FD率の推移把握、ロス削減/原価コントロール優先順位 (KPI単独表示)	L3-C	参照表示	infomart_transactions.total_tax_excluded, head_office_connected_service_sales_logs.sales_excluded	予実対比.FD仕入, 当月実績.売上（税抜）	売上(税抜)	month,quarter,year	月次	shop × month	60M	nightly + monthly_finalize	batch	納品確定後
トランザクション	個別	C205	人件費率	人件費系	本部管理者	-	🟢 既実装	小	🟡 加重平均	率指標は加重平均	metric	FLOW	画面内	人件費効率	PA率分析	PA率の店舗/業態比較、人件費効率改善の優先順位 (KPI単独表示)	L3-C	参照表示	head_office_connected_service_labor_costs_logs.labor_costs, head_office_connected_service_sales_logs.sales_excluded	予実対比.人件費, 当月実績.売上（税抜）	売上(税抜)	month,quarter,year	月次	shop × month	60M	monthly_payroll_finalize	batch	月次給与確定後
トランザクション	個別	C206	FL率	効率性	本部管理者	-	🟢 既実装	小	🟡 加重平均	率指標は加重平均	metric	FLOW	画面内	効率改善	FL率	FL率の月次推移/業態比較、コストマネジメント評価 (KPI単独表示)	L3-C	参照表示	infomart_transactions.total_tax_excluded, head_office_connected_service_labor_costs_logs.labor_costs, head_office_connected_service_sales_logs.sales_excluded	予実対比.FD仕入, 予実対比.人件費, 当月実績.売上（税抜）	売上(税抜)	month,quarter,year	月次	shop × month	60M	monthly_payroll_finalize	batch	月次給与確定後
トランザクション	個別	C208	営業利益達成率	予実系	本部管理者	-	🟢 既実装	小	🟡 加重平均	率指標は加重平均	metric	FLOW	画面内	予実管理	売上予実	売上の達成率/進捗率モニタリング、月中の早期是正アクション (KPI単独表示)	L3-C	参照表示	head_office_connected_service_sales_logs.sales_excluded, monthly_budgets.profit	当月実績.営業利益, 当月実績.営業利益予算	売上予算	month,quarter,year	月次	shop × month × product	60M	nightly + monthly_finalize	batch	月次締め後（全費目確定）
トランザクション	個別	C210	売上達成率	予実系	本部管理者	-	🟢 既実装	小	🟡 加重平均	率指標は加重平均	metric	FLOW	画面内	予実管理	売上予実	売上の達成率/進捗率モニタリング、月中の早期是正アクション (KPI単独表示)	L3-C	参照表示	head_office_connected_service_sales_logs.sales_excluded, monthly_budgets.sales	当月実績.売上（税抜）, 当月実績.売上予算	売上予算	month,quarter,year	月次	shop × month × product	60M	nightly + monthly_finalize	batch	翌日日次確定
トランザクション	個別	CE-04	店舗投資回収期間	その他	本部管理者	-	🟠 後続開発_長期_未来指標_データ整備	中	🟢 制限なし	そのまま集計可能	metric	FLOW	画面内	売上分析	店舗別売上	店舗ごとの売上推移を比較し、伸長/落ち込み店舗を早期発見、施策効果検証 (KPI単独表示)	L4(提案)	初期投資額 ÷ (月次営業利益 × 12)	-	店舗別営業利益(4次), 初期投資額(1次 要追加)			オンデマンド	-	-	on_demand	hybrid	確定なし
トランザクション	個別	CE-05	ROA（総資産利益率）	収益性	本部管理者	-	🔴 後続開発_長期_未来指標_外部連携	中	🟢 制限なし	そのまま集計可能	metric	FLOW	画面内	利益分析	店舗別利益	店舗別の利益貢献を可視化、低収益店舗の改善優先順位付け (KPI単独表示)	L4(提案)	営業利益 ÷ 総資産 × 100	-	営業利益(4次), 総資産(会計系:1次)			オンデマンド	-	-	on_demand	hybrid	確定なし
トランザクション	個別	CE-06	ROE（自己資本利益率）	収益性	本部管理者	-	🔴 後続開発_長期_未来指標_外部連携	中	🟢 制限なし	そのまま集計可能	metric	FLOW	画面内	利益分析	店舗別利益	店舗別の利益貢献を可視化、低収益店舗の改善優先順位付け (KPI単独表示)	L4(提案)	当期純利益 ÷ 自己資本 × 100	-	当期純利益(会計系:1次), 自己資本(会計系:1次)			オンデマンド	-	-	on_demand	hybrid	確定なし
トランザクション	個別	CE-10	キャッシュフロー予測	その他	本部管理者	-	🔴 後続開発_長期_未来指標_外部連携	中	🟡 予測値	確定値と区別必要	metric	FORECAST	画面内	売上分析	店舗別売上	店舗ごとの売上推移を比較し、伸長/落ち込み店舗を早期発見、施策効果検証 (KPI単独表示)	L4(提案)	営業CF = 営業利益 + 減価償却費 - 運転資本増減	-	営業利益(4次), 減価償却費(2次), 売掛買掛(会計系:1次)			オンデマンド	-	-	on_demand	hybrid	確定なし
トランザクション	個別	CE-13	DSCR（借入金返済能力）	その他	本部管理者	-	🟠 後続開発_長期_未来指標_データ整備	中	🟢 制限なし	そのまま集計可能	metric	FLOW	画面内	売上分析	店舗別売上	店舗ごとの売上推移を比較し、伸長/落ち込み店舗を早期発見、施策効果検証 (KPI単独表示)	L4(提案)	営業CF ÷ 元利返済額	-	営業CF(5次E-10), 返済額(1次 要追加)			オンデマンド	-	-	on_demand	hybrid	確定なし
トランザクション	個別	CH-07	店舗監査未実施リスト	その他	本部管理者	-	🟠 後続開発_長期_未来指標_データ整備	中	🟢 制限なし	そのまま集計可能	metric	FLOW	画面内	売上分析	店舗別売上	店舗ごとの売上推移を比較し、伸長/落ち込み店舗を早期発見、施策効果検証 (KPI単独表示)	L4(提案)	前回監査から規定日数経過した店舗一覧	-	監査実施日(1次 要追加), 監査スケジュール(マスタ:1次)			オンデマンド	-	-	on_demand	hybrid	確定なし
トランザクション	個別	CH-14	本部間接コスト配賦率	その他	本部管理者	-	🟠 後続開発_長期_未来指標_データ整備	中	🟢 制限なし	そのまま集計可能	metric	ALLOCATED	画面内	売上分析	店舗別売上	店舗ごとの売上推移を比較し、伸長/落ち込み店舗を早期発見、施策効果検証 (KPI単独表示)	L4(提案)	本部コスト ÷ 全店舗売上 × 店舗別売上	-	本部コスト(1次 要追加), 店舗別売上(2次)			オンデマンド	-	-	on_demand	hybrid	確定なし
トランザクション	個別	CM-08	チーム教育効果指標	その他	本部管理者	-	🟠 後続開発_長期_未来指標_データ整備	中	🟢 制限なし	そのまま集計可能	metric	FLOW	画面内	売上分析	店舗別売上	店舗ごとの売上推移を比較し、伸長/落ち込み店舗を早期発見、施策効果検証 (KPI単独表示)	L4(提案)	施策実施前後のKPI変化率	-	各種業績指標(2-4次), 施策実施日(1次 要追加)			オンデマンド	-	-	on_demand	hybrid	確定なし
トランザクション	個別	CM-09	顧客満足度店舗比較	その他	本部管理者	-	🟠 後続開発_長期_未来指標_データ整備	中	🟢 制限なし	そのまま集計可能	metric	FLOW	画面内	売上分析	店舗別売上	店舗ごとの売上推移を比較し、伸長/落ち込み店舗を早期発見、施策効果検証 (KPI単独表示)	L4(提案)	店舗別平均満足度スコア	-	CSスコア(1次 要追加), 来店客数(1次)			オンデマンド	-	-	on_demand	hybrid	確定なし
トランザクション	個別	CM-12	店舗監査スコア	その他	本部管理者	-	🟠 後続開発_長期_未来指標_データ整備	中	🟢 制限なし	そのまま集計可能	metric	FLOW	画面内	売上分析	店舗別売上	店舗ごとの売上推移を比較し、伸長/落ち込み店舗を早期発見、施策効果検証 (KPI単独表示)	L4(提案)	衛生・接客・運営各項目のスコア合計	-	監査項目(1次 要追加)			オンデマンド	-	-	on_demand	hybrid	確定なし
トランザクション	個別	CHB-15	FL率効率ランキング	効率性	本部管理者	-	🔵 後続開発_短期実装	中	🟢 制限なし	そのまま集計可能	metric	FLOW	画面内	効率改善	FL率	FL率の月次推移/業態比較、コストマネジメント評価 (KPI単独表示)	L4(提案)	店舗別FL率の逆順	-	店舗別FL率(4次)			オンデマンド	-	-	on_demand	hybrid	月次給与確定後
トランザクション	個別	CHB-19	店舗間FL率分散	効率性	本部管理者	-	🔵 後続開発_短期実装	中	🟢 制限なし	そのまま集計可能	metric	FLOW	画面内	効率改善	FL率	FL率の月次推移/業態比較、コストマネジメント評価 (KPI単独表示)	L4(提案)	STDEV(店舗別FL率)	-	店舗別FL率(4次)			オンデマンド	-	-	on_demand	hybrid	月次給与確定後
トランザクション	個別	CM-05	店舗別FD原価率ばらつき	原価系	本部管理者	-	🟣 後続開発_運用整備	中	🟢 制限なし	そのまま集計可能	metric	FLOW	画面内	原価管理	FD率分析	FD率の推移把握、ロス削減/原価コントロール優先順位 (KPI単独表示)	L4(提案)	同ラベル内の原価率標準偏差	-	FD仕入(2次), 売上(2次), ラベル(1次)			オンデマンド	-	-	on_demand	hybrid	確定なし
トランザクション	個別	CHB-16	労働生産性ランキング	その他	本部管理者	-	🔵 後続開発_短期実装	中	🟢 制限なし	そのまま集計可能	metric	FLOW	画面内	売上分析	店舗別売上	店舗ごとの売上推移を比較し、伸長/落ち込み店舗を早期発見、施策効果検証 (KPI単独表示)	L4(提案)	店舗別人時売上高の順位	-	店舗別売上(2次), 人件費(2次)			オンデマンド	-	-	on_demand	hybrid	確定なし
トランザクション	個別	CH-12	ヘルプ人件費率	人件費系	本部管理者	-	🔵 後続開発_短期実装	中	🟢 制限なし	そのまま集計可能	metric	FLOW	画面内	人件費効率	PA率分析	PA率の店舗/業態比較、人件費効率改善の優先順位 (KPI単独表示)	L4(提案)	ヘルプ人件費 ÷ 総人件費 × 100	-	ヘルプ人件費(2次), 総人件費(3次)			オンデマンド	-	-	on_demand	hybrid	月次給与確定後
トランザクション	個別	CHB-45	人件費異常店舗アラート	人件費系	本部管理者	-	🔵 後続開発_短期実装	中	🟢 制限なし	そのまま集計可能	metric	FLOW	画面内	人件費効率	スタッフ別人件費	スタッフ別の人時生産性評価、教育投資/シフト配置最適化 (KPI単独表示)	L4(提案)	人件費率が全店平均+2σ超の店舗	-	店舗別人件費率(4次), 全店平均(4次), 標準偏差			オンデマンド	-	-	on_demand	hybrid	確定なし
トランザクション	個別	CM-11	店舗別労働生産性比較	その他	本部管理者	-	🟠 後続開発_長期_未来指標_データ整備	中	🟢 制限なし	そのまま集計可能	metric	FLOW	画面内	売上分析	店舗別売上	店舗ごとの売上推移を比較し、伸長/落ち込み店舗を早期発見、施策効果検証 (KPI単独表示)	L4(提案)	店舗別人時売上高の順位	-	人時売上高(5次:S-02), 人時粗利(5次:S-03)			オンデマンド	-	-	on_demand	hybrid	確定なし
トランザクション	個別	CE-01	全社営業利益率	収益性	本部管理者	-	🔵 後続開発_短期実装	中	🟢 制限なし	そのまま集計可能	metric	FLOW	画面内	利益分析	店舗別利益	店舗別の利益貢献を可視化、低収益店舗の改善優先順位付け (KPI単独表示)	L4(提案)	全店舗合計営業利益 ÷ 全店舗合計売上 × 100	-	全店舗営業利益(4次), 全店舗売上(4次)			オンデマンド	-	-	on_demand	hybrid	月次締め後（全費目確定）
トランザクション	個別	CE-02	全社EBITDA	その他	本部管理者	-	🟠 後続開発_長期_未来指標_データ整備	中	🟢 制限なし	そのまま集計可能	metric	FLOW	画面内	売上分析	店舗別売上	店舗ごとの売上推移を比較し、伸長/落ち込み店舗を早期発見、施策効果検証 (KPI単独表示)	L4(提案)	営業利益 + 減価償却費 + 賃借料	-	営業利益(4次), 減価償却費(2次), 地代家賃(2次)			オンデマンド	-	-	on_demand	hybrid	確定なし
トランザクション	個別	CH-13	全店舗異常検知アラート	その他	本部管理者	-	🟠 後続開発_長期_未来指標_データ整備	中	🟢 制限なし	そのまま集計可能	metric	FLOW	画面内	売上分析	店舗別売上	店舗ごとの売上推移を比較し、伸長/落ち込み店舗を早期発見、施策効果検証 (KPI単独表示)	L4(提案)	各指標のZスコア >= 2 の店舗一覧	-	各種業績指標(2-4次), 過去平均・標準偏差(計算用)			オンデマンド	-	-	on_demand	hybrid	確定なし
トランザクション	個別	CHB-47	費用超過店舗アラート	その他	本部管理者	-	🔵 後続開発_短期実装	中	🟢 制限なし	そのまま集計可能	metric	FLOW	画面内	売上分析	店舗別売上	店舗ごとの売上推移を比較し、伸長/落ち込み店舗を早期発見、施策効果検証 (KPI単独表示)	L4(提案)	費目別実績が予算の110%超の店舗リスト	-	店舗別費目実績(2次), 費目予算(3次)			オンデマンド	-	-	on_demand	hybrid	確定なし
トランザクション	個別	CHB-41	予算対比率の変動係数(全社)	予実系	本部管理者	-	🔵 後続開発_短期実装	中	🟡 予測値	確定値と区別必要	metric	FORECAST	画面内	予実管理	売上予実	売上の達成率/進捗率モニタリング、月中の早期是正アクション (KPI単独表示)	L4(提案)	STDEV(店舗別予算対比率) ÷ AVG	-	店舗別予算対比率(4次)			オンデマンド	-	-	on_demand	hybrid	予算確定後
トランザクション	個別	CH-10	達成率変動係数	予実系	本部管理者	-	🔵 後続開発_短期実装	中	🟢 制限なし	そのまま集計可能	metric	FLOW	画面内	予実管理	売上予実	売上の達成率/進捗率モニタリング、月中の早期是正アクション (KPI単独表示)	L4(提案)	店舗別予算達成率の標準偏差 ÷ 平均	-	予算対比率(4次), 店舗別平均(4次)			オンデマンド	-	-	on_demand	hybrid	確定なし
トランザクション	個別	CHB-34	仕入先集中度	原価系	本部管理者	-	🔵 後続開発_短期実装	中	🟢 制限なし	そのまま集計可能	metric	FLOW	画面内	原価管理	FD率分析	FD率の推移把握、ロス削減/原価コントロール優先順位 (KPI単独表示)	L4(提案)	HHI(ハーフィンダール指数)=Σ(仕入先シェア²)	-	仕入先別仕入(2次)			オンデマンド	-	-	on_demand	hybrid	納品確定後
トランザクション	個別	CHB-13	客単価ランキング	客数系	本部管理者	-	🔵 後続開発_短期実装	中	🟢 制限なし	そのまま集計可能	metric	FLOW	画面内	客数分析	客単価	客単価の月次推移/商品ミックス影響、アップセル戦略立案 (KPI単独表示)	L4(提案)	店舗別客単価の順位	-	店舗別客単価(2次)			オンデマンド	-	-	on_demand	hybrid	翌日日次確定
トランザクション	個別	CE-03	全社売上成長率	売上系	本部管理者	-	🟠 後続開発_長期_未来指標_データ整備	中	🟢 制限なし	そのまま集計可能	metric	FLOW	画面内	売上分析	店舗別売上	店舗ごとの売上推移を比較し、伸長/落ち込み店舗を早期発見、施策効果検証 (KPI単独表示)	L4(提案)	(当期売上 - 前期売上) ÷ 前期売上 × 100	-	全社売上(3次), 前期売上(4次)			オンデマンド	-	-	on_demand	hybrid	翌日日次確定
トランザクション	個別	CE-12	年間KGI達成ペース	その他	本部管理者	-	🔵 後続開発_短期実装	中	🟢 制限なし	そのまま集計可能	metric	FLOW	画面内	予実管理	売上予実	売上の達成率/進捗率モニタリング、月中の早期是正アクション (KPI単独表示)	L4(提案)	累計実績 ÷ (年間目標 × 経過月/12) × 100	-	累計実績(4次), 年間目標(1次)			オンデマンド	-	-	on_demand	hybrid	確定なし
トランザクション	個別	CM-04	店舗別成長率ランキング	その他	本部管理者	-	🟠 後続開発_長期_未来指標_データ整備	中	🟢 制限なし	そのまま集計可能	metric	FLOW	画面内	売上分析	店舗別売上	店舗ごとの売上推移を比較し、伸長/落ち込み店舗を早期発見、施策効果検証 (KPI単独表示)	L4(提案)	売上成長率(YoY)の順位	-	売上(2次), 前年同月売上(4次)			オンデマンド	-	-	on_demand	hybrid	確定なし
トランザクション	個別	CHB-18	店舗間客単価格差	客数系	本部管理者	-	🔵 後続開発_短期実装	中	🟢 制限なし	そのまま集計可能	metric	FLOW	画面内	客数分析	客単価	客単価の月次推移/商品ミックス影響、アップセル戦略立案 (KPI単独表示)	L4(提案)	ラベル内 (max - min) ÷ ラベル内平均 × 100	-	店舗別客単価(2次), ラベル(1次)			オンデマンド	-	-	on_demand	hybrid	翌日日次確定
トランザクション	個別	CHB-21	ラベル内偏差(総合)	その他	本部管理者	-	🔵 後続開発_短期実装	中	🟢 制限なし	そのまま集計可能	metric	FLOW	画面内	売上分析	店舗別売上	店舗ごとの売上推移を比較し、伸長/落ち込み店舗を早期発見、施策効果検証 (KPI単独表示)	L4(提案)	ラベル内 売上/利益/FL率の偏差	-	店舗別業績(4次), ラベル(1次)			オンデマンド	-	-	on_demand	hybrid	確定なし
トランザクション	個別	CHB-24	ラベル別最高最低差	その他	本部管理者	-	🔵 後続開発_短期実装	中	🟢 制限なし	そのまま集計可能	metric	FLOW	画面内	売上分析	店舗別売上	店舗ごとの売上推移を比較し、伸長/落ち込み店舗を早期発見、施策効果検証 (KPI単独表示)	L4(提案)	ラベル内 最大店舗 - 最小店舗 の売上/利益率	-	店舗別業績(4次), ラベル(1次)			オンデマンド	-	-	on_demand	hybrid	確定なし
トランザクション	個別	CE-11	業態別収益性ランキング	その他	本部管理者	-	🟠 後続開発_長期_未来指標_データ整備	中	🟢 制限なし	そのまま集計可能	metric	FLOW	画面内	売上分析	店舗別売上	店舗ごとの売上推移を比較し、伸長/落ち込み店舗を早期発見、施策効果検証 (KPI単独表示)	L4(提案)	業態ラベル別の営業利益率の順位	-	営業利益率(4次), 業態ラベル(1次)			オンデマンド	-	-	on_demand	hybrid	確定なし
トランザクション	個別	CM-06	ラベル別業績格差スコア	その他	本部管理者	-	🔵 後続開発_短期実装	中	🟢 制限なし	そのまま集計可能	metric	FLOW	画面内	売上分析	店舗別売上	店舗ごとの売上推移を比較し、伸長/落ち込み店舗を早期発見、施策効果検証 (KPI単独表示)	L4(提案)	ラベル内 (max - min) ÷ ラベル内平均 × 100	-	店舗別業績(4次), ラベル情報(1次)			オンデマンド	-	-	on_demand	hybrid	確定なし
トランザクション	個別	CHB-11	売上成長率ランキング	売上系	本部管理者	-	🔵 後続開発_短期実装	中	🟢 制限なし	そのまま集計可能	metric	FLOW	画面内	売上分析	店舗別売上	店舗ごとの売上推移を比較し、伸長/落ち込み店舗を早期発見、施策効果検証 (KPI単独表示)	L4(提案)	店舗別(当月売上-前年同月)÷前年同月 の順位	-	店舗別売上(2次), 前年同月売上(4次)			オンデマンド	-	-	on_demand	hybrid	翌日日次確定
トランザクション	個別	CHB-12	利益成長率ランキング	収益性	本部管理者	-	🔵 後続開発_短期実装	中	🟢 制限なし	そのまま集計可能	metric	FLOW	画面内	利益分析	店舗別利益	店舗別の利益貢献を可視化、低収益店舗の改善優先順位付け (KPI単独表示)	L4(提案)	店舗別営業利益成長率の順位	-	店舗別営業利益(4次), 前年同月(4次)			オンデマンド	-	-	on_demand	hybrid	確定なし
トランザクション	個別	CHB-17	店舗間売上格差(Zスコア)	売上系	本部管理者	-	🔵 後続開発_短期実装	中	🟢 制限なし	そのまま集計可能	metric	FLOW	画面内	売上分析	店舗別売上	店舗ごとの売上推移を比較し、伸長/落ち込み店舗を早期発見、施策効果検証 (KPI単独表示)	L4(提案)	(店舗売上 - 全店平均) ÷ 全店標準偏差	-	店舗別売上(2次)			オンデマンド	-	-	on_demand	hybrid	翌日日次確定
トランザクション	個別	CHB-22	パレート集中度	その他	本部管理者	-	🔵 後続開発_短期実装	中	🟢 制限なし	そのまま集計可能	metric	FLOW	画面内	売上分析	店舗別売上	店舗ごとの売上推移を比較し、伸長/落ち込み店舗を早期発見、施策効果検証 (KPI単独表示)	L4(提案)	上位20%店舗の売上 ÷ 全店舗売上 × 100	-	店舗別売上(2次)			オンデマンド	-	-	on_demand	hybrid	確定なし
トランザクション	個別	CHB-23	上位-下位スプレッド	その他	本部管理者	-	🔵 後続開発_短期実装	中	🟢 制限なし	そのまま集計可能	metric	FLOW	画面内	売上分析	店舗別売上	店舗ごとの売上推移を比較し、伸長/落ち込み店舗を早期発見、施策効果検証 (KPI単独表示)	L4(提案)	上位10%平均 - 下位10%平均 (売上や利益率)	-	店舗別業績(4次)			オンデマンド	-	-	on_demand	hybrid	確定なし
トランザクション	個別	CHB-42	要改善店舗数	その他	本部管理者	-	🔵 後続開発_短期実装	中	🟢 制限なし	そのまま集計可能	metric	FLOW	画面内	売上分析	店舗別売上	店舗ごとの売上推移を比較し、伸長/落ち込み店舗を早期発見、施策効果検証 (KPI単独表示)	L4(提案)	FL率>60% or 予算達成率<90% or 赤字 のいずれか	-	店舗別FL率(4次), 店舗別予算対比率(4次), 店舗別営業利益(4次)			オンデマンド	-	-	on_demand	hybrid	確定なし
トランザクション	個別	CHB-43	連続未達店舗検出	その他	本部管理者	-	🔵 後続開発_短期実装	中	🟢 制限なし	そのまま集計可能	metric	FLOW	画面内	売上分析	店舗別売上	店舗ごとの売上推移を比較し、伸長/落ち込み店舗を早期発見、施策効果検証 (KPI単独表示)	L4(提案)	3ヶ月以上連続で予算達成率<95%の店舗	-	店舗別予算対比率(4次:時系列)			オンデマンド	-	-	on_demand	hybrid	確定なし
トランザクション	個別	CM-07	ベストプラクティス共有スコア	その他	本部管理者	-	🟠 後続開発_長期_未来指標_データ整備	中	🟢 制限なし	そのまま集計可能	metric	FLOW	画面内	売上分析	店舗別売上	店舗ごとの売上推移を比較し、伸長/落ち込み店舗を早期発見、施策効果検証 (KPI単独表示)	L4(提案)	トップ3店舗の主要KPI平均 ÷ 全店平均	-	店舗ランキング(5次), 各種KPI(2-4次)			オンデマンド	-	-	on_demand	hybrid	確定なし
トランザクション	個別	CHB-37	店舗別予算超過リスク	予実系	本部管理者	-	🔵 後続開発_短期実装	中	🟡 予測値	確定値と区別必要	metric	FORECAST	画面内	予実管理	売上予実	売上の達成率/進捗率モニタリング、月中の早期是正アクション (KPI単独表示)	L4(提案)	店舗別で予算対比率<90%の店舗リスト	-	店舗別予算対比率(4次)			オンデマンド	-	-	on_demand	hybrid	予算確定後
トランザクション	個別	CM-01	店舗間FL率偏差（Zスコア）	効率性	本部管理者	-	🔵 後続開発_短期実装	中	🟢 制限なし	そのまま集計可能	metric	FLOW	画面内	効率改善	FL率	FL率の月次推移/業態比較、コストマネジメント評価 (KPI単独表示)	L4(提案)	(店舗FL率 - 全店舗平均FL率) ÷ 標準偏差	-	店舗別FL率(4次), 全店舗平均(4次), 標準偏差(4次)			オンデマンド	-	-	on_demand	hybrid	月次給与確定後
トランザクション	個別	CH-11	新店vs既存店パフォーマンス	その他	本部管理者	-	🟣 後続開発_運用整備	中	🟢 制限なし	そのまま集計可能	metric	FLOW	画面内	売上分析	店舗別売上	店舗ごとの売上推移を比較し、伸長/落ち込み店舗を早期発見、施策効果検証 (KPI単独表示)	L4(提案)	新店平均KPI ÷ 既存店平均KPI	-	店舗ラベル(1次:新店フラグ), 各種業績指標(2-4次)			オンデマンド	-	-	on_demand	hybrid	確定なし
トランザクション	個別	CM-03	前年同月比客数変動	客数系	本部管理者	-	🟠 後続開発_長期_未来指標_データ整備	中	🟢 制限なし	そのまま集計可能	metric	FLOW	画面内	客数分析	客数推移	客数の前年比/曜日傾向、集客施策の効果検証 (KPI単独表示)	L4(提案)	(当月客数 - 前年同月客数) ÷ 前年同月客数 × 100	-	客数(2次), 前年同月客数(4次)			オンデマンド	-	-	on_demand	hybrid	翌日日次確定
トランザクション	個別	CH-08	閉店リスクスコア	その他	本部管理者	-	🟠 後続開発_長期_未来指標_データ整備	中	🟢 制限なし	そのまま集計可能	metric	FLOW	画面内	売上分析	店舗別売上	店舗ごとの売上推移を比較し、伸長/落ち込み店舗を早期発見、施策効果検証 (KPI単独表示)	L4(提案)	営業利益率 × 売上成長率 ÷ 100	-	営業利益率(4次), 売上成長率(4次)			オンデマンド	-	-	on_demand	hybrid	確定なし
トランザクション	個別	CM-02	店舗別営業利益率ランキング	収益性	本部管理者	-	🔵 後続開発_短期実装	中	🟢 制限なし	そのまま集計可能	metric	FLOW	画面内	利益分析	店舗別利益	店舗別の利益貢献を可視化、低収益店舗の改善優先順位付け (KPI単独表示)	L4(提案)	店舗別営業利益率の順位表	-	店舗別営業利益(4次), 店舗別売上(4次)			オンデマンド	-	-	on_demand	hybrid	月次締め後（全費目確定）
トランザクション	個別	CH-01	全店舗日次売上達成率	予実系	本部管理者	-	🟠 後続開発_長期_未来指標_データ整備	中	🟢 制限なし	そのまま集計可能	metric	FLOW	画面内	予実管理	売上予実	売上の達成率/進捗率モニタリング、月中の早期是正アクション (KPI単独表示)	L4(提案)	店舗別(日次売上÷日次予算)×100 の全店一覧	-	日次売上(1次), 日次予算(3次)			オンデマンド	-	-	on_demand	hybrid	翌日日次確定
トランザクション	個別	CHB-44	売上急落店舗アラート	売上系	本部管理者	-	🔵 後続開発_短期実装	中	🟢 制限なし	そのまま集計可能	metric	FLOW	画面内	売上分析	店舗別売上	店舗ごとの売上推移を比較し、伸長/落ち込み店舗を早期発見、施策効果検証 (KPI単独表示)	L4(提案)	日次売上が過去30日平均の70%未満の店舗	-	店舗別日次売上(1次)			オンデマンド	-	-	on_demand	hybrid	翌日日次確定
トランザクション	個別	CHB-20	店舗間人件費率分散	人件費系	本部管理者	-	🔵 後続開発_短期実装	中	🟢 制限なし	そのまま集計可能	metric	FLOW	画面内	人件費効率	PA率分析	PA率の店舗/業態比較、人件費効率改善の優先順位 (KPI単独表示)	L4(提案)	STDEV(店舗別人件費率)	-	店舗別人件費率(4次)			オンデマンド	-	-	on_demand	hybrid	月次給与確定後
トランザクション	個別	CH-03	人件費日次予実乖離	人件費系	本部管理者	-	🟠 後続開発_長期_未来指標_データ整備	中	🟢 制限なし	そのまま集計可能	metric	FLOW	画面内	人件費効率	スタッフ別人件費	スタッフ別の人時生産性評価、教育投資/シフト配置最適化 (KPI単独表示)	L4(提案)	(日次実績人件費 - 日次予算人件費) ÷ 日次予算人件費	-	人件費(2次), 人件費予算(3次)			オンデマンド	-	-	on_demand	hybrid	確定なし
トランザクション	個別	CH-09	店舗別労働分配率	その他	本部管理者	-	🔵 後続開発_短期実装	中	🟢 制限なし	そのまま集計可能	metric	FLOW	画面内	売上分析	店舗別売上	店舗ごとの売上推移を比較し、伸長/落ち込み店舗を早期発見、施策効果検証 (KPI単独表示)	L4(提案)	人件費 ÷ 粗利 × 100	-	人件費(2次), 粗利(3次)			オンデマンド	-	-	on_demand	hybrid	確定なし
トランザクション	個別	CE-08	感度分析スコア	その他	本部管理者	-	🟢 既実装	小	🟢 制限なし	そのまま集計可能	metric	FLOW	画面内	売上分析	店舗別売上	店舗ごとの売上推移を比較し、伸長/落ち込み店舗を早期発見、施策効果検証 (KPI単独表示)	L4(提案)	客単価10%変動時の営業利益変化率	-	客単価(3次), 客数(1次), 変動費率(3次), 固定費(3次)			オンデマンド	-	-	on_demand	hybrid	確定なし
トランザクション	個別	CE-09	シナリオ別予測利益	収益性	本部管理者	-	🟠 後続開発_長期_未来指標_データ整備	中	🟡 予測値	確定値と区別必要	metric	FORECAST	画面内	利益分析	店舗別利益	店舗別の利益貢献を可視化、低収益店舗の改善優先順位付け (KPI単独表示)	L4(提案)	楽観=+5%売上/標準=現状/悲観=-10%売上 での利益	-	月次予算(3次), 変動費率(3次), 固定費(3次)			オンデマンド	-	-	on_demand	hybrid	確定なし
トランザクション	個別	CE-07	固定費カバー率	その他	本部管理者	-	🔵 後続開発_短期実装	中	🟢 制限なし	そのまま集計可能	metric	FLOW	画面内	売上分析	店舗別売上	店舗ごとの売上推移を比較し、伸長/落ち込み店舗を早期発見、施策効果検証 (KPI単独表示)	L4(提案)	売上（税抜） ÷ 固定費	-	売上(3次), 固定費用予算(4次)			オンデマンド	-	-	on_demand	hybrid	確定なし
トランザクション	個別	CHB-46	在庫過剰店舗アラート	その他	本部管理者	-	🔵 後続開発_短期実装	中	🟡 STOCK指標	期末値、SUM不可	metric	STOCK	画面内	在庫・棚卸	棚卸金額	棚卸金額の月次推移、在庫過剰/欠品リスク管理 (KPI単独表示)	L4(提案)	在庫残日数>10日の店舗	-	店舗別在庫(3次), 店舗別使用量(2次)			オンデマンド	-	-	on_demand	hybrid	確定なし
トランザクション	個別	CH-02	店舗別在庫残日数	その他	本部管理者	-	🟠 後続開発_長期_未来指標_データ整備	中	🟡 STOCK指標	期末値、SUM不可	metric	STOCK	画面内	在庫・棚卸	棚卸金額	棚卸金額の月次推移、在庫過剰/欠品リスク管理 (KPI単独表示)	L4(提案)	期末在庫金額 ÷ 日次使用金額（平均）	-	棚卸金額(3次), 仕入金額(2次)			オンデマンド	-	-	on_demand	hybrid	確定なし
トランザクション	個別	CHB-14	客数成長率ランキング	客数系	本部管理者	-	🔵 後続開発_短期実装	中	🟢 制限なし	そのまま集計可能	metric	FLOW	画面内	客数分析	客数推移	客数の前年比/曜日傾向、集客施策の効果検証 (KPI単独表示)	L4(提案)	店舗別客数成長率の順位	-	店舗別客数(1次), 前年同月(4次)			オンデマンド	-	-	on_demand	hybrid	翌日日次確定
トランザクション	個別	CM-10	販促効果ランキング	その他	本部管理者	-	🟠 後続開発_長期_未来指標_データ整備	中	🟢 制限なし	そのまま集計可能	metric	FLOW	画面内	売上分析	店舗別売上	店舗ごとの売上推移を比較し、伸長/落ち込み店舗を早期発見、施策効果検証 (KPI単独表示)	L4(提案)	店舗別 (施策期間売上 - 通常売上) ÷ 通常売上 × 100	-	売上(2次), キャンペーン実施日(1次 要追加)			オンデマンド	-	-	on_demand	hybrid	確定なし
トランザクション	個別	CH-05	発注遅延店舗数	その他	本部管理者	-	🟠 後続開発_長期_未来指標_データ整備	中	🟢 制限なし	そのまま集計可能	metric	FLOW	画面内	売上分析	店舗別売上	店舗ごとの売上推移を比較し、伸長/落ち込み店舗を早期発見、施策効果検証 (KPI単独表示)	L4(提案)	発注締切を過ぎた店舗数 / 全店数 × 100	-	発注日時(1次:納品書撮影 or 発注書一覧), 発注締切(マスタ:1次)			オンデマンド	-	-	on_demand	hybrid	納品確定後
トランザクション	個別	CH-06	納品差異サマリー（全店）	その他	本部管理者	-	🔵 後続開発_短期実装	中	🟢 制限なし	そのまま集計可能	metric	FLOW	画面内	売上分析	店舗別売上	店舗ごとの売上推移を比較し、伸長/落ち込み店舗を早期発見、施策効果検証 (KPI単独表示)	L4(提案)	店舗×仕入先×日別の納品差異件数	-	納品差異(2次), 仕入先(1次)			オンデマンド	-	-	on_demand	hybrid	納品確定後
トランザクション	個別	CH-04	実績入力遅延店舗リスト	その他	本部管理者	-	🟠 後続開発_長期_未来指標_データ整備	中	🟢 制限なし	そのまま集計可能	metric	FLOW	画面内	売上分析	店舗別売上	店舗ごとの売上推移を比較し、伸長/落ち込み店舗を早期発見、施策効果検証 (KPI単独表示)	L4(提案)	前日までの実績入力が未完了の店舗一覧	-	入力ステータス(1次), 締切日(マスタ:1次)			オンデマンド	-	-	on_demand	hybrid	確定なし
トランザクション	個別	C503	ラベルグループ小計	その他	本部管理者	-	🔵 後続開発_短期実装	中	🟢 制限なし	そのまま集計可能	metric	FLOW	画面内	売上分析	店舗別売上	店舗ごとの売上推移を比較し、伸長/落ち込み店舗を早期発見、施策効果検証 (KPI単独表示)	L2-L	【組織】ラベルグループ単位の集計	-	店舗ラベル利益, 店舗ラベル売上, ラベルグループ含有ラベル		month,quarter,year	月次	shop × month	60M	nightly + monthly_finalize	batch	依存元指標確定後
トランザクション	個別	C504	ユニーク店舗合計	その他	本部管理者	-	🔵 後続開発_短期実装	中	🟢 制限なし	そのまま集計可能	metric	FLOW	画面内	売上分析	店舗別売上	店舗ごとの売上推移を比較し、伸長/落ち込み店舗を早期発見、施策効果検証 (KPI単独表示)	L3-L	【統制】N:N重複排他後の店舗合計	-	店舗ラベル利益, 店舗ラベル売上, 排他モードフラグ, ラベルグループ小計		month,quarter,year	月次	shop × month	60M	nightly + monthly_finalize	batch	依存元指標確定後
設定項目	個別	C19	建物	ユーザー入力単独	本部管理者	-	⚪ 対象外	-	🟢 制限なし	設定値	config	-	画面内	-	-	ウィジェット設定値（ドラッグ対象外）	-	-	-	-	-	-	-	-	-	-	-	-
設定項目	個別	C20	業種	ユーザー入力単独	本部管理者	-	⚪ 対象外	-	🟢 制限なし	設定値	config	-	画面内	-	-	ウィジェット設定値（ドラッグ対象外）	-	-	-	-	-	-	-	-	-	-	-	-
設定項目	個別	C22	総卓数	ユーザー入力単独	本部管理者	-	⚪ 対象外	-	🟢 制限なし	設定値	config	-	画面内	-	-	ウィジェット設定値（ドラッグ対象外）	-	-	-	-	-	-	-	-	-	-	-	-
設定項目	個別	C23	総席数	ユーザー入力単独	本部管理者	-	⚪ 対象外	-	🟢 制限なし	設定値	config	-	画面内	-	-	ウィジェット設定値（ドラッグ対象外）	-	-	-	-	-	-	-	-	-	-	-	-
設定項目	個別	C24	坪数	ユーザー入力単独	本部管理者	-	⚪ 対象外	-	🟢 制限なし	設定値	config	-	画面内	-	-	ウィジェット設定値（ドラッグ対象外）	-	-	-	-	-	-	-	-	-	-	-	-
設定項目	個別	C26	家賃（金額）	ユーザー入力単独	本部管理者	-	⚪ 対象外	-	🟢 制限なし	設定値	config	-	画面内	-	-	ウィジェット設定値（ドラッグ対象外）	-	-	-	-	-	-	-	-	-	-	-	-
設定項目	個別	C27	初期投資額	ユーザー入力単独	本部管理者	-	⚪ 対象外	-	🟢 制限なし	設定値	config	-	画面内	-	-	ウィジェット設定値（ドラッグ対象外）	-	-	-	-	-	-	-	-	-	-	-	-
設定項目	個別	C32	区分（月給時給）	ユーザー入力単独	本部管理者	-	⚪ 対象外	-	🟢 制限なし	設定値	config	-	画面内	-	-	ウィジェット設定値（ドラッグ対象外）	-	-	-	-	-	-	-	-	-	-	-	-
設定項目	個別	C33	総支給額	ユーザー入力単独	本部管理者	-	⚪ 対象外	-	🟢 制限なし	設定値	config	-	画面内	-	-	ウィジェット設定値（ドラッグ対象外）	-	-	-	-	-	-	-	-	-	-	-	-
設定項目	個別	C34	所定労働時間	ユーザー入力単独	本部管理者	-	⚪ 対象外	-	🟢 制限なし	設定値	config	-	画面内	-	-	ウィジェット設定値（ドラッグ対象外）	-	-	-	-	-	-	-	-	-	-	-	-
設定項目	個別	C35	みなし残業時間	ユーザー入力単独	本部管理者	-	⚪ 対象外	-	🟢 制限なし	設定値	config	-	画面内	-	-	ウィジェット設定値（ドラッグ対象外）	-	-	-	-	-	-	-	-	-	-	-	-
設定項目	個別	C166	実施日	ユーザー入力単独	本部管理者	-	⚪ 対象外	-	🟢 制限なし	設定値	config	-	画面内	-	-	ウィジェット設定値（ドラッグ対象外）	-	-	-	-	-	-	-	-	-	-	-	-
設定項目	個別	C170	在庫数量	ユーザー入力単独	本部管理者	-	⚪ 対象外	-	🟢 制限なし	設定値	config	-	画面内	-	-	ウィジェット設定値（ドラッグ対象外）	-	-	-	-	-	-	-	-	-	-	-	-
設定項目	個別	C171	商品単価	ユーザー入力単独	本部管理者	-	⚪ 対象外	-	🟢 制限なし	設定値	config	-	画面内	-	-	ウィジェット設定値（ドラッグ対象外）	-	-	-	-	-	-	-	-	-	-	-	-
設定項目	個別	C36	経費項目	ユーザー入力単独	本部管理者	-	⚪ 対象外	-	🟢 制限なし	設定値	config	-	画面内	-	-	ウィジェット設定値（ドラッグ対象外）	-	-	-	-	-	-	-	-	-	-	-	-
設定項目	個別	C39	税区分	ユーザー入力単独	本部管理者	-	⚪ 対象外	-	🟢 制限なし	設定値	config	-	画面内	-	-	ウィジェット設定値（ドラッグ対象外）	-	-	-	-	-	-	-	-	-	-	-	-
設定項目	個別	C40	日付	ユーザー入力単独	本部管理者	-	⚪ 対象外	-	🟢 制限なし	設定値	config	-	画面内	-	-	ウィジェット設定値（ドラッグ対象外）	-	-	-	-	-	-	-	-	-	-	-	-
設定項目	個別	C42	金額	ユーザー入力単独	本部管理者	-	⚪ 対象外	-	🟢 制限なし	設定値	config	-	画面内	-	-	ウィジェット設定値（ドラッグ対象外）	-	-	-	-	-	-	-	-	-	-	-	-
設定項目	個別	C490	ビュー名	ユーザー入力単独	本部管理者	-	⚪ 対象外	-	🟢 制限なし	設定値	config	-	画面内	-	-	ウィジェット設定値（ドラッグ対象外）	-	-	-	-	-	-	-	-	-	-	-	-
設定項目	個別	C491	ビュー公開範囲	ユーザー入力単独	本部管理者	-	⚪ 対象外	-	🟢 制限なし	設定値	config	-	画面内	-	-	ウィジェット設定値（ドラッグ対象外）	-	-	-	-	-	-	-	-	-	-	-	-
設定項目	個別	C492	ビュー説明	ユーザー入力単独	本部管理者	-	⚪ 対象外	-	🟢 制限なし	設定値	config	-	画面内	-	-	ウィジェット設定値（ドラッグ対象外）	-	-	-	-	-	-	-	-	-	-	-	-
設定項目	個別	C493	行ディメン設定	ユーザー入力単独	本部管理者	-	⚪ 対象外	-	🟢 制限なし	設定値	config	-	画面内	-	-	ウィジェット設定値（ドラッグ対象外）	-	-	-	-	-	-	-	-	-	-	-	-
設定項目	個別	C494	列ディメン設定	ユーザー入力単独	本部管理者	-	⚪ 対象外	-	🟢 制限なし	設定値	config	-	画面内	-	-	ウィジェット設定値（ドラッグ対象外）	-	-	-	-	-	-	-	-	-	-	-	-
設定項目	個別	C495	期間設定	ユーザー入力単独	本部管理者	-	⚪ 対象外	-	🟢 制限なし	設定値	config	-	画面内	-	-	ウィジェット設定値（ドラッグ対象外）	-	-	-	-	-	-	-	-	-	-	-	-
設定項目	個別	C496	時系列粒度	ユーザー入力単独	本部管理者	-	⚪ 対象外	-	🟢 制限なし	設定値	config	-	画面内	-	-	ウィジェット設定値（ドラッグ対象外）	-	-	-	-	-	-	-	-	-	-	-	-
設定項目	個別	C497	比較期間設定	ユーザー入力単独	本部管理者	-	⚪ 対象外	-	🟢 制限なし	設定値	config	-	画面内	-	-	ウィジェット設定値（ドラッグ対象外）	-	-	-	-	-	-	-	-	-	-	-	-
設定項目	個別	C498	並び順ルール	ユーザー入力単独	本部管理者	-	⚪ 対象外	-	🟢 制限なし	設定値	config	-	画面内	-	-	ウィジェット設定値（ドラッグ対象外）	-	-	-	-	-	-	-	-	-	-	-	-
設定項目	個別	C499	選択指標列	ユーザー入力単独	本部管理者	-	⚪ 対象外	-	🟢 制限なし	設定値	config	-	画面内	-	-	ウィジェット設定値（ドラッグ対象外）	-	-	-	-	-	-	-	-	-	-	-	-
設定項目	個別	C500	列グループ	ユーザー入力単独	本部管理者	-	⚪ 対象外	-	🟢 制限なし	設定値	config	-	画面内	-	-	ウィジェット設定値（ドラッグ対象外）	-	-	-	-	-	-	-	-	-	-	-	-
設定項目	個別	C501	ハイライトルール	ユーザー入力単独	本部管理者	-	⚪ 対象外	-	🟢 制限なし	設定値	config	-	画面内	-	-	ウィジェット設定値（ドラッグ対象外）	-	-	-	-	-	-	-	-	-	-	-	-
設定項目	個別	C502	排他モードフラグ	ユーザー入力単独	本部管理者	-	⚪ 対象外	-	🟢 制限なし	設定値	config	-	画面内	-	-	ウィジェット設定値（ドラッグ対象外）	-	-	-	-	-	-	-	-	-	-	-	-
設定項目	個別	C505	ビュー共有ユーザー	マスタ参照	本部管理者	-	⚪ 対象外	-	🟢 制限なし	設定値	config	-	画面内	-	-	ウィジェット設定値（ドラッグ対象外）	-	-	-	-	-	-	-	-	-	-	-	-
トランザクション	個別	C506	売上前年比	予実系	本部管理者	-	🟢 既実装	小	🟡 加重平均	率指標は加重平均	metric	FLOW	画面内	予実管理	売上予実	売上の前年同期比較、トレンド把握	L3-C	参照表示	head_office_connected_service_sales_logs.sales_excluded(前年/当年)	当月実績.売上（税抜）, 前年実績.売上（税抜）	売上（税抜）	month,quarter,year	月次	shop × month × product	60M	nightly + monthly_finalize	batch	翌日日次確定
トランザクション	個別	C507	人件費前年比	予実系	本部管理者	-	🟢 既実装	小	🟡 加重平均	率指標は加重平均	metric	FLOW	画面内	予実管理	人件費予実	人件費の前年同期比較	L3-C	参照表示	monthly_actuals.labor_cost(前年/当年)	当月実績.人件費 計, 前年実績.人件費 計	人件費　計	month,quarter,year	月次	shop × month × product	60M	nightly + monthly_finalize	batch	翌日日次確定
トランザクション	個別	C508	FD仕入前年比	予実系	本部管理者	-	🟢 既実装	小	🟡 加重平均	率指標は加重平均	metric	FLOW	画面内	予実管理	原価予実	FD仕入の前年同期比較	L3-C	参照表示	monthly_actuals.fd_purchase(前年/当年)	当月実績.FD仕入 計, 前年実績.FD仕入 計	FD仕入　計	month,quarter,year	月次	shop × month × product	60M	nightly + monthly_finalize	batch	翌日日次確定
トランザクション	個別	C509	営業利益前年比	予実系	本部管理者	-	🟢 既実装	小	🟡 加重平均	率指標は加重平均	metric	FLOW	画面内	予実管理	収益性予実	営業利益の前年同期比較、収益トレンド把握	L3-C	参照表示	monthly_actuals.operating_profit(前年/当年)	当月実績.営業利益, 前年実績.営業利益	営業利益	month,quarter,year	月次	shop × month × product	60M	nightly + monthly_finalize	batch	翌日日次確定
